trip_id,origin,destination,tsp,train_type,departure,arrival,duration,service_id,Inicial,Infinita,Infinita Bistró
0003I,60000,71801,IRYO,Frecciarossa,2026-02-01 08:22:00,2026-02-01 10:59:00,0 days 02:37:00,0003I_01-02-2026-08.22,43.14,54.22,71.98
0003I,60000,71801,IRYO,Frecciarossa,2026-02-01 08:50:00,2026-02-01 11:27:00,0 days 02:37:00,0003I_01-02-2026-08.50,41.3,52.46,70.01
0002I,60000,04040,IRYO,Frecciarossa,2026-02-01 09:22:00,2026-02-01 10:40:00,0 days 01:18:00,0002I_01-02-2026-09.22,38.38,50.83,90.86
0002I,60000,71801,IRYO,Frecciarossa,2026-02-01 09:22:00,2026-02-01 12:14:00,0 days 02:52:00,0002I_01-02-2026-09.22,43.16,55.97,95.82
0001I,60000,04040,IRYO,Frecciarossa,2026-02-01 09:57:00,2026-02-01 11:17:00,0 days 01:20:00,0001I_01-02-2026-09.57,46.5,62.9,83.76
0001I,60000,71801,IRYO,Frecciarossa,2026-02-01 09:57:00,2026-02-01 12:49:00,0 days 02:52:00,0001I_01-02-2026-09.57,46.78,63.25,85.72
0002I,04040,71801,IRYO,Frecciarossa,2026-02-01 10:41:00,2026-02-01 12:14:00,0 days 01:33:00,0002I_01-02-2026-09.22,42.56,53.57,93.94
0001I,04040,71801,IRYO,Frecciarossa,2026-02-01 11:18:00,2026-02-01 12:49:00,0 days 01:31:00,0001I_01-02-2026-09.57,46.48,62.75,83.68
0002I,60000,04040,IRYO,Frecciarossa,2026-02-01 11:22:00,2026-02-01 12:40:00,0 days 01:18:00,0002I_01-02-2026-11.22,47.77,59.46,82.53
0002I,60000,71801,IRYO,Frecciarossa,2026-02-01 11:22:00,2026-02-01 14:14:00,0 days 02:52:00,0002I_01-02-2026-11.22,47.51,58.7,81.99
0002I,60000,04040,IRYO,Frecciarossa,2026-02-01 12:22:00,2026-02-01 13:40:00,0 days 01:18:00,0002I_01-02-2026-12.22,45.08,56.7,78.85
0002I,60000,71801,IRYO,Frecciarossa,2026-02-01 12:22:00,2026-02-01 15:14:00,0 days 02:52:00,0002I_01-02-2026-12.22,47.74,60.74,80.73
0002I,04040,71801,IRYO,Frecciarossa,2026-02-01 12:41:00,2026-02-01 14:14:00,0 days 01:33:00,0002I_01-02-2026-11.22,42.26,58.9,81.94
0002I,04040,71801,IRYO,Frecciarossa,2026-02-01 13:41:00,2026-02-01 15:14:00,0 days 01:33:00,0002I_01-02-2026-12.22,42.26,58.46,81.47
0001I,60000,04040,IRYO,Frecciarossa,2026-02-01 14:02:00,2026-02-01 15:22:00,0 days 01:20:00,0001I_01-02-2026-14.02,50.72,66.1,87.76
0001I,60000,71801,IRYO,Frecciarossa,2026-02-01 14:02:00,2026-02-01 16:54:00,0 days 02:52:00,0001I_01-02-2026-14.02,53.27,68.41,91.17
0005I,60000,04040,IRYO,Frecciarossa,2026-02-01 14:42:00,2026-02-01 16:02:00,0 days 01:20:00,0005I_01-02-2026-14.42,60.25,75.38,97.59
0005I,60000,71801,IRYO,Frecciarossa,2026-02-01 14:42:00,2026-02-01 17:41:00,0 days 02:59:00,0005I_01-02-2026-14.42,59.6,75.28,97.47
0001I,04040,71801,IRYO,Frecciarossa,2026-02-01 15:23:00,2026-02-01 16:54:00,0 days 01:31:00,0001I_01-02-2026-14.02,47.74,68.26,90.66
0003I,60000,71801,IRYO,Frecciarossa,2026-02-01 15:52:00,2026-02-01 18:29:00,0 days 02:37:00,0003I_01-02-2026-15.52,58.8,73.32,96.59
0005I,04040,71801,IRYO,Frecciarossa,2026-02-01 16:03:00,2026-02-01 17:41:00,0 days 01:38:00,0005I_01-02-2026-14.42,57.47,73.48,96.07
0003I,60000,71801,IRYO,Frecciarossa,2026-02-01 16:37:00,2026-02-01 19:14:00,0 days 02:37:00,0003I_01-02-2026-16.37,58.5,71.42,91.64
0002I,60000,04040,IRYO,Frecciarossa,2026-02-01 17:22:00,2026-02-01 18:40:00,0 days 01:18:00,0002I_01-02-2026-17.22,54.08,69.73,92.28
0002I,60000,71801,IRYO,Frecciarossa,2026-02-01 17:22:00,2026-02-01 20:14:00,0 days 02:52:00,0002I_01-02-2026-17.22,65.57,79.83,104.2
0003I,60000,71801,IRYO,Frecciarossa,2026-02-01 18:32:00,2026-02-01 21:09:00,0 days 02:37:00,0003I_01-02-2026-18.32,59.93,74.73,98.1
0002I,04040,71801,IRYO,Frecciarossa,2026-02-01 18:41:00,2026-02-01 20:14:00,0 days 01:33:00,0002I_01-02-2026-17.22,57.39,78.56,101.28
0002I,60000,04040,IRYO,Frecciarossa,2026-02-01 19:29:00,2026-02-01 20:47:00,0 days 01:18:00,0002I_01-02-2026-19.29,84.62,101.33,122.88
0002I,60000,71801,IRYO,Frecciarossa,2026-02-01 19:29:00,2026-02-01 22:21:00,0 days 02:52:00,0002I_01-02-2026-19.29,84.42,100.69,121.91
0002I,04040,71801,IRYO,Frecciarossa,2026-02-01 20:48:00,2026-02-01 22:21:00,0 days 01:33:00,0002I_01-02-2026-19.29,85.12,101.04,123.0
0003I,60000,71801,IRYO,Frecciarossa,2026-02-01 20:56:00,2026-02-01 23:33:00,0 days 02:37:00,0003I_01-02-2026-20.56,46.64,61.26,83.71
0004I,60000,04040,IRYO,Frecciarossa,2026-02-02 06:09:00,2026-02-02 07:28:00,0 days 01:19:00,0004I_02-02-2026-06.09,39.59,52.09,68.11
0004I,60000,71801,IRYO,Frecciarossa,2026-02-02 06:09:00,2026-02-02 09:00:00,0 days 02:51:00,0004I_02-02-2026-06.09,40.52,52.12,69.25
0003I,60000,71801,IRYO,Frecciarossa,2026-02-02 07:22:00,2026-02-02 09:59:00,0 days 02:37:00,0003I_02-02-2026-07.22,39.4,50.47,66.45
0004I,04040,71801,IRYO,Frecciarossa,2026-02-02 07:29:00,2026-02-02 09:00:00,0 days 01:31:00,0004I_02-02-2026-06.09,41.16,52.49,69.41
0003I,60000,71801,IRYO,Frecciarossa,2026-02-02 08:22:00,2026-02-02 10:59:00,0 days 02:37:00,0003I_02-02-2026-08.22,42.49,55.04,70.28
0003I,60000,71801,IRYO,Frecciarossa,2026-02-02 08:50:00,2026-02-02 11:27:00,0 days 02:37:00,0003I_02-02-2026-08.50,40.24,52.42,67.72
0002I,60000,04040,IRYO,Frecciarossa,2026-02-02 09:22:00,2026-02-02 10:40:00,0 days 01:18:00,0002I_02-02-2026-09.22,39.91,52.41,67.29
0002I,60000,71801,IRYO,Frecciarossa,2026-02-02 09:22:00,2026-02-02 12:14:00,0 days 02:52:00,0002I_02-02-2026-09.22,40.81,53.59,69.59
0001I,60000,04040,IRYO,Frecciarossa,2026-02-02 09:57:00,2026-02-02 11:17:00,0 days 01:20:00,0001I_02-02-2026-09.57,43.93,60.82,82.54
0001I,60000,71801,IRYO,Frecciarossa,2026-02-02 09:57:00,2026-02-02 12:49:00,0 days 02:52:00,0001I_02-02-2026-09.57,43.9,59.29,81.8
0002I,04040,71801,IRYO,Frecciarossa,2026-02-02 10:41:00,2026-02-02 12:14:00,0 days 01:33:00,0002I_02-02-2026-09.22,41.03,52.79,69.11
0001I,04040,71801,IRYO,Frecciarossa,2026-02-02 11:18:00,2026-02-02 12:49:00,0 days 01:31:00,0001I_02-02-2026-09.57,44.28,59.36,82.43
0002I,60000,04040,IRYO,Frecciarossa,2026-02-02 11:22:00,2026-02-02 12:40:00,0 days 01:18:00,0002I_02-02-2026-11.22,44.15,56.15,77.96
0002I,60000,71801,IRYO,Frecciarossa,2026-02-02 11:22:00,2026-02-02 14:14:00,0 days 02:52:00,0002I_02-02-2026-11.22,44.45,57.12,79.21
0002I,60000,04040,IRYO,Frecciarossa,2026-02-02 12:22:00,2026-02-02 13:40:00,0 days 01:18:00,0002I_02-02-2026-12.22,39.22,52.05,67.34
0002I,60000,71801,IRYO,Frecciarossa,2026-02-02 12:22:00,2026-02-02 15:14:00,0 days 02:52:00,0002I_02-02-2026-12.22,40.0,52.19,68.23
0002I,04040,71801,IRYO,Frecciarossa,2026-02-02 12:41:00,2026-02-02 14:14:00,0 days 01:33:00,0002I_02-02-2026-11.22,44.11,56.04,78.53
0002I,04040,71801,IRYO,Frecciarossa,2026-02-02 13:41:00,2026-02-02 15:14:00,0 days 01:33:00,0002I_02-02-2026-12.22,39.81,51.98,67.9
0001I,60000,71801,IRYO,Frecciarossa,2026-02-02 14:02:00,2026-02-02 16:54:00,0 days 02:52:00,0001I_02-02-2026-14.02,39.32,50.97,68.02
0001I,60000,04040,IRYO,Frecciarossa,2026-02-02 14:02:00,2026-02-02 15:22:00,0 days 01:20:00,0001I_02-02-2026-14.02,39.17,51.39,67.68
0005I,60000,04040,IRYO,Frecciarossa,2026-02-02 14:42:00,2026-02-02 16:02:00,0 days 01:20:00,0005I_02-02-2026-14.42,36.25,51.41,74.32
0005I,60000,71801,IRYO,Frecciarossa,2026-02-02 14:42:00,2026-02-02 17:41:00,0 days 02:59:00,0005I_02-02-2026-14.42,36.06,52.63,73.16
0001I,04040,71801,IRYO,Frecciarossa,2026-02-02 15:23:00,2026-02-02 16:54:00,0 days 01:31:00,0001I_02-02-2026-14.02,39.39,52.14,66.61
0003I,60000,71801,IRYO,Frecciarossa,2026-02-02 15:52:00,2026-02-02 18:29:00,0 days 02:37:00,0003I_02-02-2026-15.52,42.67,54.53,76.38
0005I,04040,71801,IRYO,Frecciarossa,2026-02-02 16:03:00,2026-02-02 17:41:00,0 days 01:38:00,0005I_02-02-2026-14.42,36.04,52.19,73.86
0003I,60000,71801,IRYO,Frecciarossa,2026-02-02 16:37:00,2026-02-02 19:14:00,0 days 02:37:00,0003I_02-02-2026-16.37,40.3,52.38,67.82
0002I,60000,71801,IRYO,Frecciarossa,2026-02-02 17:22:00,2026-02-02 20:14:00,0 days 02:52:00,0002I_02-02-2026-17.22,39.5,51.59,67.94
0002I,60000,04040,IRYO,Frecciarossa,2026-02-02 17:22:00,2026-02-02 18:40:00,0 days 01:18:00,0002I_02-02-2026-17.22,41.08,52.51,69.51
0003I,60000,71801,IRYO,Frecciarossa,2026-02-02 18:32:00,2026-02-02 21:09:00,0 days 02:37:00,0003I_02-02-2026-18.32,39.65,52.41,67.37
0002I,04040,71801,IRYO,Frecciarossa,2026-02-02 18:41:00,2026-02-02 20:14:00,0 days 01:33:00,0002I_02-02-2026-17.22,39.71,50.76,66.86
0002I,60000,71801,IRYO,Frecciarossa,2026-02-02 19:29:00,2026-02-02 22:21:00,0 days 02:52:00,0002I_02-02-2026-19.29,49.62,64.63,86.91
0002I,60000,04040,IRYO,Frecciarossa,2026-02-02 19:29:00,2026-02-02 20:47:00,0 days 01:18:00,0002I_02-02-2026-19.29,49.48,66.02,87.79
0002I,04040,71801,IRYO,Frecciarossa,2026-02-02 20:48:00,2026-02-02 22:21:00,0 days 01:33:00,0002I_02-02-2026-19.29,48.72,65.55,86.92
0004I,60000,04040,IRYO,Frecciarossa,2026-02-03 06:09:00,2026-02-03 07:28:00,0 days 01:19:00,0004I_03-02-2026-06.09,36.7,49.03,88.49
0004I,60000,71801,IRYO,Frecciarossa,2026-02-03 06:09:00,2026-02-03 09:00:00,0 days 02:51:00,0004I_03-02-2026-06.09,36.29,48.76,88.99
0003I,60000,71801,IRYO,Frecciarossa,2026-02-03 07:22:00,2026-02-03 09:59:00,0 days 02:37:00,0003I_03-02-2026-07.22,36.77,48.1,89.19
0004I,04040,71801,IRYO,Frecciarossa,2026-02-03 07:29:00,2026-02-03 09:00:00,0 days 01:31:00,0004I_03-02-2026-06.09,36.76,49.54,89.41
0003I,60000,71801,IRYO,Frecciarossa,2026-02-03 08:22:00,2026-02-03 10:59:00,0 days 02:37:00,0003I_03-02-2026-08.22,40.33,51.94,91.82
0003I,60000,71801,IRYO,Frecciarossa,2026-02-03 08:50:00,2026-02-03 11:27:00,0 days 02:37:00,0003I_03-02-2026-08.50,38.27,50.06,89.44
0002I,60000,71801,IRYO,Frecciarossa,2026-02-03 09:22:00,2026-02-03 12:14:00,0 days 02:52:00,0002I_03-02-2026-09.22,39.71,51.73,92.32
0002I,60000,04040,IRYO,Frecciarossa,2026-02-03 09:22:00,2026-02-03 10:40:00,0 days 01:18:00,0002I_03-02-2026-09.22,37.32,48.88,88.49
0001I,60000,04040,IRYO,Frecciarossa,2026-02-03 09:57:00,2026-02-03 11:17:00,0 days 01:20:00,0001I_03-02-2026-09.57,43.49,58.61,81.33
0001I,60000,71801,IRYO,Frecciarossa,2026-02-03 09:57:00,2026-02-03 12:49:00,0 days 02:52:00,0001I_03-02-2026-09.57,43.04,58.46,81.9
0002I,04040,71801,IRYO,Frecciarossa,2026-02-03 10:41:00,2026-02-03 12:14:00,0 days 01:33:00,0002I_03-02-2026-09.22,40.41,51.9,93.28
0001I,04040,71801,IRYO,Frecciarossa,2026-02-03 11:18:00,2026-02-03 12:49:00,0 days 01:31:00,0001I_03-02-2026-09.57,44.05,60.63,81.16
0002I,60000,71801,IRYO,Frecciarossa,2026-02-03 11:22:00,2026-02-03 14:14:00,0 days 02:52:00,0002I_03-02-2026-11.22,37.2,49.88,89.65
0002I,60000,04040,IRYO,Frecciarossa,2026-02-03 11:22:00,2026-02-03 12:40:00,0 days 01:18:00,0002I_03-02-2026-11.22,36.57,48.9,88.23
0002I,60000,04040,IRYO,Frecciarossa,2026-02-03 12:22:00,2026-02-03 13:40:00,0 days 01:18:00,0002I_03-02-2026-12.22,36.19,48.76,88.04
0002I,60000,71801,IRYO,Frecciarossa,2026-02-03 12:22:00,2026-02-03 15:14:00,0 days 02:52:00,0002I_03-02-2026-12.22,37.26,48.7,89.37
0002I,04040,71801,IRYO,Frecciarossa,2026-02-03 12:41:00,2026-02-03 14:14:00,0 days 01:33:00,0002I_03-02-2026-11.22,37.05,48.76,89.13
0002I,04040,71801,IRYO,Frecciarossa,2026-02-03 13:41:00,2026-02-03 15:14:00,0 days 01:33:00,0002I_03-02-2026-12.22,36.97,47.97,88.3
0001I,60000,04040,IRYO,Frecciarossa,2026-02-03 14:02:00,2026-02-03 15:22:00,0 days 01:20:00,0001I_03-02-2026-14.02,36.49,48.27,88.15
0001I,60000,71801,IRYO,Frecciarossa,2026-02-03 14:02:00,2026-02-03 16:54:00,0 days 02:52:00,0001I_03-02-2026-14.02,36.76,49.23,88.63
0005I,60000,71801,IRYO,Frecciarossa,2026-02-03 14:42:00,2026-02-03 17:41:00,0 days 02:59:00,0005I_03-02-2026-14.42,36.36,51.8,73.63
0005I,60000,04040,IRYO,Frecciarossa,2026-02-03 14:42:00,2026-02-03 16:02:00,0 days 01:20:00,0005I_03-02-2026-14.42,36.57,53.11,73.81
0001I,04040,71801,IRYO,Frecciarossa,2026-02-03 15:23:00,2026-02-03 16:54:00,0 days 01:31:00,0001I_03-02-2026-14.02,36.8,48.87,89.6
0003I,60000,71801,IRYO,Frecciarossa,2026-02-03 15:52:00,2026-02-03 18:29:00,0 days 02:37:00,0003I_03-02-2026-15.52,39.49,51.82,67.15
0005I,04040,71801,IRYO,Frecciarossa,2026-02-03 16:03:00,2026-02-03 17:41:00,0 days 01:38:00,0005I_03-02-2026-14.42,37.0,53.72,75.09
0003I,60000,71801,IRYO,Frecciarossa,2026-02-03 16:37:00,2026-02-03 19:14:00,0 days 02:37:00,0003I_03-02-2026-16.37,37.42,49.92,88.8
0002I,60000,71801,IRYO,Frecciarossa,2026-02-03 17:22:00,2026-02-03 20:14:00,0 days 02:52:00,0002I_03-02-2026-17.22,39.19,51.72,66.78
0002I,60000,04040,IRYO,Frecciarossa,2026-02-03 17:22:00,2026-02-03 18:40:00,0 days 01:18:00,0002I_03-02-2026-17.22,40.52,53.09,67.88
0003I,60000,71801,IRYO,Frecciarossa,2026-02-03 18:32:00,2026-02-03 21:09:00,0 days 02:37:00,0003I_03-02-2026-18.32,39.16,51.14,68.15
0002I,04040,71801,IRYO,Frecciarossa,2026-02-03 18:41:00,2026-02-03 20:14:00,0 days 01:33:00,0002I_03-02-2026-17.22,39.37,50.6,67.03
0002I,60000,71801,IRYO,Frecciarossa,2026-02-03 19:29:00,2026-02-03 22:21:00,0 days 02:52:00,0002I_03-02-2026-19.29,43.33,59.01,81.52
0002I,60000,04040,IRYO,Frecciarossa,2026-02-03 19:29:00,2026-02-03 20:47:00,0 days 01:18:00,0002I_03-02-2026-19.29,43.33,60.03,81.1
0002I,04040,71801,IRYO,Frecciarossa,2026-02-03 20:48:00,2026-02-03 22:21:00,0 days 01:33:00,0002I_03-02-2026-19.29,43.61,59.78,81.52
0004I,60000,04040,IRYO,Frecciarossa,2026-02-04 06:09:00,2026-02-04 07:28:00,0 days 01:19:00,0004I_04-02-2026-06.09,36.91,48.91,87.92
0004I,60000,71801,IRYO,Frecciarossa,2026-02-04 06:09:00,2026-02-04 09:00:00,0 days 02:51:00,0004I_04-02-2026-06.09,36.92,48.28,88.01
0003I,60000,71801,IRYO,Frecciarossa,2026-02-04 07:22:00,2026-02-04 09:59:00,0 days 02:37:00,0003I_04-02-2026-07.22,39.76,51.29,68.22
0004I,04040,71801,IRYO,Frecciarossa,2026-02-04 07:29:00,2026-02-04 09:00:00,0 days 01:31:00,0004I_04-02-2026-06.09,37.1,48.7,89.97
0003I,60000,71801,IRYO,Frecciarossa,2026-02-04 08:22:00,2026-02-04 10:59:00,0 days 02:37:00,0003I_04-02-2026-08.22,38.54,49.67,91.31
0003I,60000,71801,IRYO,Frecciarossa,2026-02-04 08:50:00,2026-02-04 11:27:00,0 days 02:37:00,0003I_04-02-2026-08.50,36.87,48.65,89.77
0002I,60000,04040,IRYO,Frecciarossa,2026-02-04 09:22:00,2026-02-04 10:40:00,0 days 01:18:00,0002I_04-02-2026-09.22,37.23,49.13,90.11
0002I,60000,71801,IRYO,Frecciarossa,2026-02-04 09:22:00,2026-02-04 12:14:00,0 days 02:52:00,0002I_04-02-2026-09.22,37.55,50.04,89.39
0001I,60000,71801,IRYO,Frecciarossa,2026-02-04 09:57:00,2026-02-04 12:49:00,0 days 02:52:00,0001I_04-02-2026-09.57,43.9,59.76,81.4
0001I,60000,04040,IRYO,Frecciarossa,2026-02-04 09:57:00,2026-02-04 11:17:00,0 days 01:20:00,0001I_04-02-2026-09.57,44.01,60.67,82.07
0002I,04040,71801,IRYO,Frecciarossa,2026-02-04 10:41:00,2026-02-04 12:14:00,0 days 01:33:00,0002I_04-02-2026-09.22,33.52,48.97,90.23
0001I,04040,71801,IRYO,Frecciarossa,2026-02-04 11:18:00,2026-02-04 12:49:00,0 days 01:31:00,0001I_04-02-2026-09.57,44.43,61.07,82.93
0002I,60000,71801,IRYO,Frecciarossa,2026-02-04 11:22:00,2026-02-04 14:14:00,0 days 02:52:00,0002I_04-02-2026-11.22,44.82,56.88,78.67
0002I,60000,04040,IRYO,Frecciarossa,2026-02-04 11:22:00,2026-02-04 12:40:00,0 days 01:18:00,0002I_04-02-2026-11.22,44.59,57.47,78.68
0002I,60000,04040,IRYO,Frecciarossa,2026-02-04 12:22:00,2026-02-04 13:40:00,0 days 01:18:00,0002I_04-02-2026-12.22,39.41,51.31,66.82
0002I,60000,71801,IRYO,Frecciarossa,2026-02-04 12:22:00,2026-02-04 15:14:00,0 days 02:52:00,0002I_04-02-2026-12.22,39.46,50.46,67.95
0002I,04040,71801,IRYO,Frecciarossa,2026-02-04 12:41:00,2026-02-04 14:14:00,0 days 01:33:00,0002I_04-02-2026-11.22,45.72,57.06,80.26
0002I,04040,71801,IRYO,Frecciarossa,2026-02-04 13:41:00,2026-02-04 15:14:00,0 days 01:33:00,0002I_04-02-2026-12.22,39.4,51.22,66.76
0001I,60000,04040,IRYO,Frecciarossa,2026-02-04 14:02:00,2026-02-04 15:22:00,0 days 01:20:00,0001I_04-02-2026-14.02,39.86,52.11,68.26
0001I,60000,71801,IRYO,Frecciarossa,2026-02-04 14:02:00,2026-02-04 16:54:00,0 days 02:52:00,0001I_04-02-2026-14.02,39.76,51.04,67.37
0005I,60000,71801,IRYO,Frecciarossa,2026-02-04 14:42:00,2026-02-04 17:41:00,0 days 02:59:00,0005I_04-02-2026-14.42,41.17,57.62,80.08
0005I,60000,04040,IRYO,Frecciarossa,2026-02-04 14:42:00,2026-02-04 16:02:00,0 days 01:20:00,0005I_04-02-2026-14.42,40.59,57.47,78.73
0001I,04040,71801,IRYO,Frecciarossa,2026-02-04 15:23:00,2026-02-04 16:54:00,0 days 01:31:00,0001I_04-02-2026-14.02,39.9,50.89,68.25
0003I,60000,71801,IRYO,Frecciarossa,2026-02-04 15:52:00,2026-02-04 18:29:00,0 days 02:37:00,0003I_04-02-2026-15.52,42.92,54.02,77.73
0005I,04040,71801,IRYO,Frecciarossa,2026-02-04 16:03:00,2026-02-04 17:41:00,0 days 01:38:00,0005I_04-02-2026-14.42,40.89,56.28,79.08
0003I,60000,71801,IRYO,Frecciarossa,2026-02-04 16:37:00,2026-02-04 19:14:00,0 days 02:37:00,0003I_04-02-2026-16.37,50.74,62.18,84.13
0002I,60000,71801,IRYO,Frecciarossa,2026-02-04 17:22:00,2026-02-04 20:14:00,0 days 02:52:00,0002I_04-02-2026-17.22,43.8,54.44,76.75
0002I,60000,04040,IRYO,Frecciarossa,2026-02-04 17:22:00,2026-02-04 18:40:00,0 days 01:18:00,0002I_04-02-2026-17.22,43.83,56.06,77.69
0003I,60000,71801,IRYO,Frecciarossa,2026-02-04 18:32:00,2026-02-04 21:09:00,0 days 02:37:00,0003I_04-02-2026-18.32,49.57,65.57,87.94
0002I,04040,71801,IRYO,Frecciarossa,2026-02-04 18:41:00,2026-02-04 20:14:00,0 days 01:33:00,0002I_04-02-2026-17.22,43.45,55.96,77.09
0002I,60000,71801,IRYO,Frecciarossa,2026-02-04 19:29:00,2026-02-04 22:21:00,0 days 02:52:00,0002I_04-02-2026-19.29,72.67,88.95,110.97
0002I,60000,04040,IRYO,Frecciarossa,2026-02-04 19:29:00,2026-02-04 20:47:00,0 days 01:18:00,0002I_04-02-2026-19.29,73.39,88.83,110.9
0002I,04040,71801,IRYO,Frecciarossa,2026-02-04 20:48:00,2026-02-04 22:21:00,0 days 01:33:00,0002I_04-02-2026-19.29,72.83,89.6,110.21
0004I,60000,04040,IRYO,Frecciarossa,2026-02-05 06:09:00,2026-02-05 07:28:00,0 days 01:19:00,0004I_05-02-2026-06.09,34.23,47.0,86.69
0004I,60000,71801,IRYO,Frecciarossa,2026-02-05 06:09:00,2026-02-05 09:00:00,0 days 02:51:00,0004I_05-02-2026-06.09,35.82,49.1,88.34
0003I,60000,71801,IRYO,Frecciarossa,2026-02-05 07:22:00,2026-02-05 09:59:00,0 days 02:37:00,0003I_05-02-2026-07.22,37.56,48.66,64.64
0004I,04040,71801,IRYO,Frecciarossa,2026-02-05 07:29:00,2026-02-05 09:00:00,0 days 01:31:00,0004I_05-02-2026-06.09,35.83,49.2,88.36
0003I,60000,71801,IRYO,Frecciarossa,2026-02-05 08:22:00,2026-02-05 10:59:00,0 days 02:37:00,0003I_05-02-2026-08.22,38.85,51.19,66.5
0003I,60000,71801,IRYO,Frecciarossa,2026-02-05 08:50:00,2026-02-05 11:27:00,0 days 02:37:00,0003I_05-02-2026-08.50,38.49,49.71,65.97
0002I,60000,04040,IRYO,Frecciarossa,2026-02-05 09:22:00,2026-02-05 10:40:00,0 days 01:18:00,0002I_05-02-2026-09.22,38.87,49.18,66.33
0002I,60000,71801,IRYO,Frecciarossa,2026-02-05 09:22:00,2026-02-05 12:14:00,0 days 02:52:00,0002I_05-02-2026-09.22,39.85,51.2,66.14
0001I,60000,04040,IRYO,Frecciarossa,2026-02-05 09:57:00,2026-02-05 11:17:00,0 days 01:20:00,0001I_05-02-2026-09.57,47.02,64.19,85.48
0001I,60000,71801,IRYO,Frecciarossa,2026-02-05 09:57:00,2026-02-05 12:49:00,0 days 02:52:00,0001I_05-02-2026-09.57,46.46,62.47,84.05
0002I,04040,71801,IRYO,Frecciarossa,2026-02-05 10:41:00,2026-02-05 12:14:00,0 days 01:33:00,0002I_05-02-2026-09.22,39.47,51.15,66.61
0001I,04040,71801,IRYO,Frecciarossa,2026-02-05 11:18:00,2026-02-05 12:49:00,0 days 01:31:00,0001I_05-02-2026-09.57,46.74,61.88,83.85
0002I,60000,04040,IRYO,Frecciarossa,2026-02-05 11:22:00,2026-02-05 12:40:00,0 days 01:18:00,0002I_05-02-2026-11.22,40.95,52.1,74.54
0002I,60000,71801,IRYO,Frecciarossa,2026-02-05 11:22:00,2026-02-05 14:14:00,0 days 02:52:00,0002I_05-02-2026-11.22,40.87,53.21,75.23
0002I,60000,04040,IRYO,Frecciarossa,2026-02-05 12:22:00,2026-02-05 13:40:00,0 days 01:18:00,0002I_05-02-2026-12.22,37.87,50.71,65.63
0002I,60000,71801,IRYO,Frecciarossa,2026-02-05 12:22:00,2026-02-05 15:14:00,0 days 02:52:00,0002I_05-02-2026-12.22,37.96,49.68,65.84
0002I,04040,71801,IRYO,Frecciarossa,2026-02-05 12:41:00,2026-02-05 14:14:00,0 days 01:33:00,0002I_05-02-2026-11.22,40.51,52.78,75.08
0002I,04040,71801,IRYO,Frecciarossa,2026-02-05 13:41:00,2026-02-05 15:14:00,0 days 01:33:00,0002I_05-02-2026-12.22,37.95,50.21,66.56
0001I,60000,71801,IRYO,Frecciarossa,2026-02-05 14:02:00,2026-02-05 16:54:00,0 days 02:52:00,0001I_05-02-2026-14.02,35.47,48.25,88.38
0001I,60000,04040,IRYO,Frecciarossa,2026-02-05 14:02:00,2026-02-05 15:22:00,0 days 01:20:00,0001I_05-02-2026-14.02,40.07,52.49,91.88
0005I,60000,71801,IRYO,Frecciarossa,2026-02-05 14:42:00,2026-02-05 17:41:00,0 days 02:59:00,0005I_05-02-2026-14.42,43.84,59.01,81.6
0005I,60000,04040,IRYO,Frecciarossa,2026-02-05 14:42:00,2026-02-05 16:02:00,0 days 01:20:00,0005I_05-02-2026-14.42,43.88,60.22,81.48
0001I,04040,71801,IRYO,Frecciarossa,2026-02-05 15:23:00,2026-02-05 16:54:00,0 days 01:31:00,0001I_05-02-2026-14.02,32.35,47.77,87.96
0003I,60000,71801,IRYO,Frecciarossa,2026-02-05 15:52:00,2026-02-05 18:29:00,0 days 02:37:00,0003I_05-02-2026-15.52,44.78,60.3,82.49
0005I,04040,71801,IRYO,Frecciarossa,2026-02-05 16:03:00,2026-02-05 17:41:00,0 days 01:38:00,0005I_05-02-2026-14.42,43.57,59.75,81.36
0003I,60000,71801,IRYO,Frecciarossa,2026-02-05 16:37:00,2026-02-05 19:14:00,0 days 02:37:00,0003I_05-02-2026-16.37,46.55,61.5,84.37
0002I,60000,71801,IRYO,Frecciarossa,2026-02-05 17:22:00,2026-02-05 20:14:00,0 days 02:52:00,0002I_05-02-2026-17.22,45.41,60.51,83.16
0002I,60000,04040,IRYO,Frecciarossa,2026-02-05 17:22:00,2026-02-05 18:40:00,0 days 01:18:00,0002I_05-02-2026-17.22,45.07,60.11,82.25
0003I,60000,71801,IRYO,Frecciarossa,2026-02-05 18:32:00,2026-02-05 21:09:00,0 days 02:37:00,0003I_05-02-2026-18.32,49.78,64.81,88.48
0002I,04040,71801,IRYO,Frecciarossa,2026-02-05 18:41:00,2026-02-05 20:14:00,0 days 01:33:00,0002I_05-02-2026-17.22,45.82,61.59,84.19
0002I,60000,71801,IRYO,Frecciarossa,2026-02-05 19:29:00,2026-02-05 22:21:00,0 days 02:52:00,0002I_05-02-2026-19.29,73.39,88.77,111.37
0002I,60000,04040,IRYO,Frecciarossa,2026-02-05 19:29:00,2026-02-05 20:47:00,0 days 01:18:00,0002I_05-02-2026-19.29,72.56,89.01,109.74
0006I,60000,71801,IRYO,Frecciarossa,2026-02-05 20:22:00,2026-02-05 23:14:00,0 days 02:52:00,0006I_05-02-2026-20.22,41.03,52.59,75.66
0006I,60000,04040,IRYO,Frecciarossa,2026-02-05 20:22:00,2026-02-05 21:41:00,0 days 01:19:00,0006I_05-02-2026-20.22,40.48,52.05,75.3
0002I,04040,71801,IRYO,Frecciarossa,2026-02-05 20:48:00,2026-02-05 22:21:00,0 days 01:33:00,0002I_05-02-2026-19.29,72.37,88.63,110.45
0006I,04040,71801,IRYO,Frecciarossa,2026-02-05 21:42:00,2026-02-05 23:14:00,0 days 01:32:00,0006I_05-02-2026-20.22,40.43,53.2,74.6
0004I,60000,04040,IRYO,Frecciarossa,2026-02-06 06:09:00,2026-02-06 07:28:00,0 days 01:19:00,0004I_06-02-2026-06.09,37.68,49.29,65.83
0004I,60000,71801,IRYO,Frecciarossa,2026-02-06 06:09:00,2026-02-06 09:00:00,0 days 02:51:00,0004I_06-02-2026-06.09,37.95,49.74,65.56
0003I,60000,71801,IRYO,Frecciarossa,2026-02-06 07:22:00,2026-02-06 09:59:00,0 days 02:37:00,0003I_06-02-2026-07.22,37.81,50.71,65.88
0004I,04040,71801,IRYO,Frecciarossa,2026-02-06 07:29:00,2026-02-06 09:00:00,0 days 01:31:00,0004I_06-02-2026-06.09,38.07,50.08,66.18
0003I,60000,71801,IRYO,Frecciarossa,2026-02-06 08:22:00,2026-02-06 10:59:00,0 days 02:37:00,0003I_06-02-2026-08.22,37.79,49.91,65.06
0003I,60000,71801,IRYO,Frecciarossa,2026-02-06 08:50:00,2026-02-06 11:27:00,0 days 02:37:00,0003I_06-02-2026-08.50,39.47,50.91,67.03
0002I,60000,71801,IRYO,Frecciarossa,2026-02-06 09:22:00,2026-02-06 12:14:00,0 days 02:52:00,0002I_06-02-2026-09.22,44.47,55.73,78.26
0002I,60000,04040,IRYO,Frecciarossa,2026-02-06 09:22:00,2026-02-06 10:40:00,0 days 01:18:00,0002I_06-02-2026-09.22,41.26,52.68,74.62
0001I,60000,04040,IRYO,Frecciarossa,2026-02-06 09:57:00,2026-02-06 11:17:00,0 days 01:20:00,0001I_06-02-2026-09.57,56.39,71.67,93.56
0001I,60000,71801,IRYO,Frecciarossa,2026-02-06 09:57:00,2026-02-06 12:49:00,0 days 02:52:00,0001I_06-02-2026-09.57,56.91,72.02,96.01
0002I,04040,71801,IRYO,Frecciarossa,2026-02-06 10:41:00,2026-02-06 12:14:00,0 days 01:33:00,0002I_06-02-2026-09.22,44.09,55.73,77.24
0001I,04040,71801,IRYO,Frecciarossa,2026-02-06 11:18:00,2026-02-06 12:49:00,0 days 01:31:00,0001I_06-02-2026-09.57,56.96,72.62,95.18
0002I,60000,04040,IRYO,Frecciarossa,2026-02-06 11:22:00,2026-02-06 12:40:00,0 days 01:18:00,0002I_06-02-2026-11.22,44.52,55.99,77.77
0002I,60000,71801,IRYO,Frecciarossa,2026-02-06 11:22:00,2026-02-06 14:14:00,0 days 02:52:00,0002I_06-02-2026-11.22,44.99,56.66,78.31
0002I,60000,04040,IRYO,Frecciarossa,2026-02-06 12:22:00,2026-02-06 13:40:00,0 days 01:18:00,0002I_06-02-2026-12.22,44.1,59.83,82.47
0002I,60000,71801,IRYO,Frecciarossa,2026-02-06 12:22:00,2026-02-06 15:14:00,0 days 02:52:00,0002I_06-02-2026-12.22,45.69,61.46,84.53
0002I,04040,71801,IRYO,Frecciarossa,2026-02-06 12:41:00,2026-02-06 14:14:00,0 days 01:33:00,0002I_06-02-2026-11.22,39.69,56.49,79.1
0002I,04040,71801,IRYO,Frecciarossa,2026-02-06 13:41:00,2026-02-06 15:14:00,0 days 01:33:00,0002I_06-02-2026-12.22,40.73,60.72,83.66
0001I,60000,71801,IRYO,Frecciarossa,2026-02-06 14:02:00,2026-02-06 16:54:00,0 days 02:52:00,0001I_06-02-2026-14.02,45.16,60.67,83.92
0001I,60000,04040,IRYO,Frecciarossa,2026-02-06 14:02:00,2026-02-06 15:22:00,0 days 01:20:00,0001I_06-02-2026-14.02,39.46,58.56,82.56
0005I,60000,71801,IRYO,Frecciarossa,2026-02-06 14:42:00,2026-02-06 17:41:00,0 days 02:59:00,0005I_06-02-2026-14.42,72.04,87.69,109.08
0005I,60000,04040,IRYO,Frecciarossa,2026-02-06 14:42:00,2026-02-06 16:02:00,0 days 01:20:00,0005I_06-02-2026-14.42,71.1,87.01,109.34
0001I,04040,71801,IRYO,Frecciarossa,2026-02-06 15:23:00,2026-02-06 16:54:00,0 days 01:31:00,0001I_06-02-2026-14.02,44.54,60.15,82.22
0003I,60000,71801,IRYO,Frecciarossa,2026-02-06 15:52:00,2026-02-06 18:29:00,0 days 02:37:00,0003I_06-02-2026-15.52,46.81,58.79,80.87
0005I,04040,71801,IRYO,Frecciarossa,2026-02-06 16:03:00,2026-02-06 17:41:00,0 days 01:38:00,0005I_06-02-2026-14.42,71.55,87.59,109.11
0003I,60000,71801,IRYO,Frecciarossa,2026-02-06 16:37:00,2026-02-06 19:14:00,0 days 02:37:00,0003I_06-02-2026-16.37,49.94,63.71,88.12
0002I,60000,71801,IRYO,Frecciarossa,2026-02-06 17:22:00,2026-02-06 20:14:00,0 days 02:52:00,0002I_06-02-2026-17.22,56.3,71.16,93.42
0002I,60000,04040,IRYO,Frecciarossa,2026-02-06 17:22:00,2026-02-06 18:40:00,0 days 01:18:00,0002I_06-02-2026-17.22,58.38,72.92,97.2
0003I,60000,71801,IRYO,Frecciarossa,2026-02-06 18:32:00,2026-02-06 21:09:00,0 days 02:37:00,0003I_06-02-2026-18.32,55.38,70.69,93.46
0002I,04040,71801,IRYO,Frecciarossa,2026-02-06 18:41:00,2026-02-06 20:14:00,0 days 01:33:00,0002I_06-02-2026-17.22,48.74,69.3,92.1
0002I,60000,04040,IRYO,Frecciarossa,2026-02-06 19:29:00,2026-02-06 20:47:00,0 days 01:18:00,0002I_06-02-2026-19.29,57.35,73.34,96.06
0002I,60000,71801,IRYO,Frecciarossa,2026-02-06 19:29:00,2026-02-06 22:21:00,0 days 02:52:00,0002I_06-02-2026-19.29,57.96,74.02,96.82
0006I,60000,04040,IRYO,Frecciarossa,2026-02-06 20:22:00,2026-02-06 21:41:00,0 days 01:19:00,0006I_06-02-2026-20.22,37.18,49.69,64.15
0006I,60000,71801,IRYO,Frecciarossa,2026-02-06 20:22:00,2026-02-06 23:14:00,0 days 02:52:00,0006I_06-02-2026-20.22,37.32,50.18,64.84
0002I,04040,71801,IRYO,Frecciarossa,2026-02-06 20:48:00,2026-02-06 22:21:00,0 days 01:33:00,0002I_06-02-2026-19.29,57.44,74.45,96.07
0006I,04040,71801,IRYO,Frecciarossa,2026-02-06 21:42:00,2026-02-06 23:14:00,0 days 01:32:00,0006I_06-02-2026-20.22,38.13,50.62,66.59
0003I,60000,71801,IRYO,Frecciarossa,2026-02-07 07:22:00,2026-02-07 09:59:00,0 days 02:37:00,0003I_07-02-2026-07.22,37.54,48.39,65.61
0003I,60000,71801,IRYO,Frecciarossa,2026-02-07 08:22:00,2026-02-07 10:59:00,0 days 02:37:00,0003I_07-02-2026-08.22,40.56,52.51,68.88
0003I,60000,71801,IRYO,Frecciarossa,2026-02-07 08:50:00,2026-02-07 11:27:00,0 days 02:37:00,0003I_07-02-2026-08.50,39.4,51.59,66.83
0002I,60000,71801,IRYO,Frecciarossa,2026-02-07 09:22:00,2026-02-07 12:14:00,0 days 02:52:00,0002I_07-02-2026-09.22,39.33,51.31,67.43
0002I,60000,04040,IRYO,Frecciarossa,2026-02-07 09:22:00,2026-02-07 10:40:00,0 days 01:18:00,0002I_07-02-2026-09.22,38.07,50.67,66.54
0001I,60000,04040,IRYO,Frecciarossa,2026-02-07 09:57:00,2026-02-07 11:17:00,0 days 01:20:00,0001I_07-02-2026-09.57,43.79,60.42,80.68
0001I,60000,71801,IRYO,Frecciarossa,2026-02-07 09:57:00,2026-02-07 12:49:00,0 days 02:52:00,0001I_07-02-2026-09.57,44.34,59.16,82.02
0002I,04040,71801,IRYO,Frecciarossa,2026-02-07 10:41:00,2026-02-07 12:14:00,0 days 01:33:00,0002I_07-02-2026-09.22,34.68,50.32,65.93
0001I,04040,71801,IRYO,Frecciarossa,2026-02-07 11:18:00,2026-02-07 12:49:00,0 days 01:31:00,0001I_07-02-2026-09.57,44.34,58.89,82.22
0002I,60000,04040,IRYO,Frecciarossa,2026-02-07 11:22:00,2026-02-07 12:40:00,0 days 01:18:00,0002I_07-02-2026-11.22,42.83,42.83,77.83
0002I,60000,71801,IRYO,Frecciarossa,2026-02-07 11:22:00,2026-02-07 14:14:00,0 days 02:52:00,0002I_07-02-2026-11.22,44.27,57.24,79.27
0002I,60000,71801,IRYO,Frecciarossa,2026-02-07 12:22:00,2026-02-07 15:14:00,0 days 02:52:00,0002I_07-02-2026-12.22,39.64,51.25,68.62
0002I,60000,04040,IRYO,Frecciarossa,2026-02-07 12:22:00,2026-02-07 13:40:00,0 days 01:18:00,0002I_07-02-2026-12.22,38.71,51.46,66.16
0002I,04040,71801,IRYO,Frecciarossa,2026-02-07 12:41:00,2026-02-07 14:14:00,0 days 01:33:00,0002I_07-02-2026-11.22,43.67,55.32,77.84
0002I,04040,71801,IRYO,Frecciarossa,2026-02-07 13:41:00,2026-02-07 15:14:00,0 days 01:33:00,0002I_07-02-2026-12.22,39.58,51.56,67.01
0001I,60000,04040,IRYO,Frecciarossa,2026-02-07 14:02:00,2026-02-07 15:22:00,0 days 01:20:00,0001I_07-02-2026-14.02,37.03,48.63,65.81
0001I,60000,71801,IRYO,Frecciarossa,2026-02-07 14:02:00,2026-02-07 16:54:00,0 days 02:52:00,0001I_07-02-2026-14.02,37.15,49.02,65.5
0005I,60000,71801,IRYO,Frecciarossa,2026-02-07 14:42:00,2026-02-07 17:41:00,0 days 02:59:00,0005I_07-02-2026-14.42,36.62,52.42,73.53
0005I,60000,04040,IRYO,Frecciarossa,2026-02-07 14:42:00,2026-02-07 16:02:00,0 days 01:20:00,0005I_07-02-2026-14.42,37.16,53.55,74.95
0001I,04040,71801,IRYO,Frecciarossa,2026-02-07 15:23:00,2026-02-07 16:54:00,0 days 01:31:00,0001I_07-02-2026-14.02,37.45,49.39,65.89
0003I,60000,71801,IRYO,Frecciarossa,2026-02-07 15:52:00,2026-02-07 18:29:00,0 days 02:37:00,0003I_07-02-2026-15.52,37.17,48.49,65.04
0005I,04040,71801,IRYO,Frecciarossa,2026-02-07 16:03:00,2026-02-07 17:41:00,0 days 01:38:00,0005I_07-02-2026-14.42,36.8,53.42,75.49
0003I,60000,71801,IRYO,Frecciarossa,2026-02-07 16:37:00,2026-02-07 19:14:00,0 days 02:37:00,0003I_07-02-2026-16.37,38.52,50.66,66.02
0002I,60000,71801,IRYO,Frecciarossa,2026-02-07 17:22:00,2026-02-07 20:14:00,0 days 02:52:00,0002I_07-02-2026-17.22,37.64,50.6,66.26
0002I,60000,04040,IRYO,Frecciarossa,2026-02-07 17:22:00,2026-02-07 18:40:00,0 days 01:18:00,0002I_07-02-2026-17.22,38.83,51.36,66.85
0003I,60000,71801,IRYO,Frecciarossa,2026-02-07 18:32:00,2026-02-07 21:09:00,0 days 02:37:00,0003I_07-02-2026-18.32,38.86,51.12,67.72
0002I,04040,71801,IRYO,Frecciarossa,2026-02-07 18:41:00,2026-02-07 20:14:00,0 days 01:33:00,0002I_07-02-2026-17.22,37.43,50.22,64.86
0002I,60000,71801,IRYO,Frecciarossa,2026-02-07 19:29:00,2026-02-07 22:21:00,0 days 02:52:00,0002I_07-02-2026-19.29,49.09,65.89,88.1
0002I,60000,04040,IRYO,Frecciarossa,2026-02-07 19:29:00,2026-02-07 20:47:00,0 days 01:18:00,0002I_07-02-2026-19.29,49.37,66.11,87.45
0002I,04040,71801,IRYO,Frecciarossa,2026-02-07 20:48:00,2026-02-07 22:21:00,0 days 01:33:00,0002I_07-02-2026-19.29,49.14,65.94,86.59
0003I,60000,71801,IRYO,Frecciarossa,2026-02-08 08:22:00,2026-02-08 10:59:00,0 days 02:37:00,0003I_08-02-2026-08.22,37.4,50.09,65.26
0003I,60000,71801,IRYO,Frecciarossa,2026-02-08 08:50:00,2026-02-08 11:27:00,0 days 02:37:00,0003I_08-02-2026-08.50,38.76,51.23,65.76
0002I,60000,04040,IRYO,Frecciarossa,2026-02-08 09:22:00,2026-02-08 10:40:00,0 days 01:18:00,0002I_08-02-2026-09.22,35.1,47.41,87.96
0002I,60000,71801,IRYO,Frecciarossa,2026-02-08 09:22:00,2026-02-08 12:14:00,0 days 02:52:00,0002I_08-02-2026-09.22,44.01,55.31,96.24
0001I,60000,04040,IRYO,Frecciarossa,2026-02-08 09:57:00,2026-02-08 11:17:00,0 days 01:20:00,0001I_08-02-2026-09.57,43.76,60.09,82.49
0001I,60000,71801,IRYO,Frecciarossa,2026-02-08 09:57:00,2026-02-08 12:49:00,0 days 02:52:00,0001I_08-02-2026-09.57,43.99,60.53,82.0
0002I,04040,71801,IRYO,Frecciarossa,2026-02-08 10:41:00,2026-02-08 12:14:00,0 days 01:33:00,0002I_08-02-2026-09.22,38.59,54.73,95.1
0001I,04040,71801,IRYO,Frecciarossa,2026-02-08 11:18:00,2026-02-08 12:49:00,0 days 01:31:00,0001I_08-02-2026-09.57,43.81,60.31,82.33
0002I,60000,04040,IRYO,Frecciarossa,2026-02-08 11:22:00,2026-02-08 12:40:00,0 days 01:18:00,0002I_08-02-2026-11.22,42.48,55.4,75.53
0002I,60000,71801,IRYO,Frecciarossa,2026-02-08 11:22:00,2026-02-08 14:14:00,0 days 02:52:00,0002I_08-02-2026-11.22,42.78,53.95,75.95
0002I,60000,04040,IRYO,Frecciarossa,2026-02-08 12:22:00,2026-02-08 13:40:00,0 days 01:18:00,0002I_08-02-2026-12.22,41.55,53.7,76.42
0002I,60000,71801,IRYO,Frecciarossa,2026-02-08 12:22:00,2026-02-08 15:14:00,0 days 02:52:00,0002I_08-02-2026-12.22,43.32,54.69,77.33
0002I,04040,71801,IRYO,Frecciarossa,2026-02-08 12:41:00,2026-02-08 14:14:00,0 days 01:33:00,0002I_08-02-2026-11.22,42.91,55.4,77.39
0002I,04040,71801,IRYO,Frecciarossa,2026-02-08 13:41:00,2026-02-08 15:14:00,0 days 01:33:00,0002I_08-02-2026-12.22,42.79,54.73,76.76
0001I,60000,04040,IRYO,Frecciarossa,2026-02-08 14:02:00,2026-02-08 15:22:00,0 days 01:20:00,0001I_08-02-2026-14.02,44.18,59.81,81.32
0001I,60000,71801,IRYO,Frecciarossa,2026-02-08 14:02:00,2026-02-08 16:54:00,0 days 02:52:00,0001I_08-02-2026-14.02,46.66,61.47,83.9
0005I,60000,04040,IRYO,Frecciarossa,2026-02-08 14:42:00,2026-02-08 16:02:00,0 days 01:20:00,0005I_08-02-2026-14.42,58.21,74.78,96.38
0005I,60000,71801,IRYO,Frecciarossa,2026-02-08 14:42:00,2026-02-08 17:41:00,0 days 02:59:00,0005I_08-02-2026-14.42,58.28,74.74,95.54
0001I,04040,71801,IRYO,Frecciarossa,2026-02-08 15:23:00,2026-02-08 16:54:00,0 days 01:31:00,0001I_08-02-2026-14.02,46.97,61.61,85.31
0003I,60000,71801,IRYO,Frecciarossa,2026-02-08 15:52:00,2026-02-08 18:29:00,0 days 02:37:00,0003I_08-02-2026-15.52,47.52,63.01,86.37
0005I,04040,71801,IRYO,Frecciarossa,2026-02-08 16:03:00,2026-02-08 17:41:00,0 days 01:38:00,0005I_08-02-2026-14.42,56.72,72.78,94.54
0003I,60000,71801,IRYO,Frecciarossa,2026-02-08 16:37:00,2026-02-08 19:14:00,0 days 02:37:00,0003I_08-02-2026-16.37,50.36,62.34,84.42
0002I,60000,04040,IRYO,Frecciarossa,2026-02-08 17:22:00,2026-02-08 18:40:00,0 days 01:18:00,0002I_08-02-2026-17.22,50.6,65.43,88.79
0002I,60000,71801,IRYO,Frecciarossa,2026-02-08 17:22:00,2026-02-08 20:14:00,0 days 02:52:00,0002I_08-02-2026-17.22,57.47,72.66,96.38
0003I,60000,71801,IRYO,Frecciarossa,2026-02-08 18:32:00,2026-02-08 21:09:00,0 days 02:37:00,0003I_08-02-2026-18.32,50.41,64.75,88.99
0002I,04040,71801,IRYO,Frecciarossa,2026-02-08 18:41:00,2026-02-08 20:14:00,0 days 01:33:00,0002I_08-02-2026-17.22,49.82,69.67,93.02
0002I,60000,04040,IRYO,Frecciarossa,2026-02-08 19:29:00,2026-02-08 20:47:00,0 days 01:18:00,0002I_08-02-2026-19.29,84.35,100.37,121.25
0002I,60000,71801,IRYO,Frecciarossa,2026-02-08 19:29:00,2026-02-08 22:21:00,0 days 02:52:00,0002I_08-02-2026-19.29,85.12,101.05,123.39
0002I,04040,71801,IRYO,Frecciarossa,2026-02-08 20:48:00,2026-02-08 22:21:00,0 days 01:33:00,0002I_08-02-2026-19.29,85.06,101.1,124.2
0003I,60000,71801,IRYO,Frecciarossa,2026-02-08 20:56:00,2026-02-08 23:33:00,0 days 02:37:00,0003I_08-02-2026-20.56,43.73,58.48,81.47
0004I,60000,04040,IRYO,Frecciarossa,2026-02-09 06:09:00,2026-02-09 07:28:00,0 days 01:19:00,0004I_09-02-2026-06.09,37.71,49.32,64.76
0004I,60000,71801,IRYO,Frecciarossa,2026-02-09 06:09:00,2026-02-09 09:00:00,0 days 02:51:00,0004I_09-02-2026-06.09,38.13,51.0,65.51
0003I,60000,71801,IRYO,Frecciarossa,2026-02-09 07:22:00,2026-02-09 09:59:00,0 days 02:37:00,0003I_09-02-2026-07.22,37.21,50.02,64.99
0004I,04040,71801,IRYO,Frecciarossa,2026-02-09 07:29:00,2026-02-09 09:00:00,0 days 01:31:00,0004I_09-02-2026-06.09,38.2,50.84,65.23
0003I,60000,71801,IRYO,Frecciarossa,2026-02-09 08:22:00,2026-02-09 10:59:00,0 days 02:37:00,0003I_09-02-2026-08.22,38.29,49.38,66.13
0003I,60000,71801,IRYO,Frecciarossa,2026-02-09 08:50:00,2026-02-09 11:27:00,0 days 02:37:00,0003I_09-02-2026-08.50,37.95,50.51,66.26
0002I,60000,04040,IRYO,Frecciarossa,2026-02-09 09:22:00,2026-02-09 10:40:00,0 days 01:18:00,0002I_09-02-2026-09.22,37.19,49.21,65.3
0002I,60000,71801,IRYO,Frecciarossa,2026-02-09 09:22:00,2026-02-09 12:14:00,0 days 02:52:00,0002I_09-02-2026-09.22,38.64,51.26,66.98
0001I,60000,04040,IRYO,Frecciarossa,2026-02-09 09:57:00,2026-02-09 11:17:00,0 days 01:20:00,0001I_09-02-2026-09.57,40.73,57.19,79.56
0001I,60000,71801,IRYO,Frecciarossa,2026-02-09 09:57:00,2026-02-09 12:49:00,0 days 02:52:00,0001I_09-02-2026-09.57,40.37,57.23,78.12
0002I,04040,71801,IRYO,Frecciarossa,2026-02-09 10:41:00,2026-02-09 12:14:00,0 days 01:33:00,0002I_09-02-2026-09.22,34.47,50.84,66.38
0001I,04040,71801,IRYO,Frecciarossa,2026-02-09 11:18:00,2026-02-09 12:49:00,0 days 01:31:00,0001I_09-02-2026-09.57,40.64,56.84,78.65
0002I,60000,04040,IRYO,Frecciarossa,2026-02-09 11:22:00,2026-02-09 12:40:00,0 days 01:18:00,0002I_09-02-2026-11.22,41.22,53.44,75.11
0002I,60000,71801,IRYO,Frecciarossa,2026-02-09 11:22:00,2026-02-09 14:14:00,0 days 02:52:00,0002I_09-02-2026-11.22,40.85,53.1,73.89
0002I,60000,04040,IRYO,Frecciarossa,2026-02-09 12:22:00,2026-02-09 13:40:00,0 days 01:18:00,0002I_09-02-2026-12.22,37.61,49.05,65.0
0002I,60000,71801,IRYO,Frecciarossa,2026-02-09 12:22:00,2026-02-09 15:14:00,0 days 02:52:00,0002I_09-02-2026-12.22,37.78,49.96,64.83
0002I,04040,71801,IRYO,Frecciarossa,2026-02-09 12:41:00,2026-02-09 14:14:00,0 days 01:33:00,0002I_09-02-2026-11.22,41.55,52.58,74.82
0002I,04040,71801,IRYO,Frecciarossa,2026-02-09 13:41:00,2026-02-09 15:14:00,0 days 01:33:00,0002I_09-02-2026-12.22,37.76,49.55,66.75
0001I,60000,71801,IRYO,Frecciarossa,2026-02-09 14:02:00,2026-02-09 16:54:00,0 days 02:52:00,0001I_09-02-2026-14.02,37.63,49.99,65.25
0001I,60000,04040,IRYO,Frecciarossa,2026-02-09 14:02:00,2026-02-09 15:22:00,0 days 01:20:00,0001I_09-02-2026-14.02,38.08,50.16,65.36
0005I,60000,04040,IRYO,Frecciarossa,2026-02-09 14:42:00,2026-02-09 16:02:00,0 days 01:20:00,0005I_09-02-2026-14.42,35.55,52.56,73.14
0005I,60000,71801,IRYO,Frecciarossa,2026-02-09 14:42:00,2026-02-09 17:41:00,0 days 02:59:00,0005I_09-02-2026-14.42,35.49,51.72,74.46
0001I,04040,71801,IRYO,Frecciarossa,2026-02-09 15:23:00,2026-02-09 16:54:00,0 days 01:31:00,0001I_09-02-2026-14.02,37.16,48.29,64.19
0003I,60000,71801,IRYO,Frecciarossa,2026-02-09 15:52:00,2026-02-09 18:29:00,0 days 02:37:00,0003I_09-02-2026-15.52,40.12,51.87,74.24
0005I,04040,71801,IRYO,Frecciarossa,2026-02-09 16:03:00,2026-02-09 17:41:00,0 days 01:38:00,0005I_09-02-2026-14.42,36.26,51.69,74.3
0003I,60000,71801,IRYO,Frecciarossa,2026-02-09 16:37:00,2026-02-09 19:14:00,0 days 02:37:00,0003I_09-02-2026-16.37,37.65,50.31,65.05
0002I,60000,71801,IRYO,Frecciarossa,2026-02-09 17:22:00,2026-02-09 20:14:00,0 days 02:52:00,0002I_09-02-2026-17.22,37.97,50.93,65.65
0002I,60000,04040,IRYO,Frecciarossa,2026-02-09 17:22:00,2026-02-09 18:40:00,0 days 01:18:00,0002I_09-02-2026-17.22,34.29,50.02,66.65
0003I,60000,71801,IRYO,Frecciarossa,2026-02-09 18:32:00,2026-02-09 21:09:00,0 days 02:37:00,0003I_09-02-2026-18.32,37.02,49.8,65.57
0002I,04040,71801,IRYO,Frecciarossa,2026-02-09 18:41:00,2026-02-09 20:14:00,0 days 01:33:00,0002I_09-02-2026-17.22,37.01,49.78,65.1
0002I,60000,71801,IRYO,Frecciarossa,2026-02-09 19:29:00,2026-02-09 22:21:00,0 days 02:52:00,0002I_09-02-2026-19.29,37.65,53.55,75.21
0002I,60000,04040,IRYO,Frecciarossa,2026-02-09 19:29:00,2026-02-09 20:47:00,0 days 01:18:00,0002I_09-02-2026-19.29,37.24,53.8,75.99
0002I,04040,71801,IRYO,Frecciarossa,2026-02-09 20:48:00,2026-02-09 22:21:00,0 days 01:33:00,0002I_09-02-2026-19.29,37.6,53.51,76.49
0004I,60000,04040,IRYO,Frecciarossa,2026-02-10 06:09:00,2026-02-10 07:28:00,0 days 01:19:00,0004I_10-02-2026-06.09,34.41,45.77,86.22
0004I,60000,71801,IRYO,Frecciarossa,2026-02-10 06:09:00,2026-02-10 09:00:00,0 days 02:51:00,0004I_10-02-2026-06.09,34.69,46.01,87.58
0003I,60000,71801,IRYO,Frecciarossa,2026-02-10 07:22:00,2026-02-10 09:59:00,0 days 02:37:00,0003I_10-02-2026-07.22,34.93,47.55,87.92
0004I,04040,71801,IRYO,Frecciarossa,2026-02-10 07:29:00,2026-02-10 09:00:00,0 days 01:31:00,0004I_10-02-2026-06.09,34.82,46.12,86.17
0003I,60000,71801,IRYO,Frecciarossa,2026-02-10 08:22:00,2026-02-10 10:59:00,0 days 02:37:00,0003I_10-02-2026-08.22,35.32,47.06,87.64
0003I,60000,71801,IRYO,Frecciarossa,2026-02-10 08:50:00,2026-02-10 11:27:00,0 days 02:37:00,0003I_10-02-2026-08.50,35.42,46.54,87.9
0002I,60000,71801,IRYO,Frecciarossa,2026-02-10 09:22:00,2026-02-10 12:14:00,0 days 02:52:00,0002I_10-02-2026-09.22,34.72,46.35,87.57
0002I,60000,04040,IRYO,Frecciarossa,2026-02-10 09:22:00,2026-02-10 10:40:00,0 days 01:18:00,0002I_10-02-2026-09.22,34.77,46.11,87.7
0001I,60000,04040,IRYO,Frecciarossa,2026-02-10 09:57:00,2026-02-10 11:17:00,0 days 01:20:00,0001I_10-02-2026-09.57,40.83,56.74,77.66
0001I,60000,71801,IRYO,Frecciarossa,2026-02-10 09:57:00,2026-02-10 12:49:00,0 days 02:52:00,0001I_10-02-2026-09.57,41.02,57.86,78.71
0002I,04040,71801,IRYO,Frecciarossa,2026-02-10 10:41:00,2026-02-10 12:14:00,0 days 01:33:00,0002I_10-02-2026-09.22,35.6,47.5,87.76
0001I,04040,71801,IRYO,Frecciarossa,2026-02-10 11:18:00,2026-02-10 12:49:00,0 days 01:31:00,0001I_10-02-2026-09.57,40.97,57.24,79.4
0002I,60000,71801,IRYO,Frecciarossa,2026-02-10 11:22:00,2026-02-10 14:14:00,0 days 02:52:00,0002I_10-02-2026-11.22,34.6,46.14,86.26
0002I,60000,04040,IRYO,Frecciarossa,2026-02-10 11:22:00,2026-02-10 12:40:00,0 days 01:18:00,0002I_10-02-2026-11.22,35.28,48.19,87.63
0002I,60000,04040,IRYO,Frecciarossa,2026-02-10 12:22:00,2026-02-10 13:40:00,0 days 01:18:00,0002I_10-02-2026-12.22,34.95,46.52,86.42
0002I,60000,71801,IRYO,Frecciarossa,2026-02-10 12:22:00,2026-02-10 15:14:00,0 days 02:52:00,0002I_10-02-2026-12.22,34.68,46.44,86.33
0002I,04040,71801,IRYO,Frecciarossa,2026-02-10 12:41:00,2026-02-10 14:14:00,0 days 01:33:00,0002I_10-02-2026-11.22,34.9,47.81,86.75
0002I,04040,71801,IRYO,Frecciarossa,2026-02-10 13:41:00,2026-02-10 15:14:00,0 days 01:33:00,0002I_10-02-2026-12.22,35.02,46.1,86.72
0001I,60000,04040,IRYO,Frecciarossa,2026-02-10 14:02:00,2026-02-10 15:22:00,0 days 01:20:00,0001I_10-02-2026-14.02,35.31,48.13,88.08
0001I,60000,71801,IRYO,Frecciarossa,2026-02-10 14:02:00,2026-02-10 16:54:00,0 days 02:52:00,0001I_10-02-2026-14.02,34.44,45.53,87.04
0005I,60000,71801,IRYO,Frecciarossa,2026-02-10 14:42:00,2026-02-10 17:41:00,0 days 02:59:00,0005I_10-02-2026-14.42,36.72,51.51,75.38
0005I,60000,04040,IRYO,Frecciarossa,2026-02-10 14:42:00,2026-02-10 16:02:00,0 days 01:20:00,0005I_10-02-2026-14.42,36.57,52.03,75.06
0001I,04040,71801,IRYO,Frecciarossa,2026-02-10 15:23:00,2026-02-10 16:54:00,0 days 01:31:00,0001I_10-02-2026-14.02,31.27,47.42,86.8
0003I,60000,71801,IRYO,Frecciarossa,2026-02-10 15:52:00,2026-02-10 18:29:00,0 days 02:37:00,0003I_10-02-2026-15.52,37.36,48.99,65.27
0005I,04040,71801,IRYO,Frecciarossa,2026-02-10 16:03:00,2026-02-10 17:41:00,0 days 01:38:00,0005I_10-02-2026-14.42,37.21,53.27,75.26
0003I,60000,71801,IRYO,Frecciarossa,2026-02-10 16:37:00,2026-02-10 19:14:00,0 days 02:37:00,0003I_10-02-2026-16.37,35.96,47.11,88.0
0002I,60000,71801,IRYO,Frecciarossa,2026-02-10 17:22:00,2026-02-10 20:14:00,0 days 02:52:00,0002I_10-02-2026-17.22,37.67,50.23,65.71
0002I,60000,04040,IRYO,Frecciarossa,2026-02-10 17:22:00,2026-02-10 18:40:00,0 days 01:18:00,0002I_10-02-2026-17.22,38.44,55.66,69.9
0003I,60000,71801,IRYO,Frecciarossa,2026-02-10 18:32:00,2026-02-10 21:09:00,0 days 02:37:00,0003I_10-02-2026-18.32,38.05,50.29,66.13
0002I,04040,71801,IRYO,Frecciarossa,2026-02-10 18:41:00,2026-02-10 20:14:00,0 days 01:33:00,0002I_10-02-2026-17.22,37.26,49.06,65.09
0002I,60000,71801,IRYO,Frecciarossa,2026-02-10 19:29:00,2026-02-10 22:21:00,0 days 02:52:00,0002I_10-02-2026-19.29,44.42,60.63,81.42
0002I,60000,04040,IRYO,Frecciarossa,2026-02-10 19:29:00,2026-02-10 20:47:00,0 days 01:18:00,0002I_10-02-2026-19.29,44.19,60.79,82.33
0002I,04040,71801,IRYO,Frecciarossa,2026-02-10 20:48:00,2026-02-10 22:21:00,0 days 01:33:00,0002I_10-02-2026-19.29,43.52,59.94,82.13
0004I,60000,04040,IRYO,Frecciarossa,2026-02-11 06:09:00,2026-02-11 07:28:00,0 days 01:19:00,0004I_11-02-2026-06.09,34.74,46.6,85.74
0004I,60000,71801,IRYO,Frecciarossa,2026-02-11 06:09:00,2026-02-11 09:00:00,0 days 02:51:00,0004I_11-02-2026-06.09,34.6,46.66,87.27
0003I,60000,71801,IRYO,Frecciarossa,2026-02-11 07:22:00,2026-02-11 09:59:00,0 days 02:37:00,0003I_11-02-2026-07.22,37.27,50.03,66.11
0004I,04040,71801,IRYO,Frecciarossa,2026-02-11 07:29:00,2026-02-11 09:00:00,0 days 01:31:00,0004I_11-02-2026-06.09,34.03,46.38,85.34
0003I,60000,71801,IRYO,Frecciarossa,2026-02-11 08:22:00,2026-02-11 10:59:00,0 days 02:37:00,0003I_11-02-2026-08.22,35.03,46.5,86.26
0003I,60000,71801,IRYO,Frecciarossa,2026-02-11 08:50:00,2026-02-11 11:27:00,0 days 02:37:00,0003I_11-02-2026-08.50,35.38,48.32,86.85
0002I,60000,04040,IRYO,Frecciarossa,2026-02-11 09:22:00,2026-02-11 10:40:00,0 days 01:18:00,0002I_11-02-2026-09.22,34.49,46.8,87.19
0002I,60000,71801,IRYO,Frecciarossa,2026-02-11 09:22:00,2026-02-11 12:14:00,0 days 02:52:00,0002I_11-02-2026-09.22,35.31,48.01,87.63
0001I,60000,71801,IRYO,Frecciarossa,2026-02-11 09:57:00,2026-02-11 12:49:00,0 days 02:52:00,0001I_11-02-2026-09.57,37.05,52.19,74.43
0001I,60000,04040,IRYO,Frecciarossa,2026-02-11 09:57:00,2026-02-11 11:17:00,0 days 01:20:00,0001I_11-02-2026-09.57,36.74,52.65,74.64
0002I,04040,71801,IRYO,Frecciarossa,2026-02-11 10:41:00,2026-02-11 12:14:00,0 days 01:33:00,0002I_11-02-2026-09.22,35.01,46.76,87.73
0001I,04040,71801,IRYO,Frecciarossa,2026-02-11 11:18:00,2026-02-11 12:49:00,0 days 01:31:00,0001I_11-02-2026-09.57,37.16,52.53,74.97
0002I,60000,71801,IRYO,Frecciarossa,2026-02-11 11:22:00,2026-02-11 14:14:00,0 days 02:52:00,0002I_11-02-2026-11.22,40.94,52.46,75.55
0002I,60000,04040,IRYO,Frecciarossa,2026-02-11 11:22:00,2026-02-11 12:40:00,0 days 01:18:00,0002I_11-02-2026-11.22,40.86,53.77,74.49
0002I,60000,04040,IRYO,Frecciarossa,2026-02-11 12:22:00,2026-02-11 13:40:00,0 days 01:18:00,0002I_11-02-2026-12.22,37.16,49.46,64.33
0002I,60000,71801,IRYO,Frecciarossa,2026-02-11 12:22:00,2026-02-11 15:14:00,0 days 02:52:00,0002I_11-02-2026-12.22,37.78,50.7,66.19
0002I,04040,71801,IRYO,Frecciarossa,2026-02-11 12:41:00,2026-02-11 14:14:00,0 days 01:33:00,0002I_11-02-2026-11.22,40.48,52.71,73.68
0002I,04040,71801,IRYO,Frecciarossa,2026-02-11 13:41:00,2026-02-11 15:14:00,0 days 01:33:00,0002I_11-02-2026-12.22,37.04,49.47,64.74
0001I,60000,04040,IRYO,Frecciarossa,2026-02-11 14:02:00,2026-02-11 15:22:00,0 days 01:20:00,0001I_11-02-2026-14.02,38.47,50.63,66.92
0001I,60000,71801,IRYO,Frecciarossa,2026-02-11 14:02:00,2026-02-11 16:54:00,0 days 02:52:00,0001I_11-02-2026-14.02,37.62,50.21,64.87
0005I,60000,71801,IRYO,Frecciarossa,2026-02-11 14:42:00,2026-02-11 17:41:00,0 days 02:59:00,0005I_11-02-2026-14.42,36.9,52.79,75.48
0005I,60000,04040,IRYO,Frecciarossa,2026-02-11 14:42:00,2026-02-11 16:02:00,0 days 01:20:00,0005I_11-02-2026-14.42,36.54,52.14,73.52
0001I,04040,71801,IRYO,Frecciarossa,2026-02-11 15:23:00,2026-02-11 16:54:00,0 days 01:31:00,0001I_11-02-2026-14.02,37.69,49.22,65.35
0003I,60000,71801,IRYO,Frecciarossa,2026-02-11 15:52:00,2026-02-11 18:29:00,0 days 02:37:00,0003I_11-02-2026-15.52,41.4,53.72,76.26
0005I,04040,71801,IRYO,Frecciarossa,2026-02-11 16:03:00,2026-02-11 17:41:00,0 days 01:38:00,0005I_11-02-2026-14.42,36.44,52.49,74.66
0003I,60000,71801,IRYO,Frecciarossa,2026-02-11 16:37:00,2026-02-11 19:14:00,0 days 02:37:00,0003I_11-02-2026-16.37,47.82,59.64,81.63
0002I,60000,71801,IRYO,Frecciarossa,2026-02-11 17:22:00,2026-02-11 20:14:00,0 days 02:52:00,0002I_11-02-2026-17.22,47.18,59.98,80.22
0002I,60000,04040,IRYO,Frecciarossa,2026-02-11 17:22:00,2026-02-11 18:40:00,0 days 01:18:00,0002I_11-02-2026-17.22,44.04,55.92,77.57
0003I,60000,71801,IRYO,Frecciarossa,2026-02-11 18:32:00,2026-02-11 21:09:00,0 days 02:37:00,0003I_11-02-2026-18.32,46.41,60.57,84.84
0002I,04040,71801,IRYO,Frecciarossa,2026-02-11 18:41:00,2026-02-11 20:14:00,0 days 01:33:00,0002I_11-02-2026-17.22,47.35,59.43,81.02
0002I,60000,71801,IRYO,Frecciarossa,2026-02-11 19:29:00,2026-02-11 22:21:00,0 days 02:52:00,0002I_11-02-2026-19.29,72.72,88.4,109.7
0002I,60000,04040,IRYO,Frecciarossa,2026-02-11 19:29:00,2026-02-11 20:47:00,0 days 01:18:00,0002I_11-02-2026-19.29,72.72,87.84,110.83
0002I,04040,71801,IRYO,Frecciarossa,2026-02-11 20:48:00,2026-02-11 22:21:00,0 days 01:33:00,0002I_11-02-2026-19.29,73.25,89.69,110.94
0004I,60000,04040,IRYO,Frecciarossa,2026-02-12 06:09:00,2026-02-12 07:28:00,0 days 01:19:00,0004I_12-02-2026-06.09,34.95,46.97,87.04
0004I,60000,71801,IRYO,Frecciarossa,2026-02-12 06:09:00,2026-02-12 09:00:00,0 days 02:51:00,0004I_12-02-2026-06.09,35.05,47.17,87.04
0003I,60000,71801,IRYO,Frecciarossa,2026-02-12 07:22:00,2026-02-12 09:59:00,0 days 02:37:00,0003I_12-02-2026-07.22,37.43,49.33,64.78
0004I,04040,71801,IRYO,Frecciarossa,2026-02-12 07:29:00,2026-02-12 09:00:00,0 days 01:31:00,0004I_12-02-2026-06.09,34.94,47.7,85.97
0003I,60000,71801,IRYO,Frecciarossa,2026-02-12 08:22:00,2026-02-12 10:59:00,0 days 02:37:00,0003I_12-02-2026-08.22,37.89,49.63,65.09
0003I,60000,71801,IRYO,Frecciarossa,2026-02-12 08:50:00,2026-02-12 11:27:00,0 days 02:37:00,0003I_12-02-2026-08.50,37.43,50.27,66.07
0002I,60000,04040,IRYO,Frecciarossa,2026-02-12 09:22:00,2026-02-12 10:40:00,0 days 01:18:00,0002I_12-02-2026-09.22,37.26,48.38,65.03
0002I,60000,71801,IRYO,Frecciarossa,2026-02-12 09:22:00,2026-02-12 12:14:00,0 days 02:52:00,0002I_12-02-2026-09.22,38.22,49.6,66.45
0001I,60000,04040,IRYO,Frecciarossa,2026-02-12 09:57:00,2026-02-12 11:17:00,0 days 01:20:00,0001I_12-02-2026-09.57,36.33,53.21,75.62
0001I,60000,71801,IRYO,Frecciarossa,2026-02-12 09:57:00,2026-02-12 12:49:00,0 days 02:52:00,0001I_12-02-2026-09.57,36.81,52.49,74.34
0002I,04040,71801,IRYO,Frecciarossa,2026-02-12 10:41:00,2026-02-12 12:14:00,0 days 01:33:00,0002I_12-02-2026-09.22,38.32,49.52,65.99
0001I,04040,71801,IRYO,Frecciarossa,2026-02-12 11:18:00,2026-02-12 12:49:00,0 days 01:31:00,0001I_12-02-2026-09.57,36.79,52.85,75.25
0002I,60000,04040,IRYO,Frecciarossa,2026-02-12 11:22:00,2026-02-12 12:40:00,0 days 01:18:00,0002I_12-02-2026-11.22,40.67,52.16,75.52
0002I,60000,71801,IRYO,Frecciarossa,2026-02-12 11:22:00,2026-02-12 14:14:00,0 days 02:52:00,0002I_12-02-2026-11.22,41.26,52.31,75.23
0002I,60000,04040,IRYO,Frecciarossa,2026-02-12 12:22:00,2026-02-12 13:40:00,0 days 01:18:00,0002I_12-02-2026-12.22,37.69,50.0,66.08
0002I,60000,71801,IRYO,Frecciarossa,2026-02-12 12:22:00,2026-02-12 15:14:00,0 days 02:52:00,0002I_12-02-2026-12.22,37.78,49.85,65.99
0002I,04040,71801,IRYO,Frecciarossa,2026-02-12 12:41:00,2026-02-12 14:14:00,0 days 01:33:00,0002I_12-02-2026-11.22,40.86,51.91,74.8
0002I,04040,71801,IRYO,Frecciarossa,2026-02-12 13:41:00,2026-02-12 15:14:00,0 days 01:33:00,0002I_12-02-2026-12.22,37.71,49.91,66.07
0001I,60000,71801,IRYO,Frecciarossa,2026-02-12 14:02:00,2026-02-12 16:54:00,0 days 02:52:00,0001I_12-02-2026-14.02,34.86,46.57,86.89
0001I,60000,04040,IRYO,Frecciarossa,2026-02-12 14:02:00,2026-02-12 15:22:00,0 days 01:20:00,0001I_12-02-2026-14.02,34.22,49.91,90.47
0005I,60000,71801,IRYO,Frecciarossa,2026-02-12 14:42:00,2026-02-12 17:41:00,0 days 02:59:00,0005I_12-02-2026-14.42,40.64,56.46,79.28
0005I,60000,04040,IRYO,Frecciarossa,2026-02-12 14:42:00,2026-02-12 16:02:00,0 days 01:20:00,0005I_12-02-2026-14.42,40.92,57.71,79.16
0001I,04040,71801,IRYO,Frecciarossa,2026-02-12 15:23:00,2026-02-12 16:54:00,0 days 01:31:00,0001I_12-02-2026-14.02,35.14,47.33,86.74
0003I,60000,71801,IRYO,Frecciarossa,2026-02-12 15:52:00,2026-02-12 18:29:00,0 days 02:37:00,0003I_12-02-2026-15.52,45.13,60.23,83.04
0005I,04040,71801,IRYO,Frecciarossa,2026-02-12 16:03:00,2026-02-12 17:41:00,0 days 01:38:00,0005I_12-02-2026-14.42,40.74,56.46,78.17
0003I,60000,71801,IRYO,Frecciarossa,2026-02-12 16:37:00,2026-02-12 19:14:00,0 days 02:37:00,0003I_12-02-2026-16.37,55.1,69.35,92.17
0002I,60000,71801,IRYO,Frecciarossa,2026-02-12 17:22:00,2026-02-12 20:14:00,0 days 02:52:00,0002I_12-02-2026-17.22,48.33,64.2,86.04
0002I,60000,04040,IRYO,Frecciarossa,2026-02-12 17:22:00,2026-02-12 18:40:00,0 days 01:18:00,0002I_12-02-2026-17.22,46.89,61.21,84.43
0003I,60000,71801,IRYO,Frecciarossa,2026-02-12 18:32:00,2026-02-12 21:09:00,0 days 02:37:00,0003I_12-02-2026-18.32,49.19,64.51,86.07
0002I,04040,71801,IRYO,Frecciarossa,2026-02-12 18:41:00,2026-02-12 20:14:00,0 days 01:33:00,0002I_12-02-2026-17.22,48.65,64.17,87.49
0002I,60000,71801,IRYO,Frecciarossa,2026-02-12 19:29:00,2026-02-12 22:21:00,0 days 02:52:00,0002I_12-02-2026-19.29,72.34,88.67,110.9
0002I,60000,04040,IRYO,Frecciarossa,2026-02-12 19:29:00,2026-02-12 20:47:00,0 days 01:18:00,0002I_12-02-2026-19.29,73.12,88.1,111.41
0006I,60000,71801,IRYO,Frecciarossa,2026-02-12 20:22:00,2026-02-12 23:14:00,0 days 02:52:00,0006I_12-02-2026-20.22,40.51,53.05,74.98
0006I,60000,04040,IRYO,Frecciarossa,2026-02-12 20:22:00,2026-02-12 21:41:00,0 days 01:19:00,0006I_12-02-2026-20.22,40.04,52.13,73.07
0002I,04040,71801,IRYO,Frecciarossa,2026-02-12 20:48:00,2026-02-12 22:21:00,0 days 01:33:00,0002I_12-02-2026-19.29,72.86,88.97,111.87
0006I,04040,71801,IRYO,Frecciarossa,2026-02-12 21:42:00,2026-02-12 23:14:00,0 days 01:32:00,0006I_12-02-2026-20.22,40.95,51.96,74.87
0004I,60000,04040,IRYO,Frecciarossa,2026-02-13 06:09:00,2026-02-13 07:28:00,0 days 01:19:00,0004I_13-02-2026-06.09,37.99,50.36,66.18
0004I,60000,71801,IRYO,Frecciarossa,2026-02-13 06:09:00,2026-02-13 09:00:00,0 days 02:51:00,0004I_13-02-2026-06.09,38.35,50.48,67.01
0003I,60000,71801,IRYO,Frecciarossa,2026-02-13 07:22:00,2026-02-13 09:59:00,0 days 02:37:00,0003I_13-02-2026-07.22,37.79,49.03,66.03
0004I,04040,71801,IRYO,Frecciarossa,2026-02-13 07:29:00,2026-02-13 09:00:00,0 days 01:31:00,0004I_13-02-2026-06.09,38.6,50.32,66.86
0003I,60000,71801,IRYO,Frecciarossa,2026-02-13 08:22:00,2026-02-13 10:59:00,0 days 02:37:00,0003I_13-02-2026-08.22,39.88,51.7,67.44
0003I,60000,71801,IRYO,Frecciarossa,2026-02-13 08:50:00,2026-02-13 11:27:00,0 days 02:37:00,0003I_13-02-2026-08.50,39.52,52.33,67.67
0002I,60000,71801,IRYO,Frecciarossa,2026-02-13 09:22:00,2026-02-13 12:14:00,0 days 02:52:00,0002I_13-02-2026-09.22,41.98,53.45,75.31
0002I,60000,04040,IRYO,Frecciarossa,2026-02-13 09:22:00,2026-02-13 10:40:00,0 days 01:18:00,0002I_13-02-2026-09.22,40.76,53.01,74.7
0001I,60000,04040,IRYO,Frecciarossa,2026-02-13 09:57:00,2026-02-13 11:17:00,0 days 01:20:00,0001I_13-02-2026-09.57,60.7,76.36,98.33
0001I,60000,71801,IRYO,Frecciarossa,2026-02-13 09:57:00,2026-02-13 12:49:00,0 days 02:52:00,0001I_13-02-2026-09.57,60.71,77.46,98.2
0002I,04040,71801,IRYO,Frecciarossa,2026-02-13 10:41:00,2026-02-13 12:14:00,0 days 01:33:00,0002I_13-02-2026-09.22,42.35,53.56,76.26
0001I,04040,71801,IRYO,Frecciarossa,2026-02-13 11:18:00,2026-02-13 12:49:00,0 days 01:31:00,0001I_13-02-2026-09.57,60.68,76.99,98.44
0002I,60000,04040,IRYO,Frecciarossa,2026-02-13 11:22:00,2026-02-13 12:40:00,0 days 01:18:00,0002I_13-02-2026-11.22,43.6,56.59,78.42
0002I,60000,71801,IRYO,Frecciarossa,2026-02-13 11:22:00,2026-02-13 14:14:00,0 days 02:52:00,0002I_13-02-2026-11.22,43.17,54.36,78.05
0002I,60000,04040,IRYO,Frecciarossa,2026-02-13 12:22:00,2026-02-13 13:40:00,0 days 01:18:00,0002I_13-02-2026-12.22,47.19,61.71,85.3
0002I,60000,71801,IRYO,Frecciarossa,2026-02-13 12:22:00,2026-02-13 15:14:00,0 days 02:52:00,0002I_13-02-2026-12.22,55.54,70.31,93.01
0002I,04040,71801,IRYO,Frecciarossa,2026-02-13 12:41:00,2026-02-13 14:14:00,0 days 01:33:00,0002I_13-02-2026-11.22,38.42,54.29,76.38
0002I,04040,71801,IRYO,Frecciarossa,2026-02-13 13:41:00,2026-02-13 15:14:00,0 days 01:33:00,0002I_13-02-2026-12.22,55.48,71.05,92.5
0001I,60000,71801,IRYO,Frecciarossa,2026-02-13 14:02:00,2026-02-13 16:54:00,0 days 02:52:00,0001I_13-02-2026-14.02,45.08,59.36,83.29
0001I,60000,04040,IRYO,Frecciarossa,2026-02-13 14:02:00,2026-02-13 15:22:00,0 days 01:20:00,0001I_13-02-2026-14.02,44.9,59.78,83.63
0005I,60000,71801,IRYO,Frecciarossa,2026-02-13 14:42:00,2026-02-13 17:41:00,0 days 02:59:00,0005I_13-02-2026-14.42,57.85,74.78,95.33
0005I,60000,04040,IRYO,Frecciarossa,2026-02-13 14:42:00,2026-02-13 16:02:00,0 days 01:20:00,0005I_13-02-2026-14.42,57.8,74.84,95.65
0001I,04040,71801,IRYO,Frecciarossa,2026-02-13 15:23:00,2026-02-13 16:54:00,0 days 01:31:00,0001I_13-02-2026-14.02,45.96,61.46,84.85
0003I,60000,71801,IRYO,Frecciarossa,2026-02-13 15:52:00,2026-02-13 18:29:00,0 days 02:37:00,0003I_13-02-2026-15.52,48.99,61.63,82.23
0005I,04040,71801,IRYO,Frecciarossa,2026-02-13 16:03:00,2026-02-13 17:41:00,0 days 01:38:00,0005I_13-02-2026-14.42,57.73,74.22,95.5
0003I,60000,71801,IRYO,Frecciarossa,2026-02-13 16:37:00,2026-02-13 19:14:00,0 days 02:37:00,0003I_13-02-2026-16.37,54.15,68.46,90.86
0002I,60000,71801,IRYO,Frecciarossa,2026-02-13 17:22:00,2026-02-13 20:14:00,0 days 02:52:00,0002I_13-02-2026-17.22,54.48,69.86,92.76
0002I,60000,04040,IRYO,Frecciarossa,2026-02-13 17:22:00,2026-02-13 18:40:00,0 days 01:18:00,0002I_13-02-2026-17.22,50.98,70.88,95.16
0003I,60000,71801,IRYO,Frecciarossa,2026-02-13 18:32:00,2026-02-13 21:09:00,0 days 02:37:00,0003I_13-02-2026-18.32,51.18,66.35,88.95
0002I,04040,71801,IRYO,Frecciarossa,2026-02-13 18:41:00,2026-02-13 20:14:00,0 days 01:33:00,0002I_13-02-2026-17.22,54.67,70.54,93.46
0002I,60000,04040,IRYO,Frecciarossa,2026-02-13 19:29:00,2026-02-13 20:47:00,0 days 01:18:00,0002I_13-02-2026-19.29,57.37,74.16,96.17
0002I,60000,71801,IRYO,Frecciarossa,2026-02-13 19:29:00,2026-02-13 22:21:00,0 days 02:52:00,0002I_13-02-2026-19.29,57.96,73.46,96.7
0006I,60000,04040,IRYO,Frecciarossa,2026-02-13 20:22:00,2026-02-13 21:41:00,0 days 01:19:00,0006I_13-02-2026-20.22,37.55,50.15,65.84
0006I,60000,71801,IRYO,Frecciarossa,2026-02-13 20:22:00,2026-02-13 23:14:00,0 days 02:52:00,0006I_13-02-2026-20.22,37.04,49.24,65.45
0002I,04040,71801,IRYO,Frecciarossa,2026-02-13 20:48:00,2026-02-13 22:21:00,0 days 01:33:00,0002I_13-02-2026-19.29,57.58,74.9,94.87
0006I,04040,71801,IRYO,Frecciarossa,2026-02-13 21:42:00,2026-02-13 23:14:00,0 days 01:32:00,0006I_13-02-2026-20.22,37.27,49.82,65.21
0003I,60000,71801,IRYO,Frecciarossa,2026-02-14 07:22:00,2026-02-14 09:59:00,0 days 02:37:00,0003I_14-02-2026-07.22,44.08,60.0,105.0
0003I,60000,71801,IRYO,Frecciarossa,2026-02-14 08:22:00,2026-02-14 10:59:00,0 days 02:37:00,0003I_14-02-2026-08.22,51.42,67.06,105.0
0003I,60000,71801,IRYO,Frecciarossa,2026-02-14 08:50:00,2026-02-14 11:27:00,0 days 02:37:00,0003I_14-02-2026-08.50,44.08,60.0,105.0
0002I,60000,71801,IRYO,Frecciarossa,2026-02-14 09:22:00,2026-02-14 12:14:00,0 days 02:52:00,0002I_14-02-2026-09.22,59.98,60.96,105.0
0002I,60000,04040,IRYO,Frecciarossa,2026-02-14 09:22:00,2026-02-14 10:40:00,0 days 01:18:00,0002I_14-02-2026-09.22,59.98,60.96,105.0
0001I,60000,04040,IRYO,Frecciarossa,2026-02-14 09:57:00,2026-02-14 11:17:00,0 days 01:20:00,0001I_14-02-2026-09.57,65.0,80.0,184.16
0001I,60000,71801,IRYO,Frecciarossa,2026-02-14 09:57:00,2026-02-14 12:49:00,0 days 02:52:00,0001I_14-02-2026-09.57,65.0,80.0,184.16
0002I,04040,71801,IRYO,Frecciarossa,2026-02-14 10:41:00,2026-02-14 12:14:00,0 days 01:33:00,0002I_14-02-2026-09.22,51.42,60.96,105.0
0001I,04040,71801,IRYO,Frecciarossa,2026-02-14 11:18:00,2026-02-14 12:49:00,0 days 01:31:00,0001I_14-02-2026-09.57,65.0,80.0,184.16
0002I,60000,04040,IRYO,Frecciarossa,2026-02-14 11:22:00,2026-02-14 12:40:00,0 days 01:18:00,0002I_14-02-2026-11.22,40.82,67.06,122.0
0002I,60000,71801,IRYO,Frecciarossa,2026-02-14 11:22:00,2026-02-14 14:14:00,0 days 02:52:00,0002I_14-02-2026-11.22,40.82,67.06,122.0
0002I,60000,71801,IRYO,Frecciarossa,2026-02-14 12:22:00,2026-02-14 15:14:00,0 days 02:52:00,0002I_14-02-2026-12.22,37.8,66.0,122.0
0002I,60000,04040,IRYO,Frecciarossa,2026-02-14 12:22:00,2026-02-14 13:40:00,0 days 01:18:00,0002I_14-02-2026-12.22,37.8,66.0,122.0
0002I,04040,71801,IRYO,Frecciarossa,2026-02-14 12:41:00,2026-02-14 14:14:00,0 days 01:33:00,0002I_14-02-2026-11.22,40.82,67.06,122.0
0002I,04040,71801,IRYO,Frecciarossa,2026-02-14 13:41:00,2026-02-14 15:14:00,0 days 01:33:00,0002I_14-02-2026-12.22,37.8,66.0,122.0
0001I,60000,04040,IRYO,Frecciarossa,2026-02-14 14:02:00,2026-02-14 15:22:00,0 days 01:20:00,0001I_14-02-2026-14.02,35.45,72.6,107.74
0001I,60000,71801,IRYO,Frecciarossa,2026-02-14 14:02:00,2026-02-14 16:54:00,0 days 02:52:00,0001I_14-02-2026-14.02,37.8,72.6,107.74
0005I,60000,71801,IRYO,Frecciarossa,2026-02-14 14:42:00,2026-02-14 17:41:00,0 days 02:59:00,0005I_14-02-2026-14.42,65.0,88.0,115.0
0005I,60000,04040,IRYO,Frecciarossa,2026-02-14 14:42:00,2026-02-14 16:02:00,0 days 01:20:00,0005I_14-02-2026-14.42,65.0,88.0,115.0
0001I,04040,71801,IRYO,Frecciarossa,2026-02-14 15:23:00,2026-02-14 16:54:00,0 days 01:31:00,0001I_14-02-2026-14.02,37.8,72.6,107.74
0003I,60000,71801,IRYO,Frecciarossa,2026-02-14 15:52:00,2026-02-14 18:29:00,0 days 02:37:00,0003I_14-02-2026-15.52,37.8,60.0,105.0
0005I,04040,71801,IRYO,Frecciarossa,2026-02-14 16:03:00,2026-02-14 17:41:00,0 days 01:38:00,0005I_14-02-2026-14.42,65.0,88.0,115.0
0003I,60000,71801,IRYO,Frecciarossa,2026-02-14 16:37:00,2026-02-14 19:14:00,0 days 02:37:00,0003I_14-02-2026-16.37,37.8,60.96,107.74
0002I,60000,71801,IRYO,Frecciarossa,2026-02-14 17:22:00,2026-02-14 20:14:00,0 days 02:52:00,0002I_14-02-2026-17.22,35.0,60.0,105.0
0002I,60000,04040,IRYO,Frecciarossa,2026-02-14 17:22:00,2026-02-14 18:40:00,0 days 01:18:00,0002I_14-02-2026-17.22,35.0,60.0,105.0
0003I,60000,71801,IRYO,Frecciarossa,2026-02-14 18:32:00,2026-02-14 21:09:00,0 days 02:37:00,0003I_14-02-2026-18.32,35.0,60.0,105.0
0002I,04040,71801,IRYO,Frecciarossa,2026-02-14 18:41:00,2026-02-14 20:14:00,0 days 01:33:00,0002I_14-02-2026-17.22,35.0,60.0,105.0
0002I,60000,71801,IRYO,Frecciarossa,2026-02-14 19:29:00,2026-02-14 22:21:00,0 days 02:52:00,0002I_14-02-2026-19.29,65.0,80.0,115.0
0002I,60000,04040,IRYO,Frecciarossa,2026-02-14 19:29:00,2026-02-14 20:47:00,0 days 01:18:00,0002I_14-02-2026-19.29,65.0,80.0,115.0
0002I,04040,71801,IRYO,Frecciarossa,2026-02-14 20:48:00,2026-02-14 22:21:00,0 days 01:33:00,0002I_14-02-2026-19.29,65.0,80.0,115.0
0003I,60000,71801,IRYO,Frecciarossa,2026-02-15 08:22:00,2026-02-15 10:59:00,0 days 02:37:00,0003I_15-02-2026-08.22,47.61,60.0,105.0
0003I,60000,71801,IRYO,Frecciarossa,2026-02-15 08:50:00,2026-02-15 11:27:00,0 days 02:37:00,0003I_15-02-2026-08.50,35.0,60.0,105.0
0002I,60000,04040,IRYO,Frecciarossa,2026-02-15 09:22:00,2026-02-15 10:40:00,0 days 01:18:00,0002I_15-02-2026-09.22,32.4,67.64,100.0
0002I,60000,71801,IRYO,Frecciarossa,2026-02-15 09:22:00,2026-02-15 12:14:00,0 days 02:52:00,0002I_15-02-2026-09.22,32.4,67.64,100.0
0001I,60000,04040,IRYO,Frecciarossa,2026-02-15 09:57:00,2026-02-15 11:17:00,0 days 01:20:00,0001I_15-02-2026-09.57,85.0,100.0,135.0
0001I,60000,71801,IRYO,Frecciarossa,2026-02-15 09:57:00,2026-02-15 12:49:00,0 days 02:52:00,0001I_15-02-2026-09.57,85.0,100.0,135.0
0002I,04040,71801,IRYO,Frecciarossa,2026-02-15 10:41:00,2026-02-15 12:14:00,0 days 01:33:00,0002I_15-02-2026-09.22,32.4,67.64,100.0
0001I,04040,71801,IRYO,Frecciarossa,2026-02-15 11:18:00,2026-02-15 12:49:00,0 days 01:31:00,0001I_15-02-2026-09.57,85.0,100.0,135.0
0002I,60000,04040,IRYO,Frecciarossa,2026-02-15 11:22:00,2026-02-15 12:40:00,0 days 01:18:00,0002I_15-02-2026-11.22,48.6,77.0,115.0
0002I,60000,71801,IRYO,Frecciarossa,2026-02-15 11:22:00,2026-02-15 14:14:00,0 days 02:52:00,0002I_15-02-2026-11.22,48.6,77.0,115.0
0002I,60000,04040,IRYO,Frecciarossa,2026-02-15 12:22:00,2026-02-15 13:40:00,0 days 01:18:00,0002I_15-02-2026-12.22,52.48,77.0,115.0
0002I,60000,71801,IRYO,Frecciarossa,2026-02-15 12:22:00,2026-02-15 15:14:00,0 days 02:52:00,0002I_15-02-2026-12.22,52.48,77.0,115.0
0002I,04040,71801,IRYO,Frecciarossa,2026-02-15 12:41:00,2026-02-15 14:14:00,0 days 01:33:00,0002I_15-02-2026-11.22,48.6,70.0,115.0
0002I,04040,71801,IRYO,Frecciarossa,2026-02-15 13:41:00,2026-02-15 15:14:00,0 days 01:33:00,0002I_15-02-2026-12.22,52.48,77.0,115.0
0001I,60000,04040,IRYO,Frecciarossa,2026-02-15 14:02:00,2026-02-15 15:22:00,0 days 01:20:00,0001I_15-02-2026-14.02,64.8,85.0,130.0
0001I,60000,71801,IRYO,Frecciarossa,2026-02-15 14:02:00,2026-02-15 16:54:00,0 days 02:52:00,0001I_15-02-2026-14.02,64.8,85.0,130.0
0005I,60000,04040,IRYO,Frecciarossa,2026-02-15 14:42:00,2026-02-15 16:02:00,0 days 01:20:00,0005I_15-02-2026-14.42,87.55,100.0,135.0
0005I,60000,71801,IRYO,Frecciarossa,2026-02-15 14:42:00,2026-02-15 17:41:00,0 days 02:59:00,0005I_15-02-2026-14.42,87.55,100.0,135.0
0001I,04040,71801,IRYO,Frecciarossa,2026-02-15 15:23:00,2026-02-15 16:54:00,0 days 01:31:00,0001I_15-02-2026-14.02,60.0,85.0,130.0
0003I,60000,71801,IRYO,Frecciarossa,2026-02-15 15:52:00,2026-02-15 18:29:00,0 days 02:37:00,0003I_15-02-2026-15.52,64.8,85.0,130.0
0005I,04040,71801,IRYO,Frecciarossa,2026-02-15 16:03:00,2026-02-15 17:41:00,0 days 01:38:00,0005I_15-02-2026-14.42,85.0,100.0,135.0
0003I,60000,71801,IRYO,Frecciarossa,2026-02-15 16:37:00,2026-02-15 19:14:00,0 days 02:37:00,0003I_15-02-2026-16.37,62.02,77.0,115.0
0002I,60000,04040,IRYO,Frecciarossa,2026-02-15 17:22:00,2026-02-15 18:40:00,0 days 01:18:00,0002I_15-02-2026-17.22,66.11,77.0,115.0
0002I,60000,71801,IRYO,Frecciarossa,2026-02-15 17:22:00,2026-02-15 20:14:00,0 days 02:52:00,0002I_15-02-2026-17.22,66.11,77.0,115.0
0003I,60000,71801,IRYO,Frecciarossa,2026-02-15 18:32:00,2026-02-15 21:09:00,0 days 02:37:00,0003I_15-02-2026-18.32,71.12,90.0,135.0
0002I,04040,71801,IRYO,Frecciarossa,2026-02-15 18:41:00,2026-02-15 20:14:00,0 days 01:33:00,0002I_15-02-2026-17.22,66.11,77.0,115.0
0002I,60000,04040,IRYO,Frecciarossa,2026-02-15 19:29:00,2026-02-15 20:47:00,0 days 01:18:00,0002I_15-02-2026-19.29,98.53,110.0,135.0
0002I,60000,71801,IRYO,Frecciarossa,2026-02-15 19:29:00,2026-02-15 22:21:00,0 days 02:52:00,0002I_15-02-2026-19.29,98.53,110.0,135.0
0002I,04040,71801,IRYO,Frecciarossa,2026-02-15 20:48:00,2026-02-15 22:21:00,0 days 01:33:00,0002I_15-02-2026-19.29,90.17,100.0,135.0
0003I,60000,71801,IRYO,Frecciarossa,2026-02-15 20:56:00,2026-02-15 23:33:00,0 days 02:37:00,0003I_15-02-2026-20.56,70.2,90.0,135.0
0004I,60000,04040,IRYO,Frecciarossa,2026-02-16 06:09:00,2026-02-16 07:28:00,0 days 01:19:00,0004I_16-02-2026-06.09,40.82,60.0,105.0
0004I,60000,71801,IRYO,Frecciarossa,2026-02-16 06:09:00,2026-02-16 09:00:00,0 days 02:51:00,0004I_16-02-2026-06.09,40.82,60.0,105.0
0003I,60000,71801,IRYO,Frecciarossa,2026-02-16 07:22:00,2026-02-16 09:59:00,0 days 02:37:00,0003I_16-02-2026-07.22,51.42,66.0,105.0
0004I,04040,71801,IRYO,Frecciarossa,2026-02-16 07:29:00,2026-02-16 09:00:00,0 days 01:31:00,0004I_16-02-2026-06.09,40.82,60.0,105.0
0003I,60000,71801,IRYO,Frecciarossa,2026-02-16 08:22:00,2026-02-16 10:59:00,0 days 02:37:00,0003I_16-02-2026-08.22,37.8,66.0,105.0
0003I,60000,71801,IRYO,Frecciarossa,2026-02-16 08:50:00,2026-02-16 11:27:00,0 days 02:37:00,0003I_16-02-2026-08.50,38.3,79.86,105.0
0002I,60000,04040,IRYO,Frecciarossa,2026-02-16 09:22:00,2026-02-16 10:40:00,0 days 01:18:00,0002I_16-02-2026-09.22,38.3,66.0,105.0
0002I,60000,71801,IRYO,Frecciarossa,2026-02-16 09:22:00,2026-02-16 12:14:00,0 days 02:52:00,0002I_16-02-2026-09.22,40.82,66.0,105.0
0001I,60000,04040,IRYO,Frecciarossa,2026-02-16 09:57:00,2026-02-16 11:17:00,0 days 01:20:00,0001I_16-02-2026-09.57,66.95,88.0,115.0
0001I,60000,71801,IRYO,Frecciarossa,2026-02-16 09:57:00,2026-02-16 12:49:00,0 days 02:52:00,0001I_16-02-2026-09.57,66.95,88.0,115.0
0002I,04040,71801,IRYO,Frecciarossa,2026-02-16 10:41:00,2026-02-16 12:14:00,0 days 01:33:00,0002I_16-02-2026-09.22,38.3,66.0,105.0
0001I,04040,71801,IRYO,Frecciarossa,2026-02-16 11:18:00,2026-02-16 12:49:00,0 days 01:31:00,0001I_16-02-2026-09.57,65.0,88.0,115.0
0002I,60000,04040,IRYO,Frecciarossa,2026-02-16 11:22:00,2026-02-16 12:40:00,0 days 01:18:00,0002I_16-02-2026-11.22,44.08,72.6,122.0
0002I,60000,71801,IRYO,Frecciarossa,2026-02-16 11:22:00,2026-02-16 14:14:00,0 days 02:52:00,0002I_16-02-2026-11.22,44.08,72.6,122.0
0002I,60000,04040,IRYO,Frecciarossa,2026-02-16 12:22:00,2026-02-16 13:40:00,0 days 01:18:00,0002I_16-02-2026-12.22,44.08,67.1,125.4
0002I,60000,71801,IRYO,Frecciarossa,2026-02-16 12:22:00,2026-02-16 15:14:00,0 days 02:52:00,0002I_16-02-2026-12.22,44.08,67.1,125.4
0002I,04040,71801,IRYO,Frecciarossa,2026-02-16 12:41:00,2026-02-16 14:14:00,0 days 01:33:00,0002I_16-02-2026-11.22,44.08,72.6,122.0
0002I,04040,71801,IRYO,Frecciarossa,2026-02-16 13:41:00,2026-02-16 15:14:00,0 days 01:33:00,0002I_16-02-2026-12.22,44.08,67.1,125.4
0001I,60000,71801,IRYO,Frecciarossa,2026-02-16 14:02:00,2026-02-16 16:54:00,0 days 02:52:00,0001I_16-02-2026-14.02,40.82,66.0,105.0
0001I,60000,04040,IRYO,Frecciarossa,2026-02-16 14:02:00,2026-02-16 15:22:00,0 days 01:20:00,0001I_16-02-2026-14.02,40.82,66.0,105.0
0005I,60000,04040,IRYO,Frecciarossa,2026-02-16 14:42:00,2026-02-16 16:02:00,0 days 01:20:00,0005I_16-02-2026-14.42,66.95,96.8,115.0
0005I,60000,71801,IRYO,Frecciarossa,2026-02-16 14:42:00,2026-02-16 17:41:00,0 days 02:59:00,0005I_16-02-2026-14.42,66.95,96.8,115.0
0001I,04040,71801,IRYO,Frecciarossa,2026-02-16 15:23:00,2026-02-16 16:54:00,0 days 01:31:00,0001I_16-02-2026-14.02,37.8,66.0,105.0
0003I,60000,71801,IRYO,Frecciarossa,2026-02-16 15:52:00,2026-02-16 18:29:00,0 days 02:37:00,0003I_16-02-2026-15.52,48.6,70.0,115.0
0005I,04040,71801,IRYO,Frecciarossa,2026-02-16 16:03:00,2026-02-16 17:41:00,0 days 01:38:00,0005I_16-02-2026-14.42,66.95,96.8,115.0
0003I,60000,71801,IRYO,Frecciarossa,2026-02-16 16:37:00,2026-02-16 19:14:00,0 days 02:37:00,0003I_16-02-2026-16.37,40.82,61.0,105.0
0002I,60000,71801,IRYO,Frecciarossa,2026-02-16 17:22:00,2026-02-16 20:14:00,0 days 02:52:00,0002I_16-02-2026-17.22,34.99,55.0,100.0
0002I,60000,04040,IRYO,Frecciarossa,2026-02-16 17:22:00,2026-02-16 18:40:00,0 days 01:18:00,0002I_16-02-2026-17.22,34.99,55.0,100.0
0003I,60000,71801,IRYO,Frecciarossa,2026-02-16 18:32:00,2026-02-16 21:09:00,0 days 02:37:00,0003I_16-02-2026-18.32,40.82,60.0,105.0
0002I,04040,71801,IRYO,Frecciarossa,2026-02-16 18:41:00,2026-02-16 20:14:00,0 days 01:33:00,0002I_16-02-2026-17.22,34.99,55.0,100.0
0002I,60000,71801,IRYO,Frecciarossa,2026-02-16 19:29:00,2026-02-16 22:21:00,0 days 02:52:00,0002I_16-02-2026-19.29,87.35,96.8,115.0
0002I,60000,04040,IRYO,Frecciarossa,2026-02-16 19:29:00,2026-02-16 20:47:00,0 days 01:18:00,0002I_16-02-2026-19.29,87.35,96.8,115.0
0002I,04040,71801,IRYO,Frecciarossa,2026-02-16 20:48:00,2026-02-16 22:21:00,0 days 01:33:00,0002I_16-02-2026-19.29,82.34,96.8,115.0
0004I,60000,04040,IRYO,Frecciarossa,2026-02-17 06:09:00,2026-02-17 07:28:00,0 days 01:19:00,0004I_17-02-2026-06.09,30.0,55.0,102.71
0004I,60000,71801,IRYO,Frecciarossa,2026-02-17 06:09:00,2026-02-17 09:00:00,0 days 02:51:00,0004I_17-02-2026-06.09,30.0,55.0,100.0
0003I,60000,71801,IRYO,Frecciarossa,2026-02-17 07:22:00,2026-02-17 09:59:00,0 days 02:37:00,0003I_17-02-2026-07.22,30.0,60.5,102.71
0004I,04040,71801,IRYO,Frecciarossa,2026-02-17 07:29:00,2026-02-17 09:00:00,0 days 01:31:00,0004I_17-02-2026-06.09,30.0,55.0,102.71
0003I,60000,71801,IRYO,Frecciarossa,2026-02-17 08:22:00,2026-02-17 10:59:00,0 days 02:37:00,0003I_17-02-2026-08.22,30.0,60.5,100.0
0003I,60000,71801,IRYO,Frecciarossa,2026-02-17 08:50:00,2026-02-17 11:27:00,0 days 02:37:00,0003I_17-02-2026-08.50,30.0,61.52,100.0
0002I,60000,71801,IRYO,Frecciarossa,2026-02-17 09:22:00,2026-02-17 12:14:00,0 days 02:52:00,0002I_17-02-2026-09.22,30.0,55.0,100.0
0002I,60000,04040,IRYO,Frecciarossa,2026-02-17 09:22:00,2026-02-17 10:40:00,0 days 01:18:00,0002I_17-02-2026-09.22,30.0,55.0,100.0
0001I,60000,04040,IRYO,Frecciarossa,2026-02-17 09:57:00,2026-02-17 11:17:00,0 days 01:20:00,0001I_17-02-2026-09.57,65.0,81.35,118.22
0001I,60000,71801,IRYO,Frecciarossa,2026-02-17 09:57:00,2026-02-17 12:49:00,0 days 02:52:00,0001I_17-02-2026-09.57,65.0,81.35,118.22
0002I,04040,71801,IRYO,Frecciarossa,2026-02-17 10:41:00,2026-02-17 12:14:00,0 days 01:33:00,0002I_17-02-2026-09.22,30.0,55.0,100.0
0001I,04040,71801,IRYO,Frecciarossa,2026-02-17 11:18:00,2026-02-17 12:49:00,0 days 01:31:00,0001I_17-02-2026-09.57,65.0,81.35,118.22
0002I,60000,71801,IRYO,Frecciarossa,2026-02-17 11:22:00,2026-02-17 14:14:00,0 days 02:52:00,0002I_17-02-2026-11.22,30.0,66.55,100.0
0002I,60000,04040,IRYO,Frecciarossa,2026-02-17 11:22:00,2026-02-17 12:40:00,0 days 01:18:00,0002I_17-02-2026-11.22,30.0,66.55,100.0
0002I,60000,04040,IRYO,Frecciarossa,2026-02-17 12:22:00,2026-02-17 13:40:00,0 days 01:18:00,0002I_17-02-2026-12.22,32.4,60.5,100.0
0002I,60000,71801,IRYO,Frecciarossa,2026-02-17 12:22:00,2026-02-17 15:14:00,0 days 02:52:00,0002I_17-02-2026-12.22,32.4,60.5,100.0
0002I,04040,71801,IRYO,Frecciarossa,2026-02-17 12:41:00,2026-02-17 14:14:00,0 days 01:33:00,0002I_17-02-2026-11.22,30.0,66.55,100.0
0002I,04040,71801,IRYO,Frecciarossa,2026-02-17 13:41:00,2026-02-17 15:14:00,0 days 01:33:00,0002I_17-02-2026-12.22,32.4,60.5,100.0
0001I,60000,04040,IRYO,Frecciarossa,2026-02-17 14:02:00,2026-02-17 15:22:00,0 days 01:20:00,0001I_17-02-2026-14.02,30.0,55.0,100.0
0001I,60000,71801,IRYO,Frecciarossa,2026-02-17 14:02:00,2026-02-17 16:54:00,0 days 02:52:00,0001I_17-02-2026-14.02,30.0,55.0,100.0
0005I,60000,71801,IRYO,Frecciarossa,2026-02-17 14:42:00,2026-02-17 17:41:00,0 days 02:59:00,0005I_17-02-2026-14.42,65.0,80.0,115.0
0005I,60000,04040,IRYO,Frecciarossa,2026-02-17 14:42:00,2026-02-17 16:02:00,0 days 01:20:00,0005I_17-02-2026-14.42,65.0,80.0,115.0
0001I,04040,71801,IRYO,Frecciarossa,2026-02-17 15:23:00,2026-02-17 16:54:00,0 days 01:31:00,0001I_17-02-2026-14.02,30.0,55.0,100.0
0003I,60000,71801,IRYO,Frecciarossa,2026-02-17 15:52:00,2026-02-17 18:29:00,0 days 02:37:00,0003I_17-02-2026-15.52,35.0,60.0,105.0
0005I,04040,71801,IRYO,Frecciarossa,2026-02-17 16:03:00,2026-02-17 17:41:00,0 days 01:38:00,0005I_17-02-2026-14.42,65.0,80.0,115.0
0003I,60000,71801,IRYO,Frecciarossa,2026-02-17 16:37:00,2026-02-17 19:14:00,0 days 02:37:00,0003I_17-02-2026-16.37,34.99,60.5,100.0
0002I,60000,71801,IRYO,Frecciarossa,2026-02-17 17:22:00,2026-02-17 20:14:00,0 days 02:52:00,0002I_17-02-2026-17.22,35.0,60.0,105.0
0002I,60000,04040,IRYO,Frecciarossa,2026-02-17 17:22:00,2026-02-17 18:40:00,0 days 01:18:00,0002I_17-02-2026-17.22,35.0,60.0,105.0
0003I,60000,71801,IRYO,Frecciarossa,2026-02-17 18:32:00,2026-02-17 21:09:00,0 days 02:37:00,0003I_17-02-2026-18.32,37.8,60.0,105.0
0002I,04040,71801,IRYO,Frecciarossa,2026-02-17 18:41:00,2026-02-17 20:14:00,0 days 01:33:00,0002I_17-02-2026-17.22,35.0,60.0,105.0
0002I,60000,71801,IRYO,Frecciarossa,2026-02-17 19:29:00,2026-02-17 22:21:00,0 days 02:52:00,0002I_17-02-2026-19.29,68.95,96.8,118.22
0002I,60000,04040,IRYO,Frecciarossa,2026-02-17 19:29:00,2026-02-17 20:47:00,0 days 01:18:00,0002I_17-02-2026-19.29,68.95,96.8,118.22
0002I,04040,71801,IRYO,Frecciarossa,2026-02-17 20:48:00,2026-02-17 22:21:00,0 days 01:33:00,0002I_17-02-2026-19.29,68.95,88.0,118.22
0004I,60000,04040,IRYO,Frecciarossa,2026-02-18 06:09:00,2026-02-18 07:28:00,0 days 01:19:00,0004I_18-02-2026-06.09,30.0,55.0,100.0
0004I,60000,71801,IRYO,Frecciarossa,2026-02-18 06:09:00,2026-02-18 09:00:00,0 days 02:51:00,0004I_18-02-2026-06.09,30.0,55.0,100.0
0003I,60000,71801,IRYO,Frecciarossa,2026-02-18 07:22:00,2026-02-18 09:59:00,0 days 02:37:00,0003I_18-02-2026-07.22,35.0,60.0,105.0
0004I,04040,71801,IRYO,Frecciarossa,2026-02-18 07:29:00,2026-02-18 09:00:00,0 days 01:31:00,0004I_18-02-2026-06.09,30.0,55.0,100.0
0003I,60000,71801,IRYO,Frecciarossa,2026-02-18 08:22:00,2026-02-18 10:59:00,0 days 02:37:00,0003I_18-02-2026-08.22,30.0,55.0,100.0
0003I,60000,71801,IRYO,Frecciarossa,2026-02-18 08:50:00,2026-02-18 11:27:00,0 days 02:37:00,0003I_18-02-2026-08.50,30.0,60.5,100.0
0002I,60000,04040,IRYO,Frecciarossa,2026-02-18 09:22:00,2026-02-18 10:40:00,0 days 01:18:00,0002I_18-02-2026-09.22,30.0,55.0,100.0
0002I,60000,71801,IRYO,Frecciarossa,2026-02-18 09:22:00,2026-02-18 12:14:00,0 days 02:52:00,0002I_18-02-2026-09.22,30.0,55.0,100.0
0001I,60000,71801,IRYO,Frecciarossa,2026-02-18 09:57:00,2026-02-18 12:49:00,0 days 02:52:00,0001I_18-02-2026-09.57,65.0,89.51,118.27
0001I,60000,04040,IRYO,Frecciarossa,2026-02-18 09:57:00,2026-02-18 11:17:00,0 days 01:20:00,0001I_18-02-2026-09.57,65.0,89.51,118.27
0002I,04040,71801,IRYO,Frecciarossa,2026-02-18 10:41:00,2026-02-18 12:14:00,0 days 01:33:00,0002I_18-02-2026-09.22,30.0,55.0,100.0
0001I,04040,71801,IRYO,Frecciarossa,2026-02-18 11:18:00,2026-02-18 12:49:00,0 days 01:31:00,0001I_18-02-2026-09.57,65.0,89.51,118.27
0002I,60000,71801,IRYO,Frecciarossa,2026-02-18 11:22:00,2026-02-18 14:14:00,0 days 02:52:00,0002I_18-02-2026-11.22,37.8,66.0,122.0
0002I,60000,04040,IRYO,Frecciarossa,2026-02-18 11:22:00,2026-02-18 12:40:00,0 days 01:18:00,0002I_18-02-2026-11.22,37.8,66.0,122.0
0002I,60000,04040,IRYO,Frecciarossa,2026-02-18 12:22:00,2026-02-18 13:40:00,0 days 01:18:00,0002I_18-02-2026-12.22,37.8,72.6,122.0
0002I,60000,71801,IRYO,Frecciarossa,2026-02-18 12:22:00,2026-02-18 15:14:00,0 days 02:52:00,0002I_18-02-2026-12.22,37.8,72.6,122.0
0002I,04040,71801,IRYO,Frecciarossa,2026-02-18 12:41:00,2026-02-18 14:14:00,0 days 01:33:00,0002I_18-02-2026-11.22,37.8,66.0,122.0
0002I,04040,71801,IRYO,Frecciarossa,2026-02-18 13:41:00,2026-02-18 15:14:00,0 days 01:33:00,0002I_18-02-2026-12.22,37.8,72.6,122.0
0001I,60000,04040,IRYO,Frecciarossa,2026-02-18 14:02:00,2026-02-18 15:22:00,0 days 01:20:00,0001I_18-02-2026-14.02,35.0,79.86,105.0
0001I,60000,71801,IRYO,Frecciarossa,2026-02-18 14:02:00,2026-02-18 16:54:00,0 days 02:52:00,0001I_18-02-2026-14.02,35.0,79.86,105.0
0005I,60000,71801,IRYO,Frecciarossa,2026-02-18 14:42:00,2026-02-18 17:41:00,0 days 02:59:00,0005I_18-02-2026-14.42,65.0,80.0,115.0
0005I,60000,04040,IRYO,Frecciarossa,2026-02-18 14:42:00,2026-02-18 16:02:00,0 days 01:20:00,0005I_18-02-2026-14.42,65.0,80.0,115.0
0001I,04040,71801,IRYO,Frecciarossa,2026-02-18 15:23:00,2026-02-18 16:54:00,0 days 01:31:00,0001I_18-02-2026-14.02,35.0,79.86,105.0
0003I,60000,71801,IRYO,Frecciarossa,2026-02-18 15:52:00,2026-02-18 18:29:00,0 days 02:37:00,0003I_18-02-2026-15.52,45.0,70.0,115.0
0005I,04040,71801,IRYO,Frecciarossa,2026-02-18 16:03:00,2026-02-18 17:41:00,0 days 01:38:00,0005I_18-02-2026-14.42,65.0,80.0,115.0
0003I,60000,71801,IRYO,Frecciarossa,2026-02-18 16:37:00,2026-02-18 19:14:00,0 days 02:37:00,0003I_18-02-2026-16.37,66.11,70.0,115.0
0002I,60000,71801,IRYO,Frecciarossa,2026-02-18 17:22:00,2026-02-18 20:14:00,0 days 02:52:00,0002I_18-02-2026-17.22,45.0,84.7,115.0
0002I,60000,04040,IRYO,Frecciarossa,2026-02-18 17:22:00,2026-02-18 18:40:00,0 days 01:18:00,0002I_18-02-2026-17.22,45.0,84.7,115.0
0003I,60000,71801,IRYO,Frecciarossa,2026-02-18 18:32:00,2026-02-18 21:09:00,0 days 02:37:00,0003I_18-02-2026-18.32,48.6,78.32,115.0
0002I,04040,71801,IRYO,Frecciarossa,2026-02-18 18:41:00,2026-02-18 20:14:00,0 days 01:33:00,0002I_18-02-2026-17.22,45.0,84.7,115.0
0002I,60000,71801,IRYO,Frecciarossa,2026-02-18 19:29:00,2026-02-18 22:21:00,0 days 02:52:00,0002I_18-02-2026-19.29,66.95,88.0,115.0
0002I,60000,04040,IRYO,Frecciarossa,2026-02-18 19:29:00,2026-02-18 20:47:00,0 days 01:18:00,0002I_18-02-2026-19.29,66.95,88.0,115.0
0002I,04040,71801,IRYO,Frecciarossa,2026-02-18 20:48:00,2026-02-18 22:21:00,0 days 01:33:00,0002I_18-02-2026-19.29,66.95,88.0,115.0
0004I,60000,04040,IRYO,Frecciarossa,2026-02-19 06:09:00,2026-02-19 07:28:00,0 days 01:19:00,0004I_19-02-2026-06.09,30.0,55.0,100.0
0004I,60000,71801,IRYO,Frecciarossa,2026-02-19 06:09:00,2026-02-19 09:00:00,0 days 02:51:00,0004I_19-02-2026-06.09,30.0,55.0,100.0
0003I,60000,71801,IRYO,Frecciarossa,2026-02-19 07:22:00,2026-02-19 09:59:00,0 days 02:37:00,0003I_19-02-2026-07.22,35.0,60.0,105.0
0004I,04040,71801,IRYO,Frecciarossa,2026-02-19 07:29:00,2026-02-19 09:00:00,0 days 01:31:00,0004I_19-02-2026-06.09,30.0,55.0,100.0
0003I,60000,71801,IRYO,Frecciarossa,2026-02-19 08:22:00,2026-02-19 10:59:00,0 days 02:37:00,0003I_19-02-2026-08.22,35.0,66.0,105.0
0003I,60000,71801,IRYO,Frecciarossa,2026-02-19 08:50:00,2026-02-19 11:27:00,0 days 02:37:00,0003I_19-02-2026-08.50,35.0,60.0,122.0
0002I,60000,04040,IRYO,Frecciarossa,2026-02-19 09:22:00,2026-02-19 10:40:00,0 days 01:18:00,0002I_19-02-2026-09.22,37.8,66.0,105.0
0002I,60000,71801,IRYO,Frecciarossa,2026-02-19 09:22:00,2026-02-19 12:14:00,0 days 02:52:00,0002I_19-02-2026-09.22,37.8,66.0,105.0
0001I,60000,04040,IRYO,Frecciarossa,2026-02-19 09:57:00,2026-02-19 11:17:00,0 days 01:20:00,0001I_19-02-2026-09.57,75.0,99.0,125.0
0001I,60000,71801,IRYO,Frecciarossa,2026-02-19 09:57:00,2026-02-19 12:49:00,0 days 02:52:00,0001I_19-02-2026-09.57,75.0,99.0,125.0
0002I,04040,71801,IRYO,Frecciarossa,2026-02-19 10:41:00,2026-02-19 12:14:00,0 days 01:33:00,0002I_19-02-2026-09.22,37.8,66.0,105.0
0001I,04040,71801,IRYO,Frecciarossa,2026-02-19 11:18:00,2026-02-19 12:49:00,0 days 01:31:00,0001I_19-02-2026-09.57,75.0,99.0,125.0
0002I,60000,04040,IRYO,Frecciarossa,2026-02-19 11:22:00,2026-02-19 12:40:00,0 days 01:18:00,0002I_19-02-2026-11.22,45.0,70.0,115.0
0002I,60000,71801,IRYO,Frecciarossa,2026-02-19 11:22:00,2026-02-19 14:14:00,0 days 02:52:00,0002I_19-02-2026-11.22,45.0,70.0,115.0
0002I,60000,04040,IRYO,Frecciarossa,2026-02-19 12:22:00,2026-02-19 13:40:00,0 days 01:18:00,0002I_19-02-2026-12.22,35.0,66.0,105.0
0002I,60000,71801,IRYO,Frecciarossa,2026-02-19 12:22:00,2026-02-19 15:14:00,0 days 02:52:00,0002I_19-02-2026-12.22,35.0,66.0,105.0
0002I,04040,71801,IRYO,Frecciarossa,2026-02-19 12:41:00,2026-02-19 14:14:00,0 days 01:33:00,0002I_19-02-2026-11.22,45.0,70.0,115.0
0002I,04040,71801,IRYO,Frecciarossa,2026-02-19 13:41:00,2026-02-19 15:14:00,0 days 01:33:00,0002I_19-02-2026-12.22,35.0,66.0,105.0
0001I,60000,71801,IRYO,Frecciarossa,2026-02-19 14:02:00,2026-02-19 16:54:00,0 days 02:52:00,0001I_19-02-2026-14.02,30.0,55.0,102.8
0001I,60000,04040,IRYO,Frecciarossa,2026-02-19 14:02:00,2026-02-19 15:22:00,0 days 01:20:00,0001I_19-02-2026-14.02,30.0,55.0,102.8
0005I,60000,71801,IRYO,Frecciarossa,2026-02-19 14:42:00,2026-02-19 17:41:00,0 days 02:59:00,0005I_19-02-2026-14.42,75.0,90.0,125.0
0005I,60000,04040,IRYO,Frecciarossa,2026-02-19 14:42:00,2026-02-19 16:02:00,0 days 01:20:00,0005I_19-02-2026-14.42,75.0,90.0,125.0
0001I,04040,71801,IRYO,Frecciarossa,2026-02-19 15:23:00,2026-02-19 16:54:00,0 days 01:31:00,0001I_19-02-2026-14.02,30.0,55.0,102.8
0003I,60000,71801,IRYO,Frecciarossa,2026-02-19 15:52:00,2026-02-19 18:29:00,0 days 02:37:00,0003I_19-02-2026-15.52,65.0,90.0,135.0
0005I,04040,71801,IRYO,Frecciarossa,2026-02-19 16:03:00,2026-02-19 17:41:00,0 days 01:38:00,0005I_19-02-2026-14.42,75.0,90.0,125.0
0003I,60000,71801,IRYO,Frecciarossa,2026-02-19 16:37:00,2026-02-19 19:14:00,0 days 02:37:00,0003I_19-02-2026-16.37,60.0,86.49,130.0
0002I,60000,71801,IRYO,Frecciarossa,2026-02-19 17:22:00,2026-02-19 20:14:00,0 days 02:52:00,0002I_19-02-2026-17.22,60.0,85.0,130.0
0002I,60000,04040,IRYO,Frecciarossa,2026-02-19 17:22:00,2026-02-19 18:40:00,0 days 01:18:00,0002I_19-02-2026-17.22,60.0,85.0,130.0
0003I,60000,71801,IRYO,Frecciarossa,2026-02-19 18:32:00,2026-02-19 21:09:00,0 days 02:37:00,0003I_19-02-2026-18.32,48.6,70.0,115.0
0002I,04040,71801,IRYO,Frecciarossa,2026-02-19 18:41:00,2026-02-19 20:14:00,0 days 01:33:00,0002I_19-02-2026-17.22,60.0,85.0,130.0
0002I,60000,71801,IRYO,Frecciarossa,2026-02-19 19:29:00,2026-02-19 22:21:00,0 days 02:52:00,0002I_19-02-2026-19.29,75.0,90.0,125.0
0002I,60000,04040,IRYO,Frecciarossa,2026-02-19 19:29:00,2026-02-19 20:47:00,0 days 01:18:00,0002I_19-02-2026-19.29,75.0,90.0,125.0
0006I,60000,71801,IRYO,Frecciarossa,2026-02-19 20:22:00,2026-02-19 23:14:00,0 days 02:52:00,0006I_19-02-2026-20.22,45.0,70.0,115.0
0006I,60000,04040,IRYO,Frecciarossa,2026-02-19 20:22:00,2026-02-19 21:41:00,0 days 01:19:00,0006I_19-02-2026-20.22,45.0,70.0,115.0
0002I,04040,71801,IRYO,Frecciarossa,2026-02-19 20:48:00,2026-02-19 22:21:00,0 days 01:33:00,0002I_19-02-2026-19.29,75.0,90.0,125.0
0006I,04040,71801,IRYO,Frecciarossa,2026-02-19 21:42:00,2026-02-19 23:14:00,0 days 01:32:00,0006I_19-02-2026-20.22,45.0,70.0,115.0
0004I,60000,04040,IRYO,Frecciarossa,2026-02-20 06:09:00,2026-02-20 07:28:00,0 days 01:19:00,0004I_20-02-2026-06.09,35.0,60.0,105.0
0004I,60000,71801,IRYO,Frecciarossa,2026-02-20 06:09:00,2026-02-20 09:00:00,0 days 02:51:00,0004I_20-02-2026-06.09,35.0,66.0,105.0
0003I,60000,71801,IRYO,Frecciarossa,2026-02-20 07:22:00,2026-02-20 09:59:00,0 days 02:37:00,0003I_20-02-2026-07.22,37.8,67.17,105.0
0004I,04040,71801,IRYO,Frecciarossa,2026-02-20 07:29:00,2026-02-20 09:00:00,0 days 01:31:00,0004I_20-02-2026-06.09,35.0,66.0,105.0
0003I,60000,71801,IRYO,Frecciarossa,2026-02-20 08:22:00,2026-02-20 10:59:00,0 days 02:37:00,0003I_20-02-2026-08.22,37.8,61.06,105.0
0003I,60000,71801,IRYO,Frecciarossa,2026-02-20 08:50:00,2026-02-20 11:27:00,0 days 02:37:00,0003I_20-02-2026-08.50,37.8,72.6,105.0
0002I,60000,71801,IRYO,Frecciarossa,2026-02-20 09:22:00,2026-02-20 12:14:00,0 days 02:52:00,0002I_20-02-2026-09.22,45.0,71.24,134.0
0002I,60000,04040,IRYO,Frecciarossa,2026-02-20 09:22:00,2026-02-20 10:40:00,0 days 01:18:00,0002I_20-02-2026-09.22,45.0,71.24,134.0
0001I,60000,04040,IRYO,Frecciarossa,2026-02-20 09:57:00,2026-02-20 11:17:00,0 days 01:20:00,0001I_20-02-2026-09.57,85.0,100.0,158.0
0001I,60000,71801,IRYO,Frecciarossa,2026-02-20 09:57:00,2026-02-20 12:49:00,0 days 02:52:00,0001I_20-02-2026-09.57,85.0,100.0,158.0
0002I,04040,71801,IRYO,Frecciarossa,2026-02-20 10:41:00,2026-02-20 12:14:00,0 days 01:33:00,0002I_20-02-2026-09.22,45.0,71.24,134.0
0001I,04040,71801,IRYO,Frecciarossa,2026-02-20 11:18:00,2026-02-20 12:49:00,0 days 01:31:00,0001I_20-02-2026-09.57,85.0,100.0,158.0
0002I,60000,04040,IRYO,Frecciarossa,2026-02-20 11:22:00,2026-02-20 12:40:00,0 days 01:18:00,0002I_20-02-2026-11.22,45.64,70.0,115.0
0002I,60000,71801,IRYO,Frecciarossa,2026-02-20 11:22:00,2026-02-20 14:14:00,0 days 02:52:00,0002I_20-02-2026-11.22,45.0,70.0,115.0
0002I,60000,04040,IRYO,Frecciarossa,2026-02-20 12:22:00,2026-02-20 13:40:00,0 days 01:18:00,0002I_20-02-2026-12.22,65.0,90.0,135.0
0002I,60000,71801,IRYO,Frecciarossa,2026-02-20 12:22:00,2026-02-20 15:14:00,0 days 02:52:00,0002I_20-02-2026-12.22,65.0,90.0,135.0
0002I,04040,71801,IRYO,Frecciarossa,2026-02-20 12:41:00,2026-02-20 14:14:00,0 days 01:33:00,0002I_20-02-2026-11.22,45.64,70.0,115.0
0002I,04040,71801,IRYO,Frecciarossa,2026-02-20 13:41:00,2026-02-20 15:14:00,0 days 01:33:00,0002I_20-02-2026-12.22,65.0,90.0,135.0
0001I,60000,71801,IRYO,Frecciarossa,2026-02-20 14:02:00,2026-02-20 16:54:00,0 days 02:52:00,0001I_20-02-2026-14.02,65.0,90.0,135.0
0001I,60000,04040,IRYO,Frecciarossa,2026-02-20 14:02:00,2026-02-20 15:22:00,0 days 01:20:00,0001I_20-02-2026-14.02,65.0,90.0,135.0
0005I,60000,71801,IRYO,Frecciarossa,2026-02-20 14:42:00,2026-02-20 17:41:00,0 days 02:59:00,0005I_20-02-2026-14.42,85.0,100.0,139.09
0005I,60000,04040,IRYO,Frecciarossa,2026-02-20 14:42:00,2026-02-20 16:02:00,0 days 01:20:00,0005I_20-02-2026-14.42,85.0,100.0,139.09
0001I,04040,71801,IRYO,Frecciarossa,2026-02-20 15:23:00,2026-02-20 16:54:00,0 days 01:31:00,0001I_20-02-2026-14.02,65.0,90.0,135.0
0003I,60000,71801,IRYO,Frecciarossa,2026-02-20 15:52:00,2026-02-20 18:29:00,0 days 02:37:00,0003I_20-02-2026-15.52,57.49,77.0,115.0
0005I,04040,71801,IRYO,Frecciarossa,2026-02-20 16:03:00,2026-02-20 17:41:00,0 days 01:38:00,0005I_20-02-2026-14.42,85.0,100.0,139.09
0003I,60000,71801,IRYO,Frecciarossa,2026-02-20 16:37:00,2026-02-20 19:14:00,0 days 02:37:00,0003I_20-02-2026-16.37,206.19,90.0,139.09
0002I,60000,71801,IRYO,Frecciarossa,2026-02-20 17:22:00,2026-02-20 20:14:00,0 days 02:52:00,0002I_20-02-2026-17.22,71.4,70.0,115.0
0002I,60000,04040,IRYO,Frecciarossa,2026-02-20 17:22:00,2026-02-20 18:40:00,0 days 01:18:00,0002I_20-02-2026-17.22,71.4,70.0,115.0
0003I,60000,71801,IRYO,Frecciarossa,2026-02-20 18:32:00,2026-02-20 21:09:00,0 days 02:37:00,0003I_20-02-2026-18.32,83.29,86.2,115.0
0002I,04040,71801,IRYO,Frecciarossa,2026-02-20 18:41:00,2026-02-20 20:14:00,0 days 01:33:00,0002I_20-02-2026-17.22,71.4,70.0,115.0
0002I,60000,04040,IRYO,Frecciarossa,2026-02-20 19:29:00,2026-02-20 20:47:00,0 days 01:18:00,0002I_20-02-2026-19.29,85.0,100.0,135.0
0002I,60000,71801,IRYO,Frecciarossa,2026-02-20 19:29:00,2026-02-20 22:21:00,0 days 02:52:00,0002I_20-02-2026-19.29,85.0,100.0,135.0
0006I,60000,04040,IRYO,Frecciarossa,2026-02-20 20:22:00,2026-02-20 21:41:00,0 days 01:19:00,0006I_20-02-2026-20.22,41.4,66.0,105.0
0006I,60000,71801,IRYO,Frecciarossa,2026-02-20 20:22:00,2026-02-20 23:14:00,0 days 02:52:00,0006I_20-02-2026-20.22,40.82,66.0,105.0
0002I,04040,71801,IRYO,Frecciarossa,2026-02-20 20:48:00,2026-02-20 22:21:00,0 days 01:33:00,0002I_20-02-2026-19.29,85.0,100.0,135.0
0006I,04040,71801,IRYO,Frecciarossa,2026-02-20 21:42:00,2026-02-20 23:14:00,0 days 01:32:00,0006I_20-02-2026-20.22,41.4,66.0,105.0
0003I,60000,71801,IRYO,Frecciarossa,2026-02-21 07:22:00,2026-02-21 09:59:00,0 days 02:37:00,0003I_21-02-2026-07.22,38.34,60.0,105.0
0003I,60000,71801,IRYO,Frecciarossa,2026-02-21 08:22:00,2026-02-21 10:59:00,0 days 02:37:00,0003I_21-02-2026-08.22,37.8,72.6,105.0
0003I,60000,71801,IRYO,Frecciarossa,2026-02-21 08:50:00,2026-02-21 11:27:00,0 days 02:37:00,0003I_21-02-2026-08.50,51.42,60.0,105.0
0002I,60000,71801,IRYO,Frecciarossa,2026-02-21 09:22:00,2026-02-21 12:14:00,0 days 02:52:00,0002I_21-02-2026-09.22,37.8,61.08,105.0
0002I,60000,04040,IRYO,Frecciarossa,2026-02-21 09:22:00,2026-02-21 10:40:00,0 days 01:18:00,0002I_21-02-2026-09.22,37.8,61.08,105.0
0001I,60000,04040,IRYO,Frecciarossa,2026-02-21 09:57:00,2026-02-21 11:17:00,0 days 01:20:00,0001I_21-02-2026-09.57,65.0,88.0,134.0
0001I,60000,71801,IRYO,Frecciarossa,2026-02-21 09:57:00,2026-02-21 12:49:00,0 days 02:52:00,0001I_21-02-2026-09.57,65.0,88.0,134.0
0002I,04040,71801,IRYO,Frecciarossa,2026-02-21 10:41:00,2026-02-21 12:14:00,0 days 01:33:00,0002I_21-02-2026-09.22,37.8,61.08,105.0
0001I,04040,71801,IRYO,Frecciarossa,2026-02-21 11:18:00,2026-02-21 12:49:00,0 days 01:31:00,0001I_21-02-2026-09.57,65.0,88.0,134.0
0002I,60000,04040,IRYO,Frecciarossa,2026-02-21 11:22:00,2026-02-21 12:40:00,0 days 01:18:00,0002I_21-02-2026-11.22,37.8,79.86,105.0
0002I,60000,71801,IRYO,Frecciarossa,2026-02-21 11:22:00,2026-02-21 14:14:00,0 days 02:52:00,0002I_21-02-2026-11.22,37.8,79.86,105.0
0002I,60000,71801,IRYO,Frecciarossa,2026-02-21 12:22:00,2026-02-21 15:14:00,0 days 02:52:00,0002I_21-02-2026-12.22,35.0,72.6,105.0
0002I,60000,04040,IRYO,Frecciarossa,2026-02-21 12:22:00,2026-02-21 13:40:00,0 days 01:18:00,0002I_21-02-2026-12.22,35.0,72.6,105.0
0002I,04040,71801,IRYO,Frecciarossa,2026-02-21 12:41:00,2026-02-21 14:14:00,0 days 01:33:00,0002I_21-02-2026-11.22,37.8,79.86,105.0
0002I,04040,71801,IRYO,Frecciarossa,2026-02-21 13:41:00,2026-02-21 15:14:00,0 days 01:33:00,0002I_21-02-2026-12.22,35.0,72.6,105.0
0001I,60000,04040,IRYO,Frecciarossa,2026-02-21 14:02:00,2026-02-21 15:22:00,0 days 01:20:00,0001I_21-02-2026-14.02,35.5,60.0,108.07
0001I,60000,71801,IRYO,Frecciarossa,2026-02-21 14:02:00,2026-02-21 16:54:00,0 days 02:52:00,0001I_21-02-2026-14.02,37.8,60.0,108.07
0005I,60000,71801,IRYO,Frecciarossa,2026-02-21 14:42:00,2026-02-21 17:41:00,0 days 02:59:00,0005I_21-02-2026-14.42,77.61,106.48,156.8
0005I,60000,04040,IRYO,Frecciarossa,2026-02-21 14:42:00,2026-02-21 16:02:00,0 days 01:20:00,0005I_21-02-2026-14.42,77.61,106.48,156.8
0001I,04040,71801,IRYO,Frecciarossa,2026-02-21 15:23:00,2026-02-21 16:54:00,0 days 01:31:00,0001I_21-02-2026-14.02,37.8,60.0,108.07
0003I,60000,71801,IRYO,Frecciarossa,2026-02-21 15:52:00,2026-02-21 18:29:00,0 days 02:37:00,0003I_21-02-2026-15.52,35.0,67.19,105.0
0005I,04040,71801,IRYO,Frecciarossa,2026-02-21 16:03:00,2026-02-21 17:41:00,0 days 01:38:00,0005I_21-02-2026-14.42,77.61,96.8,115.0
0003I,60000,71801,IRYO,Frecciarossa,2026-02-21 16:37:00,2026-02-21 19:14:00,0 days 02:37:00,0003I_21-02-2026-16.37,51.42,61.08,105.0
0002I,60000,71801,IRYO,Frecciarossa,2026-02-21 17:22:00,2026-02-21 20:14:00,0 days 02:52:00,0002I_21-02-2026-17.22,35.0,60.0,105.0
0002I,60000,04040,IRYO,Frecciarossa,2026-02-21 17:22:00,2026-02-21 18:40:00,0 days 01:18:00,0002I_21-02-2026-17.22,35.0,60.0,105.0
0003I,60000,71801,IRYO,Frecciarossa,2026-02-21 18:32:00,2026-02-21 21:09:00,0 days 02:37:00,0003I_21-02-2026-18.32,37.8,60.0,105.0
0002I,04040,71801,IRYO,Frecciarossa,2026-02-21 18:41:00,2026-02-21 20:14:00,0 days 01:33:00,0002I_21-02-2026-17.22,35.0,60.0,105.0
0002I,60000,71801,IRYO,Frecciarossa,2026-02-21 19:29:00,2026-02-21 22:21:00,0 days 02:52:00,0002I_21-02-2026-19.29,66.95,88.0,115.0
0002I,60000,04040,IRYO,Frecciarossa,2026-02-21 19:29:00,2026-02-21 20:47:00,0 days 01:18:00,0002I_21-02-2026-19.29,66.95,88.0,115.0
0002I,04040,71801,IRYO,Frecciarossa,2026-02-21 20:48:00,2026-02-21 22:21:00,0 days 01:33:00,0002I_21-02-2026-19.29,66.95,88.0,115.0
0003I,60000,71801,IRYO,Frecciarossa,2026-02-22 08:22:00,2026-02-22 10:59:00,0 days 02:37:00,0003I_22-02-2026-08.22,35.0,61.1,105.0
0003I,60000,71801,IRYO,Frecciarossa,2026-02-22 08:50:00,2026-02-22 11:27:00,0 days 02:37:00,0003I_22-02-2026-08.50,37.8,60.0,105.0
0002I,60000,04040,IRYO,Frecciarossa,2026-02-22 09:22:00,2026-02-22 10:40:00,0 days 01:18:00,0002I_22-02-2026-09.22,34.99,60.5,100.0
0002I,60000,71801,IRYO,Frecciarossa,2026-02-22 09:22:00,2026-02-22 12:14:00,0 days 02:52:00,0002I_22-02-2026-09.22,34.99,60.5,100.0
0001I,60000,04040,IRYO,Frecciarossa,2026-02-22 09:57:00,2026-02-22 11:17:00,0 days 01:20:00,0001I_22-02-2026-09.57,85.0,121.0,135.0
0001I,60000,71801,IRYO,Frecciarossa,2026-02-22 09:57:00,2026-02-22 12:49:00,0 days 02:52:00,0001I_22-02-2026-09.57,85.0,121.0,135.0
0002I,04040,71801,IRYO,Frecciarossa,2026-02-22 10:41:00,2026-02-22 12:14:00,0 days 01:33:00,0002I_22-02-2026-09.22,34.99,60.5,100.0
0001I,04040,71801,IRYO,Frecciarossa,2026-02-22 11:18:00,2026-02-22 12:49:00,0 days 01:31:00,0001I_22-02-2026-09.57,85.0,110.0,135.0
0002I,60000,04040,IRYO,Frecciarossa,2026-02-22 11:22:00,2026-02-22 12:40:00,0 days 01:18:00,0002I_22-02-2026-11.22,45.0,77.0,115.0
0002I,60000,71801,IRYO,Frecciarossa,2026-02-22 11:22:00,2026-02-22 14:14:00,0 days 02:52:00,0002I_22-02-2026-11.22,45.0,77.0,115.0
0002I,60000,04040,IRYO,Frecciarossa,2026-02-22 12:22:00,2026-02-22 13:40:00,0 days 01:18:00,0002I_22-02-2026-12.22,48.6,77.0,115.0
0002I,60000,71801,IRYO,Frecciarossa,2026-02-22 12:22:00,2026-02-22 15:14:00,0 days 02:52:00,0002I_22-02-2026-12.22,48.6,77.0,115.0
0002I,04040,71801,IRYO,Frecciarossa,2026-02-22 12:41:00,2026-02-22 14:14:00,0 days 01:33:00,0002I_22-02-2026-11.22,45.0,77.0,115.0
0002I,04040,71801,IRYO,Frecciarossa,2026-02-22 13:41:00,2026-02-22 15:14:00,0 days 01:33:00,0002I_22-02-2026-12.22,48.6,77.0,115.0
0001I,60000,71801,IRYO,Frecciarossa,2026-02-22 14:02:00,2026-02-22 16:54:00,0 days 02:52:00,0001I_22-02-2026-14.02,60.0,85.0,130.0
0001I,60000,04040,IRYO,Frecciarossa,2026-02-22 14:02:00,2026-02-22 15:22:00,0 days 01:20:00,0001I_22-02-2026-14.02,60.0,85.0,130.0
0005I,60000,04040,IRYO,Frecciarossa,2026-02-22 14:42:00,2026-02-22 16:02:00,0 days 01:20:00,0005I_22-02-2026-14.42,87.55,110.0,135.0
0005I,60000,71801,IRYO,Frecciarossa,2026-02-22 14:42:00,2026-02-22 17:41:00,0 days 02:59:00,0005I_22-02-2026-14.42,87.55,110.0,135.0
0001I,04040,71801,IRYO,Frecciarossa,2026-02-22 15:23:00,2026-02-22 16:54:00,0 days 01:31:00,0001I_22-02-2026-14.02,60.0,85.0,130.0
0003I,60000,71801,IRYO,Frecciarossa,2026-02-22 15:52:00,2026-02-22 18:29:00,0 days 02:37:00,0003I_22-02-2026-15.52,60.88,85.0,130.0
0005I,04040,71801,IRYO,Frecciarossa,2026-02-22 16:03:00,2026-02-22 17:41:00,0 days 01:38:00,0005I_22-02-2026-14.42,85.46,110.0,135.0
0003I,60000,71801,IRYO,Frecciarossa,2026-02-22 16:37:00,2026-02-22 19:14:00,0 days 02:37:00,0003I_22-02-2026-16.37,66.11,77.0,134.0
0002I,60000,71801,IRYO,Frecciarossa,2026-02-22 17:22:00,2026-02-22 20:14:00,0 days 02:52:00,0002I_22-02-2026-17.22,66.11,70.0,115.0
0002I,60000,04040,IRYO,Frecciarossa,2026-02-22 17:22:00,2026-02-22 18:40:00,0 days 01:18:00,0002I_22-02-2026-17.22,66.11,70.0,115.0
0003I,60000,71801,IRYO,Frecciarossa,2026-02-22 18:32:00,2026-02-22 21:09:00,0 days 02:37:00,0003I_22-02-2026-18.32,70.2,90.0,135.0
0002I,04040,71801,IRYO,Frecciarossa,2026-02-22 18:41:00,2026-02-22 20:14:00,0 days 01:33:00,0002I_22-02-2026-17.22,66.11,70.0,115.0
0002I,60000,71801,IRYO,Frecciarossa,2026-02-22 19:29:00,2026-02-22 22:21:00,0 days 02:52:00,0002I_22-02-2026-19.29,121.18,100.0,158.0
0002I,60000,04040,IRYO,Frecciarossa,2026-02-22 19:29:00,2026-02-22 20:47:00,0 days 01:18:00,0002I_22-02-2026-19.29,121.18,100.0,158.0
0002I,04040,71801,IRYO,Frecciarossa,2026-02-22 20:48:00,2026-02-22 22:21:00,0 days 01:33:00,0002I_22-02-2026-19.29,121.18,100.0,158.0
0003I,60000,71801,IRYO,Frecciarossa,2026-02-22 20:56:00,2026-02-22 23:33:00,0 days 02:37:00,0003I_22-02-2026-20.56,70.2,90.0,135.0
0004I,60000,71801,IRYO,Frecciarossa,2026-02-23 06:09:00,2026-02-23 09:00:00,0 days 02:51:00,0004I_23-02-2026-06.09,37.8,60.0,105.0
0004I,60000,04040,IRYO,Frecciarossa,2026-02-23 06:09:00,2026-02-23 07:28:00,0 days 01:19:00,0004I_23-02-2026-06.09,37.8,60.0,105.0
0003I,60000,71801,IRYO,Frecciarossa,2026-02-23 07:22:00,2026-02-23 09:59:00,0 days 02:37:00,0003I_23-02-2026-07.22,37.8,66.0,105.0
0004I,04040,71801,IRYO,Frecciarossa,2026-02-23 07:29:00,2026-02-23 09:00:00,0 days 01:31:00,0004I_23-02-2026-06.09,37.8,60.0,105.0
0003I,60000,71801,IRYO,Frecciarossa,2026-02-23 08:22:00,2026-02-23 10:59:00,0 days 02:37:00,0003I_23-02-2026-08.22,51.42,60.0,105.0
0003I,60000,71801,IRYO,Frecciarossa,2026-02-23 08:50:00,2026-02-23 11:27:00,0 days 02:37:00,0003I_23-02-2026-08.50,37.8,66.0,105.0
0002I,60000,71801,IRYO,Frecciarossa,2026-02-23 09:22:00,2026-02-23 12:14:00,0 days 02:52:00,0002I_23-02-2026-09.22,35.0,96.63,105.0
0002I,60000,04040,IRYO,Frecciarossa,2026-02-23 09:22:00,2026-02-23 10:40:00,0 days 01:18:00,0002I_23-02-2026-09.22,35.0,96.63,105.0
0001I,60000,71801,IRYO,Frecciarossa,2026-02-23 09:57:00,2026-02-23 12:49:00,0 days 02:52:00,0001I_23-02-2026-09.57,65.0,88.0,115.0
0001I,60000,04040,IRYO,Frecciarossa,2026-02-23 09:57:00,2026-02-23 11:17:00,0 days 01:20:00,0001I_23-02-2026-09.57,65.0,88.0,115.0
0002I,04040,71801,IRYO,Frecciarossa,2026-02-23 10:41:00,2026-02-23 12:14:00,0 days 01:33:00,0002I_23-02-2026-09.22,35.0,96.63,105.0
0001I,04040,71801,IRYO,Frecciarossa,2026-02-23 11:18:00,2026-02-23 12:49:00,0 days 01:31:00,0001I_23-02-2026-09.57,65.0,88.0,115.0
0002I,60000,04040,IRYO,Frecciarossa,2026-02-23 11:22:00,2026-02-23 12:40:00,0 days 01:18:00,0002I_23-02-2026-11.22,35.0,66.0,105.0
0002I,60000,71801,IRYO,Frecciarossa,2026-02-23 11:22:00,2026-02-23 14:14:00,0 days 02:52:00,0002I_23-02-2026-11.22,37.8,66.0,105.0
0002I,60000,71801,IRYO,Frecciarossa,2026-02-23 12:22:00,2026-02-23 15:14:00,0 days 02:52:00,0002I_23-02-2026-12.22,35.52,66.0,122.0
0002I,60000,04040,IRYO,Frecciarossa,2026-02-23 12:22:00,2026-02-23 13:40:00,0 days 01:18:00,0002I_23-02-2026-12.22,35.52,66.0,122.0
0002I,04040,71801,IRYO,Frecciarossa,2026-02-23 12:41:00,2026-02-23 14:14:00,0 days 01:33:00,0002I_23-02-2026-11.22,37.8,66.0,105.0
0002I,04040,71801,IRYO,Frecciarossa,2026-02-23 13:41:00,2026-02-23 15:14:00,0 days 01:33:00,0002I_23-02-2026-12.22,35.0,66.0,122.0
0001I,60000,04040,IRYO,Frecciarossa,2026-02-23 14:02:00,2026-02-23 15:22:00,0 days 01:20:00,0001I_23-02-2026-14.02,35.0,61.11,105.0
0001I,60000,71801,IRYO,Frecciarossa,2026-02-23 14:02:00,2026-02-23 16:54:00,0 days 02:52:00,0001I_23-02-2026-14.02,35.0,61.11,105.0
0005I,60000,04040,IRYO,Frecciarossa,2026-02-23 14:42:00,2026-02-23 16:02:00,0 days 01:20:00,0005I_23-02-2026-14.42,65.0,80.0,115.0
0005I,60000,71801,IRYO,Frecciarossa,2026-02-23 14:42:00,2026-02-23 17:41:00,0 days 02:59:00,0005I_23-02-2026-14.42,65.0,80.0,115.0
0001I,04040,71801,IRYO,Frecciarossa,2026-02-23 15:23:00,2026-02-23 16:54:00,0 days 01:31:00,0001I_23-02-2026-14.02,35.0,60.0,105.0
0003I,60000,71801,IRYO,Frecciarossa,2026-02-23 15:52:00,2026-02-23 18:29:00,0 days 02:37:00,0003I_23-02-2026-15.52,45.0,70.0,115.0
0005I,04040,71801,IRYO,Frecciarossa,2026-02-23 16:03:00,2026-02-23 17:41:00,0 days 01:38:00,0005I_23-02-2026-14.42,65.0,80.0,115.0
0003I,60000,71801,IRYO,Frecciarossa,2026-02-23 16:37:00,2026-02-23 19:14:00,0 days 02:37:00,0003I_23-02-2026-16.37,35.0,60.0,105.0
0002I,60000,71801,IRYO,Frecciarossa,2026-02-23 17:22:00,2026-02-23 20:14:00,0 days 02:52:00,0002I_23-02-2026-17.22,30.0,55.0,100.0
0002I,60000,04040,IRYO,Frecciarossa,2026-02-23 17:22:00,2026-02-23 18:40:00,0 days 01:18:00,0002I_23-02-2026-17.22,30.0,55.0,100.0
0003I,60000,71801,IRYO,Frecciarossa,2026-02-23 18:32:00,2026-02-23 21:09:00,0 days 02:37:00,0003I_23-02-2026-18.32,37.8,60.0,105.0
0002I,04040,71801,IRYO,Frecciarossa,2026-02-23 18:41:00,2026-02-23 20:14:00,0 days 01:33:00,0002I_23-02-2026-17.22,30.0,55.0,100.0
0002I,60000,71801,IRYO,Frecciarossa,2026-02-23 19:29:00,2026-02-23 22:21:00,0 days 02:52:00,0002I_23-02-2026-19.29,65.0,96.8,115.0
0002I,60000,04040,IRYO,Frecciarossa,2026-02-23 19:29:00,2026-02-23 20:47:00,0 days 01:18:00,0002I_23-02-2026-19.29,65.0,96.8,115.0
0002I,04040,71801,IRYO,Frecciarossa,2026-02-23 20:48:00,2026-02-23 22:21:00,0 days 01:33:00,0002I_23-02-2026-19.29,65.0,96.8,115.0
0004I,60000,04040,IRYO,Frecciarossa,2026-02-24 06:09:00,2026-02-24 07:28:00,0 days 01:19:00,0004I_24-02-2026-06.09,30.0,55.0,100.0
0004I,60000,71801,IRYO,Frecciarossa,2026-02-24 06:09:00,2026-02-24 09:00:00,0 days 02:51:00,0004I_24-02-2026-06.09,30.0,55.0,100.0
0003I,60000,71801,IRYO,Frecciarossa,2026-02-24 07:22:00,2026-02-24 09:59:00,0 days 02:37:00,0003I_24-02-2026-07.22,30.0,55.0,100.0
0004I,04040,71801,IRYO,Frecciarossa,2026-02-24 07:29:00,2026-02-24 09:00:00,0 days 01:31:00,0004I_24-02-2026-06.09,30.0,55.0,100.0
0003I,60000,71801,IRYO,Frecciarossa,2026-02-24 08:22:00,2026-02-24 10:59:00,0 days 02:37:00,0003I_24-02-2026-08.22,30.0,55.0,100.0
0003I,60000,71801,IRYO,Frecciarossa,2026-02-24 08:50:00,2026-02-24 11:27:00,0 days 02:37:00,0003I_24-02-2026-08.50,30.0,55.0,100.0
0002I,60000,04040,IRYO,Frecciarossa,2026-02-24 09:22:00,2026-02-24 10:40:00,0 days 01:18:00,0002I_24-02-2026-09.22,30.0,55.0,100.0
0002I,60000,71801,IRYO,Frecciarossa,2026-02-24 09:22:00,2026-02-24 12:14:00,0 days 02:52:00,0002I_24-02-2026-09.22,30.0,55.0,100.0
0001I,60000,04040,IRYO,Frecciarossa,2026-02-24 09:57:00,2026-02-24 11:17:00,0 days 01:20:00,0001I_24-02-2026-09.57,65.0,80.0,134.0
0001I,60000,71801,IRYO,Frecciarossa,2026-02-24 09:57:00,2026-02-24 12:49:00,0 days 02:52:00,0001I_24-02-2026-09.57,65.0,80.0,134.0
0002I,04040,71801,IRYO,Frecciarossa,2026-02-24 10:41:00,2026-02-24 12:14:00,0 days 01:33:00,0002I_24-02-2026-09.22,30.0,55.0,100.0
0001I,04040,71801,IRYO,Frecciarossa,2026-02-24 11:18:00,2026-02-24 12:49:00,0 days 01:31:00,0001I_24-02-2026-09.57,65.0,80.0,134.0
0002I,60000,04040,IRYO,Frecciarossa,2026-02-24 11:22:00,2026-02-24 12:40:00,0 days 01:18:00,0002I_24-02-2026-11.22,30.0,55.0,100.0
0002I,60000,71801,IRYO,Frecciarossa,2026-02-24 11:22:00,2026-02-24 14:14:00,0 days 02:52:00,0002I_24-02-2026-11.22,30.0,55.0,100.0
0002I,60000,71801,IRYO,Frecciarossa,2026-02-24 12:22:00,2026-02-24 15:14:00,0 days 02:52:00,0002I_24-02-2026-12.22,32.4,66.55,100.0
0002I,60000,04040,IRYO,Frecciarossa,2026-02-24 12:22:00,2026-02-24 13:40:00,0 days 01:18:00,0002I_24-02-2026-12.22,30.0,66.55,100.0
0002I,04040,71801,IRYO,Frecciarossa,2026-02-24 12:41:00,2026-02-24 14:14:00,0 days 01:33:00,0002I_24-02-2026-11.22,30.0,55.0,100.0
0002I,04040,71801,IRYO,Frecciarossa,2026-02-24 13:41:00,2026-02-24 15:14:00,0 days 01:33:00,0002I_24-02-2026-12.22,32.4,66.55,100.0
0001I,60000,71801,IRYO,Frecciarossa,2026-02-24 14:02:00,2026-02-24 16:54:00,0 days 02:52:00,0001I_24-02-2026-14.02,30.0,55.0,100.0
0001I,60000,04040,IRYO,Frecciarossa,2026-02-24 14:02:00,2026-02-24 15:22:00,0 days 01:20:00,0001I_24-02-2026-14.02,30.0,55.0,100.0
0005I,60000,71801,IRYO,Frecciarossa,2026-02-24 14:42:00,2026-02-24 17:41:00,0 days 02:59:00,0005I_24-02-2026-14.42,65.0,80.0,115.0
0005I,60000,04040,IRYO,Frecciarossa,2026-02-24 14:42:00,2026-02-24 16:02:00,0 days 01:20:00,0005I_24-02-2026-14.42,65.0,80.0,115.0
0001I,04040,71801,IRYO,Frecciarossa,2026-02-24 15:23:00,2026-02-24 16:54:00,0 days 01:31:00,0001I_24-02-2026-14.02,30.0,55.0,100.0
0003I,60000,71801,IRYO,Frecciarossa,2026-02-24 15:52:00,2026-02-24 18:29:00,0 days 02:37:00,0003I_24-02-2026-15.52,35.0,60.0,105.0
0005I,04040,71801,IRYO,Frecciarossa,2026-02-24 16:03:00,2026-02-24 17:41:00,0 days 01:38:00,0005I_24-02-2026-14.42,65.0,80.0,115.0
0003I,60000,71801,IRYO,Frecciarossa,2026-02-24 16:37:00,2026-02-24 19:14:00,0 days 02:37:00,0003I_24-02-2026-16.37,34.99,55.0,100.0
0002I,60000,71801,IRYO,Frecciarossa,2026-02-24 17:22:00,2026-02-24 20:14:00,0 days 02:52:00,0002I_24-02-2026-17.22,35.0,60.0,105.0
0002I,60000,04040,IRYO,Frecciarossa,2026-02-24 17:22:00,2026-02-24 18:40:00,0 days 01:18:00,0002I_24-02-2026-17.22,35.0,60.0,105.0
0003I,60000,71801,IRYO,Frecciarossa,2026-02-24 18:32:00,2026-02-24 21:09:00,0 days 02:37:00,0003I_24-02-2026-18.32,35.52,60.0,105.0
0002I,04040,71801,IRYO,Frecciarossa,2026-02-24 18:41:00,2026-02-24 20:14:00,0 days 01:33:00,0002I_24-02-2026-17.22,35.0,60.0,105.0
0002I,60000,04040,IRYO,Frecciarossa,2026-02-24 19:29:00,2026-02-24 20:47:00,0 days 01:18:00,0002I_24-02-2026-19.29,65.0,80.0,115.0
0002I,60000,71801,IRYO,Frecciarossa,2026-02-24 19:29:00,2026-02-24 22:21:00,0 days 02:52:00,0002I_24-02-2026-19.29,65.0,80.0,115.0
0002I,04040,71801,IRYO,Frecciarossa,2026-02-24 20:48:00,2026-02-24 22:21:00,0 days 01:33:00,0002I_24-02-2026-19.29,65.0,80.0,115.0
0004I,60000,71801,IRYO,Frecciarossa,2026-02-25 06:09:00,2026-02-25 09:00:00,0 days 02:51:00,0004I_25-02-2026-06.09,30.0,55.0,100.0
0004I,60000,04040,IRYO,Frecciarossa,2026-02-25 06:09:00,2026-02-25 07:28:00,0 days 01:19:00,0004I_25-02-2026-06.09,30.0,55.0,100.0
0003I,60000,71801,IRYO,Frecciarossa,2026-02-25 07:22:00,2026-02-25 09:59:00,0 days 02:37:00,0003I_25-02-2026-07.22,35.0,60.0,105.0
0004I,04040,71801,IRYO,Frecciarossa,2026-02-25 07:29:00,2026-02-25 09:00:00,0 days 01:31:00,0004I_25-02-2026-06.09,30.0,55.0,100.0
0003I,60000,71801,IRYO,Frecciarossa,2026-02-25 08:22:00,2026-02-25 10:59:00,0 days 02:37:00,0003I_25-02-2026-08.22,32.4,55.0,100.0
0003I,60000,71801,IRYO,Frecciarossa,2026-02-25 08:50:00,2026-02-25 11:27:00,0 days 02:37:00,0003I_25-02-2026-08.50,30.0,60.5,100.0
0002I,60000,71801,IRYO,Frecciarossa,2026-02-25 09:22:00,2026-02-25 12:14:00,0 days 02:52:00,0002I_25-02-2026-09.22,30.0,55.0,116.0
0002I,60000,04040,IRYO,Frecciarossa,2026-02-25 09:22:00,2026-02-25 10:40:00,0 days 01:18:00,0002I_25-02-2026-09.22,30.0,55.0,116.0
0001I,60000,04040,IRYO,Frecciarossa,2026-02-25 09:57:00,2026-02-25 11:17:00,0 days 01:20:00,0001I_25-02-2026-09.57,65.0,81.53,134.0
0001I,60000,71801,IRYO,Frecciarossa,2026-02-25 09:57:00,2026-02-25 12:49:00,0 days 02:52:00,0001I_25-02-2026-09.57,65.0,81.53,134.0
0002I,04040,71801,IRYO,Frecciarossa,2026-02-25 10:41:00,2026-02-25 12:14:00,0 days 01:33:00,0002I_25-02-2026-09.22,30.0,55.0,116.0
0001I,04040,71801,IRYO,Frecciarossa,2026-02-25 11:18:00,2026-02-25 12:49:00,0 days 01:31:00,0001I_25-02-2026-09.57,65.0,81.53,134.0
0002I,60000,04040,IRYO,Frecciarossa,2026-02-25 11:22:00,2026-02-25 12:40:00,0 days 01:18:00,0002I_25-02-2026-11.22,35.0,60.0,105.0
0002I,60000,71801,IRYO,Frecciarossa,2026-02-25 11:22:00,2026-02-25 14:14:00,0 days 02:52:00,0002I_25-02-2026-11.22,35.0,60.0,105.0
0002I,60000,04040,IRYO,Frecciarossa,2026-02-25 12:22:00,2026-02-25 13:40:00,0 days 01:18:00,0002I_25-02-2026-12.22,35.0,60.0,105.0
0002I,60000,71801,IRYO,Frecciarossa,2026-02-25 12:22:00,2026-02-25 15:14:00,0 days 02:52:00,0002I_25-02-2026-12.22,35.0,60.0,105.0
0002I,04040,71801,IRYO,Frecciarossa,2026-02-25 12:41:00,2026-02-25 14:14:00,0 days 01:33:00,0002I_25-02-2026-11.22,35.0,60.0,105.0
0002I,04040,71801,IRYO,Frecciarossa,2026-02-25 13:41:00,2026-02-25 15:14:00,0 days 01:33:00,0002I_25-02-2026-12.22,35.0,60.0,105.0
0001I,60000,71801,IRYO,Frecciarossa,2026-02-25 14:02:00,2026-02-25 16:54:00,0 days 02:52:00,0001I_25-02-2026-14.02,44.76,60.0,105.0
0001I,60000,04040,IRYO,Frecciarossa,2026-02-25 14:02:00,2026-02-25 15:22:00,0 days 01:20:00,0001I_25-02-2026-14.02,44.08,60.0,105.0
0005I,60000,04040,IRYO,Frecciarossa,2026-02-25 14:42:00,2026-02-25 16:02:00,0 days 01:20:00,0005I_25-02-2026-14.42,65.0,80.0,115.0
0005I,60000,71801,IRYO,Frecciarossa,2026-02-25 14:42:00,2026-02-25 17:41:00,0 days 02:59:00,0005I_25-02-2026-14.42,65.0,80.0,115.0
0001I,04040,71801,IRYO,Frecciarossa,2026-02-25 15:23:00,2026-02-25 16:54:00,0 days 01:31:00,0001I_25-02-2026-14.02,44.76,60.0,105.0
0003I,60000,71801,IRYO,Frecciarossa,2026-02-25 15:52:00,2026-02-25 18:29:00,0 days 02:37:00,0003I_25-02-2026-15.52,45.0,70.0,115.0
0005I,04040,71801,IRYO,Frecciarossa,2026-02-25 16:03:00,2026-02-25 17:41:00,0 days 01:38:00,0005I_25-02-2026-14.42,65.0,80.0,115.0
0003I,60000,71801,IRYO,Frecciarossa,2026-02-25 16:37:00,2026-02-25 19:14:00,0 days 02:37:00,0003I_25-02-2026-16.37,45.0,70.0,115.0
0002I,60000,71801,IRYO,Frecciarossa,2026-02-25 17:22:00,2026-02-25 20:14:00,0 days 02:52:00,0002I_25-02-2026-17.22,45.0,70.0,115.0
0002I,60000,04040,IRYO,Frecciarossa,2026-02-25 17:22:00,2026-02-25 18:40:00,0 days 01:18:00,0002I_25-02-2026-17.22,45.0,70.0,115.0
0003I,60000,71801,IRYO,Frecciarossa,2026-02-25 18:32:00,2026-02-25 21:09:00,0 days 02:37:00,0003I_25-02-2026-18.32,48.6,70.0,115.0
0002I,04040,71801,IRYO,Frecciarossa,2026-02-25 18:41:00,2026-02-25 20:14:00,0 days 01:33:00,0002I_25-02-2026-17.22,45.0,70.0,115.0
0002I,60000,71801,IRYO,Frecciarossa,2026-02-25 19:29:00,2026-02-25 22:21:00,0 days 02:52:00,0002I_25-02-2026-19.29,65.0,80.0,115.0
0002I,60000,04040,IRYO,Frecciarossa,2026-02-25 19:29:00,2026-02-25 20:47:00,0 days 01:18:00,0002I_25-02-2026-19.29,65.0,80.0,115.0
0002I,04040,71801,IRYO,Frecciarossa,2026-02-25 20:48:00,2026-02-25 22:21:00,0 days 01:33:00,0002I_25-02-2026-19.29,65.0,80.0,115.0
0004I,60000,04040,IRYO,Frecciarossa,2026-02-26 06:09:00,2026-02-26 07:28:00,0 days 01:19:00,0004I_26-02-2026-06.09,30.0,55.0,100.0
0004I,60000,71801,IRYO,Frecciarossa,2026-02-26 06:09:00,2026-02-26 09:00:00,0 days 02:51:00,0004I_26-02-2026-06.09,30.0,55.0,100.0
0003I,60000,71801,IRYO,Frecciarossa,2026-02-26 07:22:00,2026-02-26 09:59:00,0 days 02:37:00,0003I_26-02-2026-07.22,35.0,60.0,122.0
0004I,04040,71801,IRYO,Frecciarossa,2026-02-26 07:29:00,2026-02-26 09:00:00,0 days 01:31:00,0004I_26-02-2026-06.09,30.0,55.0,100.0
0003I,60000,71801,IRYO,Frecciarossa,2026-02-26 08:22:00,2026-02-26 10:59:00,0 days 02:37:00,0003I_26-02-2026-08.22,35.0,60.0,105.0
0003I,60000,71801,IRYO,Frecciarossa,2026-02-26 08:50:00,2026-02-26 11:27:00,0 days 02:37:00,0003I_26-02-2026-08.50,35.0,60.0,105.0
0002I,60000,71801,IRYO,Frecciarossa,2026-02-26 09:22:00,2026-02-26 12:14:00,0 days 02:52:00,0002I_26-02-2026-09.22,35.0,60.0,142.4
0002I,60000,04040,IRYO,Frecciarossa,2026-02-26 09:22:00,2026-02-26 10:40:00,0 days 01:18:00,0002I_26-02-2026-09.22,35.0,60.0,142.4
0001I,60000,04040,IRYO,Frecciarossa,2026-02-26 09:57:00,2026-02-26 11:17:00,0 days 01:20:00,0001I_26-02-2026-09.57,75.0,90.0,146.0
0001I,60000,71801,IRYO,Frecciarossa,2026-02-26 09:57:00,2026-02-26 12:49:00,0 days 02:52:00,0001I_26-02-2026-09.57,75.0,90.0,146.0
0002I,04040,71801,IRYO,Frecciarossa,2026-02-26 10:41:00,2026-02-26 12:14:00,0 days 01:33:00,0002I_26-02-2026-09.22,35.0,60.0,142.4
0001I,04040,71801,IRYO,Frecciarossa,2026-02-26 11:18:00,2026-02-26 12:49:00,0 days 01:31:00,0001I_26-02-2026-09.57,75.0,90.0,146.0
0002I,60000,04040,IRYO,Frecciarossa,2026-02-26 11:22:00,2026-02-26 12:40:00,0 days 01:18:00,0002I_26-02-2026-11.22,45.0,70.0,115.0
0002I,60000,71801,IRYO,Frecciarossa,2026-02-26 11:22:00,2026-02-26 14:14:00,0 days 02:52:00,0002I_26-02-2026-11.22,45.0,70.0,115.0
0002I,60000,04040,IRYO,Frecciarossa,2026-02-26 12:22:00,2026-02-26 13:40:00,0 days 01:18:00,0002I_26-02-2026-12.22,35.0,67.28,105.0
0002I,60000,71801,IRYO,Frecciarossa,2026-02-26 12:22:00,2026-02-26 15:14:00,0 days 02:52:00,0002I_26-02-2026-12.22,35.0,67.28,105.0
0002I,04040,71801,IRYO,Frecciarossa,2026-02-26 12:41:00,2026-02-26 14:14:00,0 days 01:33:00,0002I_26-02-2026-11.22,45.0,70.0,115.0
0002I,04040,71801,IRYO,Frecciarossa,2026-02-26 13:41:00,2026-02-26 15:14:00,0 days 01:33:00,0002I_26-02-2026-12.22,35.0,67.28,105.0
0001I,60000,71801,IRYO,Frecciarossa,2026-02-26 14:02:00,2026-02-26 16:54:00,0 days 02:52:00,0001I_26-02-2026-14.02,30.0,55.0,100.0
0001I,60000,04040,IRYO,Frecciarossa,2026-02-26 14:02:00,2026-02-26 15:22:00,0 days 01:20:00,0001I_26-02-2026-14.02,30.0,55.0,100.0
0005I,60000,71801,IRYO,Frecciarossa,2026-02-26 14:42:00,2026-02-26 17:41:00,0 days 02:59:00,0005I_26-02-2026-14.42,86.94,91.75,125.0
0005I,60000,04040,IRYO,Frecciarossa,2026-02-26 14:42:00,2026-02-26 16:02:00,0 days 01:20:00,0005I_26-02-2026-14.42,86.94,91.75,125.0
0001I,04040,71801,IRYO,Frecciarossa,2026-02-26 15:23:00,2026-02-26 16:54:00,0 days 01:31:00,0001I_26-02-2026-14.02,30.0,55.0,100.0
0003I,60000,71801,IRYO,Frecciarossa,2026-02-26 15:52:00,2026-02-26 18:29:00,0 days 02:37:00,0003I_26-02-2026-15.52,65.0,90.0,135.0
0005I,04040,71801,IRYO,Frecciarossa,2026-02-26 16:03:00,2026-02-26 17:41:00,0 days 01:38:00,0005I_26-02-2026-14.42,86.94,91.75,125.0
0003I,60000,71801,IRYO,Frecciarossa,2026-02-26 16:37:00,2026-02-26 19:14:00,0 days 02:37:00,0003I_26-02-2026-16.37,64.8,93.5,130.0
0002I,60000,71801,IRYO,Frecciarossa,2026-02-26 17:22:00,2026-02-26 20:14:00,0 days 02:52:00,0002I_26-02-2026-17.22,60.0,85.0,130.0
0002I,60000,04040,IRYO,Frecciarossa,2026-02-26 17:22:00,2026-02-26 18:40:00,0 days 01:18:00,0002I_26-02-2026-17.22,60.0,85.0,130.0
0003I,60000,71801,IRYO,Frecciarossa,2026-02-26 18:32:00,2026-02-26 21:09:00,0 days 02:37:00,0003I_26-02-2026-18.32,48.6,93.17,115.0
0002I,04040,71801,IRYO,Frecciarossa,2026-02-26 18:41:00,2026-02-26 20:14:00,0 days 01:33:00,0002I_26-02-2026-17.22,60.0,85.0,130.0
0002I,60000,71801,IRYO,Frecciarossa,2026-02-26 19:29:00,2026-02-26 22:21:00,0 days 02:52:00,0002I_26-02-2026-19.29,77.25,90.0,125.0
0002I,60000,04040,IRYO,Frecciarossa,2026-02-26 19:29:00,2026-02-26 20:47:00,0 days 01:18:00,0002I_26-02-2026-19.29,77.25,90.0,125.0
0006I,60000,71801,IRYO,Frecciarossa,2026-02-26 20:22:00,2026-02-26 23:14:00,0 days 02:52:00,0006I_26-02-2026-20.22,71.4,71.36,115.0
0006I,60000,04040,IRYO,Frecciarossa,2026-02-26 20:22:00,2026-02-26 21:41:00,0 days 01:19:00,0006I_26-02-2026-20.22,71.4,71.36,115.0
0002I,04040,71801,IRYO,Frecciarossa,2026-02-26 20:48:00,2026-02-26 22:21:00,0 days 01:33:00,0002I_26-02-2026-19.29,75.0,90.0,125.0
0006I,04040,71801,IRYO,Frecciarossa,2026-02-26 21:42:00,2026-02-26 23:14:00,0 days 01:32:00,0006I_26-02-2026-20.22,71.4,71.36,115.0
0004I,60000,71801,IRYO,Frecciarossa,2026-02-27 06:09:00,2026-02-27 09:00:00,0 days 02:51:00,0004I_27-02-2026-06.09,35.0,60.0,105.0
0004I,60000,04040,IRYO,Frecciarossa,2026-02-27 06:09:00,2026-02-27 07:28:00,0 days 01:19:00,0004I_27-02-2026-06.09,35.0,60.0,105.0
0003I,60000,71801,IRYO,Frecciarossa,2026-02-27 07:22:00,2026-02-27 09:59:00,0 days 02:37:00,0003I_27-02-2026-07.22,37.8,60.0,122.0
0004I,04040,71801,IRYO,Frecciarossa,2026-02-27 07:29:00,2026-02-27 09:00:00,0 days 01:31:00,0004I_27-02-2026-06.09,35.0,60.0,105.0
0003I,60000,71801,IRYO,Frecciarossa,2026-02-27 08:22:00,2026-02-27 10:59:00,0 days 02:37:00,0003I_27-02-2026-08.22,42.0,72.0,122.0
0003I,60000,71801,IRYO,Frecciarossa,2026-02-27 08:50:00,2026-02-27 11:27:00,0 days 02:37:00,0003I_27-02-2026-08.50,37.8,60.0,105.0
0002I,60000,04040,IRYO,Frecciarossa,2026-02-27 09:22:00,2026-02-27 10:40:00,0 days 01:18:00,0002I_27-02-2026-09.22,45.0,70.0,115.0
0002I,60000,71801,IRYO,Frecciarossa,2026-02-27 09:22:00,2026-02-27 12:14:00,0 days 02:52:00,0002I_27-02-2026-09.22,45.0,70.0,115.0
0001I,60000,04040,IRYO,Frecciarossa,2026-02-27 09:57:00,2026-02-27 11:17:00,0 days 01:20:00,0001I_27-02-2026-09.57,87.55,110.0,135.0
0001I,60000,71801,IRYO,Frecciarossa,2026-02-27 09:57:00,2026-02-27 12:49:00,0 days 02:52:00,0001I_27-02-2026-09.57,87.55,110.0,135.0
0002I,04040,71801,IRYO,Frecciarossa,2026-02-27 10:41:00,2026-02-27 12:14:00,0 days 01:33:00,0002I_27-02-2026-09.22,45.0,70.0,115.0
0001I,04040,71801,IRYO,Frecciarossa,2026-02-27 11:18:00,2026-02-27 12:49:00,0 days 01:31:00,0001I_27-02-2026-09.57,85.0,110.0,135.0
0002I,60000,04040,IRYO,Frecciarossa,2026-02-27 11:22:00,2026-02-27 12:40:00,0 days 01:18:00,0002I_27-02-2026-11.22,54.0,84.0,134.0
0002I,60000,71801,IRYO,Frecciarossa,2026-02-27 11:22:00,2026-02-27 14:14:00,0 days 02:52:00,0002I_27-02-2026-11.22,54.0,84.0,134.0
0002I,60000,04040,IRYO,Frecciarossa,2026-02-27 12:22:00,2026-02-27 13:40:00,0 days 01:18:00,0002I_27-02-2026-12.22,65.0,90.0,135.0
0002I,60000,71801,IRYO,Frecciarossa,2026-02-27 12:22:00,2026-02-27 15:14:00,0 days 02:52:00,0002I_27-02-2026-12.22,65.0,90.0,135.0
0002I,04040,71801,IRYO,Frecciarossa,2026-02-27 12:41:00,2026-02-27 14:14:00,0 days 01:33:00,0002I_27-02-2026-11.22,54.0,84.0,134.0
0002I,04040,71801,IRYO,Frecciarossa,2026-02-27 13:41:00,2026-02-27 15:14:00,0 days 01:33:00,0002I_27-02-2026-12.22,65.0,90.0,135.0
0001I,60000,71801,IRYO,Frecciarossa,2026-02-27 14:02:00,2026-02-27 16:54:00,0 days 02:52:00,0001I_27-02-2026-14.02,78.0,108.0,158.0
0001I,60000,04040,IRYO,Frecciarossa,2026-02-27 14:02:00,2026-02-27 15:22:00,0 days 01:20:00,0001I_27-02-2026-14.02,78.0,108.0,158.0
0005I,60000,71801,IRYO,Frecciarossa,2026-02-27 14:42:00,2026-02-27 17:41:00,0 days 02:59:00,0005I_27-02-2026-14.42,98.53,100.0,135.0
0005I,60000,04040,IRYO,Frecciarossa,2026-02-27 14:42:00,2026-02-27 16:02:00,0 days 01:20:00,0005I_27-02-2026-14.42,98.53,100.0,135.0
0001I,04040,71801,IRYO,Frecciarossa,2026-02-27 15:23:00,2026-02-27 16:54:00,0 days 01:31:00,0001I_27-02-2026-14.02,78.0,108.0,158.0
0003I,60000,71801,IRYO,Frecciarossa,2026-02-27 15:52:00,2026-02-27 18:29:00,0 days 02:37:00,0003I_27-02-2026-15.52,52.48,77.0,115.0
0005I,04040,71801,IRYO,Frecciarossa,2026-02-27 16:03:00,2026-02-27 17:41:00,0 days 01:38:00,0005I_27-02-2026-14.42,98.53,100.0,135.0
0003I,60000,71801,IRYO,Frecciarossa,2026-02-27 16:37:00,2026-02-27 19:14:00,0 days 02:37:00,0003I_27-02-2026-16.37,65.0,90.0,135.0
0002I,60000,71801,IRYO,Frecciarossa,2026-02-27 17:22:00,2026-02-27 20:14:00,0 days 02:52:00,0002I_27-02-2026-17.22,48.6,70.0,118.74
0002I,60000,04040,IRYO,Frecciarossa,2026-02-27 17:22:00,2026-02-27 18:40:00,0 days 01:18:00,0002I_27-02-2026-17.22,48.6,70.0,118.74
0003I,60000,71801,IRYO,Frecciarossa,2026-02-27 18:32:00,2026-02-27 21:09:00,0 days 02:37:00,0003I_27-02-2026-18.32,48.6,77.0,118.74
0002I,04040,71801,IRYO,Frecciarossa,2026-02-27 18:41:00,2026-02-27 20:14:00,0 days 01:33:00,0002I_27-02-2026-17.22,48.6,70.0,118.74
0002I,60000,71801,IRYO,Frecciarossa,2026-02-27 19:29:00,2026-02-27 22:21:00,0 days 02:52:00,0002I_27-02-2026-19.29,92.88,110.0,139.53
0002I,60000,04040,IRYO,Frecciarossa,2026-02-27 19:29:00,2026-02-27 20:47:00,0 days 01:18:00,0002I_27-02-2026-19.29,92.88,110.0,139.53
0006I,60000,71801,IRYO,Frecciarossa,2026-02-27 20:22:00,2026-02-27 23:14:00,0 days 02:52:00,0006I_27-02-2026-20.22,42.0,72.0,122.0
0006I,60000,04040,IRYO,Frecciarossa,2026-02-27 20:22:00,2026-02-27 21:41:00,0 days 01:19:00,0006I_27-02-2026-20.22,42.0,72.0,122.0
0002I,04040,71801,IRYO,Frecciarossa,2026-02-27 20:48:00,2026-02-27 22:21:00,0 days 01:33:00,0002I_27-02-2026-19.29,92.88,100.0,135.0
0006I,04040,71801,IRYO,Frecciarossa,2026-02-27 21:42:00,2026-02-27 23:14:00,0 days 01:32:00,0006I_27-02-2026-20.22,42.0,72.0,122.0
0003I,60000,71801,IRYO,Frecciarossa,2026-02-28 07:22:00,2026-02-28 09:59:00,0 days 02:37:00,0003I_28-02-2026-07.22,35.0,60.0,105.0
0003I,60000,71801,IRYO,Frecciarossa,2026-02-28 08:22:00,2026-02-28 10:59:00,0 days 02:37:00,0003I_28-02-2026-08.22,35.55,60.0,105.0
0003I,60000,71801,IRYO,Frecciarossa,2026-02-28 08:50:00,2026-02-28 11:27:00,0 days 02:37:00,0003I_28-02-2026-08.50,37.8,60.0,105.0
0002I,60000,71801,IRYO,Frecciarossa,2026-02-28 09:22:00,2026-02-28 12:14:00,0 days 02:52:00,0002I_28-02-2026-09.22,42.0,72.0,122.0
0002I,60000,04040,IRYO,Frecciarossa,2026-02-28 09:22:00,2026-02-28 10:40:00,0 days 01:18:00,0002I_28-02-2026-09.22,42.0,72.0,122.0
0001I,60000,04040,IRYO,Frecciarossa,2026-02-28 09:57:00,2026-02-28 11:17:00,0 days 01:20:00,0001I_28-02-2026-09.57,65.0,80.0,115.0
0001I,60000,71801,IRYO,Frecciarossa,2026-02-28 09:57:00,2026-02-28 12:49:00,0 days 02:52:00,0001I_28-02-2026-09.57,65.0,80.0,115.0
0002I,04040,71801,IRYO,Frecciarossa,2026-02-28 10:41:00,2026-02-28 12:14:00,0 days 01:33:00,0002I_28-02-2026-09.22,42.0,72.0,122.0
0001I,04040,71801,IRYO,Frecciarossa,2026-02-28 11:18:00,2026-02-28 12:49:00,0 days 01:31:00,0001I_28-02-2026-09.57,65.0,80.0,115.0
0002I,60000,04040,IRYO,Frecciarossa,2026-02-28 11:22:00,2026-02-28 12:40:00,0 days 01:18:00,0002I_28-02-2026-11.22,44.08,66.0,105.0
0002I,60000,71801,IRYO,Frecciarossa,2026-02-28 11:22:00,2026-02-28 14:14:00,0 days 02:52:00,0002I_28-02-2026-11.22,44.08,66.0,105.0
0002I,60000,71801,IRYO,Frecciarossa,2026-02-28 12:22:00,2026-02-28 15:14:00,0 days 02:52:00,0002I_28-02-2026-12.22,42.0,72.0,122.0
0002I,60000,04040,IRYO,Frecciarossa,2026-02-28 12:22:00,2026-02-28 13:40:00,0 days 01:18:00,0002I_28-02-2026-12.22,42.0,72.0,122.0
0002I,04040,71801,IRYO,Frecciarossa,2026-02-28 12:41:00,2026-02-28 14:14:00,0 days 01:33:00,0002I_28-02-2026-11.22,44.08,66.0,105.0
0002I,04040,71801,IRYO,Frecciarossa,2026-02-28 13:41:00,2026-02-28 15:14:00,0 days 01:33:00,0002I_28-02-2026-12.22,42.0,72.0,122.0
0001I,60000,04040,IRYO,Frecciarossa,2026-02-28 14:02:00,2026-02-28 15:22:00,0 days 01:20:00,0001I_28-02-2026-14.02,42.0,72.0,122.0
0001I,60000,71801,IRYO,Frecciarossa,2026-02-28 14:02:00,2026-02-28 16:54:00,0 days 02:52:00,0001I_28-02-2026-14.02,42.0,72.0,122.0
0005I,60000,71801,IRYO,Frecciarossa,2026-02-28 14:42:00,2026-02-28 17:41:00,0 days 02:59:00,0005I_28-02-2026-14.42,75.35,80.0,115.0
0005I,60000,04040,IRYO,Frecciarossa,2026-02-28 14:42:00,2026-02-28 16:02:00,0 days 01:20:00,0005I_28-02-2026-14.42,75.35,80.0,115.0
0001I,04040,71801,IRYO,Frecciarossa,2026-02-28 15:23:00,2026-02-28 16:54:00,0 days 01:31:00,0001I_28-02-2026-14.02,42.0,72.0,122.0
0003I,60000,71801,IRYO,Frecciarossa,2026-02-28 15:52:00,2026-02-28 18:29:00,0 days 02:37:00,0003I_28-02-2026-15.52,35.0,60.0,105.0
0005I,04040,71801,IRYO,Frecciarossa,2026-02-28 16:03:00,2026-02-28 17:41:00,0 days 01:38:00,0005I_28-02-2026-14.42,75.35,80.0,115.0
0003I,60000,71801,IRYO,Frecciarossa,2026-02-28 16:37:00,2026-02-28 19:14:00,0 days 02:37:00,0003I_28-02-2026-16.37,35.0,60.0,105.0
0002I,60000,71801,IRYO,Frecciarossa,2026-02-28 17:22:00,2026-02-28 20:14:00,0 days 02:52:00,0002I_28-02-2026-17.22,35.0,60.0,105.0
0002I,60000,04040,IRYO,Frecciarossa,2026-02-28 17:22:00,2026-02-28 18:40:00,0 days 01:18:00,0002I_28-02-2026-17.22,35.0,60.0,105.0
0003I,60000,71801,IRYO,Frecciarossa,2026-02-28 18:32:00,2026-02-28 21:09:00,0 days 02:37:00,0003I_28-02-2026-18.32,37.8,60.0,105.0
0002I,04040,71801,IRYO,Frecciarossa,2026-02-28 18:41:00,2026-02-28 20:14:00,0 days 01:33:00,0002I_28-02-2026-17.22,35.0,60.0,105.0
0002I,60000,71801,IRYO,Frecciarossa,2026-02-28 19:29:00,2026-02-28 22:21:00,0 days 02:52:00,0002I_28-02-2026-19.29,78.0,96.0,134.0
0002I,60000,04040,IRYO,Frecciarossa,2026-02-28 19:29:00,2026-02-28 20:47:00,0 days 01:18:00,0002I_28-02-2026-19.29,78.0,96.0,134.0
0002I,04040,71801,IRYO,Frecciarossa,2026-02-28 20:48:00,2026-02-28 22:21:00,0 days 01:33:00,0002I_28-02-2026-19.29,78.0,96.0,134.0
