trip_id,origin,destination,tsp,train_type,departure,arrival,duration,service_id,Básico,Elige,Elige Confort,Prémium,Adulto ida
03301,60000,04040,Renfe,AVE,2026-02-01 06:27:00,2026-02-01 07:52:00,0 days 01:25:00,03301_01-02-2026-06.27,39.0,46.8,41.5,60.5,
03301,60000,71801,Renfe,AVE,2026-02-01 06:27:00,2026-02-01 09:31:00,0 days 03:04:00,03301_01-02-2026-06.27,47.45,59.3,78.85,97.85,
03301,60000,04104,Renfe,AVE,2026-02-01 06:27:00,2026-02-01 08:53:00,0 days 02:26:00,03301_01-02-2026-06.27,43.0,53.75,71.5,90.5,
03073,60000,78400,Renfe,AVE,2026-02-01 07:27:00,2026-02-01 09:35:00,0 days 02:08:00,03073_01-02-2026-07.27,58.45,68.2,77.75,96.75,
03073,60000,04007,Renfe,AVE,2026-02-01 07:27:00,2026-02-01 07:52:00,0 days 00:25:00,03073_01-02-2026-07.27,45.7,49.55,60.8,79.8,
03073,60000,04040,Renfe,AVE,2026-02-01 07:27:00,2026-02-01 08:51:00,0 days 01:24:00,03073_01-02-2026-07.27,46.8,54.6,62.25,81.25,
03073,60000,71801,Renfe,AVE,2026-02-01 07:27:00,2026-02-01 10:46:00,0 days 03:19:00,03073_01-02-2026-07.27,71.15,83.0,78.85,97.85,
03073,60000,04104,Renfe,AVE,2026-02-01 07:27:00,2026-02-01 10:04:00,0 days 02:37:00,03073_01-02-2026-07.27,75.25,86.0,85.8,104.8,
03073,04007,71801,Renfe,AVE,2026-02-01 07:53:00,2026-02-01 10:46:00,0 days 02:53:00,03073_01-02-2026-07.27,66.95,78.1,74.2,93.2,
03073,04007,04104,Renfe,AVE,2026-02-01 07:53:00,2026-02-01 10:04:00,0 days 02:11:00,03073_01-02-2026-07.27,69.7,79.7,79.5,98.5,
03073,04007,04040,Renfe,AVE,2026-02-01 07:53:00,2026-02-01 08:51:00,0 days 00:58:00,03073_01-02-2026-07.27,41.0,47.8,54.5,73.5,
03301,04040,71801,Renfe,AVE,2026-02-01 07:53:00,2026-02-01 09:31:00,0 days 01:38:00,03301_01-02-2026-06.27,40.05,48.05,53.25,72.25,
03073,04007,78400,Renfe,AVE,2026-02-01 07:53:00,2026-02-01 09:35:00,0 days 01:42:00,03073_01-02-2026-07.27,53.35,62.25,70.95,89.95,
03301,04040,04104,Renfe,AVE,2026-02-01 07:53:00,2026-02-01 08:53:00,0 days 01:00:00,03301_01-02-2026-06.27,32.4,38.9,43.1,62.1,
03083,60000,71801,Renfe,AVE,2026-02-01 08:27:00,2026-02-01 11:19:00,0 days 02:52:00,03083_01-02-2026-08.27,83.0,94.9,94.65,113.65,
03083,60000,04040,Renfe,AVE,2026-02-01 08:27:00,2026-02-01 09:45:00,0 days 01:18:00,03083_01-02-2026-08.27,62.4,70.2,72.6,91.6,
03073,04040,04104,Renfe,AVE,2026-02-01 08:52:00,2026-02-01 10:04:00,0 days 01:12:00,03073_01-02-2026-07.27,51.85,58.3,60.35,79.35,
03073,04040,71801,Renfe,AVE,2026-02-01 08:52:00,2026-02-01 10:46:00,0 days 01:54:00,03073_01-02-2026-07.27,56.05,64.1,63.9,82.9,
03073,04040,78400,Renfe,AVE,2026-02-01 08:52:00,2026-02-01 09:35:00,0 days 00:43:00,03073_01-02-2026-07.27,36.0,41.1,47.85,66.85,
03301,04104,71801,Renfe,AVE,2026-02-01 08:55:00,2026-02-01 09:31:00,0 days 00:36:00,03301_01-02-2026-06.27,26.7,31.15,35.5,54.5,
02561,60000,04040,Renfe,AVE,2026-02-01 09:27:00,2026-02-01 10:46:00,0 days 01:19:00,02561_01-02-2026-09.27,54.6,62.4,72.6,91.6,
02561,60000,71801,Renfe,AVE,2026-02-01 09:27:00,2026-02-01 12:41:00,0 days 03:14:00,02561_01-02-2026-09.27,71.15,83.0,94.65,113.65,
02561,60000,78400,Renfe,AVE,2026-02-01 09:27:00,2026-02-01 11:32:00,0 days 02:05:00,02561_01-02-2026-09.27,68.2,77.9,90.7,109.7,
02561,60000,04104,Renfe,AVE,2026-02-01 09:27:00,2026-02-01 12:00:00,0 days 02:33:00,02561_01-02-2026-09.27,75.25,86.0,100.1,119.1,
03073,78400,04104,Renfe,AVE,2026-02-01 09:37:00,2026-02-01 10:04:00,0 days 00:27:00,03073_01-02-2026-07.27,28.75,32.9,38.25,57.25,
03073,78400,71801,Renfe,AVE,2026-02-01 09:37:00,2026-02-01 10:46:00,0 days 01:09:00,03073_01-02-2026-07.27,40.8,46.65,54.3,73.3,
03083,04040,71801,Renfe,AVE,2026-02-01 09:46:00,2026-02-01 11:19:00,0 days 01:33:00,03083_01-02-2026-08.27,56.05,64.1,63.9,82.9,
03073,04104,71801,Renfe,AVE,2026-02-01 10:06:00,2026-02-01 10:46:00,0 days 00:40:00,03073_01-02-2026-07.27,31.15,35.6,41.45,60.45,
03303,60000,71801,Renfe,AVE,2026-02-01 10:27:00,2026-02-01 13:19:00,0 days 02:52:00,03303_01-02-2026-10.27,94.9,106.75,126.2,145.2,
03303,60000,04040,Renfe,AVE,2026-02-01 10:27:00,2026-02-01 11:47:00,0 days 01:20:00,03303_01-02-2026-10.27,93.6,101.4,93.35,112.35,
00605,60000,04007,Renfe,ALVIA,2026-02-01 10:32:00,2026-02-01 10:59:00,0 days 00:27:00,00605_01-02-2026-10.32,26.45,28.35,30.15,,
02561,04040,78400,Renfe,AVE,2026-02-01 10:47:00,2026-02-01 11:32:00,0 days 00:45:00,02561_01-02-2026-09.27,41.1,46.25,54.7,73.7,
02561,04040,71801,Renfe,AVE,2026-02-01 10:47:00,2026-02-01 12:41:00,0 days 01:54:00,02561_01-02-2026-09.27,56.05,64.1,74.55,93.55,
02561,04040,04104,Renfe,AVE,2026-02-01 10:47:00,2026-02-01 12:00:00,0 days 01:13:00,02561_01-02-2026-09.27,51.85,58.3,68.95,87.95,
00533,04040,71801,Renfe,ALVIA,2026-02-01 11:09:00,2026-02-01 13:09:00,0 days 02:00:00,00533_01-02-2026-11.09,59.3,65.25,71.0,,
00533,04040,78400,Renfe,ALVIA,2026-02-01 11:09:00,2026-02-01 11:58:00,0 days 00:49:00,00533_01-02-2026-11.09,41.9,45.7,50.65,,
00533,04040,04104,Renfe,ALVIA,2026-02-01 11:09:00,2026-02-01 12:31:00,0 days 01:22:00,00533_01-02-2026-11.09,52.8,57.6,63.85,,
03113,60000,04104,Renfe,AVE,2026-02-01 11:27:00,2026-02-01 14:04:00,0 days 02:37:00,03113_01-02-2026-11.27,96.75,107.5,114.4,133.4,
03113,60000,78400,Renfe,AVE,2026-02-01 11:27:00,2026-02-01 13:35:00,0 days 02:08:00,03113_01-02-2026-11.27,87.65,97.4,103.65,122.65,
03113,60000,71801,Renfe,AVE,2026-02-01 11:27:00,2026-02-01 14:46:00,0 days 03:19:00,03113_01-02-2026-11.27,94.9,106.75,110.4,129.4,
03113,60000,04040,Renfe,AVE,2026-02-01 11:27:00,2026-02-01 12:51:00,0 days 01:24:00,03113_01-02-2026-11.27,70.2,78.0,83.0,102.0,
02561,78400,71801,Renfe,AVE,2026-02-01 11:34:00,2026-02-01 12:41:00,0 days 01:07:00,02561_01-02-2026-09.27,46.65,52.45,62.05,81.05,
02561,78400,04104,Renfe,AVE,2026-02-01 11:34:00,2026-02-01 12:00:00,0 days 00:26:00,02561_01-02-2026-09.27,32.9,37.0,43.75,62.75,
03303,04040,71801,Renfe,AVE,2026-02-01 11:48:00,2026-02-01 13:19:00,0 days 01:31:00,03303_01-02-2026-10.27,88.1,96.1,106.55,125.55,
00533,78400,71801,Renfe,ALVIA,2026-02-01 12:00:00,2026-02-01 13:09:00,0 days 01:09:00,00533_01-02-2026-11.09,47.5,51.85,57.45,,
00533,78400,04104,Renfe,ALVIA,2026-02-01 12:00:00,2026-02-01 12:31:00,0 days 00:31:00,00533_01-02-2026-11.09,33.55,36.6,40.55,,
02561,04104,71801,Renfe,AVE,2026-02-01 12:02:00,2026-02-01 12:41:00,0 days 00:39:00,02561_01-02-2026-09.27,35.6,40.05,47.35,66.35,
02591,60000,71801,Renfe,AVE,2026-02-01 12:27:00,2026-02-01 15:44:00,0 days 03:17:00,02591_01-02-2026-12.27,59.3,71.15,78.85,97.85,
02591,60000,04040,Renfe,AVE,2026-02-01 12:27:00,2026-02-01 13:45:00,0 days 01:18:00,02591_01-02-2026-12.27,46.8,54.6,62.25,81.25,
02591,60000,78400,Renfe,AVE,2026-02-01 12:27:00,2026-02-01 14:29:00,0 days 02:02:00,02591_01-02-2026-12.27,58.45,68.2,77.75,96.75,
00533,04104,71801,Renfe,ALVIA,2026-02-01 12:33:00,2026-02-01 13:09:00,0 days 00:36:00,00533_01-02-2026-11.09,36.3,39.6,43.9,,
03943,04040,04104,Renfe,AVE,2026-02-01 12:37:00,2026-02-01 13:43:00,0 days 01:06:00,03943_01-02-2026-12.37,58.3,64.8,77.55,96.55,
03993,04040,04104,Renfe,AVE,2026-02-01 12:37:00,2026-02-01 13:43:00,0 days 01:06:00,03993_01-02-2026-12.37,71.3,77.75,86.2,105.2,
03943,04040,71801,Renfe,AVE,2026-02-01 12:37:00,2026-02-01 14:25:00,0 days 01:48:00,03943_01-02-2026-12.37,64.1,72.1,85.25,104.25,
03993,04040,71801,Renfe,AVE,2026-02-01 12:37:00,2026-02-01 14:25:00,0 days 01:48:00,03993_01-02-2026-12.37,80.1,88.1,95.9,114.9,
03943,04040,78400,Renfe,AVE,2026-02-01 12:37:00,2026-02-01 13:17:00,0 days 00:40:00,03943_01-02-2026-12.37,46.25,51.4,61.55,80.55,
03993,04040,78400,Renfe,AVE,2026-02-01 12:37:00,2026-02-01 13:17:00,0 days 00:40:00,03993_01-02-2026-12.37,56.55,61.7,68.35,87.35,
03113,04040,71801,Renfe,AVE,2026-02-01 12:52:00,2026-02-01 14:46:00,0 days 01:54:00,03113_01-02-2026-11.27,64.1,72.1,85.25,104.25,
03113,04040,78400,Renfe,AVE,2026-02-01 12:52:00,2026-02-01 13:35:00,0 days 00:43:00,03113_01-02-2026-11.27,30.85,36.0,61.55,80.55,
03113,04040,04104,Renfe,AVE,2026-02-01 12:52:00,2026-02-01 14:04:00,0 days 01:12:00,03113_01-02-2026-11.27,58.3,64.8,77.55,96.55,
09725,60000,04104,Renfe,AVE INT,2026-02-01 13:15:00,2026-02-01 15:37:00,0 days 02:22:00,09725_01-02-2026-13.15,64.5,75.25,100.1,119.1,
09725,60000,71801,Renfe,AVE INT,2026-02-01 13:15:00,2026-02-01 16:19:00,0 days 03:04:00,09725_01-02-2026-13.15,71.15,83.0,110.4,129.4,
03943,78400,04104,Renfe,AVE,2026-02-01 13:19:00,2026-02-01 13:43:00,0 days 00:24:00,03943_01-02-2026-12.37,37.0,41.1,49.2,68.2,
03993,78400,04104,Renfe,AVE,2026-02-01 13:19:00,2026-02-01 13:43:00,0 days 00:24:00,03993_01-02-2026-12.37,45.2,49.3,54.65,73.65,
03993,78400,71801,Renfe,AVE,2026-02-01 13:19:00,2026-02-01 14:25:00,0 days 01:06:00,03993_01-02-2026-12.37,64.15,69.95,77.55,96.55,
03943,78400,71801,Renfe,AVE,2026-02-01 13:19:00,2026-02-01 14:25:00,0 days 01:06:00,03943_01-02-2026-12.37,52.45,58.3,69.8,88.8,
03113,78400,71801,Renfe,AVE,2026-02-01 13:37:00,2026-02-01 14:46:00,0 days 01:09:00,03113_01-02-2026-11.27,52.45,58.3,69.8,88.8,
34813,78400,71801,Renfe,AVANT,2026-02-01 13:37:00,2026-02-01 14:46:00,0 days 01:09:00,34813_01-02-2026-13.37,,,,,31.5
03113,78400,04104,Renfe,AVE,2026-02-01 13:37:00,2026-02-01 14:04:00,0 days 00:27:00,03113_01-02-2026-11.27,37.0,41.1,49.2,68.2,
34813,78400,04104,Renfe,AVANT,2026-02-01 13:37:00,2026-02-01 14:04:00,0 days 00:27:00,34813_01-02-2026-13.37,,,,,15.0
09725,04007,04104,Renfe,AVE INT,2026-02-01 13:43:00,2026-02-01 15:37:00,0 days 01:54:00,09725_01-02-2026-13.15,59.75,69.7,92.75,111.75,
09725,04007,71801,Renfe,AVE INT,2026-02-01 13:43:00,2026-02-01 16:19:00,0 days 02:36:00,09725_01-02-2026-13.15,66.95,78.1,103.9,122.9,
03943,04104,71801,Renfe,AVE,2026-02-01 13:45:00,2026-02-01 14:25:00,0 days 00:40:00,03943_01-02-2026-12.37,40.05,44.5,53.25,72.25,
03993,04104,71801,Renfe,AVE,2026-02-01 13:45:00,2026-02-01 14:25:00,0 days 00:40:00,03993_01-02-2026-12.37,48.95,53.4,59.2,78.2,
02591,04040,71801,Renfe,AVE,2026-02-01 13:46:00,2026-02-01 15:44:00,0 days 01:58:00,02591_01-02-2026-12.27,40.05,48.05,53.25,72.25,
02591,04040,78400,Renfe,AVE,2026-02-01 13:46:00,2026-02-01 14:29:00,0 days 00:43:00,02591_01-02-2026-12.27,30.85,36.0,41.0,60.0,
03141,60000,71801,Renfe,AVE,2026-02-01 13:57:00,2026-02-01 16:34:00,0 days 02:37:00,03141_01-02-2026-13.57,97.95,111.9,111.65,130.65,
03113,04104,71801,Renfe,AVE,2026-02-01 14:06:00,2026-02-01 14:46:00,0 days 00:40:00,03113_01-02-2026-11.27,40.05,44.5,53.25,72.25,
34813,04104,71801,Renfe,AVANT,2026-02-01 14:06:00,2026-02-01 14:46:00,0 days 00:40:00,34813_01-02-2026-13.37,,,,,18.5
03143,60000,71801,Renfe,AVE,2026-02-01 14:27:00,2026-02-01 17:24:00,0 days 02:57:00,03143_01-02-2026-14.27,106.75,118.6,141.95,160.95,
03143,60000,04040,Renfe,AVE,2026-02-01 14:27:00,2026-02-01 15:51:00,0 days 01:24:00,03143_01-02-2026-14.27,78.0,85.8,103.75,122.75,
34823,78400,71801,Renfe,AVANT,2026-02-01 14:31:00,2026-02-01 15:44:00,0 days 01:13:00,34823_01-02-2026-14.31,,,,,31.5
02591,78400,71801,Renfe,AVE,2026-02-01 14:31:00,2026-02-01 15:44:00,0 days 01:13:00,02591_01-02-2026-12.27,23.3,29.15,46.5,65.5,
00609,60000,04007,Renfe,ALVIA,2026-02-01 14:47:00,2026-02-01 15:15:00,0 days 00:28:00,00609_01-02-2026-14.47,26.45,28.35,30.15,,
03305,60000,78400,Renfe,AVE,2026-02-01 15:27:00,2026-02-01 17:35:00,0 days 02:08:00,03305_01-02-2026-15.27,97.4,107.15,116.6,135.6,
03305,60000,04040,Renfe,AVE,2026-02-01 15:27:00,2026-02-01 16:50:00,0 days 01:23:00,03305_01-02-2026-15.27,109.2,117.0,103.75,122.75,
03305,60000,04104,Renfe,AVE,2026-02-01 15:27:00,2026-02-01 18:03:00,0 days 02:36:00,03305_01-02-2026-15.27,107.5,118.25,128.7,147.7,
03305,60000,71801,Renfe,AVE,2026-02-01 15:27:00,2026-02-01 18:46:00,0 days 03:19:00,03305_01-02-2026-15.27,118.6,130.45,141.95,160.95,
03143,04040,71801,Renfe,AVE,2026-02-01 15:52:00,2026-02-01 17:24:00,0 days 01:32:00,03143_01-02-2026-14.27,48.05,56.05,95.9,114.9,
03161,60000,71801,Renfe,AVE,2026-02-01 15:57:00,2026-02-01 18:34:00,0 days 02:37:00,03161_01-02-2026-15.57,83.95,97.95,111.65,130.65,
03363,60000,04040,Renfe,AVE,2026-02-01 16:02:00,2026-02-01 17:26:00,0 days 01:24:00,03363_01-02-2026-16.02,62.4,70.2,93.35,112.35,
03163,60000,04040,Renfe,AVE,2026-02-01 16:27:00,2026-02-01 17:45:00,0 days 01:18:00,03163_01-02-2026-16.27,70.2,78.0,83.0,102.0,
03163,60000,71801,Renfe,AVE,2026-02-01 16:27:00,2026-02-01 19:19:00,0 days 02:52:00,03163_01-02-2026-16.27,94.9,106.75,110.4,129.4,
03305,04040,78400,Renfe,AVE,2026-02-01 16:51:00,2026-02-01 17:35:00,0 days 00:44:00,03305_01-02-2026-15.27,61.7,66.8,75.2,94.2,
03305,04040,71801,Renfe,AVE,2026-02-01 16:51:00,2026-02-01 18:46:00,0 days 01:55:00,03305_01-02-2026-15.27,96.1,104.15,117.2,136.2,
03305,04040,04104,Renfe,AVE,2026-02-01 16:51:00,2026-02-01 18:03:00,0 days 01:12:00,03305_01-02-2026-15.27,77.75,84.25,94.8,113.8,
03171,60000,71801,Renfe,AVE,2026-02-01 16:57:00,2026-02-01 19:34:00,0 days 02:37:00,03171_01-02-2026-16.57,97.95,111.9,111.65,130.65,
03373,60000,78400,Renfe,AVE,2026-02-01 17:27:00,2026-02-01 19:35:00,0 days 02:08:00,03373_01-02-2026-17.27,97.4,107.15,116.6,135.6,
03373,60000,04104,Renfe,AVE,2026-02-01 17:27:00,2026-02-01 20:04:00,0 days 02:37:00,03373_01-02-2026-17.27,107.5,118.25,128.7,147.7,
03373,60000,71801,Renfe,AVE,2026-02-01 17:27:00,2026-02-01 20:46:00,0 days 03:19:00,03373_01-02-2026-17.27,118.6,130.45,141.95,160.95,
03373,60000,04040,Renfe,AVE,2026-02-01 17:27:00,2026-02-01 18:51:00,0 days 01:24:00,03373_01-02-2026-17.27,109.2,117.0,103.75,122.75,
03163,04040,71801,Renfe,AVE,2026-02-01 17:46:00,2026-02-01 19:19:00,0 days 01:33:00,03163_01-02-2026-16.27,64.1,72.1,74.55,93.55,
03373,04007,04040,Renfe,AVE,2026-02-01 17:54:00,2026-02-01 18:51:00,0 days 00:57:00,03373_01-02-2026-17.27,81.95,88.8,90.85,109.85,
03373,04007,71801,Renfe,AVE,2026-02-01 17:54:00,2026-02-01 20:46:00,0 days 02:52:00,03373_01-02-2026-17.27,111.6,122.75,133.6,152.6,
03373,04007,04104,Renfe,AVE,2026-02-01 17:54:00,2026-02-01 20:04:00,0 days 02:10:00,03373_01-02-2026-17.27,99.6,109.55,119.2,138.2,
03373,04007,78400,Renfe,AVE,2026-02-01 17:54:00,2026-02-01 19:35:00,0 days 01:41:00,03373_01-02-2026-17.27,88.9,97.8,106.4,125.4,
02553,60000,71801,Renfe,AVE,2026-02-01 17:57:00,2026-02-01 20:34:00,0 days 02:37:00,02553_01-02-2026-17.57,83.0,94.9,110.4,129.4,
03183,60000,04040,Renfe,AVE,2026-02-01 18:27:00,2026-02-01 19:45:00,0 days 01:18:00,03183_01-02-2026-18.27,78.0,85.8,103.75,122.75,
03183,60000,04104,Renfe,AVE,2026-02-01 18:27:00,2026-02-01 20:44:00,0 days 02:17:00,03183_01-02-2026-18.27,96.75,107.5,128.7,147.7,
03183,60000,71801,Renfe,AVE,2026-02-01 18:27:00,2026-02-01 21:24:00,0 days 02:57:00,03183_01-02-2026-18.27,106.75,118.6,141.95,160.95,
03373,04040,78400,Renfe,AVE,2026-02-01 18:52:00,2026-02-01 19:35:00,0 days 00:43:00,03373_01-02-2026-17.27,71.95,77.1,75.2,94.2,
03373,04040,71801,Renfe,AVE,2026-02-01 18:52:00,2026-02-01 20:46:00,0 days 01:54:00,03373_01-02-2026-17.27,112.15,120.15,117.2,136.2,
03373,04040,04104,Renfe,AVE,2026-02-01 18:52:00,2026-02-01 20:04:00,0 days 01:12:00,03373_01-02-2026-17.27,90.7,97.2,94.8,113.8,
03191,60000,71801,Renfe,AVE,2026-02-01 18:57:00,2026-02-01 21:34:00,0 days 02:37:00,03191_01-02-2026-18.57,126.0,140.0,204.8,223.8,
02861,60000,04007,Renfe,AVE,2026-02-01 19:00:00,2026-02-01 19:28:00,0 days 00:28:00,02861_01-02-2026-19.00,45.7,49.55,60.8,79.8,
02861,60000,04040,Renfe,AVE,2026-02-01 19:00:00,2026-02-01 20:42:00,0 days 01:42:00,02861_01-02-2026-19.00,54.6,62.4,62.25,81.25,
02861,04007,04040,Renfe,AVE,2026-02-01 19:29:00,2026-02-01 20:42:00,0 days 01:13:00,02861_01-02-2026-19.00,47.8,54.65,54.5,73.5,
03309,60000,71801,Renfe,AVE,2026-02-01 19:34:00,2026-02-01 22:55:00,0 days 03:21:00,03309_01-02-2026-19.34,118.6,130.45,141.95,160.95,
03309,60000,78400,Renfe,AVE,2026-02-01 19:34:00,2026-02-01 21:46:00,0 days 02:12:00,03309_01-02-2026-19.34,97.4,107.15,116.6,135.6,
03309,60000,04104,Renfe,AVE,2026-02-01 19:34:00,2026-02-01 22:15:00,0 days 02:41:00,03309_01-02-2026-19.34,107.5,118.25,128.7,147.7,
03309,60000,04040,Renfe,AVE,2026-02-01 19:34:00,2026-02-01 21:02:00,0 days 01:28:00,03309_01-02-2026-19.34,109.2,117.0,103.75,122.75,
03183,04040,04104,Renfe,AVE,2026-02-01 19:46:00,2026-02-01 20:44:00,0 days 00:58:00,03183_01-02-2026-18.27,58.3,64.8,77.55,96.55,
03183,04040,71801,Renfe,AVE,2026-02-01 19:46:00,2026-02-01 21:24:00,0 days 01:38:00,03183_01-02-2026-18.27,72.1,80.1,95.9,114.9,
00437,04040,04104,Renfe,ALVIA,2026-02-01 19:52:00,2026-02-01 21:30:00,0 days 01:38:00,00437_01-02-2026-19.52,52.8,57.6,63.85,,
00437,04040,78400,Renfe,ALVIA,2026-02-01 19:52:00,2026-02-01 20:56:00,0 days 01:04:00,00437_01-02-2026-19.52,26.65,30.5,50.65,,
00437,04040,71801,Renfe,ALVIA,2026-02-01 19:52:00,2026-02-01 22:13:00,0 days 02:21:00,00437_01-02-2026-19.52,59.3,65.25,71.0,,
03931,04040,78400,Renfe,AVE,2026-02-01 20:01:00,2026-02-01 20:48:00,0 days 00:47:00,03931_01-02-2026-20.01,46.25,51.4,61.55,80.55,
03931,04040,04104,Renfe,AVE,2026-02-01 20:01:00,2026-02-01 21:16:00,0 days 01:15:00,03931_01-02-2026-20.01,58.3,64.8,77.55,96.55,
03309,04007,78400,Renfe,AVE,2026-02-01 20:01:00,2026-02-01 21:46:00,0 days 01:45:00,03309_01-02-2026-19.34,88.9,97.8,106.4,125.4,
03931,04040,71801,Renfe,AVE,2026-02-01 20:01:00,2026-02-01 21:58:00,0 days 01:57:00,03931_01-02-2026-20.01,64.1,72.1,85.25,104.25,
03309,04007,71801,Renfe,AVE,2026-02-01 20:01:00,2026-02-01 22:55:00,0 days 02:54:00,03309_01-02-2026-19.34,111.6,122.75,133.6,152.6,
03309,04007,04040,Renfe,AVE,2026-02-01 20:01:00,2026-02-01 21:02:00,0 days 01:01:00,03309_01-02-2026-19.34,81.95,88.8,90.85,109.85,
03309,04007,04104,Renfe,AVE,2026-02-01 20:01:00,2026-02-01 22:15:00,0 days 02:14:00,03309_01-02-2026-19.34,99.6,109.55,119.2,138.2,
03201,60000,71801,Renfe,AVE,2026-02-01 20:05:00,2026-02-01 22:42:00,0 days 02:37:00,03201_01-02-2026-20.05,83.95,97.95,111.65,130.65,
03203,60000,04007,Renfe,AVE,2026-02-01 20:27:00,2026-02-01 20:52:00,0 days 00:25:00,03203_01-02-2026-20.27,45.7,49.55,60.8,79.8,
03203,60000,04104,Renfe,AVE,2026-02-01 20:27:00,2026-02-01 23:07:00,0 days 02:40:00,03203_01-02-2026-20.27,96.75,107.5,114.4,133.4,
03203,60000,04040,Renfe,AVE,2026-02-01 20:27:00,2026-02-01 21:57:00,0 days 01:30:00,03203_01-02-2026-20.27,70.2,78.0,83.0,102.0,
03203,60000,78400,Renfe,AVE,2026-02-01 20:27:00,2026-02-01 22:40:00,0 days 02:13:00,03203_01-02-2026-20.27,87.65,97.4,103.65,122.65,
03203,60000,71801,Renfe,AVE,2026-02-01 20:27:00,2026-02-01 23:48:00,0 days 03:21:00,03203_01-02-2026-20.27,94.9,106.75,110.4,129.4,
03941,04040,78400,Renfe,AVE,2026-02-01 20:38:00,2026-02-01 21:20:00,0 days 00:42:00,03941_01-02-2026-20.38,56.55,61.7,68.35,87.35,
03991,04040,78400,Renfe,AVE,2026-02-01 20:38:00,2026-02-01 21:20:00,0 days 00:42:00,03991_01-02-2026-20.38,56.55,61.7,68.35,87.35,
03941,04040,71801,Renfe,AVE,2026-02-01 20:38:00,2026-02-01 22:35:00,0 days 01:57:00,03941_01-02-2026-20.38,80.1,88.1,95.9,114.9,
03941,04040,04104,Renfe,AVE,2026-02-01 20:38:00,2026-02-01 21:51:00,0 days 01:13:00,03941_01-02-2026-20.38,71.3,77.75,86.2,105.2,
03991,04040,71801,Renfe,AVE,2026-02-01 20:38:00,2026-02-01 22:35:00,0 days 01:57:00,03991_01-02-2026-20.38,80.1,88.1,95.9,114.9,
03991,04040,04104,Renfe,AVE,2026-02-01 20:38:00,2026-02-01 21:51:00,0 days 01:13:00,03991_01-02-2026-20.38,71.3,77.75,86.2,105.2,
03183,04104,71801,Renfe,AVE,2026-02-01 20:46:00,2026-02-01 21:24:00,0 days 00:38:00,03183_01-02-2026-18.27,40.05,44.5,53.25,72.25,
03931,78400,71801,Renfe,AVE,2026-02-01 20:50:00,2026-02-01 21:58:00,0 days 01:08:00,03931_01-02-2026-20.01,52.45,58.3,69.8,88.8,
03931,78400,04104,Renfe,AVE,2026-02-01 20:50:00,2026-02-01 21:16:00,0 days 00:26:00,03931_01-02-2026-20.01,37.0,41.1,49.2,68.2,
03203,04007,04104,Renfe,AVE,2026-02-01 20:53:00,2026-02-01 23:07:00,0 days 02:14:00,03203_01-02-2026-20.27,89.65,99.6,105.95,124.95,
03203,04007,04040,Renfe,AVE,2026-02-01 20:53:00,2026-02-01 21:57:00,0 days 01:04:00,03203_01-02-2026-20.27,61.45,68.3,72.65,91.65,
03203,04007,78400,Renfe,AVE,2026-02-01 20:53:00,2026-02-01 22:40:00,0 days 01:47:00,03203_01-02-2026-20.27,80.0,88.9,94.6,113.6,
03203,04007,71801,Renfe,AVE,2026-02-01 20:53:00,2026-02-01 23:48:00,0 days 02:55:00,03203_01-02-2026-20.27,89.3,100.45,103.9,122.9,
00437,78400,04104,Renfe,ALVIA,2026-02-01 20:58:00,2026-02-01 21:30:00,0 days 00:32:00,00437_01-02-2026-19.52,33.55,36.6,40.55,,
00437,78400,71801,Renfe,ALVIA,2026-02-01 20:58:00,2026-02-01 22:13:00,0 days 01:15:00,00437_01-02-2026-19.52,47.5,51.85,57.45,,
03309,04040,04104,Renfe,AVE,2026-02-01 21:03:00,2026-02-01 22:15:00,0 days 01:12:00,03309_01-02-2026-19.34,90.7,97.2,94.8,113.8,
03309,04040,71801,Renfe,AVE,2026-02-01 21:03:00,2026-02-01 22:55:00,0 days 01:52:00,03309_01-02-2026-19.34,112.15,120.15,117.2,136.2,
03309,04040,78400,Renfe,AVE,2026-02-01 21:03:00,2026-02-01 21:46:00,0 days 00:43:00,03309_01-02-2026-19.34,71.95,77.1,75.2,94.2,
02883,60000,71801,Renfe,AVE,2026-02-01 21:07:00,2026-02-01 23:59:00,0 days 02:52:00,02883_01-02-2026-21.07,94.9,106.75,110.4,129.4,
02883,60000,04040,Renfe,AVE,2026-02-01 21:07:00,2026-02-01 22:26:00,0 days 01:19:00,02883_01-02-2026-21.07,70.2,78.0,83.0,102.0,
03931,04104,71801,Renfe,AVE,2026-02-01 21:18:00,2026-02-01 21:58:00,0 days 00:40:00,03931_01-02-2026-20.01,40.05,44.5,53.25,72.25,
03941,78400,71801,Renfe,AVE,2026-02-01 21:22:00,2026-02-01 22:35:00,0 days 01:13:00,03941_01-02-2026-20.38,64.15,69.95,77.55,96.55,
03991,78400,71801,Renfe,AVE,2026-02-01 21:22:00,2026-02-01 22:35:00,0 days 01:13:00,03991_01-02-2026-20.38,64.15,69.95,77.55,96.55,
03991,78400,04104,Renfe,AVE,2026-02-01 21:22:00,2026-02-01 21:51:00,0 days 00:29:00,03991_01-02-2026-20.38,45.2,49.3,54.65,73.65,
03941,78400,04104,Renfe,AVE,2026-02-01 21:22:00,2026-02-01 21:51:00,0 days 00:29:00,03941_01-02-2026-20.38,45.2,49.3,54.65,73.65,
00437,04104,71801,Renfe,ALVIA,2026-02-01 21:32:00,2026-02-01 22:13:00,0 days 00:41:00,00437_01-02-2026-19.52,36.3,39.6,43.9,,
03941,04104,71801,Renfe,AVE,2026-02-01 21:53:00,2026-02-01 22:35:00,0 days 00:42:00,03941_01-02-2026-20.38,48.95,53.4,59.2,78.2,
03991,04104,71801,Renfe,AVE,2026-02-01 21:53:00,2026-02-01 22:35:00,0 days 00:42:00,03991_01-02-2026-20.38,48.95,53.4,59.2,78.2,
03203,04040,71801,Renfe,AVE,2026-02-01 21:58:00,2026-02-01 23:48:00,0 days 01:50:00,03203_01-02-2026-20.27,72.1,80.1,85.25,104.25,
03203,04040,78400,Renfe,AVE,2026-02-01 21:58:00,2026-02-01 22:40:00,0 days 00:42:00,03203_01-02-2026-20.27,51.4,56.55,61.55,80.55,
03203,04040,04104,Renfe,AVE,2026-02-01 21:58:00,2026-02-01 23:07:00,0 days 01:09:00,03203_01-02-2026-20.27,64.8,71.3,77.55,96.55,
02883,04040,71801,Renfe,AVE,2026-02-01 22:27:00,2026-02-01 23:59:00,0 days 01:32:00,02883_01-02-2026-21.07,64.1,72.1,85.25,104.25,
03203,78400,71801,Renfe,AVE,2026-02-01 22:42:00,2026-02-01 23:48:00,0 days 01:06:00,03203_01-02-2026-20.27,58.3,64.15,69.8,88.8,
03203,78400,04104,Renfe,AVE,2026-02-01 22:42:00,2026-02-01 23:07:00,0 days 00:25:00,03203_01-02-2026-20.27,41.1,45.2,49.2,68.2,
03203,04104,71801,Renfe,AVE,2026-02-01 23:09:00,2026-02-01 23:48:00,0 days 00:39:00,03203_01-02-2026-20.27,40.05,44.5,47.35,66.35,
03301,60000,71801,Renfe,AVE,2026-02-02 06:16:00,2026-02-02 09:05:00,0 days 02:49:00,03301_02-02-2026-06.16,71.15,83.0,94.65,113.65,
03301,60000,04104,Renfe,AVE,2026-02-02 06:16:00,2026-02-02 08:21:00,0 days 02:05:00,03301_02-02-2026-06.16,64.5,75.25,85.8,104.8,
03063,60000,04040,Renfe,AVE,2026-02-02 06:27:00,2026-02-02 07:52:00,0 days 01:25:00,03063_02-02-2026-06.27,70.2,78.0,83.0,102.0,
03063,60000,71801,Renfe,AVE,2026-02-02 06:27:00,2026-02-02 09:25:00,0 days 02:58:00,03063_02-02-2026-06.27,106.75,118.6,126.2,145.2,
03071,60000,71801,Renfe,AVE,2026-02-02 06:57:00,2026-02-02 09:34:00,0 days 02:37:00,03071_02-02-2026-06.57,97.95,111.9,186.05,205.05,
03073,60000,04040,Renfe,AVE,2026-02-02 07:27:00,2026-02-02 08:51:00,0 days 01:24:00,03073_02-02-2026-07.27,70.2,78.0,103.75,122.75,
03073,60000,71801,Renfe,AVE,2026-02-02 07:27:00,2026-02-02 10:46:00,0 days 03:19:00,03073_02-02-2026-07.27,94.9,106.75,141.95,160.95,
03073,60000,78400,Renfe,AVE,2026-02-02 07:27:00,2026-02-02 09:35:00,0 days 02:08:00,03073_02-02-2026-07.27,87.65,97.4,129.55,148.55,
03073,60000,04007,Renfe,AVE,2026-02-02 07:27:00,2026-02-02 07:52:00,0 days 00:25:00,03073_02-02-2026-07.27,45.7,49.55,60.8,79.8,
03073,60000,04104,Renfe,AVE,2026-02-02 07:27:00,2026-02-02 10:04:00,0 days 02:37:00,03073_02-02-2026-07.27,96.75,107.5,143.0,162.0,
03073,04007,04040,Renfe,AVE,2026-02-02 07:53:00,2026-02-02 08:51:00,0 days 00:58:00,03073_02-02-2026-07.27,61.45,68.3,90.85,109.85,
03073,04007,04104,Renfe,AVE,2026-02-02 07:53:00,2026-02-02 10:04:00,0 days 02:11:00,03073_02-02-2026-07.27,89.65,99.6,132.45,151.45,
03073,04007,78400,Renfe,AVE,2026-02-02 07:53:00,2026-02-02 09:35:00,0 days 01:42:00,03073_02-02-2026-07.27,80.0,88.9,118.25,137.25,
03063,04040,71801,Renfe,AVE,2026-02-02 07:53:00,2026-02-02 09:25:00,0 days 01:32:00,03063_02-02-2026-06.27,80.1,88.1,95.9,114.9,
03073,04007,71801,Renfe,AVE,2026-02-02 07:53:00,2026-02-02 10:46:00,0 days 02:53:00,03073_02-02-2026-07.27,89.3,100.45,133.6,152.6,
03081,60000,71801,Renfe,AVE,2026-02-02 07:57:00,2026-02-02 10:34:00,0 days 02:37:00,03081_02-02-2026-07.57,111.9,125.9,167.45,186.45,
03301,04104,71801,Renfe,AVE,2026-02-02 08:23:00,2026-02-02 09:05:00,0 days 00:42:00,03301_02-02-2026-06.16,26.7,31.15,35.5,54.5,
03083,60000,71801,Renfe,AVE,2026-02-02 08:27:00,2026-02-02 11:19:00,0 days 02:52:00,03083_02-02-2026-08.27,59.3,71.15,78.85,97.85,
03083,60000,04040,Renfe,AVE,2026-02-02 08:27:00,2026-02-02 09:45:00,0 days 01:18:00,03083_02-02-2026-08.27,46.8,54.6,62.25,81.25,
03073,04040,04104,Renfe,AVE,2026-02-02 08:52:00,2026-02-02 10:04:00,0 days 01:12:00,03073_02-02-2026-07.27,64.8,71.3,94.8,113.8,
03073,04040,78400,Renfe,AVE,2026-02-02 08:52:00,2026-02-02 09:35:00,0 days 00:43:00,03073_02-02-2026-07.27,51.4,56.55,75.2,94.2,
03073,04040,71801,Renfe,AVE,2026-02-02 08:52:00,2026-02-02 10:46:00,0 days 01:54:00,03073_02-02-2026-07.27,72.1,80.1,106.55,125.55,
03091,60000,71801,Renfe,AVE,2026-02-02 08:57:00,2026-02-02 11:41:00,0 days 02:44:00,03091_02-02-2026-08.57,55.95,69.95,74.45,93.45,
03091,60000,04104,Renfe,AVE,2026-02-02 08:57:00,2026-02-02 11:01:00,0 days 02:04:00,03091_02-02-2026-08.57,53.75,64.5,71.5,90.5,
02561,60000,71801,Renfe,AVE,2026-02-02 09:27:00,2026-02-02 12:41:00,0 days 03:14:00,02561_02-02-2026-09.27,59.3,71.15,94.65,113.65,
02561,60000,78400,Renfe,AVE,2026-02-02 09:27:00,2026-02-02 11:32:00,0 days 02:05:00,02561_02-02-2026-09.27,58.45,68.2,90.7,109.7,
02561,60000,04104,Renfe,AVE,2026-02-02 09:27:00,2026-02-02 12:00:00,0 days 02:33:00,02561_02-02-2026-09.27,64.5,75.25,100.1,119.1,
02561,60000,04040,Renfe,AVE,2026-02-02 09:27:00,2026-02-02 10:46:00,0 days 01:19:00,02561_02-02-2026-09.27,46.8,54.6,72.6,91.6,
03073,78400,71801,Renfe,AVE,2026-02-02 09:37:00,2026-02-02 10:46:00,0 days 01:09:00,03073_02-02-2026-07.27,58.3,64.15,85.3,104.3,
03073,78400,04104,Renfe,AVE,2026-02-02 09:37:00,2026-02-02 10:04:00,0 days 00:27:00,03073_02-02-2026-07.27,41.1,45.2,60.15,79.15,
03083,04040,71801,Renfe,AVE,2026-02-02 09:46:00,2026-02-02 11:19:00,0 days 01:33:00,03083_02-02-2026-08.27,40.05,48.05,53.25,72.25,
03073,04104,71801,Renfe,AVE,2026-02-02 10:06:00,2026-02-02 10:46:00,0 days 00:40:00,03073_02-02-2026-07.27,44.5,48.95,65.1,84.1,
03303,60000,04040,Renfe,AVE,2026-02-02 10:27:00,2026-02-02 11:47:00,0 days 01:20:00,03303_02-02-2026-10.27,78.0,85.8,83.0,102.0,
03303,60000,71801,Renfe,AVE,2026-02-02 10:27:00,2026-02-02 13:19:00,0 days 02:52:00,03303_02-02-2026-10.27,83.0,94.9,110.4,129.4,
00605,60000,04007,Renfe,ALVIA,2026-02-02 10:32:00,2026-02-02 10:59:00,0 days 00:27:00,00605_02-02-2026-10.32,22.7,24.55,25.15,,
02561,04040,71801,Renfe,AVE,2026-02-02 10:47:00,2026-02-02 12:41:00,0 days 01:54:00,02561_02-02-2026-09.27,48.05,56.05,74.55,93.55,
02561,04040,78400,Renfe,AVE,2026-02-02 10:47:00,2026-02-02 11:32:00,0 days 00:45:00,02561_02-02-2026-09.27,36.0,41.1,54.7,73.7,
02561,04040,04104,Renfe,AVE,2026-02-02 10:47:00,2026-02-02 12:00:00,0 days 01:13:00,02561_02-02-2026-09.27,45.35,51.85,68.95,87.95,
03091,04104,71801,Renfe,AVE,2026-02-02 11:03:00,2026-02-02 11:41:00,0 days 00:38:00,03091_02-02-2026-08.57,31.5,36.75,41.9,60.9,
00533,04040,04104,Renfe,ALVIA,2026-02-02 11:09:00,2026-02-02 12:31:00,0 days 01:22:00,00533_02-02-2026-11.09,52.8,57.6,63.85,,
00533,04040,78400,Renfe,ALVIA,2026-02-02 11:09:00,2026-02-02 11:58:00,0 days 00:49:00,00533_02-02-2026-11.09,41.9,45.7,50.65,,
00533,04040,71801,Renfe,ALVIA,2026-02-02 11:09:00,2026-02-02 13:09:00,0 days 02:00:00,00533_02-02-2026-11.09,59.3,65.25,71.0,,
03113,60000,04104,Renfe,AVE,2026-02-02 11:27:00,2026-02-02 14:04:00,0 days 02:37:00,03113_02-02-2026-11.27,53.75,64.5,71.5,90.5,
03113,60000,78400,Renfe,AVE,2026-02-02 11:27:00,2026-02-02 13:35:00,0 days 02:08:00,03113_02-02-2026-11.27,48.7,58.45,64.75,83.75,
03113,60000,71801,Renfe,AVE,2026-02-02 11:27:00,2026-02-02 14:46:00,0 days 03:19:00,03113_02-02-2026-11.27,47.45,59.3,63.1,82.1,
03113,60000,04040,Renfe,AVE,2026-02-02 11:27:00,2026-02-02 12:51:00,0 days 01:24:00,03113_02-02-2026-11.27,39.0,46.8,51.85,70.85,
02561,78400,04104,Renfe,AVE,2026-02-02 11:34:00,2026-02-02 12:00:00,0 days 00:26:00,02561_02-02-2026-09.27,28.75,32.9,43.75,62.75,
02561,78400,71801,Renfe,AVE,2026-02-02 11:34:00,2026-02-02 12:41:00,0 days 01:07:00,02561_02-02-2026-09.27,40.8,46.65,62.05,81.05,
03303,04040,71801,Renfe,AVE,2026-02-02 11:48:00,2026-02-02 13:19:00,0 days 01:31:00,03303_02-02-2026-10.27,72.1,80.1,85.25,104.25,
34433,78400,04104,Renfe,AVANT,2026-02-02 12:00:00,2026-02-02 12:31:00,0 days 00:31:00,34433_02-02-2026-12.00,,,,,15.0
00533,78400,71801,Renfe,ALVIA,2026-02-02 12:00:00,2026-02-02 13:09:00,0 days 01:09:00,00533_02-02-2026-11.09,47.5,51.85,57.45,,
34433,78400,71801,Renfe,AVANT,2026-02-02 12:00:00,2026-02-02 13:09:00,0 days 01:09:00,34433_02-02-2026-12.00,,,,,31.5
00533,78400,04104,Renfe,ALVIA,2026-02-02 12:00:00,2026-02-02 12:31:00,0 days 00:31:00,00533_02-02-2026-11.09,33.55,36.6,40.55,,
02561,04104,71801,Renfe,AVE,2026-02-02 12:02:00,2026-02-02 12:41:00,0 days 00:39:00,02561_02-02-2026-09.27,31.15,35.6,47.35,66.35,
02591,60000,71801,Renfe,AVE,2026-02-02 12:27:00,2026-02-02 15:44:00,0 days 03:17:00,02591_02-02-2026-12.27,59.3,71.15,78.85,97.85,
02591,60000,04040,Renfe,AVE,2026-02-02 12:27:00,2026-02-02 13:45:00,0 days 01:18:00,02591_02-02-2026-12.27,46.8,54.6,62.25,81.25,
02591,60000,78400,Renfe,AVE,2026-02-02 12:27:00,2026-02-02 14:29:00,0 days 02:02:00,02591_02-02-2026-12.27,58.45,68.2,77.75,96.75,
00533,04104,71801,Renfe,ALVIA,2026-02-02 12:33:00,2026-02-02 13:09:00,0 days 00:36:00,00533_02-02-2026-11.09,36.3,39.6,43.9,,
34433,04104,71801,Renfe,AVANT,2026-02-02 12:33:00,2026-02-02 13:09:00,0 days 00:36:00,34433_02-02-2026-12.00,,,,,18.5
03943,04040,78400,Renfe,AVE,2026-02-02 12:37:00,2026-02-02 13:17:00,0 days 00:40:00,03943_02-02-2026-12.37,46.25,51.4,61.55,80.55,
03993,04040,78400,Renfe,AVE,2026-02-02 12:37:00,2026-02-02 13:17:00,0 days 00:40:00,03993_02-02-2026-12.37,46.25,51.4,61.55,80.55,
03993,04040,04104,Renfe,AVE,2026-02-02 12:37:00,2026-02-02 13:43:00,0 days 01:06:00,03993_02-02-2026-12.37,58.3,64.8,77.55,96.55,
03943,04040,04104,Renfe,AVE,2026-02-02 12:37:00,2026-02-02 13:43:00,0 days 01:06:00,03943_02-02-2026-12.37,58.3,64.8,77.55,96.55,
03943,04040,71801,Renfe,AVE,2026-02-02 12:37:00,2026-02-02 14:25:00,0 days 01:48:00,03943_02-02-2026-12.37,64.1,72.1,85.25,104.25,
03993,04040,71801,Renfe,AVE,2026-02-02 12:37:00,2026-02-02 14:25:00,0 days 01:48:00,03993_02-02-2026-12.37,64.1,72.1,85.25,104.25,
03113,04040,04104,Renfe,AVE,2026-02-02 12:52:00,2026-02-02 14:04:00,0 days 01:12:00,03113_02-02-2026-11.27,38.9,45.35,51.7,70.7,
03113,04040,71801,Renfe,AVE,2026-02-02 12:52:00,2026-02-02 14:46:00,0 days 01:54:00,03113_02-02-2026-11.27,40.05,48.05,53.25,72.25,
03113,04040,78400,Renfe,AVE,2026-02-02 12:52:00,2026-02-02 13:35:00,0 days 00:43:00,03113_02-02-2026-11.27,30.85,36.0,41.0,60.0,
09725,60000,71801,Renfe,AVE INT,2026-02-02 13:15:00,2026-02-02 16:19:00,0 days 03:04:00,09725_02-02-2026-13.15,59.3,71.15,110.4,129.4,
09725,60000,04104,Renfe,AVE INT,2026-02-02 13:15:00,2026-02-02 15:37:00,0 days 02:22:00,09725_02-02-2026-13.15,53.75,64.5,100.1,119.1,
09725,60000,04007,Renfe,AVE INT,2026-02-02 13:15:00,2026-02-02 13:41:00,0 days 00:26:00,09725_02-02-2026-13.15,19.05,22.85,30.4,49.4,
09725,60000,04040,Renfe,AVE INT,2026-02-02 13:15:00,2026-02-02 14:40:00,0 days 01:25:00,09725_02-02-2026-13.15,54.6,62.4,93.35,112.35,
03993,78400,71801,Renfe,AVE,2026-02-02 13:19:00,2026-02-02 14:25:00,0 days 01:06:00,03993_02-02-2026-12.37,52.45,58.3,69.8,88.8,
03943,78400,71801,Renfe,AVE,2026-02-02 13:19:00,2026-02-02 14:25:00,0 days 01:06:00,03943_02-02-2026-12.37,52.45,58.3,69.8,88.8,
03993,78400,04104,Renfe,AVE,2026-02-02 13:19:00,2026-02-02 13:43:00,0 days 00:24:00,03993_02-02-2026-12.37,37.0,41.1,49.2,68.2,
03943,78400,04104,Renfe,AVE,2026-02-02 13:19:00,2026-02-02 13:43:00,0 days 00:24:00,03943_02-02-2026-12.37,37.0,41.1,49.2,68.2,
34813,78400,04104,Renfe,AVANT,2026-02-02 13:37:00,2026-02-02 14:04:00,0 days 00:27:00,34813_02-02-2026-13.37,,,,,15.0
34813,78400,71801,Renfe,AVANT,2026-02-02 13:37:00,2026-02-02 14:46:00,0 days 01:09:00,34813_02-02-2026-13.37,,,,,31.5
03113,78400,71801,Renfe,AVE,2026-02-02 13:37:00,2026-02-02 14:46:00,0 days 01:09:00,03113_02-02-2026-11.27,35.0,40.8,46.5,65.5,
03113,78400,04104,Renfe,AVE,2026-02-02 13:37:00,2026-02-02 14:04:00,0 days 00:27:00,03113_02-02-2026-11.27,24.65,28.75,32.8,51.8,
09725,04007,71801,Renfe,AVE INT,2026-02-02 13:43:00,2026-02-02 16:19:00,0 days 02:36:00,09725_02-02-2026-13.15,55.8,66.95,103.9,122.9,
09725,04007,04104,Renfe,AVE INT,2026-02-02 13:43:00,2026-02-02 15:37:00,0 days 01:54:00,09725_02-02-2026-13.15,49.8,59.75,92.75,111.75,
09725,04007,04040,Renfe,AVE INT,2026-02-02 13:43:00,2026-02-02 14:40:00,0 days 00:57:00,09725_02-02-2026-13.15,47.8,54.65,81.75,100.75,
03943,04104,71801,Renfe,AVE,2026-02-02 13:45:00,2026-02-02 14:25:00,0 days 00:40:00,03943_02-02-2026-12.37,40.05,44.5,53.25,72.25,
03993,04104,71801,Renfe,AVE,2026-02-02 13:45:00,2026-02-02 14:25:00,0 days 00:40:00,03993_02-02-2026-12.37,40.05,44.5,53.25,72.25,
02591,04040,78400,Renfe,AVE,2026-02-02 13:46:00,2026-02-02 14:29:00,0 days 00:43:00,02591_02-02-2026-12.27,36.0,41.1,47.85,66.85,
02591,04040,71801,Renfe,AVE,2026-02-02 13:46:00,2026-02-02 15:44:00,0 days 01:58:00,02591_02-02-2026-12.27,48.05,56.05,63.9,82.9,
03141,60000,71801,Renfe,AVE,2026-02-02 13:57:00,2026-02-02 16:34:00,0 days 02:37:00,03141_02-02-2026-13.57,153.9,167.9,223.3,242.3,
34813,04104,71801,Renfe,AVANT,2026-02-02 14:06:00,2026-02-02 14:46:00,0 days 00:40:00,34813_02-02-2026-13.37,,,,,18.5
03113,04104,71801,Renfe,AVE,2026-02-02 14:06:00,2026-02-02 14:46:00,0 days 00:40:00,03113_02-02-2026-11.27,26.7,31.15,35.5,54.5,
03143,60000,04040,Renfe,AVE,2026-02-02 14:27:00,2026-02-02 15:51:00,0 days 01:24:00,03143_02-02-2026-14.27,39.0,46.8,62.25,81.25,
03143,60000,71801,Renfe,AVE,2026-02-02 14:27:00,2026-02-02 17:24:00,0 days 02:57:00,03143_02-02-2026-14.27,47.45,59.3,78.85,97.85,
02591,78400,71801,Renfe,AVE,2026-02-02 14:31:00,2026-02-02 15:44:00,0 days 01:13:00,02591_02-02-2026-12.27,40.8,46.65,54.3,73.3,
34823,78400,71801,Renfe,AVANT,2026-02-02 14:31:00,2026-02-02 15:44:00,0 days 01:13:00,34823_02-02-2026-14.31,,,,,31.5
09725,04040,04104,Renfe,AVE INT,2026-02-02 14:43:00,2026-02-02 15:37:00,0 days 00:54:00,09725_02-02-2026-13.15,32.4,38.9,51.7,70.7,
09725,04040,71801,Renfe,AVE INT,2026-02-02 14:43:00,2026-02-02 16:19:00,0 days 01:36:00,09725_02-02-2026-13.15,56.05,64.1,95.9,114.9,
00609,60000,04007,Renfe,ALVIA,2026-02-02 14:47:00,2026-02-02 15:15:00,0 days 00:28:00,00609_02-02-2026-14.47,22.7,24.55,25.15,,
03151,60000,71801,Renfe,AVE,2026-02-02 14:57:00,2026-02-02 17:34:00,0 days 02:37:00,03151_02-02-2026-14.57,55.95,69.95,74.45,93.45,
03305,60000,78400,Renfe,AVE,2026-02-02 15:27:00,2026-02-02 17:35:00,0 days 02:08:00,03305_02-02-2026-15.27,38.95,48.7,64.75,83.75,
03305,60000,71801,Renfe,AVE,2026-02-02 15:27:00,2026-02-02 18:46:00,0 days 03:19:00,03305_02-02-2026-15.27,47.45,59.3,78.85,97.85,
03305,60000,04104,Renfe,AVE,2026-02-02 15:27:00,2026-02-02 18:03:00,0 days 02:36:00,03305_02-02-2026-15.27,43.0,53.75,71.5,90.5,
03305,60000,04040,Renfe,AVE,2026-02-02 15:27:00,2026-02-02 16:50:00,0 days 01:23:00,03305_02-02-2026-15.27,39.0,46.8,41.5,60.5,
09725,04104,71801,Renfe,AVE INT,2026-02-02 15:39:00,2026-02-02 16:19:00,0 days 00:40:00,09725_02-02-2026-13.15,22.25,26.7,35.5,54.5,
03143,04040,71801,Renfe,AVE,2026-02-02 15:52:00,2026-02-02 17:24:00,0 days 01:32:00,03143_02-02-2026-14.27,32.05,40.05,63.9,82.9,
03161,60000,71801,Renfe,AVE,2026-02-02 15:57:00,2026-02-02 18:34:00,0 days 02:37:00,03161_02-02-2026-15.57,41.95,55.95,74.45,93.45,
03163,60000,71801,Renfe,AVE,2026-02-02 16:27:00,2026-02-02 19:19:00,0 days 02:52:00,03163_02-02-2026-16.27,71.15,83.0,94.65,113.65,
03163,60000,04040,Renfe,AVE,2026-02-02 16:27:00,2026-02-02 17:45:00,0 days 01:18:00,03163_02-02-2026-16.27,54.6,62.4,72.6,91.6,
03305,04040,04104,Renfe,AVE,2026-02-02 16:51:00,2026-02-02 18:03:00,0 days 01:12:00,03305_02-02-2026-15.27,32.4,38.9,43.1,62.1,
03305,04040,78400,Renfe,AVE,2026-02-02 16:51:00,2026-02-02 17:35:00,0 days 00:44:00,03305_02-02-2026-15.27,25.7,30.85,34.2,53.2,
03305,04040,71801,Renfe,AVE,2026-02-02 16:51:00,2026-02-02 18:46:00,0 days 01:55:00,03305_02-02-2026-15.27,40.05,48.05,53.25,72.25,
03171,60000,71801,Renfe,AVE,2026-02-02 16:57:00,2026-02-02 19:34:00,0 days 02:37:00,03171_02-02-2026-16.57,55.95,69.95,74.45,93.45,
03173,60000,04040,Renfe,AVE,2026-02-02 17:27:00,2026-02-02 18:51:00,0 days 01:24:00,03173_02-02-2026-17.27,78.0,85.8,93.35,112.35,
03173,60000,04007,Renfe,AVE,2026-02-02 17:27:00,2026-02-02 17:53:00,0 days 00:26:00,03173_02-02-2026-17.27,49.55,53.35,60.8,79.8,
03173,60000,71801,Renfe,AVE,2026-02-02 17:27:00,2026-02-02 20:46:00,0 days 03:19:00,03173_02-02-2026-17.27,106.75,118.6,126.2,145.2,
03173,60000,78400,Renfe,AVE,2026-02-02 17:27:00,2026-02-02 19:35:00,0 days 02:08:00,03173_02-02-2026-17.27,97.4,107.15,116.6,135.6,
03173,60000,04104,Renfe,AVE,2026-02-02 17:27:00,2026-02-02 20:04:00,0 days 02:37:00,03173_02-02-2026-17.27,107.5,118.25,128.7,147.7,
03305,78400,04104,Renfe,AVE,2026-02-02 17:37:00,2026-02-02 18:03:00,0 days 00:26:00,03305_02-02-2026-15.27,24.65,28.75,32.8,51.8,
03305,78400,71801,Renfe,AVE,2026-02-02 17:37:00,2026-02-02 18:46:00,0 days 01:09:00,03305_02-02-2026-15.27,35.0,40.8,46.5,65.5,
03163,04040,71801,Renfe,AVE,2026-02-02 17:46:00,2026-02-02 19:19:00,0 days 01:33:00,03163_02-02-2026-16.27,48.05,56.05,63.9,82.9,
03173,04007,04104,Renfe,AVE,2026-02-02 17:54:00,2026-02-02 20:04:00,0 days 02:10:00,03173_02-02-2026-17.27,99.6,109.55,119.2,138.2,
03173,04007,71801,Renfe,AVE,2026-02-02 17:54:00,2026-02-02 20:46:00,0 days 02:52:00,03173_02-02-2026-17.27,100.45,111.6,118.75,137.75,
03173,04007,04040,Renfe,AVE,2026-02-02 17:54:00,2026-02-02 18:51:00,0 days 00:57:00,03173_02-02-2026-17.27,68.3,75.15,81.75,100.75,
03173,04007,78400,Renfe,AVE,2026-02-02 17:54:00,2026-02-02 19:35:00,0 days 01:41:00,03173_02-02-2026-17.27,88.9,97.8,106.4,125.4,
02553,60000,71801,Renfe,AVE,2026-02-02 17:57:00,2026-02-02 20:34:00,0 days 02:37:00,02553_02-02-2026-17.57,47.45,59.3,78.85,97.85,
03305,04104,71801,Renfe,AVE,2026-02-02 18:05:00,2026-02-02 18:46:00,0 days 00:41:00,03305_02-02-2026-15.27,26.7,31.15,35.5,54.5,
03183,60000,04040,Renfe,AVE,2026-02-02 18:27:00,2026-02-02 19:45:00,0 days 01:18:00,03183_02-02-2026-18.27,62.4,70.2,72.6,91.6,
03183,60000,71801,Renfe,AVE,2026-02-02 18:27:00,2026-02-02 21:24:00,0 days 02:57:00,03183_02-02-2026-18.27,83.0,94.9,94.65,113.65,
03183,60000,04104,Renfe,AVE,2026-02-02 18:27:00,2026-02-02 20:44:00,0 days 02:17:00,03183_02-02-2026-18.27,75.25,86.0,85.8,104.8,
03173,04040,04104,Renfe,AVE,2026-02-02 18:52:00,2026-02-02 20:04:00,0 days 01:12:00,03173_02-02-2026-17.27,71.3,77.75,86.2,105.2,
03173,04040,71801,Renfe,AVE,2026-02-02 18:52:00,2026-02-02 20:46:00,0 days 01:54:00,03173_02-02-2026-17.27,80.1,88.1,95.9,114.9,
03173,04040,78400,Renfe,AVE,2026-02-02 18:52:00,2026-02-02 19:35:00,0 days 00:43:00,03173_02-02-2026-17.27,56.55,61.7,68.35,87.35,
03191,60000,71801,Renfe,AVE,2026-02-02 18:57:00,2026-02-02 21:34:00,0 days 02:37:00,03191_02-02-2026-18.57,56.0,70.0,74.5,93.5,
02861,60000,04007,Renfe,AVE,2026-02-02 19:00:00,2026-02-02 19:28:00,0 days 00:28:00,02861_02-02-2026-19.00,45.7,49.55,60.8,79.8,
02861,60000,04040,Renfe,AVE,2026-02-02 19:00:00,2026-02-02 20:42:00,0 days 01:42:00,02861_02-02-2026-19.00,23.4,31.2,51.85,70.85,
02861,04007,04040,Renfe,AVE,2026-02-02 19:29:00,2026-02-02 20:42:00,0 days 01:13:00,02861_02-02-2026-19.00,20.5,27.3,45.4,64.4,
03309,60000,04040,Renfe,AVE,2026-02-02 19:34:00,2026-02-02 21:02:00,0 days 01:28:00,03309_02-02-2026-19.34,39.0,46.8,41.5,60.5,
03309,60000,04104,Renfe,AVE,2026-02-02 19:34:00,2026-02-02 22:15:00,0 days 02:41:00,03309_02-02-2026-19.34,43.0,53.75,71.5,90.5,
03309,60000,78400,Renfe,AVE,2026-02-02 19:34:00,2026-02-02 21:46:00,0 days 02:12:00,03309_02-02-2026-19.34,38.95,48.7,64.75,83.75,
03309,60000,71801,Renfe,AVE,2026-02-02 19:34:00,2026-02-02 22:55:00,0 days 03:21:00,03309_02-02-2026-19.34,47.45,59.3,78.85,97.85,
03309,60000,04007,Renfe,AVE,2026-02-02 19:34:00,2026-02-02 20:00:00,0 days 00:26:00,03309_02-02-2026-19.34,41.9,45.7,50.65,69.65,
03173,78400,71801,Renfe,AVE,2026-02-02 19:37:00,2026-02-02 20:46:00,0 days 01:09:00,03173_02-02-2026-17.27,64.15,69.95,77.55,96.55,
03173,78400,04104,Renfe,AVE,2026-02-02 19:37:00,2026-02-02 20:04:00,0 days 00:27:00,03173_02-02-2026-17.27,45.2,49.3,54.65,73.65,
03183,04040,71801,Renfe,AVE,2026-02-02 19:46:00,2026-02-02 21:24:00,0 days 01:38:00,03183_02-02-2026-18.27,56.05,64.1,63.9,82.9,
03183,04040,04104,Renfe,AVE,2026-02-02 19:46:00,2026-02-02 20:44:00,0 days 00:58:00,03183_02-02-2026-18.27,45.35,51.85,51.7,70.7,
00437,04040,78400,Renfe,ALVIA,2026-02-02 19:52:00,2026-02-02 20:56:00,0 days 01:04:00,00437_02-02-2026-19.52,26.65,30.5,45.6,,
00437,04040,71801,Renfe,ALVIA,2026-02-02 19:52:00,2026-02-02 22:13:00,0 days 02:21:00,00437_02-02-2026-19.52,35.6,41.5,63.1,,
00437,04040,04104,Renfe,ALVIA,2026-02-02 19:52:00,2026-02-02 21:30:00,0 days 01:38:00,00437_02-02-2026-19.52,33.6,38.4,57.45,,
03309,04007,04104,Renfe,AVE,2026-02-02 20:01:00,2026-02-02 22:15:00,0 days 02:14:00,03309_02-02-2026-19.34,39.85,49.8,66.25,85.25,
03309,04007,78400,Renfe,AVE,2026-02-02 20:01:00,2026-02-02 21:46:00,0 days 01:45:00,03309_02-02-2026-19.34,35.55,44.45,59.1,78.1,
03931,04040,04104,Renfe,AVE,2026-02-02 20:01:00,2026-02-02 21:16:00,0 days 01:15:00,03931_02-02-2026-20.01,58.3,64.8,77.55,96.55,
03931,04040,71801,Renfe,AVE,2026-02-02 20:01:00,2026-02-02 21:58:00,0 days 01:57:00,03931_02-02-2026-20.01,64.1,72.1,85.25,104.25,
03309,04007,71801,Renfe,AVE,2026-02-02 20:01:00,2026-02-02 22:55:00,0 days 02:54:00,03309_02-02-2026-19.34,44.65,55.8,74.2,93.2,
03931,04040,78400,Renfe,AVE,2026-02-02 20:01:00,2026-02-02 20:48:00,0 days 00:47:00,03931_02-02-2026-20.01,46.25,51.4,61.55,80.55,
03309,04007,04040,Renfe,AVE,2026-02-02 20:01:00,2026-02-02 21:02:00,0 days 01:01:00,03309_02-02-2026-19.34,34.15,41.0,45.4,64.4,
03173,04104,71801,Renfe,AVE,2026-02-02 20:06:00,2026-02-02 20:46:00,0 days 00:40:00,03173_02-02-2026-17.27,48.95,53.4,59.2,78.2,
03203,60000,04104,Renfe,AVE,2026-02-02 20:27:00,2026-02-02 23:07:00,0 days 02:40:00,03203_02-02-2026-20.27,53.75,64.5,71.5,90.5,
03203,60000,04007,Renfe,AVE,2026-02-02 20:27:00,2026-02-02 20:52:00,0 days 00:25:00,03203_02-02-2026-20.27,45.7,49.55,60.8,79.8,
03203,60000,71801,Renfe,AVE,2026-02-02 20:27:00,2026-02-02 23:48:00,0 days 03:21:00,03203_02-02-2026-20.27,47.45,59.3,63.1,82.1,
03203,60000,78400,Renfe,AVE,2026-02-02 20:27:00,2026-02-02 22:40:00,0 days 02:13:00,03203_02-02-2026-20.27,48.7,58.45,64.75,83.75,
03203,60000,04040,Renfe,AVE,2026-02-02 20:27:00,2026-02-02 21:57:00,0 days 01:30:00,03203_02-02-2026-20.27,39.0,46.8,51.85,70.85,
03991,04040,71801,Renfe,AVE,2026-02-02 20:38:00,2026-02-02 22:35:00,0 days 01:57:00,03991_02-02-2026-20.38,40.05,48.05,53.25,72.25,
03941,04040,71801,Renfe,AVE,2026-02-02 20:38:00,2026-02-02 22:35:00,0 days 01:57:00,03941_02-02-2026-20.38,56.05,64.1,74.55,93.55,
03991,04040,78400,Renfe,AVE,2026-02-02 20:38:00,2026-02-02 21:20:00,0 days 00:42:00,03991_02-02-2026-20.38,30.85,36.0,41.0,60.0,
03941,04040,04104,Renfe,AVE,2026-02-02 20:38:00,2026-02-02 21:51:00,0 days 01:13:00,03941_02-02-2026-20.38,51.85,58.3,68.95,87.95,
03941,04040,78400,Renfe,AVE,2026-02-02 20:38:00,2026-02-02 21:20:00,0 days 00:42:00,03941_02-02-2026-20.38,41.1,46.25,54.7,73.7,
03991,04040,04104,Renfe,AVE,2026-02-02 20:38:00,2026-02-02 21:51:00,0 days 01:13:00,03991_02-02-2026-20.38,38.9,45.35,51.7,70.7,
03183,04104,71801,Renfe,AVE,2026-02-02 20:46:00,2026-02-02 21:24:00,0 days 00:38:00,03183_02-02-2026-18.27,31.15,35.6,35.5,54.5,
03931,78400,04104,Renfe,AVE,2026-02-02 20:50:00,2026-02-02 21:16:00,0 days 00:26:00,03931_02-02-2026-20.01,37.0,41.1,49.2,68.2,
03931,78400,71801,Renfe,AVE,2026-02-02 20:50:00,2026-02-02 21:58:00,0 days 01:08:00,03931_02-02-2026-20.01,52.45,58.3,69.8,88.8,
03203,04007,04104,Renfe,AVE,2026-02-02 20:53:00,2026-02-02 23:07:00,0 days 02:14:00,03203_02-02-2026-20.27,49.8,59.75,66.25,85.25,
03203,04007,71801,Renfe,AVE,2026-02-02 20:53:00,2026-02-02 23:48:00,0 days 02:55:00,03203_02-02-2026-20.27,44.65,55.8,59.35,78.35,
03203,04007,04040,Renfe,AVE,2026-02-02 20:53:00,2026-02-02 21:57:00,0 days 01:04:00,03203_02-02-2026-20.27,34.15,41.0,45.4,64.4,
03203,04007,78400,Renfe,AVE,2026-02-02 20:53:00,2026-02-02 22:40:00,0 days 01:47:00,03203_02-02-2026-20.27,44.45,53.35,59.1,78.1,
00437,78400,71801,Renfe,ALVIA,2026-02-02 20:58:00,2026-02-02 22:13:00,0 days 01:15:00,00437_02-02-2026-19.52,30.25,34.55,51.7,,
00437,78400,04104,Renfe,ALVIA,2026-02-02 20:58:00,2026-02-02 21:30:00,0 days 00:32:00,00437_02-02-2026-19.52,21.35,24.4,36.5,,
03309,04040,71801,Renfe,AVE,2026-02-02 21:03:00,2026-02-02 22:55:00,0 days 01:52:00,03309_02-02-2026-19.34,40.05,48.05,53.25,72.25,
03309,04040,04104,Renfe,AVE,2026-02-02 21:03:00,2026-02-02 22:15:00,0 days 01:12:00,03309_02-02-2026-19.34,32.4,38.9,43.1,62.1,
03309,04040,78400,Renfe,AVE,2026-02-02 21:03:00,2026-02-02 21:46:00,0 days 00:43:00,03309_02-02-2026-19.34,25.7,30.85,34.2,53.2,
03931,04104,71801,Renfe,AVE,2026-02-02 21:18:00,2026-02-02 21:58:00,0 days 00:40:00,03931_02-02-2026-20.01,40.05,44.5,53.25,72.25,
03941,78400,71801,Renfe,AVE,2026-02-02 21:22:00,2026-02-02 22:35:00,0 days 01:13:00,03941_02-02-2026-20.38,46.65,52.45,62.05,81.05,
03941,78400,04104,Renfe,AVE,2026-02-02 21:22:00,2026-02-02 21:51:00,0 days 00:29:00,03941_02-02-2026-20.38,32.9,37.0,43.75,62.75,
03991,78400,04104,Renfe,AVE,2026-02-02 21:22:00,2026-02-02 21:51:00,0 days 00:29:00,03991_02-02-2026-20.38,24.65,28.75,32.8,51.8,
03991,78400,71801,Renfe,AVE,2026-02-02 21:22:00,2026-02-02 22:35:00,0 days 01:13:00,03991_02-02-2026-20.38,35.0,40.8,46.5,65.5,
00437,04104,71801,Renfe,ALVIA,2026-02-02 21:32:00,2026-02-02 22:13:00,0 days 00:41:00,00437_02-02-2026-19.52,23.1,26.4,39.5,,
03309,78400,71801,Renfe,AVE,2026-02-02 21:48:00,2026-02-02 22:55:00,0 days 01:07:00,03309_02-02-2026-19.34,35.0,40.8,46.5,65.5,
03309,78400,04104,Renfe,AVE,2026-02-02 21:48:00,2026-02-02 22:15:00,0 days 00:27:00,03309_02-02-2026-19.34,24.65,28.75,32.8,51.8,
03991,04104,71801,Renfe,AVE,2026-02-02 21:53:00,2026-02-02 22:35:00,0 days 00:42:00,03991_02-02-2026-20.38,26.7,31.15,35.5,54.5,
03941,04104,71801,Renfe,AVE,2026-02-02 21:53:00,2026-02-02 22:35:00,0 days 00:42:00,03941_02-02-2026-20.38,35.6,40.05,47.35,66.35,
03203,04040,78400,Renfe,AVE,2026-02-02 21:58:00,2026-02-02 22:40:00,0 days 00:42:00,03203_02-02-2026-20.27,30.85,36.0,41.0,60.0,
03203,04040,04104,Renfe,AVE,2026-02-02 21:58:00,2026-02-02 23:07:00,0 days 01:09:00,03203_02-02-2026-20.27,38.9,45.35,51.7,70.7,
03203,04040,71801,Renfe,AVE,2026-02-02 21:58:00,2026-02-02 23:48:00,0 days 01:50:00,03203_02-02-2026-20.27,40.05,48.05,53.25,72.25,
03309,04104,71801,Renfe,AVE,2026-02-02 22:17:00,2026-02-02 22:55:00,0 days 00:38:00,03309_02-02-2026-19.34,26.7,31.15,35.5,54.5,
03203,78400,04104,Renfe,AVE,2026-02-02 22:42:00,2026-02-02 23:07:00,0 days 00:25:00,03203_02-02-2026-20.27,24.65,28.75,32.8,51.8,
03203,78400,71801,Renfe,AVE,2026-02-02 22:42:00,2026-02-02 23:48:00,0 days 01:06:00,03203_02-02-2026-20.27,35.0,40.8,46.5,65.5,
03203,04104,71801,Renfe,AVE,2026-02-02 23:09:00,2026-02-02 23:48:00,0 days 00:39:00,03203_02-02-2026-20.27,26.7,31.15,35.5,54.5,
03301,60000,04104,Renfe,AVE,2026-02-03 06:16:00,2026-02-03 08:21:00,0 days 02:05:00,03301_03-02-2026-06.16,43.0,53.75,71.5,90.5,
03301,60000,71801,Renfe,AVE,2026-02-03 06:16:00,2026-02-03 09:05:00,0 days 02:49:00,03301_03-02-2026-06.16,47.45,59.3,78.85,97.85,
03063,60000,71801,Renfe,AVE,2026-02-03 06:27:00,2026-02-03 09:25:00,0 days 02:58:00,03063_03-02-2026-06.27,47.45,59.3,63.1,82.1,
03063,60000,04040,Renfe,AVE,2026-02-03 06:27:00,2026-02-03 07:52:00,0 days 01:25:00,03063_03-02-2026-06.27,39.0,46.8,51.85,70.85,
03071,60000,71801,Renfe,AVE,2026-02-03 06:57:00,2026-02-03 09:34:00,0 days 02:37:00,03071_03-02-2026-06.57,97.95,111.9,223.3,242.3,
03073,60000,04040,Renfe,AVE,2026-02-03 07:27:00,2026-02-03 08:51:00,0 days 01:24:00,03073_03-02-2026-07.27,62.4,70.2,103.75,122.75,
03073,60000,04104,Renfe,AVE,2026-02-03 07:27:00,2026-02-03 10:04:00,0 days 02:37:00,03073_03-02-2026-07.27,86.0,96.75,143.0,162.0,
03073,60000,78400,Renfe,AVE,2026-02-03 07:27:00,2026-02-03 09:35:00,0 days 02:08:00,03073_03-02-2026-07.27,77.9,87.65,129.55,148.55,
03073,60000,71801,Renfe,AVE,2026-02-03 07:27:00,2026-02-03 10:46:00,0 days 03:19:00,03073_03-02-2026-07.27,83.0,94.9,141.95,160.95,
03073,60000,04007,Renfe,AVE,2026-02-03 07:27:00,2026-02-03 07:52:00,0 days 00:25:00,03073_03-02-2026-07.27,45.7,49.55,60.8,79.8,
03073,04007,78400,Renfe,AVE,2026-02-03 07:53:00,2026-02-03 09:35:00,0 days 01:42:00,03073_03-02-2026-07.27,71.1,80.0,118.25,137.25,
03073,04007,71801,Renfe,AVE,2026-02-03 07:53:00,2026-02-03 10:46:00,0 days 02:53:00,03073_03-02-2026-07.27,78.1,89.3,133.6,152.6,
03073,04007,04040,Renfe,AVE,2026-02-03 07:53:00,2026-02-03 08:51:00,0 days 00:58:00,03073_03-02-2026-07.27,54.65,61.45,90.85,109.85,
03063,04040,71801,Renfe,AVE,2026-02-03 07:53:00,2026-02-03 09:25:00,0 days 01:32:00,03063_03-02-2026-06.27,40.05,48.05,53.25,72.25,
03073,04007,04104,Renfe,AVE,2026-02-03 07:53:00,2026-02-03 10:04:00,0 days 02:11:00,03073_03-02-2026-07.27,79.7,89.65,132.45,151.45,
03081,60000,71801,Renfe,AVE,2026-02-03 07:57:00,2026-02-03 10:34:00,0 days 02:37:00,03081_03-02-2026-07.57,111.9,125.9,130.25,149.25,
03301,04104,71801,Renfe,AVE,2026-02-03 08:23:00,2026-02-03 09:05:00,0 days 00:42:00,03301_03-02-2026-06.16,17.8,22.25,29.6,48.6,
03083,60000,71801,Renfe,AVE,2026-02-03 08:27:00,2026-02-03 11:19:00,0 days 02:52:00,03083_03-02-2026-08.27,59.3,71.15,94.65,113.65,
03083,60000,04040,Renfe,AVE,2026-02-03 08:27:00,2026-02-03 09:45:00,0 days 01:18:00,03083_03-02-2026-08.27,46.8,54.6,72.6,91.6,
03073,04040,78400,Renfe,AVE,2026-02-03 08:52:00,2026-02-03 09:35:00,0 days 00:43:00,03073_03-02-2026-07.27,46.25,51.4,75.2,94.2,
03073,04040,04104,Renfe,AVE,2026-02-03 08:52:00,2026-02-03 10:04:00,0 days 01:12:00,03073_03-02-2026-07.27,58.3,64.8,94.8,113.8,
03073,04040,71801,Renfe,AVE,2026-02-03 08:52:00,2026-02-03 10:46:00,0 days 01:54:00,03073_03-02-2026-07.27,64.1,72.1,106.55,125.55,
03091,60000,71801,Renfe,AVE,2026-02-03 08:57:00,2026-02-03 11:41:00,0 days 02:44:00,03091_03-02-2026-08.57,55.95,69.95,74.45,93.45,
03091,60000,04104,Renfe,AVE,2026-02-03 08:57:00,2026-02-03 11:01:00,0 days 02:04:00,03091_03-02-2026-08.57,53.75,64.5,71.5,90.5,
02561,60000,78400,Renfe,AVE,2026-02-03 09:27:00,2026-02-03 11:32:00,0 days 02:05:00,02561_03-02-2026-09.27,58.45,68.2,90.7,109.7,
02561,60000,04040,Renfe,AVE,2026-02-03 09:27:00,2026-02-03 10:46:00,0 days 01:19:00,02561_03-02-2026-09.27,46.8,54.6,72.6,91.6,
02561,60000,04104,Renfe,AVE,2026-02-03 09:27:00,2026-02-03 12:00:00,0 days 02:33:00,02561_03-02-2026-09.27,64.5,75.25,100.1,119.1,
02561,60000,71801,Renfe,AVE,2026-02-03 09:27:00,2026-02-03 12:41:00,0 days 03:14:00,02561_03-02-2026-09.27,59.3,71.15,94.65,113.65,
03073,78400,04104,Renfe,AVE,2026-02-03 09:37:00,2026-02-03 10:04:00,0 days 00:27:00,03073_03-02-2026-07.27,37.0,41.1,60.15,79.15,
03073,78400,71801,Renfe,AVE,2026-02-03 09:37:00,2026-02-03 10:46:00,0 days 01:09:00,03073_03-02-2026-07.27,52.45,58.3,85.3,104.3,
03083,04040,71801,Renfe,AVE,2026-02-03 09:46:00,2026-02-03 11:19:00,0 days 01:33:00,03083_03-02-2026-08.27,40.05,48.05,53.25,72.25,
03073,04104,71801,Renfe,AVE,2026-02-03 10:06:00,2026-02-03 10:46:00,0 days 00:40:00,03073_03-02-2026-07.27,40.05,44.5,65.1,84.1,
03303,60000,71801,Renfe,AVE,2026-02-03 10:27:00,2026-02-03 13:19:00,0 days 02:52:00,03303_03-02-2026-10.27,71.15,83.0,94.65,113.65,
03303,60000,04040,Renfe,AVE,2026-02-03 10:27:00,2026-02-03 11:47:00,0 days 01:20:00,03303_03-02-2026-10.27,62.4,70.2,62.25,81.25,
00605,60000,04007,Renfe,ALVIA,2026-02-03 10:32:00,2026-02-03 10:59:00,0 days 00:27:00,00605_03-02-2026-10.32,17.0,18.9,20.1,,
02561,04040,78400,Renfe,AVE,2026-02-03 10:47:00,2026-02-03 11:32:00,0 days 00:45:00,02561_03-02-2026-09.27,36.0,41.1,54.7,73.7,
02561,04040,71801,Renfe,AVE,2026-02-03 10:47:00,2026-02-03 12:41:00,0 days 01:54:00,02561_03-02-2026-09.27,48.05,56.05,74.55,93.55,
02561,04040,04104,Renfe,AVE,2026-02-03 10:47:00,2026-02-03 12:00:00,0 days 01:13:00,02561_03-02-2026-09.27,45.35,51.85,68.95,87.95,
03091,04104,71801,Renfe,AVE,2026-02-03 11:03:00,2026-02-03 11:41:00,0 days 00:38:00,03091_03-02-2026-08.57,31.5,36.75,41.9,60.9,
00533,04040,04104,Renfe,ALVIA,2026-02-03 11:09:00,2026-02-03 12:31:00,0 days 01:22:00,00533_03-02-2026-11.09,43.2,48.0,51.05,,
00533,04040,78400,Renfe,ALVIA,2026-02-03 11:09:00,2026-02-03 11:58:00,0 days 00:49:00,00533_03-02-2026-11.09,30.5,34.3,40.55,,
00533,04040,71801,Renfe,ALVIA,2026-02-03 11:09:00,2026-02-03 13:09:00,0 days 02:00:00,00533_03-02-2026-11.09,47.45,53.35,55.2,,
03113,60000,78400,Renfe,AVE,2026-02-03 11:27:00,2026-02-03 13:35:00,0 days 02:08:00,03113_03-02-2026-11.27,48.7,58.45,64.75,83.75,
03113,60000,04104,Renfe,AVE,2026-02-03 11:27:00,2026-02-03 14:04:00,0 days 02:37:00,03113_03-02-2026-11.27,53.75,64.5,71.5,90.5,
03113,60000,71801,Renfe,AVE,2026-02-03 11:27:00,2026-02-03 14:46:00,0 days 03:19:00,03113_03-02-2026-11.27,47.45,59.3,63.1,82.1,
03113,60000,04040,Renfe,AVE,2026-02-03 11:27:00,2026-02-03 12:51:00,0 days 01:24:00,03113_03-02-2026-11.27,39.0,46.8,51.85,70.85,
02561,78400,04104,Renfe,AVE,2026-02-03 11:34:00,2026-02-03 12:00:00,0 days 00:26:00,02561_03-02-2026-09.27,28.75,32.9,38.25,57.25,
02561,78400,71801,Renfe,AVE,2026-02-03 11:34:00,2026-02-03 12:41:00,0 days 01:07:00,02561_03-02-2026-09.27,40.8,46.65,54.3,73.3,
03303,04040,71801,Renfe,AVE,2026-02-03 11:48:00,2026-02-03 13:19:00,0 days 01:31:00,03303_03-02-2026-10.27,64.1,72.1,85.25,104.25,
00533,78400,04104,Renfe,ALVIA,2026-02-03 12:00:00,2026-02-03 12:31:00,0 days 00:31:00,00533_03-02-2026-11.09,27.45,30.5,32.45,,
34433,78400,71801,Renfe,AVANT,2026-02-03 12:00:00,2026-02-03 13:09:00,0 days 01:09:00,34433_03-02-2026-12.00,,,,,31.5
00533,78400,71801,Renfe,ALVIA,2026-02-03 12:00:00,2026-02-03 13:09:00,0 days 01:09:00,00533_03-02-2026-11.09,38.9,43.2,45.95,,
34433,78400,04104,Renfe,AVANT,2026-02-03 12:00:00,2026-02-03 12:31:00,0 days 00:31:00,34433_03-02-2026-12.00,,,,,15.0
02561,04104,71801,Renfe,AVE,2026-02-03 12:02:00,2026-02-03 12:41:00,0 days 00:39:00,02561_03-02-2026-09.27,31.15,35.6,41.45,60.45,
02591,60000,04040,Renfe,AVE,2026-02-03 12:27:00,2026-02-03 13:45:00,0 days 01:18:00,02591_03-02-2026-12.27,39.0,46.8,51.85,70.85,
02591,60000,71801,Renfe,AVE,2026-02-03 12:27:00,2026-02-03 15:44:00,0 days 03:17:00,02591_03-02-2026-12.27,47.45,59.3,63.1,82.1,
02591,60000,78400,Renfe,AVE,2026-02-03 12:27:00,2026-02-03 14:29:00,0 days 02:02:00,02591_03-02-2026-12.27,48.7,58.45,64.75,83.75,
00533,04104,71801,Renfe,ALVIA,2026-02-03 12:33:00,2026-02-03 13:09:00,0 days 00:36:00,00533_03-02-2026-11.09,29.7,33.0,35.1,,
34433,04104,71801,Renfe,AVANT,2026-02-03 12:33:00,2026-02-03 13:09:00,0 days 00:36:00,34433_03-02-2026-12.00,,,,,18.5
03943,04040,71801,Renfe,AVE,2026-02-03 12:37:00,2026-02-03 14:25:00,0 days 01:48:00,03943_03-02-2026-12.37,48.05,56.05,63.9,82.9,
03993,04040,71801,Renfe,AVE,2026-02-03 12:37:00,2026-02-03 14:25:00,0 days 01:48:00,03993_03-02-2026-12.37,40.05,48.05,63.9,82.9,
03993,04040,78400,Renfe,AVE,2026-02-03 12:37:00,2026-02-03 13:17:00,0 days 00:40:00,03993_03-02-2026-12.37,30.85,36.0,47.85,66.85,
03993,04040,04104,Renfe,AVE,2026-02-03 12:37:00,2026-02-03 13:43:00,0 days 01:06:00,03993_03-02-2026-12.37,38.9,45.35,60.35,79.35,
03943,04040,78400,Renfe,AVE,2026-02-03 12:37:00,2026-02-03 13:17:00,0 days 00:40:00,03943_03-02-2026-12.37,36.0,41.1,47.85,66.85,
03943,04040,04104,Renfe,AVE,2026-02-03 12:37:00,2026-02-03 13:43:00,0 days 01:06:00,03943_03-02-2026-12.37,45.35,51.85,60.35,79.35,
03113,04040,71801,Renfe,AVE,2026-02-03 12:52:00,2026-02-03 14:46:00,0 days 01:54:00,03113_03-02-2026-11.27,40.05,48.05,53.25,72.25,
03113,04040,04104,Renfe,AVE,2026-02-03 12:52:00,2026-02-03 14:04:00,0 days 01:12:00,03113_03-02-2026-11.27,38.9,45.35,51.7,70.7,
03113,04040,78400,Renfe,AVE,2026-02-03 12:52:00,2026-02-03 13:35:00,0 days 00:43:00,03113_03-02-2026-11.27,30.85,36.0,41.0,60.0,
09725,60000,71801,Renfe,AVE INT,2026-02-03 13:15:00,2026-02-03 16:19:00,0 days 03:04:00,09725_03-02-2026-13.15,59.3,71.15,110.4,129.4,
09725,60000,04007,Renfe,AVE INT,2026-02-03 13:15:00,2026-02-03 13:41:00,0 days 00:26:00,09725_03-02-2026-13.15,19.05,22.85,30.4,49.4,
09725,60000,04104,Renfe,AVE INT,2026-02-03 13:15:00,2026-02-03 15:37:00,0 days 02:22:00,09725_03-02-2026-13.15,53.75,64.5,100.1,119.1,
09725,60000,04040,Renfe,AVE INT,2026-02-03 13:15:00,2026-02-03 14:40:00,0 days 01:25:00,09725_03-02-2026-13.15,54.6,62.4,93.35,112.35,
03943,78400,71801,Renfe,AVE,2026-02-03 13:19:00,2026-02-03 14:25:00,0 days 01:06:00,03943_03-02-2026-12.37,40.8,46.65,54.3,73.3,
03993,78400,04104,Renfe,AVE,2026-02-03 13:19:00,2026-02-03 13:43:00,0 days 00:24:00,03993_03-02-2026-12.37,24.65,28.75,38.25,57.25,
03943,78400,04104,Renfe,AVE,2026-02-03 13:19:00,2026-02-03 13:43:00,0 days 00:24:00,03943_03-02-2026-12.37,28.75,32.9,38.25,57.25,
03993,78400,71801,Renfe,AVE,2026-02-03 13:19:00,2026-02-03 14:25:00,0 days 01:06:00,03993_03-02-2026-12.37,35.0,40.8,54.3,73.3,
34813,78400,04104,Renfe,AVANT,2026-02-03 13:37:00,2026-02-03 14:04:00,0 days 00:27:00,34813_03-02-2026-13.37,,,,,15.0
03113,78400,04104,Renfe,AVE,2026-02-03 13:37:00,2026-02-03 14:04:00,0 days 00:27:00,03113_03-02-2026-11.27,24.65,28.75,32.8,51.8,
03113,78400,71801,Renfe,AVE,2026-02-03 13:37:00,2026-02-03 14:46:00,0 days 01:09:00,03113_03-02-2026-11.27,35.0,40.8,46.5,65.5,
34813,78400,71801,Renfe,AVANT,2026-02-03 13:37:00,2026-02-03 14:46:00,0 days 01:09:00,34813_03-02-2026-13.37,,,,,31.5
09725,04007,04104,Renfe,AVE INT,2026-02-03 13:43:00,2026-02-03 15:37:00,0 days 01:54:00,09725_03-02-2026-13.15,49.8,59.75,92.75,111.75,
09725,04007,04040,Renfe,AVE INT,2026-02-03 13:43:00,2026-02-03 14:40:00,0 days 00:57:00,09725_03-02-2026-13.15,47.8,54.65,81.75,100.75,
09725,04007,71801,Renfe,AVE INT,2026-02-03 13:43:00,2026-02-03 16:19:00,0 days 02:36:00,09725_03-02-2026-13.15,55.8,66.95,103.9,122.9,
03993,04104,71801,Renfe,AVE,2026-02-03 13:45:00,2026-02-03 14:25:00,0 days 00:40:00,03993_03-02-2026-12.37,26.7,31.15,41.45,60.45,
03943,04104,71801,Renfe,AVE,2026-02-03 13:45:00,2026-02-03 14:25:00,0 days 00:40:00,03943_03-02-2026-12.37,31.15,35.6,41.45,60.45,
02591,04040,78400,Renfe,AVE,2026-02-03 13:46:00,2026-02-03 14:29:00,0 days 00:43:00,02591_03-02-2026-12.27,30.85,36.0,41.0,60.0,
02591,04040,71801,Renfe,AVE,2026-02-03 13:46:00,2026-02-03 15:44:00,0 days 01:58:00,02591_03-02-2026-12.27,40.05,48.05,53.25,72.25,
03141,60000,71801,Renfe,AVE,2026-02-03 13:57:00,2026-02-03 16:34:00,0 days 02:37:00,03141_03-02-2026-13.57,153.9,167.9,223.3,242.3,
34813,04104,71801,Renfe,AVANT,2026-02-03 14:06:00,2026-02-03 14:46:00,0 days 00:40:00,34813_03-02-2026-13.37,,,,,18.5
03113,04104,71801,Renfe,AVE,2026-02-03 14:06:00,2026-02-03 14:46:00,0 days 00:40:00,03113_03-02-2026-11.27,26.7,31.15,35.5,54.5,
03143,60000,04040,Renfe,AVE,2026-02-03 14:27:00,2026-02-03 15:51:00,0 days 01:24:00,03143_03-02-2026-14.27,39.0,46.8,51.85,70.85,
03143,60000,71801,Renfe,AVE,2026-02-03 14:27:00,2026-02-03 17:24:00,0 days 02:57:00,03143_03-02-2026-14.27,47.45,59.3,63.1,82.1,
02591,78400,71801,Renfe,AVE,2026-02-03 14:31:00,2026-02-03 15:44:00,0 days 01:13:00,02591_03-02-2026-12.27,35.0,40.8,46.5,65.5,
34823,78400,71801,Renfe,AVANT,2026-02-03 14:31:00,2026-02-03 15:44:00,0 days 01:13:00,34823_03-02-2026-14.31,,,,,31.5
09725,04040,04104,Renfe,AVE INT,2026-02-03 14:43:00,2026-02-03 15:37:00,0 days 00:54:00,09725_03-02-2026-13.15,32.4,38.9,51.7,70.7,
09725,04040,71801,Renfe,AVE INT,2026-02-03 14:43:00,2026-02-03 16:19:00,0 days 01:36:00,09725_03-02-2026-13.15,56.05,64.1,95.9,114.9,
00609,60000,04007,Renfe,ALVIA,2026-02-03 14:47:00,2026-02-03 15:15:00,0 days 00:28:00,00609_03-02-2026-14.47,17.0,18.9,20.1,,
03151,60000,71801,Renfe,AVE,2026-02-03 14:57:00,2026-02-03 17:34:00,0 days 02:37:00,03151_03-02-2026-14.57,55.95,69.95,74.45,93.45,
03305,60000,04040,Renfe,AVE,2026-02-03 15:27:00,2026-02-03 16:50:00,0 days 01:23:00,03305_03-02-2026-15.27,31.2,39.0,41.5,60.5,
03305,60000,04104,Renfe,AVE,2026-02-03 15:27:00,2026-02-03 18:03:00,0 days 02:36:00,03305_03-02-2026-15.27,32.25,43.0,57.2,76.2,
03305,60000,71801,Renfe,AVE,2026-02-03 15:27:00,2026-02-03 18:46:00,0 days 03:19:00,03305_03-02-2026-15.27,35.6,47.45,63.1,82.1,
03305,60000,78400,Renfe,AVE,2026-02-03 15:27:00,2026-02-03 17:35:00,0 days 02:08:00,03305_03-02-2026-15.27,29.2,38.95,51.8,70.8,
09725,04104,71801,Renfe,AVE INT,2026-02-03 15:39:00,2026-02-03 16:19:00,0 days 00:40:00,09725_03-02-2026-13.15,22.25,26.7,35.5,54.5,
03143,04040,71801,Renfe,AVE,2026-02-03 15:52:00,2026-02-03 17:24:00,0 days 01:32:00,03143_03-02-2026-14.27,32.05,40.05,53.25,72.25,
03161,60000,71801,Renfe,AVE,2026-02-03 15:57:00,2026-02-03 18:34:00,0 days 02:37:00,03161_03-02-2026-15.57,41.95,55.95,74.45,93.45,
03163,60000,04040,Renfe,AVE,2026-02-03 16:27:00,2026-02-03 17:45:00,0 days 01:18:00,03163_03-02-2026-16.27,78.0,85.8,93.35,112.35,
03163,60000,71801,Renfe,AVE,2026-02-03 16:27:00,2026-02-03 19:19:00,0 days 02:52:00,03163_03-02-2026-16.27,106.75,118.6,126.2,145.2,
03305,04040,78400,Renfe,AVE,2026-02-03 16:51:00,2026-02-03 17:35:00,0 days 00:44:00,03305_03-02-2026-15.27,20.55,25.7,34.2,53.2,
03305,04040,04104,Renfe,AVE,2026-02-03 16:51:00,2026-02-03 18:03:00,0 days 01:12:00,03305_03-02-2026-15.27,25.9,32.4,43.1,62.1,
03305,04040,71801,Renfe,AVE,2026-02-03 16:51:00,2026-02-03 18:46:00,0 days 01:55:00,03305_03-02-2026-15.27,32.05,40.05,53.25,72.25,
03171,60000,71801,Renfe,AVE,2026-02-03 16:57:00,2026-02-03 19:34:00,0 days 02:37:00,03171_03-02-2026-16.57,125.9,139.9,148.85,167.85,
03173,60000,04040,Renfe,AVE,2026-02-03 17:27:00,2026-02-03 18:51:00,0 days 01:24:00,03173_03-02-2026-17.27,70.2,78.0,83.0,102.0,
03173,60000,78400,Renfe,AVE,2026-02-03 17:27:00,2026-02-03 19:35:00,0 days 02:08:00,03173_03-02-2026-17.27,87.65,97.4,103.65,122.65,
03173,60000,04104,Renfe,AVE,2026-02-03 17:27:00,2026-02-03 20:04:00,0 days 02:37:00,03173_03-02-2026-17.27,96.75,107.5,114.4,133.4,
03173,60000,04007,Renfe,AVE,2026-02-03 17:27:00,2026-02-03 17:53:00,0 days 00:26:00,03173_03-02-2026-17.27,45.7,49.55,60.8,79.8,
03173,60000,71801,Renfe,AVE,2026-02-03 17:27:00,2026-02-03 20:46:00,0 days 03:19:00,03173_03-02-2026-17.27,94.9,106.75,110.4,129.4,
03305,78400,71801,Renfe,AVE,2026-02-03 17:37:00,2026-02-03 18:46:00,0 days 01:09:00,03305_03-02-2026-15.27,29.15,35.0,38.75,57.75,
03305,78400,04104,Renfe,AVE,2026-02-03 17:37:00,2026-02-03 18:03:00,0 days 00:26:00,03305_03-02-2026-15.27,20.55,24.65,27.35,46.35,
03163,04040,71801,Renfe,AVE,2026-02-03 17:46:00,2026-02-03 19:19:00,0 days 01:33:00,03163_03-02-2026-16.27,72.1,80.1,85.25,104.25,
03173,04007,71801,Renfe,AVE,2026-02-03 17:54:00,2026-02-03 20:46:00,0 days 02:52:00,03173_03-02-2026-17.27,89.3,100.45,103.9,122.9,
03173,04007,04104,Renfe,AVE,2026-02-03 17:54:00,2026-02-03 20:04:00,0 days 02:10:00,03173_03-02-2026-17.27,89.65,99.6,105.95,124.95,
03173,04007,04040,Renfe,AVE,2026-02-03 17:54:00,2026-02-03 18:51:00,0 days 00:57:00,03173_03-02-2026-17.27,61.45,68.3,72.65,91.65,
03173,04007,78400,Renfe,AVE,2026-02-03 17:54:00,2026-02-03 19:35:00,0 days 01:41:00,03173_03-02-2026-17.27,80.0,88.9,94.6,113.6,
02553,60000,71801,Renfe,AVE,2026-02-03 17:57:00,2026-02-03 20:34:00,0 days 02:37:00,02553_03-02-2026-17.57,130.45,142.3,157.75,176.75,
03305,04104,71801,Renfe,AVE,2026-02-03 18:05:00,2026-02-03 18:46:00,0 days 00:41:00,03305_03-02-2026-15.27,22.25,26.7,29.6,48.6,
03183,60000,71801,Renfe,AVE,2026-02-03 18:27:00,2026-02-03 21:24:00,0 days 02:57:00,03183_03-02-2026-18.27,94.9,106.75,110.4,129.4,
03183,60000,04040,Renfe,AVE,2026-02-03 18:27:00,2026-02-03 19:45:00,0 days 01:18:00,03183_03-02-2026-18.27,70.2,78.0,83.0,102.0,
03183,60000,04104,Renfe,AVE,2026-02-03 18:27:00,2026-02-03 20:44:00,0 days 02:17:00,03183_03-02-2026-18.27,86.0,96.75,100.1,119.1,
03173,04040,04104,Renfe,AVE,2026-02-03 18:52:00,2026-02-03 20:04:00,0 days 01:12:00,03173_03-02-2026-17.27,64.8,71.3,77.55,96.55,
03173,04040,78400,Renfe,AVE,2026-02-03 18:52:00,2026-02-03 19:35:00,0 days 00:43:00,03173_03-02-2026-17.27,51.4,56.55,61.55,80.55,
03173,04040,71801,Renfe,AVE,2026-02-03 18:52:00,2026-02-03 20:46:00,0 days 01:54:00,03173_03-02-2026-17.27,72.1,80.1,85.25,104.25,
03191,60000,71801,Renfe,AVE,2026-02-03 18:57:00,2026-02-03 21:34:00,0 days 02:37:00,03191_03-02-2026-18.57,42.0,56.0,74.5,93.5,
02861,60000,04040,Renfe,AVE,2026-02-03 19:00:00,2026-02-03 20:42:00,0 days 01:42:00,02861_03-02-2026-19.00,23.4,31.2,51.85,70.85,
02861,60000,04007,Renfe,AVE,2026-02-03 19:00:00,2026-02-03 19:28:00,0 days 00:28:00,02861_03-02-2026-19.00,45.7,49.55,60.8,79.8,
02861,04007,04040,Renfe,AVE,2026-02-03 19:29:00,2026-02-03 20:42:00,0 days 01:13:00,02861_03-02-2026-19.00,20.5,27.3,45.4,64.4,
03309,60000,04040,Renfe,AVE,2026-02-03 19:34:00,2026-02-03 21:02:00,0 days 01:28:00,03309_03-02-2026-19.34,39.0,46.8,41.5,60.5,
03309,60000,71801,Renfe,AVE,2026-02-03 19:34:00,2026-02-03 22:55:00,0 days 03:21:00,03309_03-02-2026-19.34,47.45,59.3,78.85,97.85,
03309,60000,04104,Renfe,AVE,2026-02-03 19:34:00,2026-02-03 22:15:00,0 days 02:41:00,03309_03-02-2026-19.34,32.25,43.0,71.5,90.5,
03309,60000,78400,Renfe,AVE,2026-02-03 19:34:00,2026-02-03 21:46:00,0 days 02:12:00,03309_03-02-2026-19.34,29.2,38.95,64.75,83.75,
03309,60000,04007,Renfe,AVE,2026-02-03 19:34:00,2026-02-03 20:00:00,0 days 00:26:00,03309_03-02-2026-19.34,41.9,45.7,50.65,69.65,
03173,78400,71801,Renfe,AVE,2026-02-03 19:37:00,2026-02-03 20:46:00,0 days 01:09:00,03173_03-02-2026-17.27,58.3,64.15,69.8,88.8,
03173,78400,04104,Renfe,AVE,2026-02-03 19:37:00,2026-02-03 20:04:00,0 days 00:27:00,03173_03-02-2026-17.27,41.1,45.2,49.2,68.2,
03183,04040,71801,Renfe,AVE,2026-02-03 19:46:00,2026-02-03 21:24:00,0 days 01:38:00,03183_03-02-2026-18.27,64.1,72.1,74.55,93.55,
03183,04040,04104,Renfe,AVE,2026-02-03 19:46:00,2026-02-03 20:44:00,0 days 00:58:00,03183_03-02-2026-18.27,51.85,58.3,60.35,79.35,
00437,04040,78400,Renfe,ALVIA,2026-02-03 19:52:00,2026-02-03 20:56:00,0 days 01:04:00,00437_03-02-2026-19.52,26.65,30.5,35.45,,
00437,04040,04104,Renfe,ALVIA,2026-02-03 19:52:00,2026-02-03 21:30:00,0 days 01:38:00,00437_03-02-2026-19.52,33.6,38.4,44.7,,
00437,04040,71801,Renfe,ALVIA,2026-02-03 19:52:00,2026-02-03 22:13:00,0 days 02:21:00,00437_03-02-2026-19.52,35.6,41.5,47.3,,
03931,04040,71801,Renfe,AVE,2026-02-03 20:01:00,2026-02-03 21:58:00,0 days 01:57:00,03931_03-02-2026-20.01,40.05,48.05,53.25,72.25,
03309,04007,78400,Renfe,AVE,2026-02-03 20:01:00,2026-02-03 21:46:00,0 days 01:45:00,03309_03-02-2026-19.34,26.65,35.55,59.1,78.1,
03309,04007,04104,Renfe,AVE,2026-02-03 20:01:00,2026-02-03 22:15:00,0 days 02:14:00,03309_03-02-2026-19.34,29.9,39.85,66.25,85.25,
03309,04007,04040,Renfe,AVE,2026-02-03 20:01:00,2026-02-03 21:02:00,0 days 01:01:00,03309_03-02-2026-19.34,34.15,41.0,45.4,64.4,
03931,04040,78400,Renfe,AVE,2026-02-03 20:01:00,2026-02-03 20:48:00,0 days 00:47:00,03931_03-02-2026-20.01,30.85,36.0,41.0,60.0,
03309,04007,71801,Renfe,AVE,2026-02-03 20:01:00,2026-02-03 22:55:00,0 days 02:54:00,03309_03-02-2026-19.34,33.5,44.65,74.2,93.2,
03931,04040,04104,Renfe,AVE,2026-02-03 20:01:00,2026-02-03 21:16:00,0 days 01:15:00,03931_03-02-2026-20.01,38.9,45.35,51.7,70.7,
03173,04104,71801,Renfe,AVE,2026-02-03 20:06:00,2026-02-03 20:46:00,0 days 00:40:00,03173_03-02-2026-17.27,44.5,48.95,53.25,72.25,
03203,60000,04104,Renfe,AVE,2026-02-03 20:27:00,2026-02-03 23:07:00,0 days 02:40:00,03203_03-02-2026-20.27,64.5,75.25,85.8,104.8,
03203,60000,04040,Renfe,AVE,2026-02-03 20:27:00,2026-02-03 21:57:00,0 days 01:30:00,03203_03-02-2026-20.27,46.8,54.6,62.25,81.25,
03203,60000,71801,Renfe,AVE,2026-02-03 20:27:00,2026-02-03 23:48:00,0 days 03:21:00,03203_03-02-2026-20.27,59.3,71.15,78.85,97.85,
03203,60000,78400,Renfe,AVE,2026-02-03 20:27:00,2026-02-03 22:40:00,0 days 02:13:00,03203_03-02-2026-20.27,58.45,68.2,77.75,96.75,
03203,60000,04007,Renfe,AVE,2026-02-03 20:27:00,2026-02-03 20:52:00,0 days 00:25:00,03203_03-02-2026-20.27,45.7,49.55,60.8,79.8,
03991,04040,78400,Renfe,AVE,2026-02-03 20:38:00,2026-02-03 21:20:00,0 days 00:42:00,03991_03-02-2026-20.38,30.85,36.0,41.0,60.0,
03991,04040,04104,Renfe,AVE,2026-02-03 20:38:00,2026-02-03 21:51:00,0 days 01:13:00,03991_03-02-2026-20.38,38.9,45.35,51.7,70.7,
03941,04040,78400,Renfe,AVE,2026-02-03 20:38:00,2026-02-03 21:20:00,0 days 00:42:00,03941_03-02-2026-20.38,30.85,36.0,41.0,60.0,
03991,04040,71801,Renfe,AVE,2026-02-03 20:38:00,2026-02-03 22:35:00,0 days 01:57:00,03991_03-02-2026-20.38,40.05,48.05,53.25,72.25,
03941,04040,71801,Renfe,AVE,2026-02-03 20:38:00,2026-02-03 22:35:00,0 days 01:57:00,03941_03-02-2026-20.38,40.05,48.05,53.25,72.25,
03941,04040,04104,Renfe,AVE,2026-02-03 20:38:00,2026-02-03 21:51:00,0 days 01:13:00,03941_03-02-2026-20.38,38.9,45.35,51.7,70.7,
03183,04104,71801,Renfe,AVE,2026-02-03 20:46:00,2026-02-03 21:24:00,0 days 00:38:00,03183_03-02-2026-18.27,35.6,40.05,41.45,60.45,
03931,78400,04104,Renfe,AVE,2026-02-03 20:50:00,2026-02-03 21:16:00,0 days 00:26:00,03931_03-02-2026-20.01,24.65,28.75,32.8,51.8,
03931,78400,71801,Renfe,AVE,2026-02-03 20:50:00,2026-02-03 21:58:00,0 days 01:08:00,03931_03-02-2026-20.01,35.0,40.8,46.5,65.5,
03203,04007,04104,Renfe,AVE,2026-02-03 20:53:00,2026-02-03 23:07:00,0 days 02:14:00,03203_03-02-2026-20.27,59.75,69.7,79.5,98.5,
03203,04007,04040,Renfe,AVE,2026-02-03 20:53:00,2026-02-03 21:57:00,0 days 01:04:00,03203_03-02-2026-20.27,41.0,47.8,54.5,73.5,
03203,04007,71801,Renfe,AVE,2026-02-03 20:53:00,2026-02-03 23:48:00,0 days 02:55:00,03203_03-02-2026-20.27,55.8,66.95,74.2,93.2,
03203,04007,78400,Renfe,AVE,2026-02-03 20:53:00,2026-02-03 22:40:00,0 days 01:47:00,03203_03-02-2026-20.27,53.35,62.25,70.95,89.95,
00437,78400,04104,Renfe,ALVIA,2026-02-03 20:58:00,2026-02-03 21:30:00,0 days 00:32:00,00437_03-02-2026-19.52,21.35,24.4,28.4,,
00437,78400,71801,Renfe,ALVIA,2026-02-03 20:58:00,2026-02-03 22:13:00,0 days 01:15:00,00437_03-02-2026-19.52,30.25,34.55,40.2,,
03309,04040,71801,Renfe,AVE,2026-02-03 21:03:00,2026-02-03 22:55:00,0 days 01:52:00,03309_03-02-2026-19.34,40.05,48.05,53.25,72.25,
03309,04040,78400,Renfe,AVE,2026-02-03 21:03:00,2026-02-03 21:46:00,0 days 00:43:00,03309_03-02-2026-19.34,25.7,30.85,34.2,53.2,
03309,04040,04104,Renfe,AVE,2026-02-03 21:03:00,2026-02-03 22:15:00,0 days 01:12:00,03309_03-02-2026-19.34,32.4,38.9,43.1,62.1,
03931,04104,71801,Renfe,AVE,2026-02-03 21:18:00,2026-02-03 21:58:00,0 days 00:40:00,03931_03-02-2026-20.01,26.7,31.15,35.5,54.5,
03941,78400,71801,Renfe,AVE,2026-02-03 21:22:00,2026-02-03 22:35:00,0 days 01:13:00,03941_03-02-2026-20.38,35.0,40.8,46.5,65.5,
03991,78400,04104,Renfe,AVE,2026-02-03 21:22:00,2026-02-03 21:51:00,0 days 00:29:00,03991_03-02-2026-20.38,24.65,28.75,32.8,51.8,
03941,78400,04104,Renfe,AVE,2026-02-03 21:22:00,2026-02-03 21:51:00,0 days 00:29:00,03941_03-02-2026-20.38,24.65,28.75,32.8,51.8,
03991,78400,71801,Renfe,AVE,2026-02-03 21:22:00,2026-02-03 22:35:00,0 days 01:13:00,03991_03-02-2026-20.38,35.0,40.8,46.5,65.5,
00437,04104,71801,Renfe,ALVIA,2026-02-03 21:32:00,2026-02-03 22:13:00,0 days 00:41:00,00437_03-02-2026-19.52,23.1,26.4,30.7,,
03309,78400,71801,Renfe,AVE,2026-02-03 21:48:00,2026-02-03 22:55:00,0 days 01:07:00,03309_03-02-2026-19.34,35.0,40.8,46.5,65.5,
03309,78400,04104,Renfe,AVE,2026-02-03 21:48:00,2026-02-03 22:15:00,0 days 00:27:00,03309_03-02-2026-19.34,24.65,28.75,32.8,51.8,
03991,04104,71801,Renfe,AVE,2026-02-03 21:53:00,2026-02-03 22:35:00,0 days 00:42:00,03991_03-02-2026-20.38,26.7,31.15,35.5,54.5,
03941,04104,71801,Renfe,AVE,2026-02-03 21:53:00,2026-02-03 22:35:00,0 days 00:42:00,03941_03-02-2026-20.38,26.7,31.15,35.5,54.5,
03203,04040,04104,Renfe,AVE,2026-02-03 21:58:00,2026-02-03 23:07:00,0 days 01:09:00,03203_03-02-2026-20.27,45.35,51.85,60.35,79.35,
03203,04040,78400,Renfe,AVE,2026-02-03 21:58:00,2026-02-03 22:40:00,0 days 00:42:00,03203_03-02-2026-20.27,36.0,41.1,47.85,66.85,
03203,04040,71801,Renfe,AVE,2026-02-03 21:58:00,2026-02-03 23:48:00,0 days 01:50:00,03203_03-02-2026-20.27,48.05,56.05,63.9,82.9,
03309,04104,71801,Renfe,AVE,2026-02-03 22:17:00,2026-02-03 22:55:00,0 days 00:38:00,03309_03-02-2026-19.34,26.7,31.15,35.5,54.5,
03203,78400,71801,Renfe,AVE,2026-02-03 22:42:00,2026-02-03 23:48:00,0 days 01:06:00,03203_03-02-2026-20.27,40.8,46.65,54.3,73.3,
03203,78400,04104,Renfe,AVE,2026-02-03 22:42:00,2026-02-03 23:07:00,0 days 00:25:00,03203_03-02-2026-20.27,28.75,32.9,38.25,57.25,
03203,04104,71801,Renfe,AVE,2026-02-03 23:09:00,2026-02-03 23:48:00,0 days 00:39:00,03203_03-02-2026-20.27,31.15,35.6,41.45,60.45,
03301,60000,04104,Renfe,AVE,2026-02-04 06:16:00,2026-02-04 08:21:00,0 days 02:05:00,03301_04-02-2026-06.16,43.0,53.75,71.5,90.5,
03301,60000,71801,Renfe,AVE,2026-02-04 06:16:00,2026-02-04 09:05:00,0 days 02:49:00,03301_04-02-2026-06.16,47.45,59.3,78.85,97.85,
03063,60000,71801,Renfe,AVE,2026-02-04 06:27:00,2026-02-04 09:25:00,0 days 02:58:00,03063_04-02-2026-06.27,47.45,59.3,63.1,82.1,
03063,60000,04040,Renfe,AVE,2026-02-04 06:27:00,2026-02-04 07:52:00,0 days 01:25:00,03063_04-02-2026-06.27,39.0,46.8,51.85,70.85,
03071,60000,71801,Renfe,AVE,2026-02-04 06:57:00,2026-02-04 09:34:00,0 days 02:37:00,03071_04-02-2026-06.57,83.95,97.95,223.3,242.3,
03073,60000,04040,Renfe,AVE,2026-02-04 07:27:00,2026-02-04 08:51:00,0 days 01:24:00,03073_04-02-2026-07.27,62.4,70.2,72.6,91.6,
03073,60000,04007,Renfe,AVE,2026-02-04 07:27:00,2026-02-04 07:52:00,0 days 00:25:00,03073_04-02-2026-07.27,45.7,49.55,60.8,79.8,
03073,60000,78400,Renfe,AVE,2026-02-04 07:27:00,2026-02-04 09:35:00,0 days 02:08:00,03073_04-02-2026-07.27,77.9,87.65,90.7,109.7,
03073,60000,71801,Renfe,AVE,2026-02-04 07:27:00,2026-02-04 10:46:00,0 days 03:19:00,03073_04-02-2026-07.27,83.0,94.9,94.65,113.65,
03073,60000,04104,Renfe,AVE,2026-02-04 07:27:00,2026-02-04 10:04:00,0 days 02:37:00,03073_04-02-2026-07.27,86.0,96.75,100.1,119.1,
03073,04007,04104,Renfe,AVE,2026-02-04 07:53:00,2026-02-04 10:04:00,0 days 02:11:00,03073_04-02-2026-07.27,79.7,89.65,92.75,111.75,
03073,04007,71801,Renfe,AVE,2026-02-04 07:53:00,2026-02-04 10:46:00,0 days 02:53:00,03073_04-02-2026-07.27,78.1,89.3,89.05,108.05,
03073,04007,04040,Renfe,AVE,2026-02-04 07:53:00,2026-02-04 08:51:00,0 days 00:58:00,03073_04-02-2026-07.27,54.65,61.45,63.6,82.6,
03063,04040,71801,Renfe,AVE,2026-02-04 07:53:00,2026-02-04 09:25:00,0 days 01:32:00,03063_04-02-2026-06.27,40.05,48.05,53.25,72.25,
03073,04007,78400,Renfe,AVE,2026-02-04 07:53:00,2026-02-04 09:35:00,0 days 01:42:00,03073_04-02-2026-07.27,71.1,80.0,82.75,101.75,
03081,60000,71801,Renfe,AVE,2026-02-04 07:57:00,2026-02-04 10:34:00,0 days 02:37:00,03081_04-02-2026-07.57,111.9,125.9,130.25,149.25,
03301,04104,71801,Renfe,AVE,2026-02-04 08:23:00,2026-02-04 09:05:00,0 days 00:42:00,03301_04-02-2026-06.16,17.8,22.25,29.6,48.6,
03083,60000,04040,Renfe,AVE,2026-02-04 08:27:00,2026-02-04 09:45:00,0 days 01:18:00,03083_04-02-2026-08.27,39.0,46.8,51.85,70.85,
03083,60000,71801,Renfe,AVE,2026-02-04 08:27:00,2026-02-04 11:19:00,0 days 02:52:00,03083_04-02-2026-08.27,47.45,59.3,63.1,82.1,
03073,04040,04104,Renfe,AVE,2026-02-04 08:52:00,2026-02-04 10:04:00,0 days 01:12:00,03073_04-02-2026-07.27,58.3,64.8,68.95,87.95,
03073,04040,71801,Renfe,AVE,2026-02-04 08:52:00,2026-02-04 10:46:00,0 days 01:54:00,03073_04-02-2026-07.27,64.1,72.1,74.55,93.55,
03073,04040,78400,Renfe,AVE,2026-02-04 08:52:00,2026-02-04 09:35:00,0 days 00:43:00,03073_04-02-2026-07.27,46.25,51.4,54.7,73.7,
03091,60000,71801,Renfe,AVE,2026-02-04 08:57:00,2026-02-04 11:41:00,0 days 02:44:00,03091_04-02-2026-08.57,55.95,69.95,74.45,93.45,
03091,60000,04104,Renfe,AVE,2026-02-04 08:57:00,2026-02-04 11:01:00,0 days 02:04:00,03091_04-02-2026-08.57,53.75,64.5,71.5,90.5,
02561,60000,04040,Renfe,AVE,2026-02-04 09:27:00,2026-02-04 10:46:00,0 days 01:19:00,02561_04-02-2026-09.27,54.6,62.4,72.6,91.6,
02561,60000,78400,Renfe,AVE,2026-02-04 09:27:00,2026-02-04 11:32:00,0 days 02:05:00,02561_04-02-2026-09.27,68.2,77.9,90.7,109.7,
02561,60000,04104,Renfe,AVE,2026-02-04 09:27:00,2026-02-04 12:00:00,0 days 02:33:00,02561_04-02-2026-09.27,75.25,86.0,100.1,119.1,
02561,60000,71801,Renfe,AVE,2026-02-04 09:27:00,2026-02-04 12:41:00,0 days 03:14:00,02561_04-02-2026-09.27,71.15,83.0,94.65,113.65,
03073,78400,71801,Renfe,AVE,2026-02-04 09:37:00,2026-02-04 10:46:00,0 days 01:09:00,03073_04-02-2026-07.27,52.45,58.3,62.05,81.05,
03073,78400,04104,Renfe,AVE,2026-02-04 09:37:00,2026-02-04 10:04:00,0 days 00:27:00,03073_04-02-2026-07.27,37.0,41.1,43.75,62.75,
03083,04040,71801,Renfe,AVE,2026-02-04 09:46:00,2026-02-04 11:19:00,0 days 01:33:00,03083_04-02-2026-08.27,32.05,40.05,42.6,61.6,
03073,04104,71801,Renfe,AVE,2026-02-04 10:06:00,2026-02-04 10:46:00,0 days 00:40:00,03073_04-02-2026-07.27,40.05,44.5,47.35,66.35,
03303,60000,71801,Renfe,AVE,2026-02-04 10:27:00,2026-02-04 13:19:00,0 days 02:52:00,03303_04-02-2026-10.27,71.15,83.0,94.65,113.65,
03303,60000,04040,Renfe,AVE,2026-02-04 10:27:00,2026-02-04 11:47:00,0 days 01:20:00,03303_04-02-2026-10.27,62.4,70.2,62.25,81.25,
00605,60000,04007,Renfe,ALVIA,2026-02-04 10:32:00,2026-02-04 10:59:00,0 days 00:27:00,00605_04-02-2026-10.32,26.45,28.35,30.15,,
02561,04040,78400,Renfe,AVE,2026-02-04 10:47:00,2026-02-04 11:32:00,0 days 00:45:00,02561_04-02-2026-09.27,41.1,46.25,54.7,73.7,
02561,04040,04104,Renfe,AVE,2026-02-04 10:47:00,2026-02-04 12:00:00,0 days 01:13:00,02561_04-02-2026-09.27,51.85,58.3,68.95,87.95,
02561,04040,71801,Renfe,AVE,2026-02-04 10:47:00,2026-02-04 12:41:00,0 days 01:54:00,02561_04-02-2026-09.27,56.05,64.1,74.55,93.55,
03091,04104,71801,Renfe,AVE,2026-02-04 11:03:00,2026-02-04 11:41:00,0 days 00:38:00,03091_04-02-2026-08.57,31.5,36.75,41.9,60.9,
00533,04040,78400,Renfe,ALVIA,2026-02-04 11:09:00,2026-02-04 11:58:00,0 days 00:49:00,00533_04-02-2026-11.09,26.65,30.5,35.45,,
00533,04040,04104,Renfe,ALVIA,2026-02-04 11:09:00,2026-02-04 12:31:00,0 days 01:22:00,00533_04-02-2026-11.09,33.6,38.4,44.7,,
00533,04040,71801,Renfe,ALVIA,2026-02-04 11:09:00,2026-02-04 13:09:00,0 days 02:00:00,00533_04-02-2026-11.09,35.6,41.5,47.3,,
03113,60000,04040,Renfe,AVE,2026-02-04 11:27:00,2026-02-04 12:51:00,0 days 01:24:00,03113_04-02-2026-11.27,39.0,46.8,51.85,70.85,
03113,60000,78400,Renfe,AVE,2026-02-04 11:27:00,2026-02-04 13:35:00,0 days 02:08:00,03113_04-02-2026-11.27,48.7,58.45,64.75,83.75,
03113,60000,04104,Renfe,AVE,2026-02-04 11:27:00,2026-02-04 14:04:00,0 days 02:37:00,03113_04-02-2026-11.27,53.75,64.5,71.5,90.5,
03113,60000,71801,Renfe,AVE,2026-02-04 11:27:00,2026-02-04 14:46:00,0 days 03:19:00,03113_04-02-2026-11.27,47.45,59.3,63.1,82.1,
02561,78400,04104,Renfe,AVE,2026-02-04 11:34:00,2026-02-04 12:00:00,0 days 00:26:00,02561_04-02-2026-09.27,32.9,37.0,43.75,62.75,
02561,78400,71801,Renfe,AVE,2026-02-04 11:34:00,2026-02-04 12:41:00,0 days 01:07:00,02561_04-02-2026-09.27,46.65,52.45,62.05,81.05,
03303,04040,71801,Renfe,AVE,2026-02-04 11:48:00,2026-02-04 13:19:00,0 days 01:31:00,03303_04-02-2026-10.27,64.1,72.1,85.25,104.25,
00533,78400,04104,Renfe,ALVIA,2026-02-04 12:00:00,2026-02-04 12:31:00,0 days 00:31:00,00533_04-02-2026-11.09,21.35,24.4,28.4,,
34433,78400,71801,Renfe,AVANT,2026-02-04 12:00:00,2026-02-04 13:09:00,0 days 01:09:00,34433_04-02-2026-12.00,,,,,31.5
34433,78400,04104,Renfe,AVANT,2026-02-04 12:00:00,2026-02-04 12:31:00,0 days 00:31:00,34433_04-02-2026-12.00,,,,,15.0
00533,78400,71801,Renfe,ALVIA,2026-02-04 12:00:00,2026-02-04 13:09:00,0 days 01:09:00,00533_04-02-2026-11.09,30.25,34.55,40.2,,
02561,04104,71801,Renfe,AVE,2026-02-04 12:02:00,2026-02-04 12:41:00,0 days 00:39:00,02561_04-02-2026-09.27,35.6,40.05,47.35,66.35,
02591,60000,71801,Renfe,AVE,2026-02-04 12:27:00,2026-02-04 15:44:00,0 days 03:17:00,02591_04-02-2026-12.27,59.3,71.15,78.85,97.85,
02591,60000,04040,Renfe,AVE,2026-02-04 12:27:00,2026-02-04 13:45:00,0 days 01:18:00,02591_04-02-2026-12.27,46.8,54.6,62.25,81.25,
02591,60000,78400,Renfe,AVE,2026-02-04 12:27:00,2026-02-04 14:29:00,0 days 02:02:00,02591_04-02-2026-12.27,58.45,68.2,77.75,96.75,
34433,04104,71801,Renfe,AVANT,2026-02-04 12:33:00,2026-02-04 13:09:00,0 days 00:36:00,34433_04-02-2026-12.00,,,,,18.5
00533,04104,71801,Renfe,ALVIA,2026-02-04 12:33:00,2026-02-04 13:09:00,0 days 00:36:00,00533_04-02-2026-11.09,23.1,26.4,30.7,,
03993,04040,04104,Renfe,AVE,2026-02-04 12:37:00,2026-02-04 13:43:00,0 days 01:06:00,03993_04-02-2026-12.37,58.3,64.8,77.55,96.55,
03943,04040,04104,Renfe,AVE,2026-02-04 12:37:00,2026-02-04 13:43:00,0 days 01:06:00,03943_04-02-2026-12.37,45.35,51.85,60.35,79.35,
03993,04040,78400,Renfe,AVE,2026-02-04 12:37:00,2026-02-04 13:17:00,0 days 00:40:00,03993_04-02-2026-12.37,46.25,51.4,61.55,80.55,
03943,04040,78400,Renfe,AVE,2026-02-04 12:37:00,2026-02-04 13:17:00,0 days 00:40:00,03943_04-02-2026-12.37,36.0,41.1,47.85,66.85,
03993,04040,71801,Renfe,AVE,2026-02-04 12:37:00,2026-02-04 14:25:00,0 days 01:48:00,03993_04-02-2026-12.37,64.1,72.1,85.25,104.25,
03943,04040,71801,Renfe,AVE,2026-02-04 12:37:00,2026-02-04 14:25:00,0 days 01:48:00,03943_04-02-2026-12.37,48.05,56.05,63.9,82.9,
03113,04040,78400,Renfe,AVE,2026-02-04 12:52:00,2026-02-04 13:35:00,0 days 00:43:00,03113_04-02-2026-11.27,30.85,36.0,41.0,60.0,
03113,04040,71801,Renfe,AVE,2026-02-04 12:52:00,2026-02-04 14:46:00,0 days 01:54:00,03113_04-02-2026-11.27,40.05,48.05,53.25,72.25,
03113,04040,04104,Renfe,AVE,2026-02-04 12:52:00,2026-02-04 14:04:00,0 days 01:12:00,03113_04-02-2026-11.27,38.9,45.35,51.7,70.7,
09725,60000,04104,Renfe,AVE INT,2026-02-04 13:15:00,2026-02-04 15:37:00,0 days 02:22:00,09725_04-02-2026-13.15,53.75,64.5,85.8,104.8,
09725,60000,04040,Renfe,AVE INT,2026-02-04 13:15:00,2026-02-04 14:40:00,0 days 01:25:00,09725_04-02-2026-13.15,46.8,54.6,83.0,102.0,
09725,60000,71801,Renfe,AVE INT,2026-02-04 13:15:00,2026-02-04 16:19:00,0 days 03:04:00,09725_04-02-2026-13.15,59.3,71.15,94.65,113.65,
09725,60000,04007,Renfe,AVE INT,2026-02-04 13:15:00,2026-02-04 13:41:00,0 days 00:26:00,09725_04-02-2026-13.15,15.25,19.05,,,
03993,78400,71801,Renfe,AVE,2026-02-04 13:19:00,2026-02-04 14:25:00,0 days 01:06:00,03993_04-02-2026-12.37,52.45,58.3,69.8,88.8,
03943,78400,71801,Renfe,AVE,2026-02-04 13:19:00,2026-02-04 14:25:00,0 days 01:06:00,03943_04-02-2026-12.37,40.8,46.65,54.3,73.3,
03943,78400,04104,Renfe,AVE,2026-02-04 13:19:00,2026-02-04 13:43:00,0 days 00:24:00,03943_04-02-2026-12.37,28.75,32.9,38.25,57.25,
03993,78400,04104,Renfe,AVE,2026-02-04 13:19:00,2026-02-04 13:43:00,0 days 00:24:00,03993_04-02-2026-12.37,37.0,41.1,49.2,68.2,
03113,78400,71801,Renfe,AVE,2026-02-04 13:37:00,2026-02-04 14:46:00,0 days 01:09:00,03113_04-02-2026-11.27,35.0,40.8,46.5,65.5,
34813,78400,04104,Renfe,AVANT,2026-02-04 13:37:00,2026-02-04 14:04:00,0 days 00:27:00,34813_04-02-2026-13.37,,,,,15.0
03113,78400,04104,Renfe,AVE,2026-02-04 13:37:00,2026-02-04 14:04:00,0 days 00:27:00,03113_04-02-2026-11.27,24.65,28.75,32.8,51.8,
34813,78400,71801,Renfe,AVANT,2026-02-04 13:37:00,2026-02-04 14:46:00,0 days 01:09:00,34813_04-02-2026-13.37,,,,,31.5
09725,04007,04104,Renfe,AVE INT,2026-02-04 13:43:00,2026-02-04 15:37:00,0 days 01:54:00,09725_04-02-2026-13.15,49.8,59.75,79.5,98.5,
09725,04007,71801,Renfe,AVE INT,2026-02-04 13:43:00,2026-02-04 16:19:00,0 days 02:36:00,09725_04-02-2026-13.15,55.8,66.95,89.05,108.05,
09725,04007,04040,Renfe,AVE INT,2026-02-04 13:43:00,2026-02-04 14:40:00,0 days 00:57:00,09725_04-02-2026-13.15,41.0,47.8,72.65,91.65,
03993,04104,71801,Renfe,AVE,2026-02-04 13:45:00,2026-02-04 14:25:00,0 days 00:40:00,03993_04-02-2026-12.37,40.05,44.5,53.25,72.25,
03943,04104,71801,Renfe,AVE,2026-02-04 13:45:00,2026-02-04 14:25:00,0 days 00:40:00,03943_04-02-2026-12.37,31.15,35.6,41.45,60.45,
02591,04040,78400,Renfe,AVE,2026-02-04 13:46:00,2026-02-04 14:29:00,0 days 00:43:00,02591_04-02-2026-12.27,36.0,41.1,47.85,66.85,
02591,04040,71801,Renfe,AVE,2026-02-04 13:46:00,2026-02-04 15:44:00,0 days 01:58:00,02591_04-02-2026-12.27,48.05,56.05,63.9,82.9,
03141,60000,71801,Renfe,AVE,2026-02-04 13:57:00,2026-02-04 16:34:00,0 days 02:37:00,03141_04-02-2026-13.57,153.9,167.9,223.3,242.3,
03113,04104,71801,Renfe,AVE,2026-02-04 14:06:00,2026-02-04 14:46:00,0 days 00:40:00,03113_04-02-2026-11.27,26.7,31.15,35.5,54.5,
34813,04104,71801,Renfe,AVANT,2026-02-04 14:06:00,2026-02-04 14:46:00,0 days 00:40:00,34813_04-02-2026-13.37,,,,,18.5
03143,60000,71801,Renfe,AVE,2026-02-04 14:27:00,2026-02-04 17:24:00,0 days 02:57:00,03143_04-02-2026-14.27,59.3,71.15,78.85,97.85,
03143,60000,04040,Renfe,AVE,2026-02-04 14:27:00,2026-02-04 15:51:00,0 days 01:24:00,03143_04-02-2026-14.27,46.8,54.6,62.25,81.25,
02591,78400,71801,Renfe,AVE,2026-02-04 14:31:00,2026-02-04 15:44:00,0 days 01:13:00,02591_04-02-2026-12.27,40.8,46.65,54.3,73.3,
34823,78400,71801,Renfe,AVANT,2026-02-04 14:31:00,2026-02-04 15:44:00,0 days 01:13:00,34823_04-02-2026-14.31,,,,,31.5
09725,04040,04104,Renfe,AVE INT,2026-02-04 14:43:00,2026-02-04 15:37:00,0 days 00:54:00,09725_04-02-2026-13.15,25.9,32.4,43.1,62.1,
09725,04040,71801,Renfe,AVE INT,2026-02-04 14:43:00,2026-02-04 16:19:00,0 days 01:36:00,09725_04-02-2026-13.15,48.05,56.05,85.25,104.25,
00609,60000,04007,Renfe,ALVIA,2026-02-04 14:47:00,2026-02-04 15:15:00,0 days 00:28:00,00609_04-02-2026-14.47,26.45,28.35,30.15,,
03151,60000,71801,Renfe,AVE,2026-02-04 14:57:00,2026-02-04 17:34:00,0 days 02:37:00,03151_04-02-2026-14.57,55.95,69.95,148.85,167.85,
03305,60000,04040,Renfe,AVE,2026-02-04 15:27:00,2026-02-04 16:50:00,0 days 01:23:00,03305_04-02-2026-15.27,62.4,70.2,62.25,81.25,
03305,60000,71801,Renfe,AVE,2026-02-04 15:27:00,2026-02-04 18:46:00,0 days 03:19:00,03305_04-02-2026-15.27,71.15,83.0,94.65,113.65,
03305,60000,04104,Renfe,AVE,2026-02-04 15:27:00,2026-02-04 18:03:00,0 days 02:36:00,03305_04-02-2026-15.27,64.5,75.25,85.8,104.8,
03305,60000,78400,Renfe,AVE,2026-02-04 15:27:00,2026-02-04 17:35:00,0 days 02:08:00,03305_04-02-2026-15.27,58.45,68.2,77.75,96.75,
09725,04104,71801,Renfe,AVE INT,2026-02-04 15:39:00,2026-02-04 16:19:00,0 days 00:40:00,09725_04-02-2026-13.15,17.8,22.25,,,
03143,04040,71801,Renfe,AVE,2026-02-04 15:52:00,2026-02-04 17:24:00,0 days 01:32:00,03143_04-02-2026-14.27,32.05,40.05,53.25,72.25,
03161,60000,71801,Renfe,AVE,2026-02-04 15:57:00,2026-02-04 18:34:00,0 days 02:37:00,03161_04-02-2026-15.57,83.95,97.95,111.65,130.65,
03163,60000,04040,Renfe,AVE,2026-02-04 16:27:00,2026-02-04 17:45:00,0 days 01:18:00,03163_04-02-2026-16.27,70.2,78.0,83.0,102.0,
03163,60000,71801,Renfe,AVE,2026-02-04 16:27:00,2026-02-04 19:19:00,0 days 02:52:00,03163_04-02-2026-16.27,94.9,106.75,110.4,129.4,
03305,04040,71801,Renfe,AVE,2026-02-04 16:51:00,2026-02-04 18:46:00,0 days 01:55:00,03305_04-02-2026-15.27,64.1,72.1,85.25,104.25,
03305,04040,04104,Renfe,AVE,2026-02-04 16:51:00,2026-02-04 18:03:00,0 days 01:12:00,03305_04-02-2026-15.27,51.85,58.3,68.95,87.95,
03305,04040,78400,Renfe,AVE,2026-02-04 16:51:00,2026-02-04 17:35:00,0 days 00:44:00,03305_04-02-2026-15.27,41.1,46.25,54.7,73.7,
03171,60000,71801,Renfe,AVE,2026-02-04 16:57:00,2026-02-04 19:34:00,0 days 02:37:00,03171_04-02-2026-16.57,97.95,111.9,111.65,130.65,
03173,60000,04104,Renfe,AVE,2026-02-04 17:27:00,2026-02-04 20:04:00,0 days 02:37:00,03173_04-02-2026-17.27,86.0,96.75,100.1,119.1,
03173,60000,78400,Renfe,AVE,2026-02-04 17:27:00,2026-02-04 19:35:00,0 days 02:08:00,03173_04-02-2026-17.27,77.9,87.65,90.7,109.7,
03173,60000,71801,Renfe,AVE,2026-02-04 17:27:00,2026-02-04 20:46:00,0 days 03:19:00,03173_04-02-2026-17.27,83.0,94.9,94.65,113.65,
03173,60000,04007,Renfe,AVE,2026-02-04 17:27:00,2026-02-04 17:53:00,0 days 00:26:00,03173_04-02-2026-17.27,45.7,49.55,60.8,79.8,
03173,60000,04040,Renfe,AVE,2026-02-04 17:27:00,2026-02-04 18:51:00,0 days 01:24:00,03173_04-02-2026-17.27,62.4,70.2,72.6,91.6,
03305,78400,71801,Renfe,AVE,2026-02-04 17:37:00,2026-02-04 18:46:00,0 days 01:09:00,03305_04-02-2026-15.27,58.3,64.15,69.8,88.8,
03305,78400,04104,Renfe,AVE,2026-02-04 17:37:00,2026-02-04 18:03:00,0 days 00:26:00,03305_04-02-2026-15.27,41.1,45.2,49.2,68.2,
03163,04040,71801,Renfe,AVE,2026-02-04 17:46:00,2026-02-04 19:19:00,0 days 01:33:00,03163_04-02-2026-16.27,64.1,72.1,74.55,93.55,
03173,04007,71801,Renfe,AVE,2026-02-04 17:54:00,2026-02-04 20:46:00,0 days 02:52:00,03173_04-02-2026-17.27,78.1,89.3,89.05,108.05,
03173,04007,04040,Renfe,AVE,2026-02-04 17:54:00,2026-02-04 18:51:00,0 days 00:57:00,03173_04-02-2026-17.27,54.65,61.45,63.6,82.6,
03173,04007,78400,Renfe,AVE,2026-02-04 17:54:00,2026-02-04 19:35:00,0 days 01:41:00,03173_04-02-2026-17.27,71.1,80.0,82.75,101.75,
03173,04007,04104,Renfe,AVE,2026-02-04 17:54:00,2026-02-04 20:04:00,0 days 02:10:00,03173_04-02-2026-17.27,79.7,89.65,92.75,111.75,
02553,60000,71801,Renfe,AVE,2026-02-04 17:57:00,2026-02-04 20:34:00,0 days 02:37:00,02553_04-02-2026-17.57,71.15,83.0,94.65,113.65,
03305,04104,71801,Renfe,AVE,2026-02-04 18:05:00,2026-02-04 18:46:00,0 days 00:41:00,03305_04-02-2026-15.27,44.5,48.95,53.25,72.25,
03183,60000,71801,Renfe,AVE,2026-02-04 18:27:00,2026-02-04 21:24:00,0 days 02:57:00,03183_04-02-2026-18.27,106.75,118.6,141.95,160.95,
03183,60000,04040,Renfe,AVE,2026-02-04 18:27:00,2026-02-04 19:45:00,0 days 01:18:00,03183_04-02-2026-18.27,78.0,85.8,103.75,122.75,
03183,60000,04104,Renfe,AVE,2026-02-04 18:27:00,2026-02-04 20:44:00,0 days 02:17:00,03183_04-02-2026-18.27,96.75,107.5,128.7,147.7,
03173,04040,04104,Renfe,AVE,2026-02-04 18:52:00,2026-02-04 20:04:00,0 days 01:12:00,03173_04-02-2026-17.27,58.3,64.8,68.95,87.95,
03173,04040,71801,Renfe,AVE,2026-02-04 18:52:00,2026-02-04 20:46:00,0 days 01:54:00,03173_04-02-2026-17.27,64.1,72.1,74.55,93.55,
03173,04040,78400,Renfe,AVE,2026-02-04 18:52:00,2026-02-04 19:35:00,0 days 00:43:00,03173_04-02-2026-17.27,46.25,51.4,54.7,73.7,
03191,60000,71801,Renfe,AVE,2026-02-04 18:57:00,2026-02-04 21:34:00,0 days 02:37:00,03191_04-02-2026-18.57,126.0,140.0,148.95,167.95,
02861,60000,04007,Renfe,AVE,2026-02-04 19:00:00,2026-02-04 19:28:00,0 days 00:28:00,02861_04-02-2026-19.00,45.7,49.55,60.8,79.8,
02861,60000,04040,Renfe,AVE,2026-02-04 19:00:00,2026-02-04 20:42:00,0 days 01:42:00,02861_04-02-2026-19.00,23.4,31.2,51.85,70.85,
02861,04007,04040,Renfe,AVE,2026-02-04 19:29:00,2026-02-04 20:42:00,0 days 01:13:00,02861_04-02-2026-19.00,27.3,34.15,45.4,64.4,
03309,60000,71801,Renfe,AVE,2026-02-04 19:34:00,2026-02-04 22:55:00,0 days 03:21:00,03309_04-02-2026-19.34,83.0,94.9,110.4,129.4,
03309,60000,78400,Renfe,AVE,2026-02-04 19:34:00,2026-02-04 21:46:00,0 days 02:12:00,03309_04-02-2026-19.34,68.2,77.9,90.7,109.7,
03309,60000,04040,Renfe,AVE,2026-02-04 19:34:00,2026-02-04 21:02:00,0 days 01:28:00,03309_04-02-2026-19.34,78.0,85.8,83.0,102.0,
03309,60000,04104,Renfe,AVE,2026-02-04 19:34:00,2026-02-04 22:15:00,0 days 02:41:00,03309_04-02-2026-19.34,75.25,86.0,100.1,119.1,
03309,60000,04007,Renfe,AVE,2026-02-04 19:34:00,2026-02-04 20:00:00,0 days 00:26:00,03309_04-02-2026-19.34,53.35,57.15,60.8,79.8,
03173,78400,71801,Renfe,AVE,2026-02-04 19:37:00,2026-02-04 20:46:00,0 days 01:09:00,03173_04-02-2026-17.27,52.45,58.3,62.05,81.05,
03173,78400,04104,Renfe,AVE,2026-02-04 19:37:00,2026-02-04 20:04:00,0 days 00:27:00,03173_04-02-2026-17.27,37.0,41.1,43.75,62.75,
03183,04040,04104,Renfe,AVE,2026-02-04 19:46:00,2026-02-04 20:44:00,0 days 00:58:00,03183_04-02-2026-18.27,58.3,64.8,77.55,96.55,
03183,04040,71801,Renfe,AVE,2026-02-04 19:46:00,2026-02-04 21:24:00,0 days 01:38:00,03183_04-02-2026-18.27,72.1,80.1,95.9,114.9,
00437,04040,71801,Renfe,ALVIA,2026-02-04 19:52:00,2026-02-04 22:13:00,0 days 02:21:00,00437_04-02-2026-19.52,35.6,41.5,55.2,,
00437,04040,04104,Renfe,ALVIA,2026-02-04 19:52:00,2026-02-04 21:30:00,0 days 01:38:00,00437_04-02-2026-19.52,33.6,38.4,51.05,,
00437,04040,78400,Renfe,ALVIA,2026-02-04 19:52:00,2026-02-04 20:56:00,0 days 01:04:00,00437_04-02-2026-19.52,26.65,30.5,40.55,,
03931,04040,78400,Renfe,AVE,2026-02-04 20:01:00,2026-02-04 20:48:00,0 days 00:47:00,03931_04-02-2026-20.01,30.85,36.0,41.0,60.0,
03931,04040,04104,Renfe,AVE,2026-02-04 20:01:00,2026-02-04 21:16:00,0 days 01:15:00,03931_04-02-2026-20.01,38.9,45.35,51.7,70.7,
03309,04007,78400,Renfe,AVE,2026-02-04 20:01:00,2026-02-04 21:46:00,0 days 01:45:00,03309_04-02-2026-19.34,62.25,71.1,82.75,101.75,
03931,04040,71801,Renfe,AVE,2026-02-04 20:01:00,2026-02-04 21:58:00,0 days 01:57:00,03931_04-02-2026-20.01,40.05,48.05,53.25,72.25,
03309,04007,71801,Renfe,AVE,2026-02-04 20:01:00,2026-02-04 22:55:00,0 days 02:54:00,03309_04-02-2026-19.34,78.1,89.3,103.9,122.9,
03309,04007,04040,Renfe,AVE,2026-02-04 20:01:00,2026-02-04 21:02:00,0 days 01:01:00,03309_04-02-2026-19.34,68.3,75.15,81.75,100.75,
03309,04007,04104,Renfe,AVE,2026-02-04 20:01:00,2026-02-04 22:15:00,0 days 02:14:00,03309_04-02-2026-19.34,69.7,79.7,92.75,111.75,
03201,60000,71801,Renfe,AVE,2026-02-04 20:05:00,2026-02-04 22:42:00,0 days 02:37:00,03201_04-02-2026-20.05,41.95,55.95,74.45,93.45,
03173,04104,71801,Renfe,AVE,2026-02-04 20:06:00,2026-02-04 20:46:00,0 days 00:40:00,03173_04-02-2026-17.27,40.05,44.5,47.35,66.35,
03203,60000,04007,Renfe,AVE,2026-02-04 20:27:00,2026-02-04 20:52:00,0 days 00:25:00,03203_04-02-2026-20.27,45.7,49.55,60.8,79.8,
03203,60000,78400,Renfe,AVE,2026-02-04 20:27:00,2026-02-04 22:40:00,0 days 02:13:00,03203_04-02-2026-20.27,38.95,48.7,64.75,83.75,
03203,60000,71801,Renfe,AVE,2026-02-04 20:27:00,2026-02-04 23:48:00,0 days 03:21:00,03203_04-02-2026-20.27,35.6,47.45,63.1,82.1,
03203,60000,04040,Renfe,AVE,2026-02-04 20:27:00,2026-02-04 21:57:00,0 days 01:30:00,03203_04-02-2026-20.27,31.2,39.0,51.85,70.85,
03203,60000,04104,Renfe,AVE,2026-02-04 20:27:00,2026-02-04 23:07:00,0 days 02:40:00,03203_04-02-2026-20.27,43.0,53.75,71.5,90.5,
03941,04040,78400,Renfe,AVE,2026-02-04 20:38:00,2026-02-04 21:20:00,0 days 00:42:00,03941_04-02-2026-20.38,30.85,36.0,41.0,60.0,
03991,04040,78400,Renfe,AVE,2026-02-04 20:38:00,2026-02-04 21:20:00,0 days 00:42:00,03991_04-02-2026-20.38,30.85,36.0,41.0,60.0,
03991,04040,04104,Renfe,AVE,2026-02-04 20:38:00,2026-02-04 21:51:00,0 days 01:13:00,03991_04-02-2026-20.38,38.9,45.35,51.7,70.7,
03941,04040,04104,Renfe,AVE,2026-02-04 20:38:00,2026-02-04 21:51:00,0 days 01:13:00,03941_04-02-2026-20.38,38.9,45.35,51.7,70.7,
03991,04040,71801,Renfe,AVE,2026-02-04 20:38:00,2026-02-04 22:35:00,0 days 01:57:00,03991_04-02-2026-20.38,40.05,48.05,53.25,72.25,
03941,04040,71801,Renfe,AVE,2026-02-04 20:38:00,2026-02-04 22:35:00,0 days 01:57:00,03941_04-02-2026-20.38,40.05,48.05,53.25,72.25,
03183,04104,71801,Renfe,AVE,2026-02-04 20:46:00,2026-02-04 21:24:00,0 days 00:38:00,03183_04-02-2026-18.27,40.05,44.5,53.25,72.25,
03931,78400,04104,Renfe,AVE,2026-02-04 20:50:00,2026-02-04 21:16:00,0 days 00:26:00,03931_04-02-2026-20.01,24.65,28.75,32.8,51.8,
03931,78400,71801,Renfe,AVE,2026-02-04 20:50:00,2026-02-04 21:58:00,0 days 01:08:00,03931_04-02-2026-20.01,35.0,40.8,46.5,65.5,
03203,04007,78400,Renfe,AVE,2026-02-04 20:53:00,2026-02-04 22:40:00,0 days 01:47:00,03203_04-02-2026-20.27,35.55,44.45,59.1,78.1,
03203,04007,04104,Renfe,AVE,2026-02-04 20:53:00,2026-02-04 23:07:00,0 days 02:14:00,03203_04-02-2026-20.27,39.85,49.8,66.25,85.25,
03203,04007,71801,Renfe,AVE,2026-02-04 20:53:00,2026-02-04 23:48:00,0 days 02:55:00,03203_04-02-2026-20.27,33.5,44.65,59.35,78.35,
03203,04007,04040,Renfe,AVE,2026-02-04 20:53:00,2026-02-04 21:57:00,0 days 01:04:00,03203_04-02-2026-20.27,27.3,34.15,45.4,64.4,
00437,78400,04104,Renfe,ALVIA,2026-02-04 20:58:00,2026-02-04 21:30:00,0 days 00:32:00,00437_04-02-2026-19.52,21.35,24.4,32.45,,
00437,78400,71801,Renfe,ALVIA,2026-02-04 20:58:00,2026-02-04 22:13:00,0 days 01:15:00,00437_04-02-2026-19.52,30.25,34.55,45.95,,
03309,04040,78400,Renfe,AVE,2026-02-04 21:03:00,2026-02-04 21:46:00,0 days 00:43:00,03309_04-02-2026-19.34,46.25,51.4,54.7,73.7,
03309,04040,71801,Renfe,AVE,2026-02-04 21:03:00,2026-02-04 22:55:00,0 days 01:52:00,03309_04-02-2026-19.34,72.1,80.1,85.25,104.25,
03309,04040,04104,Renfe,AVE,2026-02-04 21:03:00,2026-02-04 22:15:00,0 days 01:12:00,03309_04-02-2026-19.34,58.3,64.8,68.95,87.95,
02883,60000,04040,Renfe,AVE,2026-02-04 21:07:00,2026-02-04 22:26:00,0 days 01:19:00,02883_04-02-2026-21.07,31.2,39.0,51.85,70.85,
02883,60000,71801,Renfe,AVE,2026-02-04 21:07:00,2026-02-04 23:59:00,0 days 02:52:00,02883_04-02-2026-21.07,35.6,47.45,63.1,82.1,
03931,04104,71801,Renfe,AVE,2026-02-04 21:18:00,2026-02-04 21:58:00,0 days 00:40:00,03931_04-02-2026-20.01,26.7,31.15,35.5,54.5,
03941,78400,04104,Renfe,AVE,2026-02-04 21:22:00,2026-02-04 21:51:00,0 days 00:29:00,03941_04-02-2026-20.38,24.65,28.75,32.8,51.8,
03991,78400,04104,Renfe,AVE,2026-02-04 21:22:00,2026-02-04 21:51:00,0 days 00:29:00,03991_04-02-2026-20.38,24.65,28.75,32.8,51.8,
03991,78400,71801,Renfe,AVE,2026-02-04 21:22:00,2026-02-04 22:35:00,0 days 01:13:00,03991_04-02-2026-20.38,35.0,40.8,46.5,65.5,
03941,78400,71801,Renfe,AVE,2026-02-04 21:22:00,2026-02-04 22:35:00,0 days 01:13:00,03941_04-02-2026-20.38,35.0,40.8,46.5,65.5,
00437,04104,71801,Renfe,ALVIA,2026-02-04 21:32:00,2026-02-04 22:13:00,0 days 00:41:00,00437_04-02-2026-19.52,23.1,26.4,35.1,,
03309,78400,04104,Renfe,AVE,2026-02-04 21:48:00,2026-02-04 22:15:00,0 days 00:27:00,03309_04-02-2026-19.34,45.2,49.3,54.65,73.65,
03309,78400,71801,Renfe,AVE,2026-02-04 21:48:00,2026-02-04 22:55:00,0 days 01:07:00,03309_04-02-2026-19.34,64.15,69.95,77.55,96.55,
03991,04104,71801,Renfe,AVE,2026-02-04 21:53:00,2026-02-04 22:35:00,0 days 00:42:00,03991_04-02-2026-20.38,26.7,31.15,35.5,54.5,
03941,04104,71801,Renfe,AVE,2026-02-04 21:53:00,2026-02-04 22:35:00,0 days 00:42:00,03941_04-02-2026-20.38,26.7,31.15,35.5,54.5,
03203,04040,71801,Renfe,AVE,2026-02-04 21:58:00,2026-02-04 23:48:00,0 days 01:50:00,03203_04-02-2026-20.27,32.05,40.05,53.25,72.25,
03203,04040,78400,Renfe,AVE,2026-02-04 21:58:00,2026-02-04 22:40:00,0 days 00:42:00,03203_04-02-2026-20.27,25.7,30.85,41.0,60.0,
03203,04040,04104,Renfe,AVE,2026-02-04 21:58:00,2026-02-04 23:07:00,0 days 01:09:00,03203_04-02-2026-20.27,32.4,38.9,51.7,70.7,
03309,04104,71801,Renfe,AVE,2026-02-04 22:17:00,2026-02-04 22:55:00,0 days 00:38:00,03309_04-02-2026-19.34,48.95,53.4,59.2,78.2,
02883,04040,71801,Renfe,AVE,2026-02-04 22:27:00,2026-02-04 23:59:00,0 days 01:32:00,02883_04-02-2026-21.07,24.05,32.05,53.25,72.25,
03203,78400,04104,Renfe,AVE,2026-02-04 22:42:00,2026-02-04 23:07:00,0 days 00:25:00,03203_04-02-2026-20.27,20.55,24.65,32.8,51.8,
03203,78400,71801,Renfe,AVE,2026-02-04 22:42:00,2026-02-04 23:48:00,0 days 01:06:00,03203_04-02-2026-20.27,29.15,35.0,46.5,65.5,
03203,04104,71801,Renfe,AVE,2026-02-04 23:09:00,2026-02-04 23:48:00,0 days 00:39:00,03203_04-02-2026-20.27,22.25,26.7,35.5,54.5,
03301,60000,04104,Renfe,AVE,2026-02-05 06:16:00,2026-02-05 08:21:00,0 days 02:05:00,03301_05-02-2026-06.16,43.0,53.75,71.5,90.5,
03301,60000,71801,Renfe,AVE,2026-02-05 06:16:00,2026-02-05 09:05:00,0 days 02:49:00,03301_05-02-2026-06.16,47.45,59.3,78.85,97.85,
03063,60000,04040,Renfe,AVE,2026-02-05 06:27:00,2026-02-05 07:52:00,0 days 01:25:00,03063_05-02-2026-06.27,39.0,46.8,51.85,70.85,
03063,60000,71801,Renfe,AVE,2026-02-05 06:27:00,2026-02-05 09:25:00,0 days 02:58:00,03063_05-02-2026-06.27,47.45,59.3,63.1,82.1,
03071,60000,71801,Renfe,AVE,2026-02-05 06:57:00,2026-02-05 09:34:00,0 days 02:37:00,03071_05-02-2026-06.57,97.95,111.9,111.65,130.65,
03073,60000,04040,Renfe,AVE,2026-02-05 07:27:00,2026-02-05 08:51:00,0 days 01:24:00,03073_05-02-2026-07.27,62.4,70.2,72.6,91.6,
03073,60000,04007,Renfe,AVE,2026-02-05 07:27:00,2026-02-05 07:52:00,0 days 00:25:00,03073_05-02-2026-07.27,45.7,49.55,60.8,79.8,
03073,60000,78400,Renfe,AVE,2026-02-05 07:27:00,2026-02-05 09:35:00,0 days 02:08:00,03073_05-02-2026-07.27,77.9,87.65,90.7,109.7,
03073,60000,71801,Renfe,AVE,2026-02-05 07:27:00,2026-02-05 10:46:00,0 days 03:19:00,03073_05-02-2026-07.27,83.0,94.9,94.65,113.65,
03073,60000,04104,Renfe,AVE,2026-02-05 07:27:00,2026-02-05 10:04:00,0 days 02:37:00,03073_05-02-2026-07.27,86.0,96.75,100.1,119.1,
03073,04007,04040,Renfe,AVE,2026-02-05 07:53:00,2026-02-05 08:51:00,0 days 00:58:00,03073_05-02-2026-07.27,54.65,61.45,63.6,82.6,
03073,04007,04104,Renfe,AVE,2026-02-05 07:53:00,2026-02-05 10:04:00,0 days 02:11:00,03073_05-02-2026-07.27,79.7,89.65,92.75,111.75,
03073,04007,78400,Renfe,AVE,2026-02-05 07:53:00,2026-02-05 09:35:00,0 days 01:42:00,03073_05-02-2026-07.27,71.1,80.0,82.75,101.75,
03063,04040,71801,Renfe,AVE,2026-02-05 07:53:00,2026-02-05 09:25:00,0 days 01:32:00,03063_05-02-2026-06.27,40.05,48.05,53.25,72.25,
03073,04007,71801,Renfe,AVE,2026-02-05 07:53:00,2026-02-05 10:46:00,0 days 02:53:00,03073_05-02-2026-07.27,78.1,89.3,89.05,108.05,
03081,60000,71801,Renfe,AVE,2026-02-05 07:57:00,2026-02-05 10:34:00,0 days 02:37:00,03081_05-02-2026-07.57,97.95,111.9,111.65,130.65,
03301,04104,71801,Renfe,AVE,2026-02-05 08:23:00,2026-02-05 09:05:00,0 days 00:42:00,03301_05-02-2026-06.16,17.8,22.25,29.6,48.6,
03083,60000,71801,Renfe,AVE,2026-02-05 08:27:00,2026-02-05 11:19:00,0 days 02:52:00,03083_05-02-2026-08.27,59.3,71.15,110.4,129.4,
03083,60000,04040,Renfe,AVE,2026-02-05 08:27:00,2026-02-05 09:45:00,0 days 01:18:00,03083_05-02-2026-08.27,46.8,54.6,83.0,102.0,
03073,04040,71801,Renfe,AVE,2026-02-05 08:52:00,2026-02-05 10:46:00,0 days 01:54:00,03073_05-02-2026-07.27,64.1,72.1,74.55,93.55,
03073,04040,78400,Renfe,AVE,2026-02-05 08:52:00,2026-02-05 09:35:00,0 days 00:43:00,03073_05-02-2026-07.27,46.25,51.4,54.7,73.7,
03073,04040,04104,Renfe,AVE,2026-02-05 08:52:00,2026-02-05 10:04:00,0 days 01:12:00,03073_05-02-2026-07.27,58.3,64.8,68.95,87.95,
03091,60000,71801,Renfe,AVE,2026-02-05 08:57:00,2026-02-05 11:41:00,0 days 02:44:00,03091_05-02-2026-08.57,55.95,69.95,74.45,93.45,
03091,60000,04104,Renfe,AVE,2026-02-05 08:57:00,2026-02-05 11:01:00,0 days 02:04:00,03091_05-02-2026-08.57,53.75,64.5,71.5,90.5,
02561,60000,71801,Renfe,AVE,2026-02-05 09:27:00,2026-02-05 12:41:00,0 days 03:14:00,02561_05-02-2026-09.27,71.15,83.0,94.65,113.65,
02561,60000,04040,Renfe,AVE,2026-02-05 09:27:00,2026-02-05 10:46:00,0 days 01:19:00,02561_05-02-2026-09.27,54.6,62.4,72.6,91.6,
02561,60000,04104,Renfe,AVE,2026-02-05 09:27:00,2026-02-05 12:00:00,0 days 02:33:00,02561_05-02-2026-09.27,75.25,86.0,100.1,119.1,
02561,60000,78400,Renfe,AVE,2026-02-05 09:27:00,2026-02-05 11:32:00,0 days 02:05:00,02561_05-02-2026-09.27,68.2,77.9,90.7,109.7,
03073,78400,04104,Renfe,AVE,2026-02-05 09:37:00,2026-02-05 10:04:00,0 days 00:27:00,03073_05-02-2026-07.27,37.0,41.1,43.75,62.75,
03073,78400,71801,Renfe,AVE,2026-02-05 09:37:00,2026-02-05 10:46:00,0 days 01:09:00,03073_05-02-2026-07.27,52.45,58.3,62.05,81.05,
03083,04040,71801,Renfe,AVE,2026-02-05 09:46:00,2026-02-05 11:19:00,0 days 01:33:00,03083_05-02-2026-08.27,40.05,48.05,74.55,93.55,
03073,04104,71801,Renfe,AVE,2026-02-05 10:06:00,2026-02-05 10:46:00,0 days 00:40:00,03073_05-02-2026-07.27,40.05,44.5,47.35,66.35,
03303,60000,04040,Renfe,AVE,2026-02-05 10:27:00,2026-02-05 11:47:00,0 days 01:20:00,03303_05-02-2026-10.27,62.4,70.2,62.25,81.25,
03303,60000,71801,Renfe,AVE,2026-02-05 10:27:00,2026-02-05 13:19:00,0 days 02:52:00,03303_05-02-2026-10.27,71.15,83.0,94.65,113.65,
00605,60000,04007,Renfe,ALVIA,2026-02-05 10:32:00,2026-02-05 10:59:00,0 days 00:27:00,00605_05-02-2026-10.32,26.45,28.35,30.15,,
02561,04040,71801,Renfe,AVE,2026-02-05 10:47:00,2026-02-05 12:41:00,0 days 01:54:00,02561_05-02-2026-09.27,56.05,64.1,74.55,93.55,
02561,04040,04104,Renfe,AVE,2026-02-05 10:47:00,2026-02-05 12:00:00,0 days 01:13:00,02561_05-02-2026-09.27,51.85,58.3,68.95,87.95,
02561,04040,78400,Renfe,AVE,2026-02-05 10:47:00,2026-02-05 11:32:00,0 days 00:45:00,02561_05-02-2026-09.27,41.1,46.25,54.7,73.7,
03091,04104,71801,Renfe,AVE,2026-02-05 11:03:00,2026-02-05 11:41:00,0 days 00:38:00,03091_05-02-2026-08.57,31.5,36.75,41.9,60.9,
00533,04040,78400,Renfe,ALVIA,2026-02-05 11:09:00,2026-02-05 11:58:00,0 days 00:49:00,00533_05-02-2026-11.09,30.5,34.3,50.65,,
00533,04040,04104,Renfe,ALVIA,2026-02-05 11:09:00,2026-02-05 12:31:00,0 days 01:22:00,00533_05-02-2026-11.09,52.8,57.6,63.85,,
00533,04040,71801,Renfe,ALVIA,2026-02-05 11:09:00,2026-02-05 13:09:00,0 days 02:00:00,00533_05-02-2026-11.09,59.3,65.25,71.0,,
03113,60000,04040,Renfe,AVE,2026-02-05 11:27:00,2026-02-05 12:51:00,0 days 01:24:00,03113_05-02-2026-11.27,54.6,62.4,72.6,91.6,
03113,60000,78400,Renfe,AVE,2026-02-05 11:27:00,2026-02-05 13:35:00,0 days 02:08:00,03113_05-02-2026-11.27,68.2,77.9,90.7,109.7,
03113,60000,04104,Renfe,AVE,2026-02-05 11:27:00,2026-02-05 14:04:00,0 days 02:37:00,03113_05-02-2026-11.27,75.25,86.0,100.1,119.1,
03113,60000,71801,Renfe,AVE,2026-02-05 11:27:00,2026-02-05 14:46:00,0 days 03:19:00,03113_05-02-2026-11.27,71.15,83.0,94.65,113.65,
02561,78400,71801,Renfe,AVE,2026-02-05 11:34:00,2026-02-05 12:41:00,0 days 01:07:00,02561_05-02-2026-09.27,46.65,52.45,62.05,81.05,
02561,78400,04104,Renfe,AVE,2026-02-05 11:34:00,2026-02-05 12:00:00,0 days 00:26:00,02561_05-02-2026-09.27,32.9,37.0,43.75,62.75,
03303,04040,71801,Renfe,AVE,2026-02-05 11:48:00,2026-02-05 13:19:00,0 days 01:31:00,03303_05-02-2026-10.27,64.1,72.1,85.25,104.25,
00533,78400,71801,Renfe,ALVIA,2026-02-05 12:00:00,2026-02-05 13:09:00,0 days 01:09:00,00533_05-02-2026-11.09,47.5,51.85,57.45,,
34433,78400,71801,Renfe,AVANT,2026-02-05 12:00:00,2026-02-05 13:09:00,0 days 01:09:00,34433_05-02-2026-12.00,,,,,31.5
00533,78400,04104,Renfe,ALVIA,2026-02-05 12:00:00,2026-02-05 12:31:00,0 days 00:31:00,00533_05-02-2026-11.09,33.55,36.6,40.55,,
34433,78400,04104,Renfe,AVANT,2026-02-05 12:00:00,2026-02-05 12:31:00,0 days 00:31:00,34433_05-02-2026-12.00,,,,,15.0
02561,04104,71801,Renfe,AVE,2026-02-05 12:02:00,2026-02-05 12:41:00,0 days 00:39:00,02561_05-02-2026-09.27,35.6,40.05,47.35,66.35,
02591,60000,04040,Renfe,AVE,2026-02-05 12:27:00,2026-02-05 13:45:00,0 days 01:18:00,02591_05-02-2026-12.27,39.0,46.8,51.85,70.85,
02591,60000,71801,Renfe,AVE,2026-02-05 12:27:00,2026-02-05 15:44:00,0 days 03:17:00,02591_05-02-2026-12.27,47.45,59.3,63.1,82.1,
02591,60000,78400,Renfe,AVE,2026-02-05 12:27:00,2026-02-05 14:29:00,0 days 02:02:00,02591_05-02-2026-12.27,48.7,58.45,64.75,83.75,
00533,04104,71801,Renfe,ALVIA,2026-02-05 12:33:00,2026-02-05 13:09:00,0 days 00:36:00,00533_05-02-2026-11.09,36.3,39.6,43.9,,
34433,04104,71801,Renfe,AVANT,2026-02-05 12:33:00,2026-02-05 13:09:00,0 days 00:36:00,34433_05-02-2026-12.00,,,,,18.5
03993,04040,78400,Renfe,AVE,2026-02-05 12:37:00,2026-02-05 13:17:00,0 days 00:40:00,03993_05-02-2026-12.37,46.25,51.4,61.55,80.55,
03943,04040,04104,Renfe,AVE,2026-02-05 12:37:00,2026-02-05 13:43:00,0 days 01:06:00,03943_05-02-2026-12.37,58.3,64.8,68.95,87.95,
03943,04040,78400,Renfe,AVE,2026-02-05 12:37:00,2026-02-05 13:17:00,0 days 00:40:00,03943_05-02-2026-12.37,46.25,51.4,54.7,73.7,
03993,04040,04104,Renfe,AVE,2026-02-05 12:37:00,2026-02-05 13:43:00,0 days 01:06:00,03993_05-02-2026-12.37,58.3,64.8,77.55,96.55,
03943,04040,71801,Renfe,AVE,2026-02-05 12:37:00,2026-02-05 14:25:00,0 days 01:48:00,03943_05-02-2026-12.37,64.1,72.1,74.55,93.55,
03993,04040,71801,Renfe,AVE,2026-02-05 12:37:00,2026-02-05 14:25:00,0 days 01:48:00,03993_05-02-2026-12.37,64.1,72.1,85.25,104.25,
03113,04040,78400,Renfe,AVE,2026-02-05 12:52:00,2026-02-05 13:35:00,0 days 00:43:00,03113_05-02-2026-11.27,30.85,36.0,41.0,60.0,
03113,04040,04104,Renfe,AVE,2026-02-05 12:52:00,2026-02-05 14:04:00,0 days 01:12:00,03113_05-02-2026-11.27,38.9,45.35,51.7,70.7,
03113,04040,71801,Renfe,AVE,2026-02-05 12:52:00,2026-02-05 14:46:00,0 days 01:54:00,03113_05-02-2026-11.27,40.05,48.05,53.25,72.25,
09725,60000,71801,Renfe,AVE INT,2026-02-05 13:15:00,2026-02-05 16:19:00,0 days 03:04:00,09725_05-02-2026-13.15,59.3,71.15,110.4,129.4,
09725,60000,04104,Renfe,AVE INT,2026-02-05 13:15:00,2026-02-05 15:37:00,0 days 02:22:00,09725_05-02-2026-13.15,64.5,75.25,100.1,119.1,
03943,78400,04104,Renfe,AVE,2026-02-05 13:19:00,2026-02-05 13:43:00,0 days 00:24:00,03943_05-02-2026-12.37,37.0,41.1,43.75,62.75,
03993,78400,04104,Renfe,AVE,2026-02-05 13:19:00,2026-02-05 13:43:00,0 days 00:24:00,03993_05-02-2026-12.37,37.0,41.1,49.2,68.2,
03993,78400,71801,Renfe,AVE,2026-02-05 13:19:00,2026-02-05 14:25:00,0 days 01:06:00,03993_05-02-2026-12.37,52.45,58.3,69.8,88.8,
03943,78400,71801,Renfe,AVE,2026-02-05 13:19:00,2026-02-05 14:25:00,0 days 01:06:00,03943_05-02-2026-12.37,52.45,58.3,62.05,81.05,
34813,78400,71801,Renfe,AVANT,2026-02-05 13:37:00,2026-02-05 14:46:00,0 days 01:09:00,34813_05-02-2026-13.37,,,,,31.5
03113,78400,04104,Renfe,AVE,2026-02-05 13:37:00,2026-02-05 14:04:00,0 days 00:27:00,03113_05-02-2026-11.27,24.65,28.75,32.8,51.8,
34813,78400,04104,Renfe,AVANT,2026-02-05 13:37:00,2026-02-05 14:04:00,0 days 00:27:00,34813_05-02-2026-13.37,,,,,15.0
03113,78400,71801,Renfe,AVE,2026-02-05 13:37:00,2026-02-05 14:46:00,0 days 01:09:00,03113_05-02-2026-11.27,35.0,40.8,46.5,65.5,
09725,04007,04104,Renfe,AVE INT,2026-02-05 13:43:00,2026-02-05 15:37:00,0 days 01:54:00,09725_05-02-2026-13.15,49.8,59.75,92.75,111.75,
09725,04007,71801,Renfe,AVE INT,2026-02-05 13:43:00,2026-02-05 16:19:00,0 days 02:36:00,09725_05-02-2026-13.15,55.8,66.95,103.9,122.9,
03943,04104,71801,Renfe,AVE,2026-02-05 13:45:00,2026-02-05 14:25:00,0 days 00:40:00,03943_05-02-2026-12.37,35.6,40.05,47.35,66.35,
03993,04104,71801,Renfe,AVE,2026-02-05 13:45:00,2026-02-05 14:25:00,0 days 00:40:00,03993_05-02-2026-12.37,40.05,44.5,53.25,72.25,
02591,04040,71801,Renfe,AVE,2026-02-05 13:46:00,2026-02-05 15:44:00,0 days 01:58:00,02591_05-02-2026-12.27,40.05,48.05,53.25,72.25,
02591,04040,78400,Renfe,AVE,2026-02-05 13:46:00,2026-02-05 14:29:00,0 days 00:43:00,02591_05-02-2026-12.27,30.85,36.0,41.0,60.0,
03141,60000,71801,Renfe,AVE,2026-02-05 13:57:00,2026-02-05 16:34:00,0 days 02:37:00,03141_05-02-2026-13.57,55.95,69.95,74.45,93.45,
34813,04104,71801,Renfe,AVANT,2026-02-05 14:06:00,2026-02-05 14:46:00,0 days 00:40:00,34813_05-02-2026-13.37,,,,,18.5
03113,04104,71801,Renfe,AVE,2026-02-05 14:06:00,2026-02-05 14:46:00,0 days 00:40:00,03113_05-02-2026-11.27,26.7,31.15,35.5,54.5,
03143,60000,04040,Renfe,AVE,2026-02-05 14:27:00,2026-02-05 15:51:00,0 days 01:24:00,03143_05-02-2026-14.27,70.2,78.0,93.35,112.35,
03143,60000,71801,Renfe,AVE,2026-02-05 14:27:00,2026-02-05 17:24:00,0 days 02:57:00,03143_05-02-2026-14.27,94.9,106.75,126.2,145.2,
02591,78400,71801,Renfe,AVE,2026-02-05 14:31:00,2026-02-05 15:44:00,0 days 01:13:00,02591_05-02-2026-12.27,35.0,40.8,46.5,65.5,
34823,78400,71801,Renfe,AVANT,2026-02-05 14:31:00,2026-02-05 15:44:00,0 days 01:13:00,34823_05-02-2026-14.31,,,,,31.5
00609,60000,04007,Renfe,ALVIA,2026-02-05 14:47:00,2026-02-05 15:15:00,0 days 00:28:00,00609_05-02-2026-14.47,26.45,28.35,30.15,,
03151,60000,71801,Renfe,AVE,2026-02-05 14:57:00,2026-02-05 17:34:00,0 days 02:37:00,03151_05-02-2026-14.57,111.9,125.9,148.85,167.85,
03305,60000,04104,Renfe,AVE,2026-02-05 15:27:00,2026-02-05 18:03:00,0 days 02:36:00,03305_05-02-2026-15.27,86.0,96.75,114.4,133.4,
03305,60000,78400,Renfe,AVE,2026-02-05 15:27:00,2026-02-05 17:35:00,0 days 02:08:00,03305_05-02-2026-15.27,77.9,87.65,103.65,122.65,
03305,60000,04040,Renfe,AVE,2026-02-05 15:27:00,2026-02-05 16:50:00,0 days 01:23:00,03305_05-02-2026-15.27,93.6,101.4,93.35,112.35,
03305,60000,71801,Renfe,AVE,2026-02-05 15:27:00,2026-02-05 18:46:00,0 days 03:19:00,03305_05-02-2026-15.27,94.9,106.75,126.2,145.2,
09725,04104,71801,Renfe,AVE INT,2026-02-05 15:39:00,2026-02-05 16:19:00,0 days 00:40:00,09725_05-02-2026-13.15,22.25,26.7,35.5,54.5,
03143,04040,71801,Renfe,AVE,2026-02-05 15:52:00,2026-02-05 17:24:00,0 days 01:32:00,03143_05-02-2026-14.27,48.05,56.05,95.9,114.9,
03161,60000,71801,Renfe,AVE,2026-02-05 15:57:00,2026-02-05 18:34:00,0 days 02:37:00,03161_05-02-2026-15.57,97.95,111.9,111.65,130.65,
03163,60000,04040,Renfe,AVE,2026-02-05 16:27:00,2026-02-05 17:45:00,0 days 01:18:00,03163_05-02-2026-16.27,78.0,85.8,93.35,112.35,
03163,60000,71801,Renfe,AVE,2026-02-05 16:27:00,2026-02-05 19:19:00,0 days 02:52:00,03163_05-02-2026-16.27,106.75,118.6,126.2,145.2,
03305,04040,78400,Renfe,AVE,2026-02-05 16:51:00,2026-02-05 17:35:00,0 days 00:44:00,03305_05-02-2026-15.27,56.55,61.7,68.35,87.35,
03305,04040,71801,Renfe,AVE,2026-02-05 16:51:00,2026-02-05 18:46:00,0 days 01:55:00,03305_05-02-2026-15.27,88.1,96.1,106.55,125.55,
03305,04040,04104,Renfe,AVE,2026-02-05 16:51:00,2026-02-05 18:03:00,0 days 01:12:00,03305_05-02-2026-15.27,71.3,77.75,86.2,105.2,
03171,60000,71801,Renfe,AVE,2026-02-05 16:57:00,2026-02-05 19:34:00,0 days 02:37:00,03171_05-02-2026-16.57,125.9,139.9,223.3,242.3,
03173,60000,04104,Renfe,AVE,2026-02-05 17:27:00,2026-02-05 20:04:00,0 days 02:37:00,03173_05-02-2026-17.27,107.5,118.25,128.7,147.7,
03173,60000,78400,Renfe,AVE,2026-02-05 17:27:00,2026-02-05 19:35:00,0 days 02:08:00,03173_05-02-2026-17.27,97.4,107.15,116.6,135.6,
03173,60000,04007,Renfe,AVE,2026-02-05 17:27:00,2026-02-05 17:53:00,0 days 00:26:00,03173_05-02-2026-17.27,49.55,53.35,60.8,79.8,
03173,60000,71801,Renfe,AVE,2026-02-05 17:27:00,2026-02-05 20:46:00,0 days 03:19:00,03173_05-02-2026-17.27,106.75,118.6,126.2,145.2,
03173,60000,04040,Renfe,AVE,2026-02-05 17:27:00,2026-02-05 18:51:00,0 days 01:24:00,03173_05-02-2026-17.27,78.0,85.8,93.35,112.35,
03305,78400,04104,Renfe,AVE,2026-02-05 17:37:00,2026-02-05 18:03:00,0 days 00:26:00,03305_05-02-2026-15.27,57.55,61.65,60.15,79.15,
03305,78400,71801,Renfe,AVE,2026-02-05 17:37:00,2026-02-05 18:46:00,0 days 01:09:00,03305_05-02-2026-15.27,81.6,87.45,85.3,104.3,
03163,04040,71801,Renfe,AVE,2026-02-05 17:46:00,2026-02-05 19:19:00,0 days 01:33:00,03163_05-02-2026-16.27,72.1,80.1,85.25,104.25,
03173,04007,04040,Renfe,AVE,2026-02-05 17:54:00,2026-02-05 18:51:00,0 days 00:57:00,03173_05-02-2026-17.27,68.3,75.15,81.75,100.75,
03173,04007,04104,Renfe,AVE,2026-02-05 17:54:00,2026-02-05 20:04:00,0 days 02:10:00,03173_05-02-2026-17.27,99.6,109.55,119.2,138.2,
03173,04007,78400,Renfe,AVE,2026-02-05 17:54:00,2026-02-05 19:35:00,0 days 01:41:00,03173_05-02-2026-17.27,88.9,97.8,106.4,125.4,
03173,04007,71801,Renfe,AVE,2026-02-05 17:54:00,2026-02-05 20:46:00,0 days 02:52:00,03173_05-02-2026-17.27,100.45,111.6,118.75,137.75,
02553,60000,71801,Renfe,AVE,2026-02-05 17:57:00,2026-02-05 20:34:00,0 days 02:37:00,02553_05-02-2026-17.57,71.15,83.0,94.65,113.65,
03305,04104,71801,Renfe,AVE,2026-02-05 18:05:00,2026-02-05 18:46:00,0 days 00:41:00,03305_05-02-2026-15.27,62.3,66.75,65.1,84.1,
03183,60000,04040,Renfe,AVE,2026-02-05 18:27:00,2026-02-05 19:45:00,0 days 01:18:00,03183_05-02-2026-18.27,78.0,85.8,103.75,122.75,
03183,60000,04104,Renfe,AVE,2026-02-05 18:27:00,2026-02-05 20:44:00,0 days 02:17:00,03183_05-02-2026-18.27,96.75,107.5,128.7,147.7,
03183,60000,71801,Renfe,AVE,2026-02-05 18:27:00,2026-02-05 21:24:00,0 days 02:57:00,03183_05-02-2026-18.27,106.75,118.6,141.95,160.95,
03173,04040,78400,Renfe,AVE,2026-02-05 18:52:00,2026-02-05 19:35:00,0 days 00:43:00,03173_05-02-2026-17.27,56.55,61.7,68.35,87.35,
03173,04040,04104,Renfe,AVE,2026-02-05 18:52:00,2026-02-05 20:04:00,0 days 01:12:00,03173_05-02-2026-17.27,71.3,77.75,86.2,105.2,
03173,04040,71801,Renfe,AVE,2026-02-05 18:52:00,2026-02-05 20:46:00,0 days 01:54:00,03173_05-02-2026-17.27,80.1,88.1,95.9,114.9,
03191,60000,71801,Renfe,AVE,2026-02-05 18:57:00,2026-02-05 21:34:00,0 days 02:37:00,03191_05-02-2026-18.57,126.0,140.0,204.8,223.8,
02861,60000,04007,Renfe,AVE,2026-02-05 19:00:00,2026-02-05 19:28:00,0 days 00:28:00,02861_05-02-2026-19.00,45.7,49.55,60.8,79.8,
02861,60000,04040,Renfe,AVE,2026-02-05 19:00:00,2026-02-05 20:42:00,0 days 01:42:00,02861_05-02-2026-19.00,31.2,39.0,51.85,70.85,
02861,04007,04040,Renfe,AVE,2026-02-05 19:29:00,2026-02-05 20:42:00,0 days 01:13:00,02861_05-02-2026-19.00,27.3,34.15,45.4,64.4,
03309,60000,04040,Renfe,AVE,2026-02-05 19:34:00,2026-02-05 21:02:00,0 days 01:28:00,03309_05-02-2026-19.34,78.0,85.8,83.0,102.0,
03309,60000,04007,Renfe,AVE,2026-02-05 19:34:00,2026-02-05 20:00:00,0 days 00:26:00,03309_05-02-2026-19.34,53.35,57.15,60.8,79.8,
03309,60000,04104,Renfe,AVE,2026-02-05 19:34:00,2026-02-05 22:15:00,0 days 02:41:00,03309_05-02-2026-19.34,75.25,86.0,100.1,119.1,
03309,60000,71801,Renfe,AVE,2026-02-05 19:34:00,2026-02-05 22:55:00,0 days 03:21:00,03309_05-02-2026-19.34,83.0,94.9,110.4,129.4,
03309,60000,78400,Renfe,AVE,2026-02-05 19:34:00,2026-02-05 21:46:00,0 days 02:12:00,03309_05-02-2026-19.34,68.2,77.9,90.7,109.7,
03173,78400,71801,Renfe,AVE,2026-02-05 19:37:00,2026-02-05 20:46:00,0 days 01:09:00,03173_05-02-2026-17.27,64.15,69.95,77.55,96.55,
03173,78400,04104,Renfe,AVE,2026-02-05 19:37:00,2026-02-05 20:04:00,0 days 00:27:00,03173_05-02-2026-17.27,45.2,49.3,54.65,73.65,
03183,04040,04104,Renfe,AVE,2026-02-05 19:46:00,2026-02-05 20:44:00,0 days 00:58:00,03183_05-02-2026-18.27,58.3,64.8,77.55,96.55,
03183,04040,71801,Renfe,AVE,2026-02-05 19:46:00,2026-02-05 21:24:00,0 days 01:38:00,03183_05-02-2026-18.27,72.1,80.1,95.9,114.9,
00437,04040,71801,Renfe,ALVIA,2026-02-05 19:52:00,2026-02-05 22:13:00,0 days 02:21:00,00437_05-02-2026-19.52,35.6,41.5,47.3,,
00437,04040,04104,Renfe,ALVIA,2026-02-05 19:52:00,2026-02-05 21:30:00,0 days 01:38:00,00437_05-02-2026-19.52,33.6,38.4,44.7,,
00437,04040,78400,Renfe,ALVIA,2026-02-05 19:52:00,2026-02-05 20:56:00,0 days 01:04:00,00437_05-02-2026-19.52,26.65,30.5,35.45,,
03309,04007,71801,Renfe,AVE,2026-02-05 20:01:00,2026-02-05 22:55:00,0 days 02:54:00,03309_05-02-2026-19.34,78.1,89.3,103.9,122.9,
03309,04007,04104,Renfe,AVE,2026-02-05 20:01:00,2026-02-05 22:15:00,0 days 02:14:00,03309_05-02-2026-19.34,69.7,79.7,92.75,111.75,
03931,04040,04104,Renfe,AVE,2026-02-05 20:01:00,2026-02-05 21:16:00,0 days 01:15:00,03931_05-02-2026-20.01,58.3,64.8,77.55,96.55,
03931,04040,71801,Renfe,AVE,2026-02-05 20:01:00,2026-02-05 21:58:00,0 days 01:57:00,03931_05-02-2026-20.01,64.1,72.1,85.25,104.25,
03309,04007,78400,Renfe,AVE,2026-02-05 20:01:00,2026-02-05 21:46:00,0 days 01:45:00,03309_05-02-2026-19.34,62.25,71.1,82.75,101.75,
03931,04040,78400,Renfe,AVE,2026-02-05 20:01:00,2026-02-05 20:48:00,0 days 00:47:00,03931_05-02-2026-20.01,46.25,51.4,61.55,80.55,
03309,04007,04040,Renfe,AVE,2026-02-05 20:01:00,2026-02-05 21:02:00,0 days 01:01:00,03309_05-02-2026-19.34,68.3,75.15,81.75,100.75,
03201,60000,71801,Renfe,AVE,2026-02-05 20:05:00,2026-02-05 22:42:00,0 days 02:37:00,03201_05-02-2026-20.05,55.95,69.95,74.45,93.45,
03173,04104,71801,Renfe,AVE,2026-02-05 20:06:00,2026-02-05 20:46:00,0 days 00:40:00,03173_05-02-2026-17.27,48.95,53.4,59.2,78.2,
03203,60000,04104,Renfe,AVE,2026-02-05 20:27:00,2026-02-05 23:07:00,0 days 02:40:00,03203_05-02-2026-20.27,53.75,64.5,71.5,90.5,
03203,60000,71801,Renfe,AVE,2026-02-05 20:27:00,2026-02-05 23:48:00,0 days 03:21:00,03203_05-02-2026-20.27,47.45,59.3,63.1,82.1,
03203,60000,78400,Renfe,AVE,2026-02-05 20:27:00,2026-02-05 22:40:00,0 days 02:13:00,03203_05-02-2026-20.27,48.7,58.45,64.75,83.75,
03203,60000,04040,Renfe,AVE,2026-02-05 20:27:00,2026-02-05 21:57:00,0 days 01:30:00,03203_05-02-2026-20.27,39.0,46.8,51.85,70.85,
03203,60000,04007,Renfe,AVE,2026-02-05 20:27:00,2026-02-05 20:52:00,0 days 00:25:00,03203_05-02-2026-20.27,45.7,49.55,60.8,79.8,
03991,04040,71801,Renfe,AVE,2026-02-05 20:38:00,2026-02-05 22:35:00,0 days 01:57:00,03991_05-02-2026-20.38,64.1,72.1,85.25,104.25,
03941,04040,78400,Renfe,AVE,2026-02-05 20:38:00,2026-02-05 21:20:00,0 days 00:42:00,03941_05-02-2026-20.38,46.25,51.4,61.55,80.55,
03991,04040,78400,Renfe,AVE,2026-02-05 20:38:00,2026-02-05 21:20:00,0 days 00:42:00,03991_05-02-2026-20.38,46.25,51.4,61.55,80.55,
03941,04040,71801,Renfe,AVE,2026-02-05 20:38:00,2026-02-05 22:35:00,0 days 01:57:00,03941_05-02-2026-20.38,64.1,72.1,85.25,104.25,
03941,04040,04104,Renfe,AVE,2026-02-05 20:38:00,2026-02-05 21:51:00,0 days 01:13:00,03941_05-02-2026-20.38,58.3,64.8,77.55,96.55,
03991,04040,04104,Renfe,AVE,2026-02-05 20:38:00,2026-02-05 21:51:00,0 days 01:13:00,03991_05-02-2026-20.38,58.3,64.8,77.55,96.55,
03183,04104,71801,Renfe,AVE,2026-02-05 20:46:00,2026-02-05 21:24:00,0 days 00:38:00,03183_05-02-2026-18.27,40.05,44.5,53.25,72.25,
03931,78400,71801,Renfe,AVE,2026-02-05 20:50:00,2026-02-05 21:58:00,0 days 01:08:00,03931_05-02-2026-20.01,52.45,58.3,69.8,88.8,
03931,78400,04104,Renfe,AVE,2026-02-05 20:50:00,2026-02-05 21:16:00,0 days 00:26:00,03931_05-02-2026-20.01,37.0,41.1,49.2,68.2,
03203,04007,78400,Renfe,AVE,2026-02-05 20:53:00,2026-02-05 22:40:00,0 days 01:47:00,03203_05-02-2026-20.27,44.45,53.35,59.1,78.1,
03203,04007,04104,Renfe,AVE,2026-02-05 20:53:00,2026-02-05 23:07:00,0 days 02:14:00,03203_05-02-2026-20.27,49.8,59.75,66.25,85.25,
03203,04007,04040,Renfe,AVE,2026-02-05 20:53:00,2026-02-05 21:57:00,0 days 01:04:00,03203_05-02-2026-20.27,34.15,41.0,45.4,64.4,
03203,04007,71801,Renfe,AVE,2026-02-05 20:53:00,2026-02-05 23:48:00,0 days 02:55:00,03203_05-02-2026-20.27,44.65,55.8,59.35,78.35,
00437,78400,04104,Renfe,ALVIA,2026-02-05 20:58:00,2026-02-05 21:30:00,0 days 00:32:00,00437_05-02-2026-19.52,21.35,24.4,28.4,,
00437,78400,71801,Renfe,ALVIA,2026-02-05 20:58:00,2026-02-05 22:13:00,0 days 01:15:00,00437_05-02-2026-19.52,30.25,34.55,40.2,,
03309,04040,04104,Renfe,AVE,2026-02-05 21:03:00,2026-02-05 22:15:00,0 days 01:12:00,03309_05-02-2026-19.34,58.3,64.8,68.95,87.95,
03309,04040,78400,Renfe,AVE,2026-02-05 21:03:00,2026-02-05 21:46:00,0 days 00:43:00,03309_05-02-2026-19.34,46.25,51.4,54.7,73.7,
03309,04040,71801,Renfe,AVE,2026-02-05 21:03:00,2026-02-05 22:55:00,0 days 01:52:00,03309_05-02-2026-19.34,72.1,80.1,85.25,104.25,
02883,60000,04040,Renfe,AVE,2026-02-05 21:07:00,2026-02-05 22:26:00,0 days 01:19:00,02883_05-02-2026-21.07,31.2,39.0,51.85,70.85,
02883,60000,71801,Renfe,AVE,2026-02-05 21:07:00,2026-02-05 23:59:00,0 days 02:52:00,02883_05-02-2026-21.07,35.6,47.45,63.1,82.1,
03931,04104,71801,Renfe,AVE,2026-02-05 21:18:00,2026-02-05 21:58:00,0 days 00:40:00,03931_05-02-2026-20.01,40.05,44.5,53.25,72.25,
03991,78400,71801,Renfe,AVE,2026-02-05 21:22:00,2026-02-05 22:35:00,0 days 01:13:00,03991_05-02-2026-20.38,52.45,58.3,69.8,88.8,
03941,78400,71801,Renfe,AVE,2026-02-05 21:22:00,2026-02-05 22:35:00,0 days 01:13:00,03941_05-02-2026-20.38,52.45,58.3,69.8,88.8,
03941,78400,04104,Renfe,AVE,2026-02-05 21:22:00,2026-02-05 21:51:00,0 days 00:29:00,03941_05-02-2026-20.38,37.0,41.1,49.2,68.2,
03991,78400,04104,Renfe,AVE,2026-02-05 21:22:00,2026-02-05 21:51:00,0 days 00:29:00,03991_05-02-2026-20.38,37.0,41.1,49.2,68.2,
00437,04104,71801,Renfe,ALVIA,2026-02-05 21:32:00,2026-02-05 22:13:00,0 days 00:41:00,00437_05-02-2026-19.52,23.1,26.4,30.7,,
03309,78400,71801,Renfe,AVE,2026-02-05 21:48:00,2026-02-05 22:55:00,0 days 01:07:00,03309_05-02-2026-19.34,64.15,69.95,77.55,96.55,
03309,78400,04104,Renfe,AVE,2026-02-05 21:48:00,2026-02-05 22:15:00,0 days 00:27:00,03309_05-02-2026-19.34,45.2,49.3,54.65,73.65,
03941,04104,71801,Renfe,AVE,2026-02-05 21:53:00,2026-02-05 22:35:00,0 days 00:42:00,03941_05-02-2026-20.38,40.05,44.5,53.25,72.25,
03991,04104,71801,Renfe,AVE,2026-02-05 21:53:00,2026-02-05 22:35:00,0 days 00:42:00,03991_05-02-2026-20.38,40.05,44.5,53.25,72.25,
03203,04040,71801,Renfe,AVE,2026-02-05 21:58:00,2026-02-05 23:48:00,0 days 01:50:00,03203_05-02-2026-20.27,32.05,40.05,53.25,72.25,
03203,04040,78400,Renfe,AVE,2026-02-05 21:58:00,2026-02-05 22:40:00,0 days 00:42:00,03203_05-02-2026-20.27,25.7,30.85,41.0,60.0,
03203,04040,04104,Renfe,AVE,2026-02-05 21:58:00,2026-02-05 23:07:00,0 days 01:09:00,03203_05-02-2026-20.27,32.4,38.9,51.7,70.7,
03309,04104,71801,Renfe,AVE,2026-02-05 22:17:00,2026-02-05 22:55:00,0 days 00:38:00,03309_05-02-2026-19.34,48.95,53.4,59.2,78.2,
02883,04040,71801,Renfe,AVE,2026-02-05 22:27:00,2026-02-05 23:59:00,0 days 01:32:00,02883_05-02-2026-21.07,24.05,32.05,53.25,72.25,
03203,78400,71801,Renfe,AVE,2026-02-05 22:42:00,2026-02-05 23:48:00,0 days 01:06:00,03203_05-02-2026-20.27,29.15,35.0,46.5,65.5,
03203,78400,04104,Renfe,AVE,2026-02-05 22:42:00,2026-02-05 23:07:00,0 days 00:25:00,03203_05-02-2026-20.27,20.55,24.65,32.8,51.8,
03203,04104,71801,Renfe,AVE,2026-02-05 23:09:00,2026-02-05 23:48:00,0 days 00:39:00,03203_05-02-2026-20.27,22.25,26.7,35.5,54.5,
03301,60000,71801,Renfe,AVE,2026-02-06 06:27:00,2026-02-06 09:25:00,0 days 02:58:00,03301_06-02-2026-06.27,166.05,177.9,189.3,208.3,
03301,60000,04040,Renfe,AVE,2026-02-06 06:27:00,2026-02-06 07:52:00,0 days 01:25:00,03301_06-02-2026-06.27,148.2,156.0,155.6,174.6,
03071,60000,71801,Renfe,AVE,2026-02-06 06:57:00,2026-02-06 09:34:00,0 days 02:37:00,03071_06-02-2026-06.57,55.95,69.95,74.45,93.45,
03073,60000,04040,Renfe,AVE,2026-02-06 07:27:00,2026-02-06 08:51:00,0 days 01:24:00,03073_06-02-2026-07.27,39.0,46.8,51.85,70.85,
03073,60000,78400,Renfe,AVE,2026-02-06 07:27:00,2026-02-06 09:35:00,0 days 02:08:00,03073_06-02-2026-07.27,48.7,58.45,64.75,83.75,
03073,60000,71801,Renfe,AVE,2026-02-06 07:27:00,2026-02-06 10:46:00,0 days 03:19:00,03073_06-02-2026-07.27,47.45,59.3,63.1,82.1,
03073,60000,04104,Renfe,AVE,2026-02-06 07:27:00,2026-02-06 10:04:00,0 days 02:37:00,03073_06-02-2026-07.27,53.75,64.5,71.5,90.5,
03073,60000,04007,Renfe,AVE,2026-02-06 07:27:00,2026-02-06 07:52:00,0 days 00:25:00,03073_06-02-2026-07.27,45.7,49.55,60.8,79.8,
03073,04007,04040,Renfe,AVE,2026-02-06 07:53:00,2026-02-06 08:51:00,0 days 00:58:00,03073_06-02-2026-07.27,34.15,41.0,45.4,64.4,
03073,04007,78400,Renfe,AVE,2026-02-06 07:53:00,2026-02-06 09:35:00,0 days 01:42:00,03073_06-02-2026-07.27,44.45,53.35,59.1,78.1,
03073,04007,71801,Renfe,AVE,2026-02-06 07:53:00,2026-02-06 10:46:00,0 days 02:53:00,03073_06-02-2026-07.27,44.65,55.8,59.35,78.35,
03301,04040,71801,Renfe,AVE,2026-02-06 07:53:00,2026-02-06 09:25:00,0 days 01:32:00,03301_06-02-2026-06.27,112.15,120.15,127.85,146.85,
03073,04007,04104,Renfe,AVE,2026-02-06 07:53:00,2026-02-06 10:04:00,0 days 02:11:00,03073_06-02-2026-07.27,49.8,59.75,66.25,85.25,
03081,60000,71801,Renfe,AVE,2026-02-06 07:57:00,2026-02-06 10:34:00,0 days 02:37:00,03081_06-02-2026-07.57,55.95,69.95,74.45,93.45,
03073,04040,71801,Renfe,AVE,2026-02-06 08:52:00,2026-02-06 10:46:00,0 days 01:54:00,03073_06-02-2026-07.27,40.05,48.05,53.25,72.25,
03073,04040,04104,Renfe,AVE,2026-02-06 08:52:00,2026-02-06 10:04:00,0 days 01:12:00,03073_06-02-2026-07.27,38.9,45.35,51.7,70.7,
03073,04040,78400,Renfe,AVE,2026-02-06 08:52:00,2026-02-06 09:35:00,0 days 00:43:00,03073_06-02-2026-07.27,30.85,36.0,41.0,60.0,
03091,60000,71801,Renfe,AVE,2026-02-06 08:57:00,2026-02-06 11:41:00,0 days 02:44:00,03091_06-02-2026-08.57,55.95,69.95,74.45,93.45,
03091,60000,04104,Renfe,AVE,2026-02-06 08:57:00,2026-02-06 11:01:00,0 days 02:04:00,03091_06-02-2026-08.57,53.75,64.5,71.5,90.5,
02561,60000,04104,Renfe,AVE,2026-02-06 09:27:00,2026-02-06 12:00:00,0 days 02:33:00,02561_06-02-2026-09.27,86.0,96.75,143.0,162.0,
02561,60000,78400,Renfe,AVE,2026-02-06 09:27:00,2026-02-06 11:32:00,0 days 02:05:00,02561_06-02-2026-09.27,77.9,87.65,129.55,148.55,
02561,60000,71801,Renfe,AVE,2026-02-06 09:27:00,2026-02-06 12:41:00,0 days 03:14:00,02561_06-02-2026-09.27,83.0,94.9,141.95,160.95,
02561,60000,04040,Renfe,AVE,2026-02-06 09:27:00,2026-02-06 10:46:00,0 days 01:19:00,02561_06-02-2026-09.27,54.6,62.4,103.75,122.75,
03073,78400,04104,Renfe,AVE,2026-02-06 09:37:00,2026-02-06 10:04:00,0 days 00:27:00,03073_06-02-2026-07.27,24.65,28.75,32.8,51.8,
03073,78400,71801,Renfe,AVE,2026-02-06 09:37:00,2026-02-06 10:46:00,0 days 01:09:00,03073_06-02-2026-07.27,35.0,40.8,46.5,65.5,
03073,04104,71801,Renfe,AVE,2026-02-06 10:06:00,2026-02-06 10:46:00,0 days 00:40:00,03073_06-02-2026-07.27,26.7,31.15,35.5,54.5,
03303,60000,71801,Renfe,AVE,2026-02-06 10:27:00,2026-02-06 13:19:00,0 days 02:52:00,03303_06-02-2026-10.27,94.9,106.75,126.2,145.2,
03303,60000,04040,Renfe,AVE,2026-02-06 10:27:00,2026-02-06 11:47:00,0 days 01:20:00,03303_06-02-2026-10.27,93.6,101.4,93.35,112.35,
00605,60000,04007,Renfe,ALVIA,2026-02-06 10:32:00,2026-02-06 10:59:00,0 days 00:27:00,00605_06-02-2026-10.32,26.45,28.35,30.15,,
02561,04040,71801,Renfe,AVE,2026-02-06 10:47:00,2026-02-06 12:41:00,0 days 01:54:00,02561_06-02-2026-09.27,56.05,64.1,106.55,125.55,
02561,04040,78400,Renfe,AVE,2026-02-06 10:47:00,2026-02-06 11:32:00,0 days 00:45:00,02561_06-02-2026-09.27,41.1,46.25,75.2,94.2,
02561,04040,04104,Renfe,AVE,2026-02-06 10:47:00,2026-02-06 12:00:00,0 days 01:13:00,02561_06-02-2026-09.27,51.85,58.3,94.8,113.8,
03091,04104,71801,Renfe,AVE,2026-02-06 11:03:00,2026-02-06 11:41:00,0 days 00:38:00,03091_06-02-2026-08.57,31.5,36.75,41.9,60.9,
00533,04040,78400,Renfe,ALVIA,2026-02-06 11:09:00,2026-02-06 11:58:00,0 days 00:49:00,00533_06-02-2026-11.09,38.1,41.9,45.6,,
00533,04040,71801,Renfe,ALVIA,2026-02-06 11:09:00,2026-02-06 13:09:00,0 days 02:00:00,00533_06-02-2026-11.09,53.35,59.3,63.1,,
00533,04040,04104,Renfe,ALVIA,2026-02-06 11:09:00,2026-02-06 12:31:00,0 days 01:22:00,00533_06-02-2026-11.09,48.0,52.8,57.45,,
03113,60000,04040,Renfe,AVE,2026-02-06 11:27:00,2026-02-06 12:51:00,0 days 01:24:00,03113_06-02-2026-11.27,70.2,78.0,83.0,102.0,
03113,60000,71801,Renfe,AVE,2026-02-06 11:27:00,2026-02-06 14:46:00,0 days 03:19:00,03113_06-02-2026-11.27,94.9,106.75,110.4,129.4,
03113,60000,78400,Renfe,AVE,2026-02-06 11:27:00,2026-02-06 13:35:00,0 days 02:08:00,03113_06-02-2026-11.27,87.65,97.4,103.65,122.65,
03113,60000,04104,Renfe,AVE,2026-02-06 11:27:00,2026-02-06 14:04:00,0 days 02:37:00,03113_06-02-2026-11.27,96.75,107.5,114.4,133.4,
02561,78400,71801,Renfe,AVE,2026-02-06 11:34:00,2026-02-06 12:41:00,0 days 01:07:00,02561_06-02-2026-09.27,46.65,52.45,62.05,81.05,
02561,78400,04104,Renfe,AVE,2026-02-06 11:34:00,2026-02-06 12:00:00,0 days 00:26:00,02561_06-02-2026-09.27,32.9,37.0,43.75,62.75,
03303,04040,71801,Renfe,AVE,2026-02-06 11:48:00,2026-02-06 13:19:00,0 days 01:31:00,03303_06-02-2026-10.27,88.1,96.1,106.55,125.55,
34433,78400,04104,Renfe,AVANT,2026-02-06 12:00:00,2026-02-06 12:31:00,0 days 00:31:00,34433_06-02-2026-12.00,,,,,15.0
00533,78400,71801,Renfe,ALVIA,2026-02-06 12:00:00,2026-02-06 13:09:00,0 days 01:09:00,00533_06-02-2026-11.09,43.2,47.5,51.7,,
34433,78400,71801,Renfe,AVANT,2026-02-06 12:00:00,2026-02-06 13:09:00,0 days 01:09:00,34433_06-02-2026-12.00,,,,,31.5
00533,78400,04104,Renfe,ALVIA,2026-02-06 12:00:00,2026-02-06 12:31:00,0 days 00:31:00,00533_06-02-2026-11.09,30.5,33.55,36.5,,
02561,04104,71801,Renfe,AVE,2026-02-06 12:02:00,2026-02-06 12:41:00,0 days 00:39:00,02561_06-02-2026-09.27,35.6,40.05,47.35,66.35,
02591,60000,78400,Renfe,AVE,2026-02-06 12:27:00,2026-02-06 14:29:00,0 days 02:02:00,02591_06-02-2026-12.27,58.45,68.2,77.75,96.75,
02591,60000,04040,Renfe,AVE,2026-02-06 12:27:00,2026-02-06 13:45:00,0 days 01:18:00,02591_06-02-2026-12.27,46.8,54.6,62.25,81.25,
02591,60000,71801,Renfe,AVE,2026-02-06 12:27:00,2026-02-06 15:44:00,0 days 03:17:00,02591_06-02-2026-12.27,59.3,71.15,78.85,97.85,
34433,04104,71801,Renfe,AVANT,2026-02-06 12:33:00,2026-02-06 13:09:00,0 days 00:36:00,34433_06-02-2026-12.00,,,,,18.5
00533,04104,71801,Renfe,ALVIA,2026-02-06 12:33:00,2026-02-06 13:09:00,0 days 00:36:00,00533_06-02-2026-11.09,33.0,36.3,39.5,,
03993,04040,04104,Renfe,AVE,2026-02-06 12:37:00,2026-02-06 13:43:00,0 days 01:06:00,03993_06-02-2026-12.37,58.3,64.8,77.55,96.55,
03943,04040,04104,Renfe,AVE,2026-02-06 12:37:00,2026-02-06 13:43:00,0 days 01:06:00,03943_06-02-2026-12.37,58.3,64.8,77.55,96.55,
03993,04040,78400,Renfe,AVE,2026-02-06 12:37:00,2026-02-06 13:17:00,0 days 00:40:00,03993_06-02-2026-12.37,46.25,51.4,61.55,80.55,
03993,04040,71801,Renfe,AVE,2026-02-06 12:37:00,2026-02-06 14:25:00,0 days 01:48:00,03993_06-02-2026-12.37,64.1,72.1,85.25,104.25,
03943,04040,78400,Renfe,AVE,2026-02-06 12:37:00,2026-02-06 13:17:00,0 days 00:40:00,03943_06-02-2026-12.37,46.25,51.4,61.55,80.55,
03943,04040,71801,Renfe,AVE,2026-02-06 12:37:00,2026-02-06 14:25:00,0 days 01:48:00,03943_06-02-2026-12.37,64.1,72.1,85.25,104.25,
03113,04040,04104,Renfe,AVE,2026-02-06 12:52:00,2026-02-06 14:04:00,0 days 01:12:00,03113_06-02-2026-11.27,64.8,71.3,77.55,96.55,
03113,04040,78400,Renfe,AVE,2026-02-06 12:52:00,2026-02-06 13:35:00,0 days 00:43:00,03113_06-02-2026-11.27,51.4,56.55,61.55,80.55,
03113,04040,71801,Renfe,AVE,2026-02-06 12:52:00,2026-02-06 14:46:00,0 days 01:54:00,03113_06-02-2026-11.27,72.1,80.1,85.25,104.25,
09725,60000,04007,Renfe,AVE INT,2026-02-06 13:15:00,2026-02-06 13:41:00,0 days 00:26:00,09725_06-02-2026-13.15,22.85,26.65,35.45,54.45,
09725,60000,04040,Renfe,AVE INT,2026-02-06 13:15:00,2026-02-06 14:40:00,0 days 01:25:00,09725_06-02-2026-13.15,62.4,70.2,93.35,112.35,
09725,60000,71801,Renfe,AVE INT,2026-02-06 13:15:00,2026-02-06 16:19:00,0 days 03:04:00,09725_06-02-2026-13.15,71.15,83.0,157.75,176.75,
09725,60000,04104,Renfe,AVE INT,2026-02-06 13:15:00,2026-02-06 15:37:00,0 days 02:22:00,09725_06-02-2026-13.15,96.75,107.5,143.0,162.0,
03993,78400,04104,Renfe,AVE,2026-02-06 13:19:00,2026-02-06 13:43:00,0 days 00:24:00,03993_06-02-2026-12.37,37.0,41.1,49.2,68.2,
03943,78400,04104,Renfe,AVE,2026-02-06 13:19:00,2026-02-06 13:43:00,0 days 00:24:00,03943_06-02-2026-12.37,37.0,41.1,49.2,68.2,
03993,78400,71801,Renfe,AVE,2026-02-06 13:19:00,2026-02-06 14:25:00,0 days 01:06:00,03993_06-02-2026-12.37,52.45,58.3,69.8,88.8,
03943,78400,71801,Renfe,AVE,2026-02-06 13:19:00,2026-02-06 14:25:00,0 days 01:06:00,03943_06-02-2026-12.37,52.45,58.3,69.8,88.8,
34813,78400,71801,Renfe,AVANT,2026-02-06 13:37:00,2026-02-06 14:46:00,0 days 01:09:00,34813_06-02-2026-13.37,,,,,31.5
03113,78400,04104,Renfe,AVE,2026-02-06 13:37:00,2026-02-06 14:04:00,0 days 00:27:00,03113_06-02-2026-11.27,37.0,41.1,43.75,62.75,
34813,78400,04104,Renfe,AVANT,2026-02-06 13:37:00,2026-02-06 14:04:00,0 days 00:27:00,34813_06-02-2026-13.37,,,,,15.0
03113,78400,71801,Renfe,AVE,2026-02-06 13:37:00,2026-02-06 14:46:00,0 days 01:09:00,03113_06-02-2026-11.27,52.45,58.3,62.05,81.05,
09725,04007,04104,Renfe,AVE INT,2026-02-06 13:43:00,2026-02-06 15:37:00,0 days 01:54:00,09725_06-02-2026-13.15,89.65,99.6,132.45,151.45,
09725,04007,04040,Renfe,AVE INT,2026-02-06 13:43:00,2026-02-06 14:40:00,0 days 00:57:00,09725_06-02-2026-13.15,54.65,61.45,81.75,100.75,
09725,04007,71801,Renfe,AVE INT,2026-02-06 13:43:00,2026-02-06 16:19:00,0 days 02:36:00,09725_06-02-2026-13.15,66.95,78.1,133.6,152.6,
03993,04104,71801,Renfe,AVE,2026-02-06 13:45:00,2026-02-06 14:25:00,0 days 00:40:00,03993_06-02-2026-12.37,40.05,44.5,53.25,72.25,
03943,04104,71801,Renfe,AVE,2026-02-06 13:45:00,2026-02-06 14:25:00,0 days 00:40:00,03943_06-02-2026-12.37,40.05,44.5,53.25,72.25,
02591,04040,78400,Renfe,AVE,2026-02-06 13:46:00,2026-02-06 14:29:00,0 days 00:43:00,02591_06-02-2026-12.27,36.0,41.1,47.85,66.85,
02591,04040,71801,Renfe,AVE,2026-02-06 13:46:00,2026-02-06 15:44:00,0 days 01:58:00,02591_06-02-2026-12.27,48.05,56.05,63.9,82.9,
03141,60000,71801,Renfe,AVE,2026-02-06 13:57:00,2026-02-06 16:34:00,0 days 02:37:00,03141_06-02-2026-13.57,111.9,125.9,167.45,186.45,
34813,04104,71801,Renfe,AVANT,2026-02-06 14:06:00,2026-02-06 14:46:00,0 days 00:40:00,34813_06-02-2026-13.37,,,,,18.5
03113,04104,71801,Renfe,AVE,2026-02-06 14:06:00,2026-02-06 14:46:00,0 days 00:40:00,03113_06-02-2026-11.27,40.05,44.5,47.35,66.35,
03143,60000,04040,Renfe,AVE,2026-02-06 14:27:00,2026-02-06 15:51:00,0 days 01:24:00,03143_06-02-2026-14.27,78.0,85.8,93.35,112.35,
03143,60000,71801,Renfe,AVE,2026-02-06 14:27:00,2026-02-06 17:24:00,0 days 02:57:00,03143_06-02-2026-14.27,106.75,118.6,126.2,145.2,
34823,78400,71801,Renfe,AVANT,2026-02-06 14:31:00,2026-02-06 15:44:00,0 days 01:13:00,34823_06-02-2026-14.31,,,,,31.5
02591,78400,71801,Renfe,AVE,2026-02-06 14:31:00,2026-02-06 15:44:00,0 days 01:13:00,02591_06-02-2026-12.27,40.8,46.65,54.3,73.3,
09725,04040,04104,Renfe,AVE INT,2026-02-06 14:43:00,2026-02-06 15:37:00,0 days 00:54:00,09725_06-02-2026-13.15,38.9,45.35,60.35,79.35,
09725,04040,71801,Renfe,AVE INT,2026-02-06 14:43:00,2026-02-06 16:19:00,0 days 01:36:00,09725_06-02-2026-13.15,64.1,72.1,95.9,114.9,
00609,60000,04007,Renfe,ALVIA,2026-02-06 14:47:00,2026-02-06 15:15:00,0 days 00:28:00,00609_06-02-2026-14.47,26.45,28.35,30.15,,
03151,60000,71801,Renfe,AVE,2026-02-06 14:57:00,2026-02-06 17:34:00,0 days 02:37:00,03151_06-02-2026-14.57,111.9,125.9,167.45,186.45,
03305,60000,78400,Renfe,AVE,2026-02-06 15:27:00,2026-02-06 17:35:00,0 days 02:08:00,03305_06-02-2026-15.27,97.4,107.15,116.6,135.6,
03305,60000,04104,Renfe,AVE,2026-02-06 15:27:00,2026-02-06 18:03:00,0 days 02:36:00,03305_06-02-2026-15.27,107.5,118.25,128.7,147.7,
03305,60000,04040,Renfe,AVE,2026-02-06 15:27:00,2026-02-06 16:50:00,0 days 01:23:00,03305_06-02-2026-15.27,109.2,117.0,103.75,122.75,
03305,60000,71801,Renfe,AVE,2026-02-06 15:27:00,2026-02-06 18:46:00,0 days 03:19:00,03305_06-02-2026-15.27,118.6,130.45,141.95,160.95,
09725,04104,71801,Renfe,AVE INT,2026-02-06 15:39:00,2026-02-06 16:19:00,0 days 00:40:00,09725_06-02-2026-13.15,26.7,31.15,41.45,60.45,
03143,04040,71801,Renfe,AVE,2026-02-06 15:52:00,2026-02-06 17:24:00,0 days 01:32:00,03143_06-02-2026-14.27,48.05,56.05,95.9,114.9,
03161,60000,71801,Renfe,AVE,2026-02-06 15:57:00,2026-02-06 18:34:00,0 days 02:37:00,03161_06-02-2026-15.57,111.9,125.9,130.25,149.25,
03363,60000,04040,Renfe,AVE,2026-02-06 16:02:00,2026-02-06 17:26:00,0 days 01:24:00,03363_06-02-2026-16.02,78.0,85.8,93.35,112.35,
03163,60000,71801,Renfe,AVE,2026-02-06 16:27:00,2026-02-06 19:19:00,0 days 02:52:00,03163_06-02-2026-16.27,106.75,118.6,126.2,145.2,
03163,60000,04040,Renfe,AVE,2026-02-06 16:27:00,2026-02-06 17:45:00,0 days 01:18:00,03163_06-02-2026-16.27,78.0,85.8,93.35,112.35,
03305,04040,78400,Renfe,AVE,2026-02-06 16:51:00,2026-02-06 17:35:00,0 days 00:44:00,03305_06-02-2026-15.27,71.95,77.1,75.2,94.2,
03305,04040,04104,Renfe,AVE,2026-02-06 16:51:00,2026-02-06 18:03:00,0 days 01:12:00,03305_06-02-2026-15.27,90.7,97.2,94.8,113.8,
03305,04040,71801,Renfe,AVE,2026-02-06 16:51:00,2026-02-06 18:46:00,0 days 01:55:00,03305_06-02-2026-15.27,112.15,120.15,117.2,136.2,
03171,60000,71801,Renfe,AVE,2026-02-06 16:57:00,2026-02-06 19:34:00,0 days 02:37:00,03171_06-02-2026-16.57,97.95,111.9,111.65,130.65,
03373,60000,04104,Renfe,AVE,2026-02-06 17:27:00,2026-02-06 20:04:00,0 days 02:37:00,03373_06-02-2026-17.27,150.5,161.25,171.55,190.55,
03373,60000,04040,Renfe,AVE,2026-02-06 17:27:00,2026-02-06 18:51:00,0 days 01:24:00,03373_06-02-2026-17.27,148.2,156.0,155.6,174.6,
03373,60000,04007,Renfe,AVE,2026-02-06 17:27:00,2026-02-06 17:53:00,0 days 00:26:00,03373_06-02-2026-17.27,53.35,57.15,60.8,79.8,
03373,60000,78400,Renfe,AVE,2026-02-06 17:27:00,2026-02-06 19:35:00,0 days 02:08:00,03373_06-02-2026-17.27,136.35,146.1,155.45,174.45,
03373,60000,71801,Renfe,AVE,2026-02-06 17:27:00,2026-02-06 20:46:00,0 days 03:19:00,03373_06-02-2026-17.27,166.05,177.9,189.3,208.3,
03305,78400,04104,Renfe,AVE,2026-02-06 17:37:00,2026-02-06 18:03:00,0 days 00:26:00,03305_06-02-2026-15.27,57.55,61.65,65.6,84.6,
03305,78400,71801,Renfe,AVE,2026-02-06 17:37:00,2026-02-06 18:46:00,0 days 01:09:00,03305_06-02-2026-15.27,81.6,87.45,93.05,112.05,
03163,04040,71801,Renfe,AVE,2026-02-06 17:46:00,2026-02-06 19:19:00,0 days 01:33:00,03163_06-02-2026-16.27,72.1,80.1,85.25,104.25,
03373,04007,78400,Renfe,AVE,2026-02-06 17:54:00,2026-02-06 19:35:00,0 days 01:41:00,03373_06-02-2026-17.27,124.45,133.35,141.9,160.9,
03373,04007,71801,Renfe,AVE,2026-02-06 17:54:00,2026-02-06 20:46:00,0 days 02:52:00,03373_06-02-2026-17.27,156.25,167.4,178.1,197.1,
03373,04007,04104,Renfe,AVE,2026-02-06 17:54:00,2026-02-06 20:04:00,0 days 02:10:00,03373_06-02-2026-17.27,139.45,149.4,158.95,177.95,
03373,04007,04040,Renfe,AVE,2026-02-06 17:54:00,2026-02-06 18:51:00,0 days 00:57:00,03373_06-02-2026-17.27,95.6,102.45,109.0,128.0,
02553,60000,71801,Renfe,AVE,2026-02-06 17:57:00,2026-02-06 20:34:00,0 days 02:37:00,02553_06-02-2026-17.57,71.15,83.0,94.65,113.65,
03305,04104,71801,Renfe,AVE,2026-02-06 18:05:00,2026-02-06 18:46:00,0 days 00:41:00,03305_06-02-2026-15.27,62.3,66.75,71.0,90.0,
03183,60000,71801,Renfe,AVE,2026-02-06 18:27:00,2026-02-06 21:24:00,0 days 02:57:00,03183_06-02-2026-18.27,118.6,130.45,141.95,160.95,
03183,60000,04104,Renfe,AVE,2026-02-06 18:27:00,2026-02-06 20:44:00,0 days 02:17:00,03183_06-02-2026-18.27,107.5,118.25,128.7,147.7,
03183,60000,04040,Renfe,AVE,2026-02-06 18:27:00,2026-02-06 19:45:00,0 days 01:18:00,03183_06-02-2026-18.27,93.6,101.4,103.75,122.75,
03373,04040,04104,Renfe,AVE,2026-02-06 18:52:00,2026-02-06 20:04:00,0 days 01:12:00,03373_06-02-2026-17.27,90.7,97.2,103.4,122.4,
03373,04040,71801,Renfe,AVE,2026-02-06 18:52:00,2026-02-06 20:46:00,0 days 01:54:00,03373_06-02-2026-17.27,112.15,120.15,127.85,146.85,
03373,04040,78400,Renfe,AVE,2026-02-06 18:52:00,2026-02-06 19:35:00,0 days 00:43:00,03373_06-02-2026-17.27,71.95,77.1,82.05,101.05,
03191,60000,71801,Renfe,AVE,2026-02-06 18:57:00,2026-02-06 21:34:00,0 days 02:37:00,03191_06-02-2026-18.57,56.0,70.0,74.5,93.5,
02861,60000,04007,Renfe,AVE,2026-02-06 19:00:00,2026-02-06 19:28:00,0 days 00:28:00,02861_06-02-2026-19.00,45.7,49.55,60.8,79.8,
02861,60000,04040,Renfe,AVE,2026-02-06 19:00:00,2026-02-06 20:42:00,0 days 01:42:00,02861_06-02-2026-19.00,39.0,46.8,51.85,70.85,
02861,04007,04040,Renfe,AVE,2026-02-06 19:29:00,2026-02-06 20:42:00,0 days 01:13:00,02861_06-02-2026-19.00,34.15,41.0,45.4,64.4,
03309,60000,04104,Renfe,AVE,2026-02-06 19:34:00,2026-02-06 22:15:00,0 days 02:41:00,03309_06-02-2026-19.34,86.0,96.75,114.4,133.4,
03309,60000,78400,Renfe,AVE,2026-02-06 19:34:00,2026-02-06 21:46:00,0 days 02:12:00,03309_06-02-2026-19.34,77.9,87.65,103.65,122.65,
03309,60000,71801,Renfe,AVE,2026-02-06 19:34:00,2026-02-06 22:55:00,0 days 03:21:00,03309_06-02-2026-19.34,94.9,106.75,126.2,145.2,
03309,60000,04007,Renfe,AVE,2026-02-06 19:34:00,2026-02-06 20:00:00,0 days 00:26:00,03309_06-02-2026-19.34,53.35,57.15,60.8,79.8,
03309,60000,04040,Renfe,AVE,2026-02-06 19:34:00,2026-02-06 21:02:00,0 days 01:28:00,03309_06-02-2026-19.34,93.6,101.4,93.35,112.35,
03373,78400,04104,Renfe,AVE,2026-02-06 19:37:00,2026-02-06 20:04:00,0 days 00:27:00,03373_06-02-2026-17.27,57.55,61.65,65.6,84.6,
03373,78400,71801,Renfe,AVE,2026-02-06 19:37:00,2026-02-06 20:46:00,0 days 01:09:00,03373_06-02-2026-17.27,81.6,87.45,93.05,112.05,
03183,04040,71801,Renfe,AVE,2026-02-06 19:46:00,2026-02-06 21:24:00,0 days 01:38:00,03183_06-02-2026-18.27,80.1,88.1,95.9,114.9,
03183,04040,04104,Renfe,AVE,2026-02-06 19:46:00,2026-02-06 20:44:00,0 days 00:58:00,03183_06-02-2026-18.27,64.8,71.3,77.55,96.55,
00437,04040,04104,Renfe,ALVIA,2026-02-06 19:52:00,2026-02-06 21:30:00,0 days 01:38:00,00437_06-02-2026-19.52,33.6,38.4,57.45,,
00437,04040,71801,Renfe,ALVIA,2026-02-06 19:52:00,2026-02-06 22:13:00,0 days 02:21:00,00437_06-02-2026-19.52,35.6,41.5,63.1,,
00437,04040,78400,Renfe,ALVIA,2026-02-06 19:52:00,2026-02-06 20:56:00,0 days 01:04:00,00437_06-02-2026-19.52,26.65,30.5,45.6,,
03931,04040,04104,Renfe,AVE,2026-02-06 20:01:00,2026-02-06 21:16:00,0 days 01:15:00,03931_06-02-2026-20.01,58.3,64.8,77.55,96.55,
03309,04007,78400,Renfe,AVE,2026-02-06 20:01:00,2026-02-06 21:46:00,0 days 01:45:00,03309_06-02-2026-19.34,71.1,80.0,94.6,113.6,
03309,04007,71801,Renfe,AVE,2026-02-06 20:01:00,2026-02-06 22:55:00,0 days 02:54:00,03309_06-02-2026-19.34,89.3,100.45,118.75,137.75,
03309,04007,04104,Renfe,AVE,2026-02-06 20:01:00,2026-02-06 22:15:00,0 days 02:14:00,03309_06-02-2026-19.34,79.7,89.65,105.95,124.95,
03309,04007,04040,Renfe,AVE,2026-02-06 20:01:00,2026-02-06 21:02:00,0 days 01:01:00,03309_06-02-2026-19.34,75.15,81.95,90.85,109.85,
03931,04040,78400,Renfe,AVE,2026-02-06 20:01:00,2026-02-06 20:48:00,0 days 00:47:00,03931_06-02-2026-20.01,46.25,51.4,61.55,80.55,
03931,04040,71801,Renfe,AVE,2026-02-06 20:01:00,2026-02-06 21:58:00,0 days 01:57:00,03931_06-02-2026-20.01,64.1,72.1,85.25,104.25,
03201,60000,71801,Renfe,AVE,2026-02-06 20:05:00,2026-02-06 22:42:00,0 days 02:37:00,03201_06-02-2026-20.05,83.95,97.95,111.65,130.65,
03373,04104,71801,Renfe,AVE,2026-02-06 20:06:00,2026-02-06 20:46:00,0 days 00:40:00,03373_06-02-2026-17.27,62.3,66.75,71.0,90.0,
03203,60000,04040,Renfe,AVE,2026-02-06 20:27:00,2026-02-06 21:57:00,0 days 01:30:00,03203_06-02-2026-20.27,46.8,54.6,62.25,81.25,
03203,60000,04007,Renfe,AVE,2026-02-06 20:27:00,2026-02-06 20:52:00,0 days 00:25:00,03203_06-02-2026-20.27,45.7,49.55,60.8,79.8,
03203,60000,71801,Renfe,AVE,2026-02-06 20:27:00,2026-02-06 23:48:00,0 days 03:21:00,03203_06-02-2026-20.27,59.3,71.15,78.85,97.85,
03203,60000,78400,Renfe,AVE,2026-02-06 20:27:00,2026-02-06 22:40:00,0 days 02:13:00,03203_06-02-2026-20.27,58.45,68.2,77.75,96.75,
03203,60000,04104,Renfe,AVE,2026-02-06 20:27:00,2026-02-06 23:07:00,0 days 02:40:00,03203_06-02-2026-20.27,64.5,75.25,85.8,104.8,
03941,04040,04104,Renfe,AVE,2026-02-06 20:38:00,2026-02-06 21:51:00,0 days 01:13:00,03941_06-02-2026-20.38,58.3,64.8,77.55,96.55,
03991,04040,04104,Renfe,AVE,2026-02-06 20:38:00,2026-02-06 21:51:00,0 days 01:13:00,03991_06-02-2026-20.38,58.3,64.8,77.55,96.55,
03991,04040,71801,Renfe,AVE,2026-02-06 20:38:00,2026-02-06 22:35:00,0 days 01:57:00,03991_06-02-2026-20.38,64.1,72.1,85.25,104.25,
03941,04040,71801,Renfe,AVE,2026-02-06 20:38:00,2026-02-06 22:35:00,0 days 01:57:00,03941_06-02-2026-20.38,64.1,72.1,85.25,104.25,
03991,04040,78400,Renfe,AVE,2026-02-06 20:38:00,2026-02-06 21:20:00,0 days 00:42:00,03991_06-02-2026-20.38,46.25,51.4,61.55,80.55,
03941,04040,78400,Renfe,AVE,2026-02-06 20:38:00,2026-02-06 21:20:00,0 days 00:42:00,03941_06-02-2026-20.38,46.25,51.4,61.55,80.55,
03183,04104,71801,Renfe,AVE,2026-02-06 20:46:00,2026-02-06 21:24:00,0 days 00:38:00,03183_06-02-2026-18.27,44.5,48.95,53.25,72.25,
03931,78400,04104,Renfe,AVE,2026-02-06 20:50:00,2026-02-06 21:16:00,0 days 00:26:00,03931_06-02-2026-20.01,37.0,41.1,49.2,68.2,
03931,78400,71801,Renfe,AVE,2026-02-06 20:50:00,2026-02-06 21:58:00,0 days 01:08:00,03931_06-02-2026-20.01,52.45,58.3,69.8,88.8,
03203,04007,04040,Renfe,AVE,2026-02-06 20:53:00,2026-02-06 21:57:00,0 days 01:04:00,03203_06-02-2026-20.27,41.0,47.8,54.5,73.5,
03203,04007,04104,Renfe,AVE,2026-02-06 20:53:00,2026-02-06 23:07:00,0 days 02:14:00,03203_06-02-2026-20.27,59.75,69.7,79.5,98.5,
03203,04007,78400,Renfe,AVE,2026-02-06 20:53:00,2026-02-06 22:40:00,0 days 01:47:00,03203_06-02-2026-20.27,53.35,62.25,70.95,89.95,
03203,04007,71801,Renfe,AVE,2026-02-06 20:53:00,2026-02-06 23:48:00,0 days 02:55:00,03203_06-02-2026-20.27,55.8,66.95,74.2,93.2,
00437,78400,71801,Renfe,ALVIA,2026-02-06 20:58:00,2026-02-06 22:13:00,0 days 01:15:00,00437_06-02-2026-19.52,30.25,34.55,51.7,,
00437,78400,04104,Renfe,ALVIA,2026-02-06 20:58:00,2026-02-06 21:30:00,0 days 00:32:00,00437_06-02-2026-19.52,21.35,24.4,36.5,,
03309,04040,04104,Renfe,AVE,2026-02-06 21:03:00,2026-02-06 22:15:00,0 days 01:12:00,03309_06-02-2026-19.34,71.3,77.75,86.2,105.2,
03309,04040,78400,Renfe,AVE,2026-02-06 21:03:00,2026-02-06 21:46:00,0 days 00:43:00,03309_06-02-2026-19.34,56.55,61.7,68.35,87.35,
03309,04040,71801,Renfe,AVE,2026-02-06 21:03:00,2026-02-06 22:55:00,0 days 01:52:00,03309_06-02-2026-19.34,88.1,96.1,106.55,125.55,
02883,60000,71801,Renfe,AVE,2026-02-06 21:07:00,2026-02-06 23:59:00,0 days 02:52:00,02883_06-02-2026-21.07,59.3,71.15,78.85,97.85,
02883,60000,04040,Renfe,AVE,2026-02-06 21:07:00,2026-02-06 22:26:00,0 days 01:19:00,02883_06-02-2026-21.07,46.8,54.6,62.25,81.25,
03931,04104,71801,Renfe,AVE,2026-02-06 21:18:00,2026-02-06 21:58:00,0 days 00:40:00,03931_06-02-2026-20.01,40.05,44.5,53.25,72.25,
03991,78400,71801,Renfe,AVE,2026-02-06 21:22:00,2026-02-06 22:35:00,0 days 01:13:00,03991_06-02-2026-20.38,52.45,58.3,69.8,88.8,
03941,78400,04104,Renfe,AVE,2026-02-06 21:22:00,2026-02-06 21:51:00,0 days 00:29:00,03941_06-02-2026-20.38,37.0,41.1,49.2,68.2,
03941,78400,71801,Renfe,AVE,2026-02-06 21:22:00,2026-02-06 22:35:00,0 days 01:13:00,03941_06-02-2026-20.38,52.45,58.3,69.8,88.8,
03991,78400,04104,Renfe,AVE,2026-02-06 21:22:00,2026-02-06 21:51:00,0 days 00:29:00,03991_06-02-2026-20.38,37.0,41.1,49.2,68.2,
00437,04104,71801,Renfe,ALVIA,2026-02-06 21:32:00,2026-02-06 22:13:00,0 days 00:41:00,00437_06-02-2026-19.52,23.1,26.4,39.5,,
03309,78400,71801,Renfe,AVE,2026-02-06 21:48:00,2026-02-06 22:55:00,0 days 01:07:00,03309_06-02-2026-19.34,81.6,87.45,85.3,104.3,
03309,78400,04104,Renfe,AVE,2026-02-06 21:48:00,2026-02-06 22:15:00,0 days 00:27:00,03309_06-02-2026-19.34,57.55,61.65,60.15,79.15,
03941,04104,71801,Renfe,AVE,2026-02-06 21:53:00,2026-02-06 22:35:00,0 days 00:42:00,03941_06-02-2026-20.38,40.05,44.5,53.25,72.25,
03991,04104,71801,Renfe,AVE,2026-02-06 21:53:00,2026-02-06 22:35:00,0 days 00:42:00,03991_06-02-2026-20.38,40.05,44.5,53.25,72.25,
03203,04040,71801,Renfe,AVE,2026-02-06 21:58:00,2026-02-06 23:48:00,0 days 01:50:00,03203_06-02-2026-20.27,48.05,56.05,63.9,82.9,
03203,04040,78400,Renfe,AVE,2026-02-06 21:58:00,2026-02-06 22:40:00,0 days 00:42:00,03203_06-02-2026-20.27,36.0,41.1,47.85,66.85,
03203,04040,04104,Renfe,AVE,2026-02-06 21:58:00,2026-02-06 23:07:00,0 days 01:09:00,03203_06-02-2026-20.27,45.35,51.85,60.35,79.35,
03309,04104,71801,Renfe,AVE,2026-02-06 22:17:00,2026-02-06 22:55:00,0 days 00:38:00,03309_06-02-2026-19.34,62.3,66.75,65.1,84.1,
02883,04040,71801,Renfe,AVE,2026-02-06 22:27:00,2026-02-06 23:59:00,0 days 01:32:00,02883_06-02-2026-21.07,48.05,56.05,63.9,82.9,
03203,78400,04104,Renfe,AVE,2026-02-06 22:42:00,2026-02-06 23:07:00,0 days 00:25:00,03203_06-02-2026-20.27,20.55,24.65,32.8,51.8,
03203,78400,71801,Renfe,AVE,2026-02-06 22:42:00,2026-02-06 23:48:00,0 days 01:06:00,03203_06-02-2026-20.27,29.15,35.0,46.5,65.5,
03203,04104,71801,Renfe,AVE,2026-02-06 23:09:00,2026-02-06 23:48:00,0 days 00:39:00,03203_06-02-2026-20.27,22.25,26.7,35.5,54.5,
03301,60000,04040,Renfe,AVE,2026-02-07 06:27:00,2026-02-07 07:52:00,0 days 01:25:00,03301_07-02-2026-06.27,39.0,46.8,41.5,60.5,
03301,60000,04104,Renfe,AVE,2026-02-07 06:27:00,2026-02-07 08:53:00,0 days 02:26:00,03301_07-02-2026-06.27,43.0,53.75,71.5,90.5,
03301,60000,71801,Renfe,AVE,2026-02-07 06:27:00,2026-02-07 09:31:00,0 days 03:04:00,03301_07-02-2026-06.27,47.45,59.3,78.85,97.85,
03073,60000,04007,Renfe,AVE,2026-02-07 07:27:00,2026-02-07 07:52:00,0 days 00:25:00,03073_07-02-2026-07.27,45.7,49.55,60.8,79.8,
03073,60000,04040,Renfe,AVE,2026-02-07 07:27:00,2026-02-07 08:51:00,0 days 01:24:00,03073_07-02-2026-07.27,46.8,54.6,62.25,81.25,
03073,60000,71801,Renfe,AVE,2026-02-07 07:27:00,2026-02-07 10:46:00,0 days 03:19:00,03073_07-02-2026-07.27,59.3,71.15,78.85,97.85,
03073,60000,04104,Renfe,AVE,2026-02-07 07:27:00,2026-02-07 10:04:00,0 days 02:37:00,03073_07-02-2026-07.27,64.5,75.25,85.8,104.8,
03073,60000,78400,Renfe,AVE,2026-02-07 07:27:00,2026-02-07 09:35:00,0 days 02:08:00,03073_07-02-2026-07.27,58.45,68.2,77.75,96.75,
03073,04007,04040,Renfe,AVE,2026-02-07 07:53:00,2026-02-07 08:51:00,0 days 00:58:00,03073_07-02-2026-07.27,41.0,47.8,54.5,73.5,
03073,04007,04104,Renfe,AVE,2026-02-07 07:53:00,2026-02-07 10:04:00,0 days 02:11:00,03073_07-02-2026-07.27,59.75,69.7,79.5,98.5,
03073,04007,78400,Renfe,AVE,2026-02-07 07:53:00,2026-02-07 09:35:00,0 days 01:42:00,03073_07-02-2026-07.27,53.35,62.25,70.95,89.95,
03301,04040,04104,Renfe,AVE,2026-02-07 07:53:00,2026-02-07 08:53:00,0 days 01:00:00,03301_07-02-2026-06.27,32.4,38.9,43.1,62.1,
03073,04007,71801,Renfe,AVE,2026-02-07 07:53:00,2026-02-07 10:46:00,0 days 02:53:00,03073_07-02-2026-07.27,55.8,66.95,74.2,93.2,
03301,04040,71801,Renfe,AVE,2026-02-07 07:53:00,2026-02-07 09:31:00,0 days 01:38:00,03301_07-02-2026-06.27,40.05,48.05,53.25,72.25,
03083,60000,71801,Renfe,AVE,2026-02-07 08:27:00,2026-02-07 11:19:00,0 days 02:52:00,03083_07-02-2026-08.27,59.3,71.15,110.4,129.4,
03083,60000,04040,Renfe,AVE,2026-02-07 08:27:00,2026-02-07 09:45:00,0 days 01:18:00,03083_07-02-2026-08.27,46.8,54.6,83.0,102.0,
03073,04040,04104,Renfe,AVE,2026-02-07 08:52:00,2026-02-07 10:04:00,0 days 01:12:00,03073_07-02-2026-07.27,45.35,51.85,60.35,79.35,
03073,04040,71801,Renfe,AVE,2026-02-07 08:52:00,2026-02-07 10:46:00,0 days 01:54:00,03073_07-02-2026-07.27,48.05,56.05,63.9,82.9,
03073,04040,78400,Renfe,AVE,2026-02-07 08:52:00,2026-02-07 09:35:00,0 days 00:43:00,03073_07-02-2026-07.27,36.0,41.1,47.85,66.85,
03301,04104,71801,Renfe,AVE,2026-02-07 08:55:00,2026-02-07 09:31:00,0 days 00:36:00,03301_07-02-2026-06.27,26.7,31.15,35.5,54.5,
03091,60000,71801,Renfe,AVE,2026-02-07 08:57:00,2026-02-07 11:41:00,0 days 02:44:00,03091_07-02-2026-08.57,55.95,69.95,74.45,93.45,
03091,60000,04104,Renfe,AVE,2026-02-07 08:57:00,2026-02-07 11:01:00,0 days 02:04:00,03091_07-02-2026-08.57,53.75,64.5,71.5,90.5,
02561,60000,71801,Renfe,AVE,2026-02-07 09:27:00,2026-02-07 12:41:00,0 days 03:14:00,02561_07-02-2026-09.27,59.3,71.15,94.65,113.65,
02561,60000,04040,Renfe,AVE,2026-02-07 09:27:00,2026-02-07 10:46:00,0 days 01:19:00,02561_07-02-2026-09.27,46.8,54.6,62.25,81.25,
02561,60000,78400,Renfe,AVE,2026-02-07 09:27:00,2026-02-07 11:32:00,0 days 02:05:00,02561_07-02-2026-09.27,58.45,68.2,77.75,96.75,
02561,60000,04104,Renfe,AVE,2026-02-07 09:27:00,2026-02-07 12:00:00,0 days 02:33:00,02561_07-02-2026-09.27,64.5,75.25,85.8,104.8,
00603,60000,04007,Renfe,ALVIA,2026-02-07 09:32:00,2026-02-07 09:59:00,0 days 00:27:00,00603_07-02-2026-09.32,26.45,28.35,30.15,,
03073,78400,04104,Renfe,AVE,2026-02-07 09:37:00,2026-02-07 10:04:00,0 days 00:27:00,03073_07-02-2026-07.27,28.75,32.9,38.25,57.25,
03073,78400,71801,Renfe,AVE,2026-02-07 09:37:00,2026-02-07 10:46:00,0 days 01:09:00,03073_07-02-2026-07.27,40.8,46.65,54.3,73.3,
03083,04040,71801,Renfe,AVE,2026-02-07 09:46:00,2026-02-07 11:19:00,0 days 01:33:00,03083_07-02-2026-08.27,40.05,48.05,74.55,93.55,
03073,04104,71801,Renfe,AVE,2026-02-07 10:06:00,2026-02-07 10:46:00,0 days 00:40:00,03073_07-02-2026-07.27,31.15,35.6,41.45,60.45,
03303,60000,04040,Renfe,AVE,2026-02-07 10:27:00,2026-02-07 11:47:00,0 days 01:20:00,03303_07-02-2026-10.27,93.6,101.4,93.35,112.35,
03303,60000,71801,Renfe,AVE,2026-02-07 10:27:00,2026-02-07 13:19:00,0 days 02:52:00,03303_07-02-2026-10.27,94.9,106.75,126.2,145.2,
02561,04040,78400,Renfe,AVE,2026-02-07 10:47:00,2026-02-07 11:32:00,0 days 00:45:00,02561_07-02-2026-09.27,36.0,41.1,47.85,66.85,
02561,04040,71801,Renfe,AVE,2026-02-07 10:47:00,2026-02-07 12:41:00,0 days 01:54:00,02561_07-02-2026-09.27,48.05,56.05,74.55,93.55,
02561,04040,04104,Renfe,AVE,2026-02-07 10:47:00,2026-02-07 12:00:00,0 days 01:13:00,02561_07-02-2026-09.27,45.35,51.85,60.35,79.35,
03091,04104,71801,Renfe,AVE,2026-02-07 11:03:00,2026-02-07 11:41:00,0 days 00:38:00,03091_07-02-2026-08.57,31.5,36.75,41.9,60.9,
00533,04040,04104,Renfe,ALVIA,2026-02-07 11:09:00,2026-02-07 12:31:00,0 days 01:22:00,00533_07-02-2026-11.09,43.2,48.0,51.05,,
00533,04040,78400,Renfe,ALVIA,2026-02-07 11:09:00,2026-02-07 11:58:00,0 days 00:49:00,00533_07-02-2026-11.09,30.5,34.3,40.55,,
00533,04040,71801,Renfe,ALVIA,2026-02-07 11:09:00,2026-02-07 13:09:00,0 days 02:00:00,00533_07-02-2026-11.09,47.45,53.35,55.2,,
03113,60000,04040,Renfe,AVE,2026-02-07 11:27:00,2026-02-07 12:51:00,0 days 01:24:00,03113_07-02-2026-11.27,54.6,62.4,72.6,91.6,
03113,60000,78400,Renfe,AVE,2026-02-07 11:27:00,2026-02-07 13:35:00,0 days 02:08:00,03113_07-02-2026-11.27,68.2,77.9,90.7,109.7,
03113,60000,71801,Renfe,AVE,2026-02-07 11:27:00,2026-02-07 14:46:00,0 days 03:19:00,03113_07-02-2026-11.27,71.15,83.0,94.65,113.65,
03113,60000,04104,Renfe,AVE,2026-02-07 11:27:00,2026-02-07 14:04:00,0 days 02:37:00,03113_07-02-2026-11.27,75.25,86.0,100.1,119.1,
02561,78400,71801,Renfe,AVE,2026-02-07 11:34:00,2026-02-07 12:41:00,0 days 01:07:00,02561_07-02-2026-09.27,40.8,46.65,62.05,81.05,
02561,78400,04104,Renfe,AVE,2026-02-07 11:34:00,2026-02-07 12:00:00,0 days 00:26:00,02561_07-02-2026-09.27,28.75,32.9,38.25,57.25,
03303,04040,71801,Renfe,AVE,2026-02-07 11:48:00,2026-02-07 13:19:00,0 days 01:31:00,03303_07-02-2026-10.27,88.1,96.1,106.55,125.55,
00533,78400,71801,Renfe,ALVIA,2026-02-07 12:00:00,2026-02-07 13:09:00,0 days 01:09:00,00533_07-02-2026-11.09,38.9,43.2,45.95,,
34433,78400,71801,Renfe,AVANT,2026-02-07 12:00:00,2026-02-07 13:09:00,0 days 01:09:00,34433_07-02-2026-12.00,,,,,31.5
00533,78400,04104,Renfe,ALVIA,2026-02-07 12:00:00,2026-02-07 12:31:00,0 days 00:31:00,00533_07-02-2026-11.09,27.45,30.5,32.45,,
34433,78400,04104,Renfe,AVANT,2026-02-07 12:00:00,2026-02-07 12:31:00,0 days 00:31:00,34433_07-02-2026-12.00,,,,,15.0
02561,04104,71801,Renfe,AVE,2026-02-07 12:02:00,2026-02-07 12:41:00,0 days 00:39:00,02561_07-02-2026-09.27,31.15,35.6,47.35,66.35,
02591,60000,04040,Renfe,AVE,2026-02-07 12:27:00,2026-02-07 13:45:00,0 days 01:18:00,02591_07-02-2026-12.27,46.8,54.6,62.25,81.25,
02591,60000,71801,Renfe,AVE,2026-02-07 12:27:00,2026-02-07 15:44:00,0 days 03:17:00,02591_07-02-2026-12.27,59.3,71.15,78.85,97.85,
02591,60000,78400,Renfe,AVE,2026-02-07 12:27:00,2026-02-07 14:29:00,0 days 02:02:00,02591_07-02-2026-12.27,58.45,68.2,77.75,96.75,
34433,04104,71801,Renfe,AVANT,2026-02-07 12:33:00,2026-02-07 13:09:00,0 days 00:36:00,34433_07-02-2026-12.00,,,,,18.5
00533,04104,71801,Renfe,ALVIA,2026-02-07 12:33:00,2026-02-07 13:09:00,0 days 00:36:00,00533_07-02-2026-11.09,29.7,33.0,35.1,,
03943,04040,71801,Renfe,AVE,2026-02-07 12:37:00,2026-02-07 14:25:00,0 days 01:48:00,03943_07-02-2026-12.37,64.1,72.1,85.25,104.25,
03943,04040,04104,Renfe,AVE,2026-02-07 12:37:00,2026-02-07 13:43:00,0 days 01:06:00,03943_07-02-2026-12.37,58.3,64.8,77.55,96.55,
03993,04040,04104,Renfe,AVE,2026-02-07 12:37:00,2026-02-07 13:43:00,0 days 01:06:00,03993_07-02-2026-12.37,45.35,51.85,77.55,96.55,
03993,04040,78400,Renfe,AVE,2026-02-07 12:37:00,2026-02-07 13:17:00,0 days 00:40:00,03993_07-02-2026-12.37,36.0,41.1,61.55,80.55,
03943,04040,78400,Renfe,AVE,2026-02-07 12:37:00,2026-02-07 13:17:00,0 days 00:40:00,03943_07-02-2026-12.37,46.25,51.4,61.55,80.55,
03993,04040,71801,Renfe,AVE,2026-02-07 12:37:00,2026-02-07 14:25:00,0 days 01:48:00,03993_07-02-2026-12.37,48.05,56.05,85.25,104.25,
03113,04040,78400,Renfe,AVE,2026-02-07 12:52:00,2026-02-07 13:35:00,0 days 00:43:00,03113_07-02-2026-11.27,30.85,36.0,41.0,60.0,
03113,04040,04104,Renfe,AVE,2026-02-07 12:52:00,2026-02-07 14:04:00,0 days 01:12:00,03113_07-02-2026-11.27,38.9,45.35,51.7,70.7,
03113,04040,71801,Renfe,AVE,2026-02-07 12:52:00,2026-02-07 14:46:00,0 days 01:54:00,03113_07-02-2026-11.27,40.05,48.05,53.25,72.25,
09725,60000,04104,Renfe,AVE INT,2026-02-07 13:15:00,2026-02-07 15:37:00,0 days 02:22:00,09725_07-02-2026-13.15,53.75,64.5,114.4,133.4,
09725,60000,71801,Renfe,AVE INT,2026-02-07 13:15:00,2026-02-07 16:19:00,0 days 03:04:00,09725_07-02-2026-13.15,59.3,71.15,126.2,145.2,
09725,60000,04040,Renfe,AVE INT,2026-02-07 13:15:00,2026-02-07 14:40:00,0 days 01:25:00,09725_07-02-2026-13.15,54.6,62.4,93.35,112.35,
03943,78400,71801,Renfe,AVE,2026-02-07 13:19:00,2026-02-07 14:25:00,0 days 01:06:00,03943_07-02-2026-12.37,52.45,58.3,69.8,88.8,
03993,78400,71801,Renfe,AVE,2026-02-07 13:19:00,2026-02-07 14:25:00,0 days 01:06:00,03993_07-02-2026-12.37,40.8,46.65,69.8,88.8,
03943,78400,04104,Renfe,AVE,2026-02-07 13:19:00,2026-02-07 13:43:00,0 days 00:24:00,03943_07-02-2026-12.37,37.0,41.1,49.2,68.2,
03993,78400,04104,Renfe,AVE,2026-02-07 13:19:00,2026-02-07 13:43:00,0 days 00:24:00,03993_07-02-2026-12.37,28.75,32.9,49.2,68.2,
03113,78400,71801,Renfe,AVE,2026-02-07 13:37:00,2026-02-07 14:46:00,0 days 01:09:00,03113_07-02-2026-11.27,35.0,40.8,46.5,65.5,
34813,78400,71801,Renfe,AVANT,2026-02-07 13:37:00,2026-02-07 14:46:00,0 days 01:09:00,34813_07-02-2026-13.37,,,,,31.5
34813,78400,04104,Renfe,AVANT,2026-02-07 13:37:00,2026-02-07 14:04:00,0 days 00:27:00,34813_07-02-2026-13.37,,,,,15.0
03113,78400,04104,Renfe,AVE,2026-02-07 13:37:00,2026-02-07 14:04:00,0 days 00:27:00,03113_07-02-2026-11.27,24.65,28.75,32.8,51.8,
09725,04007,04040,Renfe,AVE INT,2026-02-07 13:43:00,2026-02-07 14:40:00,0 days 00:57:00,09725_07-02-2026-13.15,47.8,54.65,81.75,100.75,
09725,04007,04104,Renfe,AVE INT,2026-02-07 13:43:00,2026-02-07 15:37:00,0 days 01:54:00,09725_07-02-2026-13.15,49.8,59.75,92.75,111.75,
09725,04007,71801,Renfe,AVE INT,2026-02-07 13:43:00,2026-02-07 16:19:00,0 days 02:36:00,09725_07-02-2026-13.15,55.8,66.95,118.75,137.75,
03943,04104,71801,Renfe,AVE,2026-02-07 13:45:00,2026-02-07 14:25:00,0 days 00:40:00,03943_07-02-2026-12.37,40.05,44.5,53.25,72.25,
03993,04104,71801,Renfe,AVE,2026-02-07 13:45:00,2026-02-07 14:25:00,0 days 00:40:00,03993_07-02-2026-12.37,31.15,35.6,53.25,72.25,
02591,04040,71801,Renfe,AVE,2026-02-07 13:46:00,2026-02-07 15:44:00,0 days 01:58:00,02591_07-02-2026-12.27,48.05,56.05,63.9,82.9,
02591,04040,78400,Renfe,AVE,2026-02-07 13:46:00,2026-02-07 14:29:00,0 days 00:43:00,02591_07-02-2026-12.27,36.0,41.1,47.85,66.85,
03113,04104,71801,Renfe,AVE,2026-02-07 14:06:00,2026-02-07 14:46:00,0 days 00:40:00,03113_07-02-2026-11.27,26.7,31.15,35.5,54.5,
34813,04104,71801,Renfe,AVANT,2026-02-07 14:06:00,2026-02-07 14:46:00,0 days 00:40:00,34813_07-02-2026-13.37,,,,,18.5
34823,78400,71801,Renfe,AVANT,2026-02-07 14:31:00,2026-02-07 15:44:00,0 days 01:13:00,34823_07-02-2026-14.31,,,,,31.5
02591,78400,71801,Renfe,AVE,2026-02-07 14:31:00,2026-02-07 15:44:00,0 days 01:13:00,02591_07-02-2026-12.27,40.8,46.65,54.3,73.3,
09725,04040,04104,Renfe,AVE INT,2026-02-07 14:43:00,2026-02-07 15:37:00,0 days 00:54:00,09725_07-02-2026-13.15,32.4,38.9,51.7,70.7,
09725,04040,71801,Renfe,AVE INT,2026-02-07 14:43:00,2026-02-07 16:19:00,0 days 01:36:00,09725_07-02-2026-13.15,56.05,64.1,95.9,114.9,
03305,60000,04040,Renfe,AVE,2026-02-07 15:27:00,2026-02-07 16:50:00,0 days 01:23:00,03305_07-02-2026-15.27,78.0,85.8,83.0,102.0,
03305,60000,78400,Renfe,AVE,2026-02-07 15:27:00,2026-02-07 17:35:00,0 days 02:08:00,03305_07-02-2026-15.27,68.2,77.9,90.7,109.7,
03305,60000,04104,Renfe,AVE,2026-02-07 15:27:00,2026-02-07 18:03:00,0 days 02:36:00,03305_07-02-2026-15.27,75.25,86.0,100.1,119.1,
03305,60000,71801,Renfe,AVE,2026-02-07 15:27:00,2026-02-07 18:46:00,0 days 03:19:00,03305_07-02-2026-15.27,83.0,94.9,110.4,129.4,
09725,04104,71801,Renfe,AVE INT,2026-02-07 15:39:00,2026-02-07 16:19:00,0 days 00:40:00,09725_07-02-2026-13.15,22.25,26.7,35.5,54.5,
03163,60000,71801,Renfe,AVE,2026-02-07 16:27:00,2026-02-07 19:19:00,0 days 02:52:00,03163_07-02-2026-16.27,71.15,83.0,94.65,113.65,
03163,60000,04040,Renfe,AVE,2026-02-07 16:27:00,2026-02-07 17:45:00,0 days 01:18:00,03163_07-02-2026-16.27,54.6,62.4,72.6,91.6,
03305,04040,71801,Renfe,AVE,2026-02-07 16:51:00,2026-02-07 18:46:00,0 days 01:55:00,03305_07-02-2026-15.27,72.1,80.1,85.25,104.25,
03305,04040,04104,Renfe,AVE,2026-02-07 16:51:00,2026-02-07 18:03:00,0 days 01:12:00,03305_07-02-2026-15.27,58.3,64.8,68.95,87.95,
03305,04040,78400,Renfe,AVE,2026-02-07 16:51:00,2026-02-07 17:35:00,0 days 00:44:00,03305_07-02-2026-15.27,46.25,51.4,54.7,73.7,
03373,60000,78400,Renfe,AVE,2026-02-07 17:27:00,2026-02-07 19:35:00,0 days 02:08:00,03373_07-02-2026-17.27,58.45,68.2,77.75,96.75,
03373,60000,71801,Renfe,AVE,2026-02-07 17:27:00,2026-02-07 20:46:00,0 days 03:19:00,03373_07-02-2026-17.27,71.15,83.0,94.65,113.65,
03373,60000,04040,Renfe,AVE,2026-02-07 17:27:00,2026-02-07 18:51:00,0 days 01:24:00,03373_07-02-2026-17.27,62.4,70.2,62.25,81.25,
03373,60000,04104,Renfe,AVE,2026-02-07 17:27:00,2026-02-07 20:04:00,0 days 02:37:00,03373_07-02-2026-17.27,64.5,75.25,85.8,104.8,
03305,78400,04104,Renfe,AVE,2026-02-07 17:37:00,2026-02-07 18:03:00,0 days 00:26:00,03305_07-02-2026-15.27,45.2,49.3,54.65,73.65,
03305,78400,71801,Renfe,AVE,2026-02-07 17:37:00,2026-02-07 18:46:00,0 days 01:09:00,03305_07-02-2026-15.27,64.15,69.95,77.55,96.55,
03163,04040,71801,Renfe,AVE,2026-02-07 17:46:00,2026-02-07 19:19:00,0 days 01:33:00,03163_07-02-2026-16.27,48.05,56.05,63.9,82.9,
03373,04007,78400,Renfe,AVE,2026-02-07 17:54:00,2026-02-07 19:35:00,0 days 01:41:00,03373_07-02-2026-17.27,53.35,62.25,70.95,89.95,
03373,04007,71801,Renfe,AVE,2026-02-07 17:54:00,2026-02-07 20:46:00,0 days 02:52:00,03373_07-02-2026-17.27,66.95,78.1,89.05,108.05,
03373,04007,04104,Renfe,AVE,2026-02-07 17:54:00,2026-02-07 20:04:00,0 days 02:10:00,03373_07-02-2026-17.27,59.75,69.7,79.5,98.5,
03373,04007,04040,Renfe,AVE,2026-02-07 17:54:00,2026-02-07 18:51:00,0 days 00:57:00,03373_07-02-2026-17.27,54.65,61.45,72.65,91.65,
03305,04104,71801,Renfe,AVE,2026-02-07 18:05:00,2026-02-07 18:46:00,0 days 00:41:00,03305_07-02-2026-15.27,48.95,53.4,59.2,78.2,
03183,60000,71801,Renfe,AVE,2026-02-07 18:27:00,2026-02-07 21:24:00,0 days 02:57:00,03183_07-02-2026-18.27,59.3,71.15,78.85,97.85,
03183,60000,04104,Renfe,AVE,2026-02-07 18:27:00,2026-02-07 20:44:00,0 days 02:17:00,03183_07-02-2026-18.27,53.75,64.5,71.5,90.5,
03183,60000,04040,Renfe,AVE,2026-02-07 18:27:00,2026-02-07 19:45:00,0 days 01:18:00,03183_07-02-2026-18.27,46.8,54.6,62.25,81.25,
03373,04040,78400,Renfe,AVE,2026-02-07 18:52:00,2026-02-07 19:35:00,0 days 00:43:00,03373_07-02-2026-17.27,41.1,46.25,54.7,73.7,
03373,04040,04104,Renfe,AVE,2026-02-07 18:52:00,2026-02-07 20:04:00,0 days 01:12:00,03373_07-02-2026-17.27,51.85,58.3,68.95,87.95,
03373,04040,71801,Renfe,AVE,2026-02-07 18:52:00,2026-02-07 20:46:00,0 days 01:54:00,03373_07-02-2026-17.27,64.1,72.1,85.25,104.25,
02861,60000,04007,Renfe,AVE,2026-02-07 19:00:00,2026-02-07 19:28:00,0 days 00:28:00,02861_07-02-2026-19.00,45.7,49.55,60.8,79.8,
02861,60000,04040,Renfe,AVE,2026-02-07 19:00:00,2026-02-07 20:42:00,0 days 01:42:00,02861_07-02-2026-19.00,23.4,31.2,51.85,70.85,
02861,04007,04040,Renfe,AVE,2026-02-07 19:29:00,2026-02-07 20:42:00,0 days 01:13:00,02861_07-02-2026-19.00,20.5,27.3,45.4,64.4,
03309,60000,04040,Renfe,AVE,2026-02-07 19:34:00,2026-02-07 21:02:00,0 days 01:28:00,03309_07-02-2026-19.34,39.0,46.8,41.5,60.5,
03309,60000,04104,Renfe,AVE,2026-02-07 19:34:00,2026-02-07 22:15:00,0 days 02:41:00,03309_07-02-2026-19.34,64.5,75.25,85.8,104.8,
03309,60000,04007,Renfe,AVE,2026-02-07 19:34:00,2026-02-07 20:00:00,0 days 00:26:00,03309_07-02-2026-19.34,41.9,45.7,50.65,69.65,
03309,60000,71801,Renfe,AVE,2026-02-07 19:34:00,2026-02-07 22:55:00,0 days 03:21:00,03309_07-02-2026-19.34,47.45,59.3,78.85,97.85,
03309,60000,78400,Renfe,AVE,2026-02-07 19:34:00,2026-02-07 21:46:00,0 days 02:12:00,03309_07-02-2026-19.34,58.45,68.2,77.75,96.75,
03373,78400,71801,Renfe,AVE,2026-02-07 19:37:00,2026-02-07 20:46:00,0 days 01:09:00,03373_07-02-2026-17.27,58.3,64.15,69.8,88.8,
03373,78400,04104,Renfe,AVE,2026-02-07 19:37:00,2026-02-07 20:04:00,0 days 00:27:00,03373_07-02-2026-17.27,41.1,45.2,49.2,68.2,
03183,04040,04104,Renfe,AVE,2026-02-07 19:46:00,2026-02-07 20:44:00,0 days 00:58:00,03183_07-02-2026-18.27,32.4,38.9,43.1,62.1,
03183,04040,71801,Renfe,AVE,2026-02-07 19:46:00,2026-02-07 21:24:00,0 days 01:38:00,03183_07-02-2026-18.27,40.05,48.05,53.25,72.25,
00437,04040,78400,Renfe,ALVIA,2026-02-07 19:52:00,2026-02-07 20:56:00,0 days 01:04:00,00437_07-02-2026-19.52,26.65,30.5,45.6,,
00437,04040,04104,Renfe,ALVIA,2026-02-07 19:52:00,2026-02-07 21:30:00,0 days 01:38:00,00437_07-02-2026-19.52,33.6,38.4,57.45,,
00437,04040,71801,Renfe,ALVIA,2026-02-07 19:52:00,2026-02-07 22:13:00,0 days 02:21:00,00437_07-02-2026-19.52,35.6,41.5,63.1,,
03931,04040,71801,Renfe,AVE,2026-02-07 20:01:00,2026-02-07 21:58:00,0 days 01:57:00,03931_07-02-2026-20.01,56.05,64.1,74.55,93.55,
03309,04007,71801,Renfe,AVE,2026-02-07 20:01:00,2026-02-07 22:55:00,0 days 02:54:00,03309_07-02-2026-19.34,66.95,78.1,89.05,108.05,
03309,04007,78400,Renfe,AVE,2026-02-07 20:01:00,2026-02-07 21:46:00,0 days 01:45:00,03309_07-02-2026-19.34,53.35,62.25,70.95,89.95,
03931,04040,04104,Renfe,AVE,2026-02-07 20:01:00,2026-02-07 21:16:00,0 days 01:15:00,03931_07-02-2026-20.01,51.85,58.3,68.95,87.95,
03309,04007,04040,Renfe,AVE,2026-02-07 20:01:00,2026-02-07 21:02:00,0 days 01:01:00,03309_07-02-2026-19.34,34.15,41.0,45.4,64.4,
03309,04007,04104,Renfe,AVE,2026-02-07 20:01:00,2026-02-07 22:15:00,0 days 02:14:00,03309_07-02-2026-19.34,59.75,69.7,79.5,98.5,
03931,04040,78400,Renfe,AVE,2026-02-07 20:01:00,2026-02-07 20:48:00,0 days 00:47:00,03931_07-02-2026-20.01,41.1,46.25,54.7,73.7,
03373,04104,71801,Renfe,AVE,2026-02-07 20:06:00,2026-02-07 20:46:00,0 days 00:40:00,03373_07-02-2026-17.27,44.5,48.95,53.25,72.25,
03203,60000,04007,Renfe,AVE,2026-02-07 20:27:00,2026-02-07 20:52:00,0 days 00:25:00,03203_07-02-2026-20.27,45.7,49.55,60.8,79.8,
03203,60000,04104,Renfe,AVE,2026-02-07 20:27:00,2026-02-07 23:07:00,0 days 02:40:00,03203_07-02-2026-20.27,75.25,86.0,100.1,119.1,
03203,60000,71801,Renfe,AVE,2026-02-07 20:27:00,2026-02-07 23:48:00,0 days 03:21:00,03203_07-02-2026-20.27,71.15,83.0,94.65,113.65,
03203,60000,78400,Renfe,AVE,2026-02-07 20:27:00,2026-02-07 22:40:00,0 days 02:13:00,03203_07-02-2026-20.27,68.2,77.9,90.7,109.7,
03203,60000,04040,Renfe,AVE,2026-02-07 20:27:00,2026-02-07 21:57:00,0 days 01:30:00,03203_07-02-2026-20.27,54.6,62.4,72.6,91.6,
03991,04040,71801,Renfe,AVE,2026-02-07 20:38:00,2026-02-07 22:35:00,0 days 01:57:00,03991_07-02-2026-20.38,40.05,48.05,53.25,72.25,
03941,04040,71801,Renfe,AVE,2026-02-07 20:38:00,2026-02-07 22:35:00,0 days 01:57:00,03941_07-02-2026-20.38,56.05,64.1,74.55,93.55,
03941,04040,78400,Renfe,AVE,2026-02-07 20:38:00,2026-02-07 21:20:00,0 days 00:42:00,03941_07-02-2026-20.38,41.1,46.25,54.7,73.7,
03991,04040,78400,Renfe,AVE,2026-02-07 20:38:00,2026-02-07 21:20:00,0 days 00:42:00,03991_07-02-2026-20.38,30.85,36.0,41.0,60.0,
03991,04040,04104,Renfe,AVE,2026-02-07 20:38:00,2026-02-07 21:51:00,0 days 01:13:00,03991_07-02-2026-20.38,38.9,45.35,51.7,70.7,
03941,04040,04104,Renfe,AVE,2026-02-07 20:38:00,2026-02-07 21:51:00,0 days 01:13:00,03941_07-02-2026-20.38,51.85,58.3,68.95,87.95,
03183,04104,71801,Renfe,AVE,2026-02-07 20:46:00,2026-02-07 21:24:00,0 days 00:38:00,03183_07-02-2026-18.27,22.25,26.7,29.6,48.6,
03931,78400,71801,Renfe,AVE,2026-02-07 20:50:00,2026-02-07 21:58:00,0 days 01:08:00,03931_07-02-2026-20.01,46.65,52.45,62.05,81.05,
03931,78400,04104,Renfe,AVE,2026-02-07 20:50:00,2026-02-07 21:16:00,0 days 00:26:00,03931_07-02-2026-20.01,32.9,37.0,43.75,62.75,
03203,04007,78400,Renfe,AVE,2026-02-07 20:53:00,2026-02-07 22:40:00,0 days 01:47:00,03203_07-02-2026-20.27,62.25,71.1,82.75,101.75,
03203,04007,71801,Renfe,AVE,2026-02-07 20:53:00,2026-02-07 23:48:00,0 days 02:55:00,03203_07-02-2026-20.27,66.95,78.1,89.05,108.05,
03203,04007,04040,Renfe,AVE,2026-02-07 20:53:00,2026-02-07 21:57:00,0 days 01:04:00,03203_07-02-2026-20.27,47.8,54.65,63.6,82.6,
03203,04007,04104,Renfe,AVE,2026-02-07 20:53:00,2026-02-07 23:07:00,0 days 02:14:00,03203_07-02-2026-20.27,69.7,79.7,92.75,111.75,
00437,78400,04104,Renfe,ALVIA,2026-02-07 20:58:00,2026-02-07 21:30:00,0 days 00:32:00,00437_07-02-2026-19.52,21.35,24.4,36.5,,
00437,78400,71801,Renfe,ALVIA,2026-02-07 20:58:00,2026-02-07 22:13:00,0 days 01:15:00,00437_07-02-2026-19.52,30.25,34.55,51.7,,
03309,04040,04104,Renfe,AVE,2026-02-07 21:03:00,2026-02-07 22:15:00,0 days 01:12:00,03309_07-02-2026-19.34,32.4,38.9,43.1,62.1,
03309,04040,78400,Renfe,AVE,2026-02-07 21:03:00,2026-02-07 21:46:00,0 days 00:43:00,03309_07-02-2026-19.34,25.7,30.85,34.2,53.2,
03309,04040,71801,Renfe,AVE,2026-02-07 21:03:00,2026-02-07 22:55:00,0 days 01:52:00,03309_07-02-2026-19.34,40.05,48.05,53.25,72.25,
03931,04104,71801,Renfe,AVE,2026-02-07 21:18:00,2026-02-07 21:58:00,0 days 00:40:00,03931_07-02-2026-20.01,35.6,40.05,47.35,66.35,
03991,78400,04104,Renfe,AVE,2026-02-07 21:22:00,2026-02-07 21:51:00,0 days 00:29:00,03991_07-02-2026-20.38,24.65,28.75,32.8,51.8,
03991,78400,71801,Renfe,AVE,2026-02-07 21:22:00,2026-02-07 22:35:00,0 days 01:13:00,03991_07-02-2026-20.38,35.0,40.8,46.5,65.5,
03941,78400,04104,Renfe,AVE,2026-02-07 21:22:00,2026-02-07 21:51:00,0 days 00:29:00,03941_07-02-2026-20.38,32.9,37.0,43.75,62.75,
03941,78400,71801,Renfe,AVE,2026-02-07 21:22:00,2026-02-07 22:35:00,0 days 01:13:00,03941_07-02-2026-20.38,46.65,52.45,62.05,81.05,
00437,04104,71801,Renfe,ALVIA,2026-02-07 21:32:00,2026-02-07 22:13:00,0 days 00:41:00,00437_07-02-2026-19.52,23.1,26.4,39.5,,
03309,78400,04104,Renfe,AVE,2026-02-07 21:48:00,2026-02-07 22:15:00,0 days 00:27:00,03309_07-02-2026-19.34,24.65,28.75,32.8,51.8,
03309,78400,71801,Renfe,AVE,2026-02-07 21:48:00,2026-02-07 22:55:00,0 days 01:07:00,03309_07-02-2026-19.34,35.0,40.8,46.5,65.5,
03941,04104,71801,Renfe,AVE,2026-02-07 21:53:00,2026-02-07 22:35:00,0 days 00:42:00,03941_07-02-2026-20.38,35.6,40.05,47.35,66.35,
03991,04104,71801,Renfe,AVE,2026-02-07 21:53:00,2026-02-07 22:35:00,0 days 00:42:00,03991_07-02-2026-20.38,26.7,31.15,35.5,54.5,
03203,04040,04104,Renfe,AVE,2026-02-07 21:58:00,2026-02-07 23:07:00,0 days 01:09:00,03203_07-02-2026-20.27,51.85,58.3,68.95,87.95,
03203,04040,71801,Renfe,AVE,2026-02-07 21:58:00,2026-02-07 23:48:00,0 days 01:50:00,03203_07-02-2026-20.27,56.05,64.1,74.55,93.55,
03203,04040,78400,Renfe,AVE,2026-02-07 21:58:00,2026-02-07 22:40:00,0 days 00:42:00,03203_07-02-2026-20.27,41.1,46.25,54.7,73.7,
03309,04104,71801,Renfe,AVE,2026-02-07 22:17:00,2026-02-07 22:55:00,0 days 00:38:00,03309_07-02-2026-19.34,26.7,31.15,35.5,54.5,
03203,78400,04104,Renfe,AVE,2026-02-07 22:42:00,2026-02-07 23:07:00,0 days 00:25:00,03203_07-02-2026-20.27,32.9,37.0,43.75,62.75,
03203,78400,71801,Renfe,AVE,2026-02-07 22:42:00,2026-02-07 23:48:00,0 days 01:06:00,03203_07-02-2026-20.27,46.65,52.45,62.05,81.05,
03203,04104,71801,Renfe,AVE,2026-02-07 23:09:00,2026-02-07 23:48:00,0 days 00:39:00,03203_07-02-2026-20.27,35.6,40.05,47.35,66.35,
03301,60000,04040,Renfe,AVE,2026-02-08 06:27:00,2026-02-08 07:52:00,0 days 01:25:00,03301_08-02-2026-06.27,39.0,46.8,41.5,60.5,
03301,60000,04104,Renfe,AVE,2026-02-08 06:27:00,2026-02-08 08:53:00,0 days 02:26:00,03301_08-02-2026-06.27,43.0,53.75,71.5,90.5,
03301,60000,71801,Renfe,AVE,2026-02-08 06:27:00,2026-02-08 09:31:00,0 days 03:04:00,03301_08-02-2026-06.27,47.45,59.3,78.85,97.85,
03073,60000,78400,Renfe,AVE,2026-02-08 07:27:00,2026-02-08 09:35:00,0 days 02:08:00,03073_08-02-2026-07.27,48.7,58.45,64.75,83.75,
03073,60000,71801,Renfe,AVE,2026-02-08 07:27:00,2026-02-08 10:46:00,0 days 03:19:00,03073_08-02-2026-07.27,47.45,59.3,63.1,82.1,
03073,60000,04104,Renfe,AVE,2026-02-08 07:27:00,2026-02-08 10:04:00,0 days 02:37:00,03073_08-02-2026-07.27,53.75,64.5,71.5,90.5,
03073,60000,04007,Renfe,AVE,2026-02-08 07:27:00,2026-02-08 07:52:00,0 days 00:25:00,03073_08-02-2026-07.27,45.7,49.55,60.8,79.8,
03073,60000,04040,Renfe,AVE,2026-02-08 07:27:00,2026-02-08 08:51:00,0 days 01:24:00,03073_08-02-2026-07.27,39.0,46.8,51.85,70.85,
03301,04040,04104,Renfe,AVE,2026-02-08 07:53:00,2026-02-08 08:53:00,0 days 01:00:00,03301_08-02-2026-06.27,32.4,38.9,43.1,62.1,
03073,04007,71801,Renfe,AVE,2026-02-08 07:53:00,2026-02-08 10:46:00,0 days 02:53:00,03073_08-02-2026-07.27,44.65,55.8,59.35,78.35,
03073,04007,78400,Renfe,AVE,2026-02-08 07:53:00,2026-02-08 09:35:00,0 days 01:42:00,03073_08-02-2026-07.27,44.45,53.35,59.1,78.1,
03073,04007,04104,Renfe,AVE,2026-02-08 07:53:00,2026-02-08 10:04:00,0 days 02:11:00,03073_08-02-2026-07.27,49.8,59.75,66.25,85.25,
03301,04040,71801,Renfe,AVE,2026-02-08 07:53:00,2026-02-08 09:31:00,0 days 01:38:00,03301_08-02-2026-06.27,40.05,48.05,53.25,72.25,
03073,04007,04040,Renfe,AVE,2026-02-08 07:53:00,2026-02-08 08:51:00,0 days 00:58:00,03073_08-02-2026-07.27,34.15,41.0,45.4,64.4,
03083,60000,71801,Renfe,AVE,2026-02-08 08:27:00,2026-02-08 11:19:00,0 days 02:52:00,03083_08-02-2026-08.27,83.0,94.9,94.65,113.65,
03083,60000,04040,Renfe,AVE,2026-02-08 08:27:00,2026-02-08 09:45:00,0 days 01:18:00,03083_08-02-2026-08.27,62.4,70.2,72.6,91.6,
03073,04040,04104,Renfe,AVE,2026-02-08 08:52:00,2026-02-08 10:04:00,0 days 01:12:00,03073_08-02-2026-07.27,38.9,45.35,51.7,70.7,
03073,04040,78400,Renfe,AVE,2026-02-08 08:52:00,2026-02-08 09:35:00,0 days 00:43:00,03073_08-02-2026-07.27,30.85,36.0,41.0,60.0,
03073,04040,71801,Renfe,AVE,2026-02-08 08:52:00,2026-02-08 10:46:00,0 days 01:54:00,03073_08-02-2026-07.27,40.05,48.05,53.25,72.25,
03301,04104,71801,Renfe,AVE,2026-02-08 08:55:00,2026-02-08 09:31:00,0 days 00:36:00,03301_08-02-2026-06.27,26.7,31.15,35.5,54.5,
02561,60000,04104,Renfe,AVE,2026-02-08 09:27:00,2026-02-08 12:00:00,0 days 02:33:00,02561_08-02-2026-09.27,75.25,86.0,114.4,133.4,
02561,60000,78400,Renfe,AVE,2026-02-08 09:27:00,2026-02-08 11:32:00,0 days 02:05:00,02561_08-02-2026-09.27,68.2,77.9,103.65,122.65,
02561,60000,71801,Renfe,AVE,2026-02-08 09:27:00,2026-02-08 12:41:00,0 days 03:14:00,02561_08-02-2026-09.27,71.15,83.0,110.4,129.4,
02561,60000,04040,Renfe,AVE,2026-02-08 09:27:00,2026-02-08 10:46:00,0 days 01:19:00,02561_08-02-2026-09.27,54.6,62.4,83.0,102.0,
03073,78400,04104,Renfe,AVE,2026-02-08 09:37:00,2026-02-08 10:04:00,0 days 00:27:00,03073_08-02-2026-07.27,24.65,28.75,32.8,51.8,
03073,78400,71801,Renfe,AVE,2026-02-08 09:37:00,2026-02-08 10:46:00,0 days 01:09:00,03073_08-02-2026-07.27,35.0,40.8,46.5,65.5,
03083,04040,71801,Renfe,AVE,2026-02-08 09:46:00,2026-02-08 11:19:00,0 days 01:33:00,03083_08-02-2026-08.27,56.05,64.1,63.9,82.9,
03073,04104,71801,Renfe,AVE,2026-02-08 10:06:00,2026-02-08 10:46:00,0 days 00:40:00,03073_08-02-2026-07.27,26.7,31.15,35.5,54.5,
03303,60000,04040,Renfe,AVE,2026-02-08 10:27:00,2026-02-08 11:47:00,0 days 01:20:00,03303_08-02-2026-10.27,78.0,85.8,83.0,102.0,
03303,60000,71801,Renfe,AVE,2026-02-08 10:27:00,2026-02-08 13:19:00,0 days 02:52:00,03303_08-02-2026-10.27,83.0,94.9,110.4,129.4,
00605,60000,04007,Renfe,ALVIA,2026-02-08 10:32:00,2026-02-08 10:59:00,0 days 00:27:00,00605_08-02-2026-10.32,26.45,28.35,30.15,,
02561,04040,71801,Renfe,AVE,2026-02-08 10:47:00,2026-02-08 12:41:00,0 days 01:54:00,02561_08-02-2026-09.27,56.05,64.1,85.25,104.25,
02561,04040,78400,Renfe,AVE,2026-02-08 10:47:00,2026-02-08 11:32:00,0 days 00:45:00,02561_08-02-2026-09.27,41.1,46.25,61.55,80.55,
02561,04040,04104,Renfe,AVE,2026-02-08 10:47:00,2026-02-08 12:00:00,0 days 01:13:00,02561_08-02-2026-09.27,51.85,58.3,77.55,96.55,
00533,04040,78400,Renfe,ALVIA,2026-02-08 11:09:00,2026-02-08 11:58:00,0 days 00:49:00,00533_08-02-2026-11.09,41.9,45.7,50.65,,
00533,04040,71801,Renfe,ALVIA,2026-02-08 11:09:00,2026-02-08 13:09:00,0 days 02:00:00,00533_08-02-2026-11.09,59.3,65.25,71.0,,
00533,04040,04104,Renfe,ALVIA,2026-02-08 11:09:00,2026-02-08 12:31:00,0 days 01:22:00,00533_08-02-2026-11.09,52.8,57.6,63.85,,
03113,60000,04104,Renfe,AVE,2026-02-08 11:27:00,2026-02-08 14:04:00,0 days 02:37:00,03113_08-02-2026-11.27,86.0,96.75,100.1,119.1,
03113,60000,78400,Renfe,AVE,2026-02-08 11:27:00,2026-02-08 13:35:00,0 days 02:08:00,03113_08-02-2026-11.27,77.9,87.65,90.7,109.7,
03113,60000,71801,Renfe,AVE,2026-02-08 11:27:00,2026-02-08 14:46:00,0 days 03:19:00,03113_08-02-2026-11.27,83.0,94.9,94.65,113.65,
03113,60000,04040,Renfe,AVE,2026-02-08 11:27:00,2026-02-08 12:51:00,0 days 01:24:00,03113_08-02-2026-11.27,62.4,70.2,72.6,91.6,
02561,78400,71801,Renfe,AVE,2026-02-08 11:34:00,2026-02-08 12:41:00,0 days 01:07:00,02561_08-02-2026-09.27,46.65,52.45,69.8,88.8,
02561,78400,04104,Renfe,AVE,2026-02-08 11:34:00,2026-02-08 12:00:00,0 days 00:26:00,02561_08-02-2026-09.27,32.9,37.0,49.2,68.2,
03303,04040,71801,Renfe,AVE,2026-02-08 11:48:00,2026-02-08 13:19:00,0 days 01:31:00,03303_08-02-2026-10.27,72.1,80.1,85.25,104.25,
00533,78400,04104,Renfe,ALVIA,2026-02-08 12:00:00,2026-02-08 12:31:00,0 days 00:31:00,00533_08-02-2026-11.09,33.55,36.6,40.55,,
00533,78400,71801,Renfe,ALVIA,2026-02-08 12:00:00,2026-02-08 13:09:00,0 days 01:09:00,00533_08-02-2026-11.09,47.5,51.85,57.45,,
02561,04104,71801,Renfe,AVE,2026-02-08 12:02:00,2026-02-08 12:41:00,0 days 00:39:00,02561_08-02-2026-09.27,35.6,40.05,53.25,72.25,
02591,60000,04040,Renfe,AVE,2026-02-08 12:27:00,2026-02-08 13:45:00,0 days 01:18:00,02591_08-02-2026-12.27,46.8,54.6,62.25,81.25,
02591,60000,71801,Renfe,AVE,2026-02-08 12:27:00,2026-02-08 15:44:00,0 days 03:17:00,02591_08-02-2026-12.27,59.3,71.15,78.85,97.85,
02591,60000,78400,Renfe,AVE,2026-02-08 12:27:00,2026-02-08 14:29:00,0 days 02:02:00,02591_08-02-2026-12.27,58.45,68.2,77.75,96.75,
00533,04104,71801,Renfe,ALVIA,2026-02-08 12:33:00,2026-02-08 13:09:00,0 days 00:36:00,00533_08-02-2026-11.09,36.3,39.6,43.9,,
03943,04040,04104,Renfe,AVE,2026-02-08 12:37:00,2026-02-08 13:43:00,0 days 01:06:00,03943_08-02-2026-12.37,58.3,64.8,77.55,96.55,
03943,04040,71801,Renfe,AVE,2026-02-08 12:37:00,2026-02-08 14:25:00,0 days 01:48:00,03943_08-02-2026-12.37,64.1,72.1,85.25,104.25,
03943,04040,78400,Renfe,AVE,2026-02-08 12:37:00,2026-02-08 13:17:00,0 days 00:40:00,03943_08-02-2026-12.37,46.25,51.4,61.55,80.55,
03993,04040,04104,Renfe,AVE,2026-02-08 12:37:00,2026-02-08 13:43:00,0 days 01:06:00,03993_08-02-2026-12.37,64.8,71.3,77.55,96.55,
03993,04040,78400,Renfe,AVE,2026-02-08 12:37:00,2026-02-08 13:17:00,0 days 00:40:00,03993_08-02-2026-12.37,51.4,56.55,61.55,80.55,
03993,04040,71801,Renfe,AVE,2026-02-08 12:37:00,2026-02-08 14:25:00,0 days 01:48:00,03993_08-02-2026-12.37,72.1,80.1,85.25,104.25,
03113,04040,78400,Renfe,AVE,2026-02-08 12:52:00,2026-02-08 13:35:00,0 days 00:43:00,03113_08-02-2026-11.27,30.85,36.0,54.7,73.7,
03113,04040,71801,Renfe,AVE,2026-02-08 12:52:00,2026-02-08 14:46:00,0 days 01:54:00,03113_08-02-2026-11.27,56.05,64.1,74.55,93.55,
03113,04040,04104,Renfe,AVE,2026-02-08 12:52:00,2026-02-08 14:04:00,0 days 01:12:00,03113_08-02-2026-11.27,51.85,58.3,68.95,87.95,
09725,60000,04104,Renfe,AVE INT,2026-02-08 13:15:00,2026-02-08 15:37:00,0 days 02:22:00,09725_08-02-2026-13.15,53.75,64.5,100.1,119.1,
09725,60000,71801,Renfe,AVE INT,2026-02-08 13:15:00,2026-02-08 16:19:00,0 days 03:04:00,09725_08-02-2026-13.15,59.3,71.15,110.4,129.4,
03993,78400,71801,Renfe,AVE,2026-02-08 13:19:00,2026-02-08 14:25:00,0 days 01:06:00,03993_08-02-2026-12.37,58.3,64.15,69.8,88.8,
03993,78400,04104,Renfe,AVE,2026-02-08 13:19:00,2026-02-08 13:43:00,0 days 00:24:00,03993_08-02-2026-12.37,41.1,45.2,49.2,68.2,
03943,78400,04104,Renfe,AVE,2026-02-08 13:19:00,2026-02-08 13:43:00,0 days 00:24:00,03943_08-02-2026-12.37,37.0,41.1,49.2,68.2,
03943,78400,71801,Renfe,AVE,2026-02-08 13:19:00,2026-02-08 14:25:00,0 days 01:06:00,03943_08-02-2026-12.37,52.45,58.3,69.8,88.8,
03113,78400,71801,Renfe,AVE,2026-02-08 13:37:00,2026-02-08 14:46:00,0 days 01:09:00,03113_08-02-2026-11.27,46.65,52.45,62.05,81.05,
03113,78400,04104,Renfe,AVE,2026-02-08 13:37:00,2026-02-08 14:04:00,0 days 00:27:00,03113_08-02-2026-11.27,32.9,37.0,43.75,62.75,
34813,78400,04104,Renfe,AVANT,2026-02-08 13:37:00,2026-02-08 14:04:00,0 days 00:27:00,34813_08-02-2026-13.37,,,,,15.0
34813,78400,71801,Renfe,AVANT,2026-02-08 13:37:00,2026-02-08 14:46:00,0 days 01:09:00,34813_08-02-2026-13.37,,,,,31.5
09725,04007,71801,Renfe,AVE INT,2026-02-08 13:43:00,2026-02-08 16:19:00,0 days 02:36:00,09725_08-02-2026-13.15,55.8,66.95,103.9,122.9,
09725,04007,04104,Renfe,AVE INT,2026-02-08 13:43:00,2026-02-08 15:37:00,0 days 01:54:00,09725_08-02-2026-13.15,49.8,59.75,92.75,111.75,
03993,04104,71801,Renfe,AVE,2026-02-08 13:45:00,2026-02-08 14:25:00,0 days 00:40:00,03993_08-02-2026-12.37,44.5,48.95,53.25,72.25,
03943,04104,71801,Renfe,AVE,2026-02-08 13:45:00,2026-02-08 14:25:00,0 days 00:40:00,03943_08-02-2026-12.37,40.05,44.5,53.25,72.25,
02591,04040,71801,Renfe,AVE,2026-02-08 13:46:00,2026-02-08 15:44:00,0 days 01:58:00,02591_08-02-2026-12.27,32.05,40.05,53.25,72.25,
02591,04040,78400,Renfe,AVE,2026-02-08 13:46:00,2026-02-08 14:29:00,0 days 00:43:00,02591_08-02-2026-12.27,25.7,30.85,41.0,60.0,
03141,60000,71801,Renfe,AVE,2026-02-08 13:57:00,2026-02-08 16:34:00,0 days 02:37:00,03141_08-02-2026-13.57,153.9,167.9,223.3,242.3,
34813,04104,71801,Renfe,AVANT,2026-02-08 14:06:00,2026-02-08 14:46:00,0 days 00:40:00,34813_08-02-2026-13.37,,,,,18.5
03113,04104,71801,Renfe,AVE,2026-02-08 14:06:00,2026-02-08 14:46:00,0 days 00:40:00,03113_08-02-2026-11.27,35.6,40.05,47.35,66.35,
03143,60000,04040,Renfe,AVE,2026-02-08 14:27:00,2026-02-08 15:51:00,0 days 01:24:00,03143_08-02-2026-14.27,78.0,85.8,93.35,112.35,
03143,60000,71801,Renfe,AVE,2026-02-08 14:27:00,2026-02-08 17:24:00,0 days 02:57:00,03143_08-02-2026-14.27,106.75,118.6,126.2,145.2,
34823,78400,71801,Renfe,AVANT,2026-02-08 14:31:00,2026-02-08 15:44:00,0 days 01:13:00,34823_08-02-2026-14.31,,,,,31.5
02591,78400,71801,Renfe,AVE,2026-02-08 14:31:00,2026-02-08 15:44:00,0 days 01:13:00,02591_08-02-2026-12.27,29.15,35.0,46.5,65.5,
00609,60000,04007,Renfe,ALVIA,2026-02-08 14:47:00,2026-02-08 15:15:00,0 days 00:28:00,00609_08-02-2026-14.47,26.45,28.35,30.15,,
03305,60000,04104,Renfe,AVE,2026-02-08 15:27:00,2026-02-08 18:03:00,0 days 02:36:00,03305_08-02-2026-15.27,107.5,118.25,128.7,147.7,
03305,60000,04040,Renfe,AVE,2026-02-08 15:27:00,2026-02-08 16:50:00,0 days 01:23:00,03305_08-02-2026-15.27,109.2,117.0,103.75,122.75,
03305,60000,71801,Renfe,AVE,2026-02-08 15:27:00,2026-02-08 18:46:00,0 days 03:19:00,03305_08-02-2026-15.27,118.6,130.45,141.95,160.95,
03305,60000,78400,Renfe,AVE,2026-02-08 15:27:00,2026-02-08 17:35:00,0 days 02:08:00,03305_08-02-2026-15.27,97.4,107.15,116.6,135.6,
03143,04040,71801,Renfe,AVE,2026-02-08 15:52:00,2026-02-08 17:24:00,0 days 01:32:00,03143_08-02-2026-14.27,80.1,88.1,95.9,114.9,
03161,60000,71801,Renfe,AVE,2026-02-08 15:57:00,2026-02-08 18:34:00,0 days 02:37:00,03161_08-02-2026-15.57,69.95,83.95,93.05,112.05,
03363,60000,04040,Renfe,AVE,2026-02-08 16:02:00,2026-02-08 17:26:00,0 days 01:24:00,03363_08-02-2026-16.02,62.4,70.2,83.0,102.0,
03163,60000,71801,Renfe,AVE,2026-02-08 16:27:00,2026-02-08 19:19:00,0 days 02:52:00,03163_08-02-2026-16.27,106.75,118.6,126.2,145.2,
03163,60000,04040,Renfe,AVE,2026-02-08 16:27:00,2026-02-08 17:45:00,0 days 01:18:00,03163_08-02-2026-16.27,78.0,85.8,93.35,112.35,
03305,04040,78400,Renfe,AVE,2026-02-08 16:51:00,2026-02-08 17:35:00,0 days 00:44:00,03305_08-02-2026-15.27,71.95,77.1,75.2,94.2,
03305,04040,71801,Renfe,AVE,2026-02-08 16:51:00,2026-02-08 18:46:00,0 days 01:55:00,03305_08-02-2026-15.27,112.15,120.15,117.2,136.2,
03305,04040,04104,Renfe,AVE,2026-02-08 16:51:00,2026-02-08 18:03:00,0 days 01:12:00,03305_08-02-2026-15.27,90.7,97.2,94.8,113.8,
03171,60000,71801,Renfe,AVE,2026-02-08 16:57:00,2026-02-08 19:34:00,0 days 02:37:00,03171_08-02-2026-16.57,97.95,111.9,111.65,130.65,
03373,60000,71801,Renfe,AVE,2026-02-08 17:27:00,2026-02-08 20:46:00,0 days 03:19:00,03373_08-02-2026-17.27,118.6,130.45,141.95,160.95,
03373,60000,78400,Renfe,AVE,2026-02-08 17:27:00,2026-02-08 19:35:00,0 days 02:08:00,03373_08-02-2026-17.27,97.4,107.15,116.6,135.6,
03373,60000,04104,Renfe,AVE,2026-02-08 17:27:00,2026-02-08 20:04:00,0 days 02:37:00,03373_08-02-2026-17.27,107.5,118.25,128.7,147.7,
03373,60000,04040,Renfe,AVE,2026-02-08 17:27:00,2026-02-08 18:51:00,0 days 01:24:00,03373_08-02-2026-17.27,109.2,117.0,103.75,122.75,
03305,78400,04104,Renfe,AVE,2026-02-08 17:37:00,2026-02-08 18:03:00,0 days 00:26:00,03305_08-02-2026-15.27,57.55,61.65,65.6,84.6,
03305,78400,71801,Renfe,AVE,2026-02-08 17:37:00,2026-02-08 18:46:00,0 days 01:09:00,03305_08-02-2026-15.27,81.6,87.45,93.05,112.05,
03163,04040,71801,Renfe,AVE,2026-02-08 17:46:00,2026-02-08 19:19:00,0 days 01:33:00,03163_08-02-2026-16.27,72.1,80.1,85.25,104.25,
03373,04007,04040,Renfe,AVE,2026-02-08 17:54:00,2026-02-08 18:51:00,0 days 00:57:00,03373_08-02-2026-17.27,81.95,88.8,90.85,109.85,
03373,04007,78400,Renfe,AVE,2026-02-08 17:54:00,2026-02-08 19:35:00,0 days 01:41:00,03373_08-02-2026-17.27,88.9,97.8,106.4,125.4,
03373,04007,04104,Renfe,AVE,2026-02-08 17:54:00,2026-02-08 20:04:00,0 days 02:10:00,03373_08-02-2026-17.27,99.6,109.55,119.2,138.2,
03373,04007,71801,Renfe,AVE,2026-02-08 17:54:00,2026-02-08 20:46:00,0 days 02:52:00,03373_08-02-2026-17.27,111.6,122.75,133.6,152.6,
02553,60000,71801,Renfe,AVE,2026-02-08 17:57:00,2026-02-08 20:34:00,0 days 02:37:00,02553_08-02-2026-17.57,83.0,94.9,94.65,113.65,
03305,04104,71801,Renfe,AVE,2026-02-08 18:05:00,2026-02-08 18:46:00,0 days 00:41:00,03305_08-02-2026-15.27,62.3,66.75,71.0,90.0,
03183,60000,04040,Renfe,AVE,2026-02-08 18:27:00,2026-02-08 19:45:00,0 days 01:18:00,03183_08-02-2026-18.27,78.0,85.8,103.75,122.75,
03183,60000,71801,Renfe,AVE,2026-02-08 18:27:00,2026-02-08 21:24:00,0 days 02:57:00,03183_08-02-2026-18.27,106.75,118.6,141.95,160.95,
03183,60000,04104,Renfe,AVE,2026-02-08 18:27:00,2026-02-08 20:44:00,0 days 02:17:00,03183_08-02-2026-18.27,96.75,107.5,128.7,147.7,
03373,04040,71801,Renfe,AVE,2026-02-08 18:52:00,2026-02-08 20:46:00,0 days 01:54:00,03373_08-02-2026-17.27,112.15,120.15,117.2,136.2,
03373,04040,04104,Renfe,AVE,2026-02-08 18:52:00,2026-02-08 20:04:00,0 days 01:12:00,03373_08-02-2026-17.27,90.7,97.2,94.8,113.8,
03373,04040,78400,Renfe,AVE,2026-02-08 18:52:00,2026-02-08 19:35:00,0 days 00:43:00,03373_08-02-2026-17.27,71.95,77.1,75.2,94.2,
03191,60000,71801,Renfe,AVE,2026-02-08 18:57:00,2026-02-08 21:34:00,0 days 02:37:00,03191_08-02-2026-18.57,126.0,140.0,204.8,223.8,
02861,60000,04007,Renfe,AVE,2026-02-08 19:00:00,2026-02-08 19:28:00,0 days 00:28:00,02861_08-02-2026-19.00,45.7,49.55,60.8,79.8,
02861,60000,04040,Renfe,AVE,2026-02-08 19:00:00,2026-02-08 20:42:00,0 days 01:42:00,02861_08-02-2026-19.00,46.8,54.6,51.85,70.85,
02861,04007,04040,Renfe,AVE,2026-02-08 19:29:00,2026-02-08 20:42:00,0 days 01:13:00,02861_08-02-2026-19.00,41.0,47.8,45.4,64.4,
03309,60000,04040,Renfe,AVE,2026-02-08 19:34:00,2026-02-08 21:02:00,0 days 01:28:00,03309_08-02-2026-19.34,109.2,117.0,103.75,122.75,
03309,60000,71801,Renfe,AVE,2026-02-08 19:34:00,2026-02-08 22:55:00,0 days 03:21:00,03309_08-02-2026-19.34,118.6,130.45,141.95,160.95,
03309,60000,04104,Renfe,AVE,2026-02-08 19:34:00,2026-02-08 22:15:00,0 days 02:41:00,03309_08-02-2026-19.34,107.5,118.25,128.7,147.7,
03309,60000,78400,Renfe,AVE,2026-02-08 19:34:00,2026-02-08 21:46:00,0 days 02:12:00,03309_08-02-2026-19.34,97.4,107.15,116.6,135.6,
03183,04040,04104,Renfe,AVE,2026-02-08 19:46:00,2026-02-08 20:44:00,0 days 00:58:00,03183_08-02-2026-18.27,58.3,64.8,77.55,96.55,
03183,04040,71801,Renfe,AVE,2026-02-08 19:46:00,2026-02-08 21:24:00,0 days 01:38:00,03183_08-02-2026-18.27,72.1,80.1,95.9,114.9,
00437,04040,71801,Renfe,ALVIA,2026-02-08 19:52:00,2026-02-08 22:13:00,0 days 02:21:00,00437_08-02-2026-19.52,35.6,41.5,78.85,,
00437,04040,78400,Renfe,ALVIA,2026-02-08 19:52:00,2026-02-08 20:56:00,0 days 01:04:00,00437_08-02-2026-19.52,26.65,30.5,55.75,,
00437,04040,04104,Renfe,ALVIA,2026-02-08 19:52:00,2026-02-08 21:30:00,0 days 01:38:00,00437_08-02-2026-19.52,33.6,38.4,70.2,,
03309,04007,04104,Renfe,AVE,2026-02-08 20:01:00,2026-02-08 22:15:00,0 days 02:14:00,03309_08-02-2026-19.34,99.6,109.55,119.2,138.2,
03309,04007,04040,Renfe,AVE,2026-02-08 20:01:00,2026-02-08 21:02:00,0 days 01:01:00,03309_08-02-2026-19.34,81.95,88.8,90.85,109.85,
03931,04040,04104,Renfe,AVE,2026-02-08 20:01:00,2026-02-08 21:16:00,0 days 01:15:00,03931_08-02-2026-20.01,58.3,64.8,86.2,105.2,
03931,04040,78400,Renfe,AVE,2026-02-08 20:01:00,2026-02-08 20:48:00,0 days 00:47:00,03931_08-02-2026-20.01,46.25,51.4,68.35,87.35,
03931,04040,71801,Renfe,AVE,2026-02-08 20:01:00,2026-02-08 21:58:00,0 days 01:57:00,03931_08-02-2026-20.01,64.1,72.1,95.9,114.9,
03309,04007,78400,Renfe,AVE,2026-02-08 20:01:00,2026-02-08 21:46:00,0 days 01:45:00,03309_08-02-2026-19.34,88.9,97.8,106.4,125.4,
03309,04007,71801,Renfe,AVE,2026-02-08 20:01:00,2026-02-08 22:55:00,0 days 02:54:00,03309_08-02-2026-19.34,111.6,122.75,133.6,152.6,
03201,60000,71801,Renfe,AVE,2026-02-08 20:05:00,2026-02-08 22:42:00,0 days 02:37:00,03201_08-02-2026-20.05,83.95,97.95,111.65,130.65,
03203,60000,78400,Renfe,AVE,2026-02-08 20:27:00,2026-02-08 22:40:00,0 days 02:13:00,03203_08-02-2026-20.27,97.4,107.15,116.6,135.6,
03203,60000,04104,Renfe,AVE,2026-02-08 20:27:00,2026-02-08 23:07:00,0 days 02:40:00,03203_08-02-2026-20.27,107.5,118.25,128.7,147.7,
03203,60000,04007,Renfe,AVE,2026-02-08 20:27:00,2026-02-08 20:52:00,0 days 00:25:00,03203_08-02-2026-20.27,49.55,53.35,60.8,79.8,
03203,60000,04040,Renfe,AVE,2026-02-08 20:27:00,2026-02-08 21:57:00,0 days 01:30:00,03203_08-02-2026-20.27,78.0,85.8,93.35,112.35,
03203,60000,71801,Renfe,AVE,2026-02-08 20:27:00,2026-02-08 23:48:00,0 days 03:21:00,03203_08-02-2026-20.27,106.75,118.6,126.2,145.2,
03991,04040,71801,Renfe,AVE,2026-02-08 20:38:00,2026-02-08 22:35:00,0 days 01:57:00,03991_08-02-2026-20.38,72.1,80.1,85.25,104.25,
03941,04040,04104,Renfe,AVE,2026-02-08 20:38:00,2026-02-08 21:51:00,0 days 01:13:00,03941_08-02-2026-20.38,71.3,77.75,86.2,105.2,
03991,04040,78400,Renfe,AVE,2026-02-08 20:38:00,2026-02-08 21:20:00,0 days 00:42:00,03991_08-02-2026-20.38,51.4,56.55,61.55,80.55,
03991,04040,04104,Renfe,AVE,2026-02-08 20:38:00,2026-02-08 21:51:00,0 days 01:13:00,03991_08-02-2026-20.38,64.8,71.3,77.55,96.55,
03941,04040,71801,Renfe,AVE,2026-02-08 20:38:00,2026-02-08 22:35:00,0 days 01:57:00,03941_08-02-2026-20.38,80.1,88.1,95.9,114.9,
03941,04040,78400,Renfe,AVE,2026-02-08 20:38:00,2026-02-08 21:20:00,0 days 00:42:00,03941_08-02-2026-20.38,56.55,61.7,68.35,87.35,
03183,04104,71801,Renfe,AVE,2026-02-08 20:46:00,2026-02-08 21:24:00,0 days 00:38:00,03183_08-02-2026-18.27,40.05,44.5,53.25,72.25,
03931,78400,71801,Renfe,AVE,2026-02-08 20:50:00,2026-02-08 21:58:00,0 days 01:08:00,03931_08-02-2026-20.01,52.45,58.3,77.55,96.55,
03931,78400,04104,Renfe,AVE,2026-02-08 20:50:00,2026-02-08 21:16:00,0 days 00:26:00,03931_08-02-2026-20.01,37.0,41.1,54.65,73.65,
03203,04007,04040,Renfe,AVE,2026-02-08 20:53:00,2026-02-08 21:57:00,0 days 01:04:00,03203_08-02-2026-20.27,68.3,75.15,81.75,100.75,
03203,04007,71801,Renfe,AVE,2026-02-08 20:53:00,2026-02-08 23:48:00,0 days 02:55:00,03203_08-02-2026-20.27,100.45,111.6,118.75,137.75,
03203,04007,04104,Renfe,AVE,2026-02-08 20:53:00,2026-02-08 23:07:00,0 days 02:14:00,03203_08-02-2026-20.27,99.6,109.55,119.2,138.2,
03203,04007,78400,Renfe,AVE,2026-02-08 20:53:00,2026-02-08 22:40:00,0 days 01:47:00,03203_08-02-2026-20.27,88.9,97.8,106.4,125.4,
00437,78400,04104,Renfe,ALVIA,2026-02-08 20:58:00,2026-02-08 21:30:00,0 days 00:32:00,00437_08-02-2026-19.52,21.35,24.4,44.6,,
00437,78400,71801,Renfe,ALVIA,2026-02-08 20:58:00,2026-02-08 22:13:00,0 days 01:15:00,00437_08-02-2026-19.52,30.25,34.55,63.2,,
03309,04040,71801,Renfe,AVE,2026-02-08 21:03:00,2026-02-08 22:55:00,0 days 01:52:00,03309_08-02-2026-19.34,112.15,120.15,117.2,136.2,
03309,04040,78400,Renfe,AVE,2026-02-08 21:03:00,2026-02-08 21:46:00,0 days 00:43:00,03309_08-02-2026-19.34,71.95,77.1,75.2,94.2,
03309,04040,04104,Renfe,AVE,2026-02-08 21:03:00,2026-02-08 22:15:00,0 days 01:12:00,03309_08-02-2026-19.34,90.7,97.2,94.8,113.8,
02883,60000,71801,Renfe,AVE,2026-02-08 21:07:00,2026-02-08 23:59:00,0 days 02:52:00,02883_08-02-2026-21.07,83.0,94.9,110.4,129.4,
02883,60000,04040,Renfe,AVE,2026-02-08 21:07:00,2026-02-08 22:26:00,0 days 01:19:00,02883_08-02-2026-21.07,62.4,70.2,83.0,102.0,
03931,04104,71801,Renfe,AVE,2026-02-08 21:18:00,2026-02-08 21:58:00,0 days 00:40:00,03931_08-02-2026-20.01,40.05,44.5,59.2,78.2,
03991,78400,04104,Renfe,AVE,2026-02-08 21:22:00,2026-02-08 21:51:00,0 days 00:29:00,03991_08-02-2026-20.38,41.1,45.2,49.2,68.2,
03991,78400,71801,Renfe,AVE,2026-02-08 21:22:00,2026-02-08 22:35:00,0 days 01:13:00,03991_08-02-2026-20.38,58.3,64.15,69.8,88.8,
03941,78400,04104,Renfe,AVE,2026-02-08 21:22:00,2026-02-08 21:51:00,0 days 00:29:00,03941_08-02-2026-20.38,45.2,49.3,54.65,73.65,
03941,78400,71801,Renfe,AVE,2026-02-08 21:22:00,2026-02-08 22:35:00,0 days 01:13:00,03941_08-02-2026-20.38,64.15,69.95,77.55,96.55,
00437,04104,71801,Renfe,ALVIA,2026-02-08 21:32:00,2026-02-08 22:13:00,0 days 00:41:00,00437_08-02-2026-19.52,23.1,26.4,43.9,,
03941,04104,71801,Renfe,AVE,2026-02-08 21:53:00,2026-02-08 22:35:00,0 days 00:42:00,03941_08-02-2026-20.38,48.95,53.4,59.2,78.2,
03991,04104,71801,Renfe,AVE,2026-02-08 21:53:00,2026-02-08 22:35:00,0 days 00:42:00,03991_08-02-2026-20.38,44.5,48.95,53.25,72.25,
03203,04040,71801,Renfe,AVE,2026-02-08 21:58:00,2026-02-08 23:48:00,0 days 01:50:00,03203_08-02-2026-20.27,80.1,88.1,95.9,114.9,
03203,04040,78400,Renfe,AVE,2026-02-08 21:58:00,2026-02-08 22:40:00,0 days 00:42:00,03203_08-02-2026-20.27,56.55,61.7,68.35,87.35,
03203,04040,04104,Renfe,AVE,2026-02-08 21:58:00,2026-02-08 23:07:00,0 days 01:09:00,03203_08-02-2026-20.27,71.3,77.75,86.2,105.2,
02883,04040,71801,Renfe,AVE,2026-02-08 22:27:00,2026-02-08 23:59:00,0 days 01:32:00,02883_08-02-2026-21.07,64.1,72.1,85.25,104.25,
03203,78400,71801,Renfe,AVE,2026-02-08 22:42:00,2026-02-08 23:48:00,0 days 01:06:00,03203_08-02-2026-20.27,58.3,64.15,69.8,88.8,
03203,78400,04104,Renfe,AVE,2026-02-08 22:42:00,2026-02-08 23:07:00,0 days 00:25:00,03203_08-02-2026-20.27,41.1,45.2,49.2,68.2,
03203,04104,71801,Renfe,AVE,2026-02-08 23:09:00,2026-02-08 23:48:00,0 days 00:39:00,03203_08-02-2026-20.27,44.5,48.95,53.25,72.25,
03301,60000,04104,Renfe,AVE,2026-02-09 06:16:00,2026-02-09 08:21:00,0 days 02:05:00,03301_09-02-2026-06.16,64.5,75.25,85.8,104.8,
03301,60000,71801,Renfe,AVE,2026-02-09 06:16:00,2026-02-09 09:05:00,0 days 02:49:00,03301_09-02-2026-06.16,71.15,83.0,94.65,113.65,
03063,60000,04040,Renfe,AVE,2026-02-09 06:27:00,2026-02-09 07:52:00,0 days 01:25:00,03063_09-02-2026-06.27,70.2,78.0,83.0,102.0,
03063,60000,71801,Renfe,AVE,2026-02-09 06:27:00,2026-02-09 09:25:00,0 days 02:58:00,03063_09-02-2026-06.27,94.9,106.75,110.4,129.4,
03071,60000,71801,Renfe,AVE,2026-02-09 06:57:00,2026-02-09 09:34:00,0 days 02:37:00,03071_09-02-2026-06.57,97.95,111.9,186.05,205.05,
03073,60000,04007,Renfe,AVE,2026-02-09 07:27:00,2026-02-09 07:52:00,0 days 00:25:00,03073_09-02-2026-07.27,45.7,49.55,60.8,79.8,
03073,60000,04040,Renfe,AVE,2026-02-09 07:27:00,2026-02-09 08:51:00,0 days 01:24:00,03073_09-02-2026-07.27,70.2,78.0,103.75,122.75,
03073,60000,71801,Renfe,AVE,2026-02-09 07:27:00,2026-02-09 10:46:00,0 days 03:19:00,03073_09-02-2026-07.27,94.9,106.75,141.95,160.95,
03073,60000,04104,Renfe,AVE,2026-02-09 07:27:00,2026-02-09 10:04:00,0 days 02:37:00,03073_09-02-2026-07.27,96.75,107.5,143.0,162.0,
03073,60000,78400,Renfe,AVE,2026-02-09 07:27:00,2026-02-09 09:35:00,0 days 02:08:00,03073_09-02-2026-07.27,87.65,97.4,129.55,148.55,
03063,04040,71801,Renfe,AVE,2026-02-09 07:53:00,2026-02-09 09:25:00,0 days 01:32:00,03063_09-02-2026-06.27,72.1,80.1,85.25,104.25,
03073,04007,04040,Renfe,AVE,2026-02-09 07:53:00,2026-02-09 08:51:00,0 days 00:58:00,03073_09-02-2026-07.27,61.45,68.3,90.85,109.85,
03073,04007,71801,Renfe,AVE,2026-02-09 07:53:00,2026-02-09 10:46:00,0 days 02:53:00,03073_09-02-2026-07.27,89.3,100.45,133.6,152.6,
03073,04007,04104,Renfe,AVE,2026-02-09 07:53:00,2026-02-09 10:04:00,0 days 02:11:00,03073_09-02-2026-07.27,89.65,99.6,132.45,151.45,
03073,04007,78400,Renfe,AVE,2026-02-09 07:53:00,2026-02-09 09:35:00,0 days 01:42:00,03073_09-02-2026-07.27,80.0,88.9,118.25,137.25,
03081,60000,71801,Renfe,AVE,2026-02-09 07:57:00,2026-02-09 10:34:00,0 days 02:37:00,03081_09-02-2026-07.57,111.9,125.9,167.45,186.45,
03301,04104,71801,Renfe,AVE,2026-02-09 08:23:00,2026-02-09 09:05:00,0 days 00:42:00,03301_09-02-2026-06.16,26.7,31.15,35.5,54.5,
03083,60000,04040,Renfe,AVE,2026-02-09 08:27:00,2026-02-09 09:45:00,0 days 01:18:00,03083_09-02-2026-08.27,70.2,78.0,93.35,112.35,
03083,60000,71801,Renfe,AVE,2026-02-09 08:27:00,2026-02-09 11:19:00,0 days 02:52:00,03083_09-02-2026-08.27,94.9,106.75,126.2,145.2,
03073,04040,04104,Renfe,AVE,2026-02-09 08:52:00,2026-02-09 10:04:00,0 days 01:12:00,03073_09-02-2026-07.27,64.8,71.3,94.8,113.8,
03073,04040,71801,Renfe,AVE,2026-02-09 08:52:00,2026-02-09 10:46:00,0 days 01:54:00,03073_09-02-2026-07.27,72.1,80.1,106.55,125.55,
03073,04040,78400,Renfe,AVE,2026-02-09 08:52:00,2026-02-09 09:35:00,0 days 00:43:00,03073_09-02-2026-07.27,51.4,56.55,75.2,94.2,
03091,60000,04104,Renfe,AVE,2026-02-09 08:57:00,2026-02-09 11:01:00,0 days 02:04:00,03091_09-02-2026-08.57,53.75,64.5,71.5,90.5,
03091,60000,71801,Renfe,AVE,2026-02-09 08:57:00,2026-02-09 11:41:00,0 days 02:44:00,03091_09-02-2026-08.57,55.95,69.95,74.45,93.45,
02561,60000,04104,Renfe,AVE,2026-02-09 09:27:00,2026-02-09 12:00:00,0 days 02:33:00,02561_09-02-2026-09.27,75.25,86.0,100.1,119.1,
02561,60000,78400,Renfe,AVE,2026-02-09 09:27:00,2026-02-09 11:32:00,0 days 02:05:00,02561_09-02-2026-09.27,68.2,77.9,90.7,109.7,
02561,60000,71801,Renfe,AVE,2026-02-09 09:27:00,2026-02-09 12:41:00,0 days 03:14:00,02561_09-02-2026-09.27,71.15,83.0,94.65,113.65,
02561,60000,04040,Renfe,AVE,2026-02-09 09:27:00,2026-02-09 10:46:00,0 days 01:19:00,02561_09-02-2026-09.27,54.6,62.4,72.6,91.6,
03073,78400,71801,Renfe,AVE,2026-02-09 09:37:00,2026-02-09 10:46:00,0 days 01:09:00,03073_09-02-2026-07.27,58.3,64.15,85.3,104.3,
03073,78400,04104,Renfe,AVE,2026-02-09 09:37:00,2026-02-09 10:04:00,0 days 00:27:00,03073_09-02-2026-07.27,41.1,45.2,60.15,79.15,
03083,04040,71801,Renfe,AVE,2026-02-09 09:46:00,2026-02-09 11:19:00,0 days 01:33:00,03083_09-02-2026-08.27,64.1,72.1,85.25,104.25,
03073,04104,71801,Renfe,AVE,2026-02-09 10:06:00,2026-02-09 10:46:00,0 days 00:40:00,03073_09-02-2026-07.27,44.5,48.95,65.1,84.1,
03303,60000,04040,Renfe,AVE,2026-02-09 10:27:00,2026-02-09 11:47:00,0 days 01:20:00,03303_09-02-2026-10.27,62.4,70.2,62.25,81.25,
03303,60000,71801,Renfe,AVE,2026-02-09 10:27:00,2026-02-09 13:19:00,0 days 02:52:00,03303_09-02-2026-10.27,71.15,83.0,94.65,113.65,
00605,60000,04007,Renfe,ALVIA,2026-02-09 10:32:00,2026-02-09 10:59:00,0 days 00:27:00,00605_09-02-2026-10.32,22.7,24.55,25.15,,
02561,04040,71801,Renfe,AVE,2026-02-09 10:47:00,2026-02-09 12:41:00,0 days 01:54:00,02561_09-02-2026-09.27,48.05,56.05,74.55,93.55,
02561,04040,78400,Renfe,AVE,2026-02-09 10:47:00,2026-02-09 11:32:00,0 days 00:45:00,02561_09-02-2026-09.27,36.0,41.1,54.7,73.7,
02561,04040,04104,Renfe,AVE,2026-02-09 10:47:00,2026-02-09 12:00:00,0 days 01:13:00,02561_09-02-2026-09.27,45.35,51.85,68.95,87.95,
03091,04104,71801,Renfe,AVE,2026-02-09 11:03:00,2026-02-09 11:41:00,0 days 00:38:00,03091_09-02-2026-08.57,31.5,36.75,41.9,60.9,
00533,04040,04104,Renfe,ALVIA,2026-02-09 11:09:00,2026-02-09 12:31:00,0 days 01:22:00,00533_09-02-2026-11.09,52.8,57.6,63.85,,
00533,04040,78400,Renfe,ALVIA,2026-02-09 11:09:00,2026-02-09 11:58:00,0 days 00:49:00,00533_09-02-2026-11.09,41.9,45.7,50.65,,
00533,04040,71801,Renfe,ALVIA,2026-02-09 11:09:00,2026-02-09 13:09:00,0 days 02:00:00,00533_09-02-2026-11.09,59.3,65.25,71.0,,
03113,60000,78400,Renfe,AVE,2026-02-09 11:27:00,2026-02-09 13:35:00,0 days 02:08:00,03113_09-02-2026-11.27,48.7,58.45,64.75,83.75,
03113,60000,04104,Renfe,AVE,2026-02-09 11:27:00,2026-02-09 14:04:00,0 days 02:37:00,03113_09-02-2026-11.27,53.75,64.5,71.5,90.5,
03113,60000,71801,Renfe,AVE,2026-02-09 11:27:00,2026-02-09 14:46:00,0 days 03:19:00,03113_09-02-2026-11.27,47.45,59.3,63.1,82.1,
03113,60000,04040,Renfe,AVE,2026-02-09 11:27:00,2026-02-09 12:51:00,0 days 01:24:00,03113_09-02-2026-11.27,39.0,46.8,51.85,70.85,
02561,78400,71801,Renfe,AVE,2026-02-09 11:34:00,2026-02-09 12:41:00,0 days 01:07:00,02561_09-02-2026-09.27,40.8,46.65,62.05,81.05,
02561,78400,04104,Renfe,AVE,2026-02-09 11:34:00,2026-02-09 12:00:00,0 days 00:26:00,02561_09-02-2026-09.27,28.75,32.9,43.75,62.75,
03303,04040,71801,Renfe,AVE,2026-02-09 11:48:00,2026-02-09 13:19:00,0 days 01:31:00,03303_09-02-2026-10.27,64.1,72.1,85.25,104.25,
34433,78400,71801,Renfe,AVANT,2026-02-09 12:00:00,2026-02-09 13:09:00,0 days 01:09:00,34433_09-02-2026-12.00,,,,,31.5
00533,78400,71801,Renfe,ALVIA,2026-02-09 12:00:00,2026-02-09 13:09:00,0 days 01:09:00,00533_09-02-2026-11.09,47.5,51.85,57.45,,
00533,78400,04104,Renfe,ALVIA,2026-02-09 12:00:00,2026-02-09 12:31:00,0 days 00:31:00,00533_09-02-2026-11.09,33.55,36.6,40.55,,
34433,78400,04104,Renfe,AVANT,2026-02-09 12:00:00,2026-02-09 12:31:00,0 days 00:31:00,34433_09-02-2026-12.00,,,,,15.0
02561,04104,71801,Renfe,AVE,2026-02-09 12:02:00,2026-02-09 12:41:00,0 days 00:39:00,02561_09-02-2026-09.27,31.15,35.6,47.35,66.35,
02591,60000,04040,Renfe,AVE,2026-02-09 12:27:00,2026-02-09 13:45:00,0 days 01:18:00,02591_09-02-2026-12.27,46.8,54.6,72.6,91.6,
02591,60000,71801,Renfe,AVE,2026-02-09 12:27:00,2026-02-09 15:44:00,0 days 03:17:00,02591_09-02-2026-12.27,59.3,71.15,94.65,113.65,
02591,60000,78400,Renfe,AVE,2026-02-09 12:27:00,2026-02-09 14:29:00,0 days 02:02:00,02591_09-02-2026-12.27,58.45,68.2,90.7,109.7,
34433,04104,71801,Renfe,AVANT,2026-02-09 12:33:00,2026-02-09 13:09:00,0 days 00:36:00,34433_09-02-2026-12.00,,,,,18.5
00533,04104,71801,Renfe,ALVIA,2026-02-09 12:33:00,2026-02-09 13:09:00,0 days 00:36:00,00533_09-02-2026-11.09,36.3,39.6,43.9,,
03943,04040,04104,Renfe,AVE,2026-02-09 12:37:00,2026-02-09 13:43:00,0 days 01:06:00,03943_09-02-2026-12.37,51.85,58.3,68.95,87.95,
03993,04040,04104,Renfe,AVE,2026-02-09 12:37:00,2026-02-09 13:43:00,0 days 01:06:00,03993_09-02-2026-12.37,51.85,58.3,68.95,87.95,
03943,04040,78400,Renfe,AVE,2026-02-09 12:37:00,2026-02-09 13:17:00,0 days 00:40:00,03943_09-02-2026-12.37,41.1,46.25,54.7,73.7,
03993,04040,78400,Renfe,AVE,2026-02-09 12:37:00,2026-02-09 13:17:00,0 days 00:40:00,03993_09-02-2026-12.37,41.1,46.25,54.7,73.7,
03943,04040,71801,Renfe,AVE,2026-02-09 12:37:00,2026-02-09 14:25:00,0 days 01:48:00,03943_09-02-2026-12.37,56.05,64.1,74.55,93.55,
03993,04040,71801,Renfe,AVE,2026-02-09 12:37:00,2026-02-09 14:25:00,0 days 01:48:00,03993_09-02-2026-12.37,56.05,64.1,74.55,93.55,
03113,04040,04104,Renfe,AVE,2026-02-09 12:52:00,2026-02-09 14:04:00,0 days 01:12:00,03113_09-02-2026-11.27,38.9,45.35,51.7,70.7,
03113,04040,78400,Renfe,AVE,2026-02-09 12:52:00,2026-02-09 13:35:00,0 days 00:43:00,03113_09-02-2026-11.27,30.85,36.0,41.0,60.0,
03113,04040,71801,Renfe,AVE,2026-02-09 12:52:00,2026-02-09 14:46:00,0 days 01:54:00,03113_09-02-2026-11.27,40.05,48.05,53.25,72.25,
09725,60000,71801,Renfe,AVE INT,2026-02-09 13:15:00,2026-02-09 16:19:00,0 days 03:04:00,09725_09-02-2026-13.15,47.45,59.3,94.65,113.65,
09725,60000,04040,Renfe,AVE INT,2026-02-09 13:15:00,2026-02-09 14:40:00,0 days 01:25:00,09725_09-02-2026-13.15,46.8,54.6,83.0,102.0,
09725,60000,04007,Renfe,AVE INT,2026-02-09 13:15:00,2026-02-09 13:41:00,0 days 00:26:00,09725_09-02-2026-13.15,15.25,19.05,25.35,44.35,
09725,60000,04104,Renfe,AVE INT,2026-02-09 13:15:00,2026-02-09 15:37:00,0 days 02:22:00,09725_09-02-2026-13.15,43.0,53.75,85.8,104.8,
03993,78400,71801,Renfe,AVE,2026-02-09 13:19:00,2026-02-09 14:25:00,0 days 01:06:00,03993_09-02-2026-12.37,46.65,52.45,62.05,81.05,
03943,78400,71801,Renfe,AVE,2026-02-09 13:19:00,2026-02-09 14:25:00,0 days 01:06:00,03943_09-02-2026-12.37,46.65,52.45,62.05,81.05,
03943,78400,04104,Renfe,AVE,2026-02-09 13:19:00,2026-02-09 13:43:00,0 days 00:24:00,03943_09-02-2026-12.37,32.9,37.0,43.75,62.75,
03993,78400,04104,Renfe,AVE,2026-02-09 13:19:00,2026-02-09 13:43:00,0 days 00:24:00,03993_09-02-2026-12.37,32.9,37.0,43.75,62.75,
03113,78400,71801,Renfe,AVE,2026-02-09 13:37:00,2026-02-09 14:46:00,0 days 01:09:00,03113_09-02-2026-11.27,35.0,40.8,46.5,65.5,
34813,78400,71801,Renfe,AVANT,2026-02-09 13:37:00,2026-02-09 14:46:00,0 days 01:09:00,34813_09-02-2026-13.37,,,,,31.5
03113,78400,04104,Renfe,AVE,2026-02-09 13:37:00,2026-02-09 14:04:00,0 days 00:27:00,03113_09-02-2026-11.27,24.65,28.75,32.8,51.8,
34813,78400,04104,Renfe,AVANT,2026-02-09 13:37:00,2026-02-09 14:04:00,0 days 00:27:00,34813_09-02-2026-13.37,,,,,15.0
09725,04007,71801,Renfe,AVE INT,2026-02-09 13:43:00,2026-02-09 16:19:00,0 days 02:36:00,09725_09-02-2026-13.15,44.65,55.8,89.05,108.05,
09725,04007,04040,Renfe,AVE INT,2026-02-09 13:43:00,2026-02-09 14:40:00,0 days 00:57:00,09725_09-02-2026-13.15,41.0,47.8,72.65,91.65,
09725,04007,04104,Renfe,AVE INT,2026-02-09 13:43:00,2026-02-09 15:37:00,0 days 01:54:00,09725_09-02-2026-13.15,39.85,49.8,79.5,98.5,
03993,04104,71801,Renfe,AVE,2026-02-09 13:45:00,2026-02-09 14:25:00,0 days 00:40:00,03993_09-02-2026-12.37,35.6,40.05,47.35,66.35,
03943,04104,71801,Renfe,AVE,2026-02-09 13:45:00,2026-02-09 14:25:00,0 days 00:40:00,03943_09-02-2026-12.37,35.6,40.05,47.35,66.35,
02591,04040,78400,Renfe,AVE,2026-02-09 13:46:00,2026-02-09 14:29:00,0 days 00:43:00,02591_09-02-2026-12.27,36.0,41.1,54.7,73.7,
02591,04040,71801,Renfe,AVE,2026-02-09 13:46:00,2026-02-09 15:44:00,0 days 01:58:00,02591_09-02-2026-12.27,48.05,56.05,74.55,93.55,
03141,60000,71801,Renfe,AVE,2026-02-09 13:57:00,2026-02-09 16:34:00,0 days 02:37:00,03141_09-02-2026-13.57,153.9,167.9,223.3,242.3,
34813,04104,71801,Renfe,AVANT,2026-02-09 14:06:00,2026-02-09 14:46:00,0 days 00:40:00,34813_09-02-2026-13.37,,,,,18.5
03113,04104,71801,Renfe,AVE,2026-02-09 14:06:00,2026-02-09 14:46:00,0 days 00:40:00,03113_09-02-2026-11.27,26.7,31.15,35.5,54.5,
03143,60000,71801,Renfe,AVE,2026-02-09 14:27:00,2026-02-09 17:24:00,0 days 02:57:00,03143_09-02-2026-14.27,83.0,94.9,94.65,113.65,
03143,60000,04040,Renfe,AVE,2026-02-09 14:27:00,2026-02-09 15:51:00,0 days 01:24:00,03143_09-02-2026-14.27,62.4,70.2,72.6,91.6,
34823,78400,71801,Renfe,AVANT,2026-02-09 14:31:00,2026-02-09 15:44:00,0 days 01:13:00,34823_09-02-2026-14.31,,,,,31.5
02591,78400,71801,Renfe,AVE,2026-02-09 14:31:00,2026-02-09 15:44:00,0 days 01:13:00,02591_09-02-2026-12.27,40.8,46.65,62.05,81.05,
09725,04040,71801,Renfe,AVE INT,2026-02-09 14:43:00,2026-02-09 16:19:00,0 days 01:36:00,09725_09-02-2026-13.15,48.05,56.05,85.25,104.25,
09725,04040,04104,Renfe,AVE INT,2026-02-09 14:43:00,2026-02-09 15:37:00,0 days 00:54:00,09725_09-02-2026-13.15,25.9,32.4,43.1,62.1,
00609,60000,04007,Renfe,ALVIA,2026-02-09 14:47:00,2026-02-09 15:15:00,0 days 00:28:00,00609_09-02-2026-14.47,22.7,24.55,25.15,,
03151,60000,71801,Renfe,AVE,2026-02-09 14:57:00,2026-02-09 17:34:00,0 days 02:37:00,03151_09-02-2026-14.57,55.95,69.95,74.45,93.45,
03305,60000,04104,Renfe,AVE,2026-02-09 15:27:00,2026-02-09 18:03:00,0 days 02:36:00,03305_09-02-2026-15.27,53.75,64.5,71.5,90.5,
03305,60000,78400,Renfe,AVE,2026-02-09 15:27:00,2026-02-09 17:35:00,0 days 02:08:00,03305_09-02-2026-15.27,48.7,58.45,64.75,83.75,
03305,60000,71801,Renfe,AVE,2026-02-09 15:27:00,2026-02-09 18:46:00,0 days 03:19:00,03305_09-02-2026-15.27,59.3,71.15,78.85,97.85,
03305,60000,04040,Renfe,AVE,2026-02-09 15:27:00,2026-02-09 16:50:00,0 days 01:23:00,03305_09-02-2026-15.27,54.6,62.4,62.25,81.25,
03143,04040,71801,Renfe,AVE,2026-02-09 15:52:00,2026-02-09 17:24:00,0 days 01:32:00,03143_09-02-2026-14.27,48.05,56.05,74.55,93.55,
03161,60000,71801,Renfe,AVE,2026-02-09 15:57:00,2026-02-09 18:34:00,0 days 02:37:00,03161_09-02-2026-15.57,35.0,41.95,74.45,93.45,
03163,60000,04040,Renfe,AVE,2026-02-09 16:27:00,2026-02-09 17:45:00,0 days 01:18:00,03163_09-02-2026-16.27,54.6,62.4,72.6,91.6,
03163,60000,71801,Renfe,AVE,2026-02-09 16:27:00,2026-02-09 19:19:00,0 days 02:52:00,03163_09-02-2026-16.27,71.15,83.0,94.65,113.65,
03305,04040,04104,Renfe,AVE,2026-02-09 16:51:00,2026-02-09 18:03:00,0 days 01:12:00,03305_09-02-2026-15.27,38.9,45.35,51.7,70.7,
03305,04040,78400,Renfe,AVE,2026-02-09 16:51:00,2026-02-09 17:35:00,0 days 00:44:00,03305_09-02-2026-15.27,30.85,36.0,41.0,60.0,
03305,04040,71801,Renfe,AVE,2026-02-09 16:51:00,2026-02-09 18:46:00,0 days 01:55:00,03305_09-02-2026-15.27,48.05,56.05,63.9,82.9,
03171,60000,71801,Renfe,AVE,2026-02-09 16:57:00,2026-02-09 19:34:00,0 days 02:37:00,03171_09-02-2026-16.57,55.95,69.95,74.45,93.45,
03173,60000,04040,Renfe,AVE,2026-02-09 17:27:00,2026-02-09 18:51:00,0 days 01:24:00,03173_09-02-2026-17.27,78.0,85.8,93.35,112.35,
03173,60000,71801,Renfe,AVE,2026-02-09 17:27:00,2026-02-09 20:46:00,0 days 03:19:00,03173_09-02-2026-17.27,106.75,118.6,126.2,145.2,
03173,60000,04007,Renfe,AVE,2026-02-09 17:27:00,2026-02-09 17:53:00,0 days 00:26:00,03173_09-02-2026-17.27,49.55,53.35,60.8,79.8,
03173,60000,78400,Renfe,AVE,2026-02-09 17:27:00,2026-02-09 19:35:00,0 days 02:08:00,03173_09-02-2026-17.27,97.4,107.15,116.6,135.6,
03173,60000,04104,Renfe,AVE,2026-02-09 17:27:00,2026-02-09 20:04:00,0 days 02:37:00,03173_09-02-2026-17.27,107.5,118.25,128.7,147.7,
03305,78400,04104,Renfe,AVE,2026-02-09 17:37:00,2026-02-09 18:03:00,0 days 00:26:00,03305_09-02-2026-15.27,28.75,32.9,38.25,57.25,
03305,78400,71801,Renfe,AVE,2026-02-09 17:37:00,2026-02-09 18:46:00,0 days 01:09:00,03305_09-02-2026-15.27,40.8,46.65,54.3,73.3,
03163,04040,71801,Renfe,AVE,2026-02-09 17:46:00,2026-02-09 19:19:00,0 days 01:33:00,03163_09-02-2026-16.27,48.05,56.05,63.9,82.9,
03173,04007,71801,Renfe,AVE,2026-02-09 17:54:00,2026-02-09 20:46:00,0 days 02:52:00,03173_09-02-2026-17.27,100.45,111.6,118.75,137.75,
03173,04007,78400,Renfe,AVE,2026-02-09 17:54:00,2026-02-09 19:35:00,0 days 01:41:00,03173_09-02-2026-17.27,88.9,97.8,106.4,125.4,
03173,04007,04104,Renfe,AVE,2026-02-09 17:54:00,2026-02-09 20:04:00,0 days 02:10:00,03173_09-02-2026-17.27,99.6,109.55,119.2,138.2,
03173,04007,04040,Renfe,AVE,2026-02-09 17:54:00,2026-02-09 18:51:00,0 days 00:57:00,03173_09-02-2026-17.27,68.3,75.15,81.75,100.75,
02553,60000,71801,Renfe,AVE,2026-02-09 17:57:00,2026-02-09 20:34:00,0 days 02:37:00,02553_09-02-2026-17.57,35.6,47.45,78.85,97.85,
03305,04104,71801,Renfe,AVE,2026-02-09 18:05:00,2026-02-09 18:46:00,0 days 00:41:00,03305_09-02-2026-15.27,31.15,35.6,41.45,60.45,
03183,60000,04104,Renfe,AVE,2026-02-09 18:27:00,2026-02-09 20:44:00,0 days 02:17:00,03183_09-02-2026-18.27,86.0,96.75,100.1,119.1,
03183,60000,04040,Renfe,AVE,2026-02-09 18:27:00,2026-02-09 19:45:00,0 days 01:18:00,03183_09-02-2026-18.27,70.2,78.0,83.0,102.0,
03183,60000,71801,Renfe,AVE,2026-02-09 18:27:00,2026-02-09 21:24:00,0 days 02:57:00,03183_09-02-2026-18.27,94.9,106.75,110.4,129.4,
03173,04040,78400,Renfe,AVE,2026-02-09 18:52:00,2026-02-09 19:35:00,0 days 00:43:00,03173_09-02-2026-17.27,56.55,61.7,68.35,87.35,
03173,04040,71801,Renfe,AVE,2026-02-09 18:52:00,2026-02-09 20:46:00,0 days 01:54:00,03173_09-02-2026-17.27,80.1,88.1,95.9,114.9,
03173,04040,04104,Renfe,AVE,2026-02-09 18:52:00,2026-02-09 20:04:00,0 days 01:12:00,03173_09-02-2026-17.27,71.3,77.75,86.2,105.2,
03191,60000,71801,Renfe,AVE,2026-02-09 18:57:00,2026-02-09 21:34:00,0 days 02:37:00,03191_09-02-2026-18.57,56.0,70.0,74.5,93.5,
02861,60000,04040,Renfe,AVE,2026-02-09 19:00:00,2026-02-09 20:42:00,0 days 01:42:00,02861_09-02-2026-19.00,31.2,39.0,51.85,70.85,
02861,60000,04007,Renfe,AVE,2026-02-09 19:00:00,2026-02-09 19:28:00,0 days 00:28:00,02861_09-02-2026-19.00,45.7,49.55,60.8,79.8,
02861,04007,04040,Renfe,AVE,2026-02-09 19:29:00,2026-02-09 20:42:00,0 days 01:13:00,02861_09-02-2026-19.00,27.3,34.15,45.4,64.4,
03309,60000,78400,Renfe,AVE,2026-02-09 19:34:00,2026-02-09 21:46:00,0 days 02:12:00,03309_09-02-2026-19.34,38.95,48.7,64.75,83.75,
03309,60000,71801,Renfe,AVE,2026-02-09 19:34:00,2026-02-09 22:55:00,0 days 03:21:00,03309_09-02-2026-19.34,47.45,59.3,78.85,97.85,
03309,60000,04007,Renfe,AVE,2026-02-09 19:34:00,2026-02-09 20:00:00,0 days 00:26:00,03309_09-02-2026-19.34,41.9,45.7,50.65,69.65,
03309,60000,04104,Renfe,AVE,2026-02-09 19:34:00,2026-02-09 22:15:00,0 days 02:41:00,03309_09-02-2026-19.34,43.0,53.75,71.5,90.5,
03309,60000,04040,Renfe,AVE,2026-02-09 19:34:00,2026-02-09 21:02:00,0 days 01:28:00,03309_09-02-2026-19.34,39.0,46.8,41.5,60.5,
03173,78400,04104,Renfe,AVE,2026-02-09 19:37:00,2026-02-09 20:04:00,0 days 00:27:00,03173_09-02-2026-17.27,45.2,49.3,54.65,73.65,
03173,78400,71801,Renfe,AVE,2026-02-09 19:37:00,2026-02-09 20:46:00,0 days 01:09:00,03173_09-02-2026-17.27,64.15,69.95,77.55,96.55,
03183,04040,71801,Renfe,AVE,2026-02-09 19:46:00,2026-02-09 21:24:00,0 days 01:38:00,03183_09-02-2026-18.27,64.1,72.1,74.55,93.55,
03183,04040,04104,Renfe,AVE,2026-02-09 19:46:00,2026-02-09 20:44:00,0 days 00:58:00,03183_09-02-2026-18.27,51.85,58.3,60.35,79.35,
00437,04040,71801,Renfe,ALVIA,2026-02-09 19:52:00,2026-02-09 22:13:00,0 days 02:21:00,00437_09-02-2026-19.52,35.6,41.5,63.1,,
00437,04040,04104,Renfe,ALVIA,2026-02-09 19:52:00,2026-02-09 21:30:00,0 days 01:38:00,00437_09-02-2026-19.52,33.6,38.4,57.45,,
00437,04040,78400,Renfe,ALVIA,2026-02-09 19:52:00,2026-02-09 20:56:00,0 days 01:04:00,00437_09-02-2026-19.52,26.65,30.5,45.6,,
03931,04040,71801,Renfe,AVE,2026-02-09 20:01:00,2026-02-09 21:58:00,0 days 01:57:00,03931_09-02-2026-20.01,56.05,64.1,74.55,93.55,
03309,04007,04040,Renfe,AVE,2026-02-09 20:01:00,2026-02-09 21:02:00,0 days 01:01:00,03309_09-02-2026-19.34,34.15,41.0,45.4,64.4,
03309,04007,71801,Renfe,AVE,2026-02-09 20:01:00,2026-02-09 22:55:00,0 days 02:54:00,03309_09-02-2026-19.34,44.65,55.8,74.2,93.2,
03931,04040,04104,Renfe,AVE,2026-02-09 20:01:00,2026-02-09 21:16:00,0 days 01:15:00,03931_09-02-2026-20.01,51.85,58.3,68.95,87.95,
03931,04040,78400,Renfe,AVE,2026-02-09 20:01:00,2026-02-09 20:48:00,0 days 00:47:00,03931_09-02-2026-20.01,41.1,46.25,54.7,73.7,
03309,04007,78400,Renfe,AVE,2026-02-09 20:01:00,2026-02-09 21:46:00,0 days 01:45:00,03309_09-02-2026-19.34,35.55,44.45,59.1,78.1,
03309,04007,04104,Renfe,AVE,2026-02-09 20:01:00,2026-02-09 22:15:00,0 days 02:14:00,03309_09-02-2026-19.34,39.85,49.8,66.25,85.25,
03173,04104,71801,Renfe,AVE,2026-02-09 20:06:00,2026-02-09 20:46:00,0 days 00:40:00,03173_09-02-2026-17.27,48.95,53.4,59.2,78.2,
03203,60000,04104,Renfe,AVE,2026-02-09 20:27:00,2026-02-09 23:07:00,0 days 02:40:00,03203_09-02-2026-20.27,43.0,53.75,100.1,119.1,
03203,60000,78400,Renfe,AVE,2026-02-09 20:27:00,2026-02-09 22:40:00,0 days 02:13:00,03203_09-02-2026-20.27,38.95,48.7,90.7,109.7,
03203,60000,71801,Renfe,AVE,2026-02-09 20:27:00,2026-02-09 23:48:00,0 days 03:21:00,03203_09-02-2026-20.27,35.6,47.45,94.65,113.65,
03203,60000,04040,Renfe,AVE,2026-02-09 20:27:00,2026-02-09 21:57:00,0 days 01:30:00,03203_09-02-2026-20.27,31.2,39.0,72.6,91.6,
03203,60000,04007,Renfe,AVE,2026-02-09 20:27:00,2026-02-09 20:52:00,0 days 00:25:00,03203_09-02-2026-20.27,45.7,49.55,60.8,79.8,
03991,04040,71801,Renfe,AVE,2026-02-09 20:38:00,2026-02-09 22:35:00,0 days 01:57:00,03991_09-02-2026-20.38,56.05,64.1,74.55,93.55,
03991,04040,78400,Renfe,AVE,2026-02-09 20:38:00,2026-02-09 21:20:00,0 days 00:42:00,03991_09-02-2026-20.38,41.1,46.25,54.7,73.7,
03941,04040,78400,Renfe,AVE,2026-02-09 20:38:00,2026-02-09 21:20:00,0 days 00:42:00,03941_09-02-2026-20.38,41.1,46.25,54.7,73.7,
03941,04040,04104,Renfe,AVE,2026-02-09 20:38:00,2026-02-09 21:51:00,0 days 01:13:00,03941_09-02-2026-20.38,51.85,58.3,68.95,87.95,
03991,04040,04104,Renfe,AVE,2026-02-09 20:38:00,2026-02-09 21:51:00,0 days 01:13:00,03991_09-02-2026-20.38,51.85,58.3,68.95,87.95,
03941,04040,71801,Renfe,AVE,2026-02-09 20:38:00,2026-02-09 22:35:00,0 days 01:57:00,03941_09-02-2026-20.38,56.05,64.1,74.55,93.55,
03183,04104,71801,Renfe,AVE,2026-02-09 20:46:00,2026-02-09 21:24:00,0 days 00:38:00,03183_09-02-2026-18.27,35.6,40.05,41.45,60.45,
03931,78400,04104,Renfe,AVE,2026-02-09 20:50:00,2026-02-09 21:16:00,0 days 00:26:00,03931_09-02-2026-20.01,32.9,37.0,43.75,62.75,
03931,78400,71801,Renfe,AVE,2026-02-09 20:50:00,2026-02-09 21:58:00,0 days 01:08:00,03931_09-02-2026-20.01,46.65,52.45,62.05,81.05,
03203,04007,04104,Renfe,AVE,2026-02-09 20:53:00,2026-02-09 23:07:00,0 days 02:14:00,03203_09-02-2026-20.27,39.85,49.8,92.75,111.75,
03203,04007,78400,Renfe,AVE,2026-02-09 20:53:00,2026-02-09 22:40:00,0 days 01:47:00,03203_09-02-2026-20.27,35.55,44.45,82.75,101.75,
03203,04007,71801,Renfe,AVE,2026-02-09 20:53:00,2026-02-09 23:48:00,0 days 02:55:00,03203_09-02-2026-20.27,33.5,44.65,89.05,108.05,
03203,04007,04040,Renfe,AVE,2026-02-09 20:53:00,2026-02-09 21:57:00,0 days 01:04:00,03203_09-02-2026-20.27,27.3,34.15,63.6,82.6,
00437,78400,04104,Renfe,ALVIA,2026-02-09 20:58:00,2026-02-09 21:30:00,0 days 00:32:00,00437_09-02-2026-19.52,21.35,24.4,36.5,,
00437,78400,71801,Renfe,ALVIA,2026-02-09 20:58:00,2026-02-09 22:13:00,0 days 01:15:00,00437_09-02-2026-19.52,30.25,34.55,51.7,,
03309,04040,04104,Renfe,AVE,2026-02-09 21:03:00,2026-02-09 22:15:00,0 days 01:12:00,03309_09-02-2026-19.34,32.4,38.9,43.1,62.1,
03309,04040,71801,Renfe,AVE,2026-02-09 21:03:00,2026-02-09 22:55:00,0 days 01:52:00,03309_09-02-2026-19.34,40.05,48.05,53.25,72.25,
03309,04040,78400,Renfe,AVE,2026-02-09 21:03:00,2026-02-09 21:46:00,0 days 00:43:00,03309_09-02-2026-19.34,25.7,30.85,34.2,53.2,
03931,04104,71801,Renfe,AVE,2026-02-09 21:18:00,2026-02-09 21:58:00,0 days 00:40:00,03931_09-02-2026-20.01,35.6,40.05,47.35,66.35,
03941,78400,04104,Renfe,AVE,2026-02-09 21:22:00,2026-02-09 21:51:00,0 days 00:29:00,03941_09-02-2026-20.38,32.9,37.0,43.75,62.75,
03991,78400,04104,Renfe,AVE,2026-02-09 21:22:00,2026-02-09 21:51:00,0 days 00:29:00,03991_09-02-2026-20.38,32.9,37.0,43.75,62.75,
03991,78400,71801,Renfe,AVE,2026-02-09 21:22:00,2026-02-09 22:35:00,0 days 01:13:00,03991_09-02-2026-20.38,46.65,52.45,62.05,81.05,
03941,78400,71801,Renfe,AVE,2026-02-09 21:22:00,2026-02-09 22:35:00,0 days 01:13:00,03941_09-02-2026-20.38,46.65,52.45,62.05,81.05,
00437,04104,71801,Renfe,ALVIA,2026-02-09 21:32:00,2026-02-09 22:13:00,0 days 00:41:00,00437_09-02-2026-19.52,23.1,26.4,39.5,,
03309,78400,04104,Renfe,AVE,2026-02-09 21:48:00,2026-02-09 22:15:00,0 days 00:27:00,03309_09-02-2026-19.34,24.65,28.75,32.8,51.8,
03309,78400,71801,Renfe,AVE,2026-02-09 21:48:00,2026-02-09 22:55:00,0 days 01:07:00,03309_09-02-2026-19.34,35.0,40.8,46.5,65.5,
03991,04104,71801,Renfe,AVE,2026-02-09 21:53:00,2026-02-09 22:35:00,0 days 00:42:00,03991_09-02-2026-20.38,35.6,40.05,47.35,66.35,
03941,04104,71801,Renfe,AVE,2026-02-09 21:53:00,2026-02-09 22:35:00,0 days 00:42:00,03941_09-02-2026-20.38,35.6,40.05,47.35,66.35,
03203,04040,04104,Renfe,AVE,2026-02-09 21:58:00,2026-02-09 23:07:00,0 days 01:09:00,03203_09-02-2026-20.27,32.4,38.9,68.95,87.95,
03203,04040,78400,Renfe,AVE,2026-02-09 21:58:00,2026-02-09 22:40:00,0 days 00:42:00,03203_09-02-2026-20.27,25.7,30.85,54.7,73.7,
03203,04040,71801,Renfe,AVE,2026-02-09 21:58:00,2026-02-09 23:48:00,0 days 01:50:00,03203_09-02-2026-20.27,32.05,40.05,74.55,93.55,
03309,04104,71801,Renfe,AVE,2026-02-09 22:17:00,2026-02-09 22:55:00,0 days 00:38:00,03309_09-02-2026-19.34,26.7,31.15,35.5,54.5,
03203,78400,71801,Renfe,AVE,2026-02-09 22:42:00,2026-02-09 23:48:00,0 days 01:06:00,03203_09-02-2026-20.27,29.15,35.0,62.05,81.05,
03203,78400,04104,Renfe,AVE,2026-02-09 22:42:00,2026-02-09 23:07:00,0 days 00:25:00,03203_09-02-2026-20.27,20.55,24.65,43.75,62.75,
03203,04104,71801,Renfe,AVE,2026-02-09 23:09:00,2026-02-09 23:48:00,0 days 00:39:00,03203_09-02-2026-20.27,22.25,26.7,47.35,66.35,
03301,60000,71801,Renfe,AVE,2026-02-10 06:16:00,2026-02-10 09:05:00,0 days 02:49:00,03301_10-02-2026-06.16,47.45,59.3,78.85,97.85,
03301,60000,04104,Renfe,AVE,2026-02-10 06:16:00,2026-02-10 08:21:00,0 days 02:05:00,03301_10-02-2026-06.16,43.0,53.75,71.5,90.5,
03063,60000,71801,Renfe,AVE,2026-02-10 06:27:00,2026-02-10 09:25:00,0 days 02:58:00,03063_10-02-2026-06.27,47.45,59.3,63.1,82.1,
03063,60000,04040,Renfe,AVE,2026-02-10 06:27:00,2026-02-10 07:52:00,0 days 01:25:00,03063_10-02-2026-06.27,31.2,39.0,51.85,70.85,
03071,60000,71801,Renfe,AVE,2026-02-10 06:57:00,2026-02-10 09:34:00,0 days 02:37:00,03071_10-02-2026-06.57,97.95,111.9,223.3,242.3,
03073,60000,04104,Renfe,AVE,2026-02-10 07:27:00,2026-02-10 10:04:00,0 days 02:37:00,03073_10-02-2026-07.27,86.0,96.75,143.0,162.0,
03073,60000,71801,Renfe,AVE,2026-02-10 07:27:00,2026-02-10 10:46:00,0 days 03:19:00,03073_10-02-2026-07.27,83.0,94.9,141.95,160.95,
03073,60000,04040,Renfe,AVE,2026-02-10 07:27:00,2026-02-10 08:51:00,0 days 01:24:00,03073_10-02-2026-07.27,62.4,70.2,103.75,122.75,
03073,60000,78400,Renfe,AVE,2026-02-10 07:27:00,2026-02-10 09:35:00,0 days 02:08:00,03073_10-02-2026-07.27,77.9,87.65,129.55,148.55,
03073,60000,04007,Renfe,AVE,2026-02-10 07:27:00,2026-02-10 07:52:00,0 days 00:25:00,03073_10-02-2026-07.27,45.7,49.55,60.8,79.8,
03073,04007,04104,Renfe,AVE,2026-02-10 07:53:00,2026-02-10 10:04:00,0 days 02:11:00,03073_10-02-2026-07.27,79.7,89.65,132.45,151.45,
03073,04007,71801,Renfe,AVE,2026-02-10 07:53:00,2026-02-10 10:46:00,0 days 02:53:00,03073_10-02-2026-07.27,78.1,89.3,133.6,152.6,
03063,04040,71801,Renfe,AVE,2026-02-10 07:53:00,2026-02-10 09:25:00,0 days 01:32:00,03063_10-02-2026-06.27,32.05,40.05,53.25,72.25,
03073,04007,04040,Renfe,AVE,2026-02-10 07:53:00,2026-02-10 08:51:00,0 days 00:58:00,03073_10-02-2026-07.27,54.65,61.45,90.85,109.85,
03073,04007,78400,Renfe,AVE,2026-02-10 07:53:00,2026-02-10 09:35:00,0 days 01:42:00,03073_10-02-2026-07.27,71.1,80.0,118.25,137.25,
03081,60000,71801,Renfe,AVE,2026-02-10 07:57:00,2026-02-10 10:34:00,0 days 02:37:00,03081_10-02-2026-07.57,111.9,125.9,130.25,149.25,
03301,04104,71801,Renfe,AVE,2026-02-10 08:23:00,2026-02-10 09:05:00,0 days 00:42:00,03301_10-02-2026-06.16,17.8,22.25,29.6,48.6,
03083,60000,04040,Renfe,AVE,2026-02-10 08:27:00,2026-02-10 09:45:00,0 days 01:18:00,03083_10-02-2026-08.27,46.8,54.6,62.25,81.25,
03083,60000,71801,Renfe,AVE,2026-02-10 08:27:00,2026-02-10 11:19:00,0 days 02:52:00,03083_10-02-2026-08.27,59.3,71.15,78.85,97.85,
03073,04040,78400,Renfe,AVE,2026-02-10 08:52:00,2026-02-10 09:35:00,0 days 00:43:00,03073_10-02-2026-07.27,46.25,51.4,75.2,94.2,
03073,04040,04104,Renfe,AVE,2026-02-10 08:52:00,2026-02-10 10:04:00,0 days 01:12:00,03073_10-02-2026-07.27,58.3,64.8,94.8,113.8,
03073,04040,71801,Renfe,AVE,2026-02-10 08:52:00,2026-02-10 10:46:00,0 days 01:54:00,03073_10-02-2026-07.27,64.1,72.1,106.55,125.55,
03091,60000,71801,Renfe,AVE,2026-02-10 08:57:00,2026-02-10 11:41:00,0 days 02:44:00,03091_10-02-2026-08.57,55.95,69.95,74.45,93.45,
03091,60000,04104,Renfe,AVE,2026-02-10 08:57:00,2026-02-10 11:01:00,0 days 02:04:00,03091_10-02-2026-08.57,53.75,64.5,71.5,90.5,
02561,60000,04104,Renfe,AVE,2026-02-10 09:27:00,2026-02-10 12:00:00,0 days 02:33:00,02561_10-02-2026-09.27,64.5,75.25,100.1,119.1,
02561,60000,71801,Renfe,AVE,2026-02-10 09:27:00,2026-02-10 12:41:00,0 days 03:14:00,02561_10-02-2026-09.27,59.3,71.15,94.65,113.65,
02561,60000,04040,Renfe,AVE,2026-02-10 09:27:00,2026-02-10 10:46:00,0 days 01:19:00,02561_10-02-2026-09.27,46.8,54.6,72.6,91.6,
02561,60000,78400,Renfe,AVE,2026-02-10 09:27:00,2026-02-10 11:32:00,0 days 02:05:00,02561_10-02-2026-09.27,58.45,68.2,90.7,109.7,
03073,78400,04104,Renfe,AVE,2026-02-10 09:37:00,2026-02-10 10:04:00,0 days 00:27:00,03073_10-02-2026-07.27,37.0,41.1,60.15,79.15,
03073,78400,71801,Renfe,AVE,2026-02-10 09:37:00,2026-02-10 10:46:00,0 days 01:09:00,03073_10-02-2026-07.27,52.45,58.3,85.3,104.3,
03083,04040,71801,Renfe,AVE,2026-02-10 09:46:00,2026-02-10 11:19:00,0 days 01:33:00,03083_10-02-2026-08.27,32.05,40.05,42.6,61.6,
03073,04104,71801,Renfe,AVE,2026-02-10 10:06:00,2026-02-10 10:46:00,0 days 00:40:00,03073_10-02-2026-07.27,40.05,44.5,65.1,84.1,
03303,60000,71801,Renfe,AVE,2026-02-10 10:27:00,2026-02-10 13:19:00,0 days 02:52:00,03303_10-02-2026-10.27,71.15,83.0,94.65,113.65,
03303,60000,04040,Renfe,AVE,2026-02-10 10:27:00,2026-02-10 11:47:00,0 days 01:20:00,03303_10-02-2026-10.27,62.4,70.2,62.25,81.25,
00605,60000,04007,Renfe,ALVIA,2026-02-10 10:32:00,2026-02-10 10:59:00,0 days 00:27:00,00605_10-02-2026-10.32,17.0,18.9,20.1,,
02561,04040,78400,Renfe,AVE,2026-02-10 10:47:00,2026-02-10 11:32:00,0 days 00:45:00,02561_10-02-2026-09.27,36.0,41.1,54.7,73.7,
02561,04040,04104,Renfe,AVE,2026-02-10 10:47:00,2026-02-10 12:00:00,0 days 01:13:00,02561_10-02-2026-09.27,45.35,51.85,68.95,87.95,
02561,04040,71801,Renfe,AVE,2026-02-10 10:47:00,2026-02-10 12:41:00,0 days 01:54:00,02561_10-02-2026-09.27,48.05,56.05,74.55,93.55,
03091,04104,71801,Renfe,AVE,2026-02-10 11:03:00,2026-02-10 11:41:00,0 days 00:38:00,03091_10-02-2026-08.57,31.5,36.75,41.9,60.9,
00533,04040,78400,Renfe,ALVIA,2026-02-10 11:09:00,2026-02-10 11:58:00,0 days 00:49:00,00533_10-02-2026-11.09,30.5,34.3,40.55,,
00533,04040,04104,Renfe,ALVIA,2026-02-10 11:09:00,2026-02-10 12:31:00,0 days 01:22:00,00533_10-02-2026-11.09,38.4,43.2,51.05,,
00533,04040,71801,Renfe,ALVIA,2026-02-10 11:09:00,2026-02-10 13:09:00,0 days 02:00:00,00533_10-02-2026-11.09,41.5,47.45,55.2,,
03113,60000,78400,Renfe,AVE,2026-02-10 11:27:00,2026-02-10 13:35:00,0 days 02:08:00,03113_10-02-2026-11.27,48.7,58.45,64.75,83.75,
03113,60000,04104,Renfe,AVE,2026-02-10 11:27:00,2026-02-10 14:04:00,0 days 02:37:00,03113_10-02-2026-11.27,53.75,64.5,71.5,90.5,
03113,60000,04040,Renfe,AVE,2026-02-10 11:27:00,2026-02-10 12:51:00,0 days 01:24:00,03113_10-02-2026-11.27,39.0,46.8,51.85,70.85,
03113,60000,71801,Renfe,AVE,2026-02-10 11:27:00,2026-02-10 14:46:00,0 days 03:19:00,03113_10-02-2026-11.27,47.45,59.3,63.1,82.1,
02561,78400,71801,Renfe,AVE,2026-02-10 11:34:00,2026-02-10 12:41:00,0 days 01:07:00,02561_10-02-2026-09.27,40.8,46.65,62.05,81.05,
02561,78400,04104,Renfe,AVE,2026-02-10 11:34:00,2026-02-10 12:00:00,0 days 00:26:00,02561_10-02-2026-09.27,28.75,32.9,43.75,62.75,
03303,04040,71801,Renfe,AVE,2026-02-10 11:48:00,2026-02-10 13:19:00,0 days 01:31:00,03303_10-02-2026-10.27,64.1,72.1,85.25,104.25,
00533,78400,71801,Renfe,ALVIA,2026-02-10 12:00:00,2026-02-10 13:09:00,0 days 01:09:00,00533_10-02-2026-11.09,34.55,38.9,45.95,,
34433,78400,71801,Renfe,AVANT,2026-02-10 12:00:00,2026-02-10 13:09:00,0 days 01:09:00,34433_10-02-2026-12.00,,,,,31.5
00533,78400,04104,Renfe,ALVIA,2026-02-10 12:00:00,2026-02-10 12:31:00,0 days 00:31:00,00533_10-02-2026-11.09,24.4,27.45,32.45,,
34433,78400,04104,Renfe,AVANT,2026-02-10 12:00:00,2026-02-10 12:31:00,0 days 00:31:00,34433_10-02-2026-12.00,,,,,15.0
02561,04104,71801,Renfe,AVE,2026-02-10 12:02:00,2026-02-10 12:41:00,0 days 00:39:00,02561_10-02-2026-09.27,31.15,35.6,47.35,66.35,
02591,60000,78400,Renfe,AVE,2026-02-10 12:27:00,2026-02-10 14:29:00,0 days 02:02:00,02591_10-02-2026-12.27,48.7,58.45,77.75,96.75,
02591,60000,71801,Renfe,AVE,2026-02-10 12:27:00,2026-02-10 15:44:00,0 days 03:17:00,02591_10-02-2026-12.27,47.45,59.3,78.85,97.85,
02591,60000,04040,Renfe,AVE,2026-02-10 12:27:00,2026-02-10 13:45:00,0 days 01:18:00,02591_10-02-2026-12.27,39.0,46.8,62.25,81.25,
00533,04104,71801,Renfe,ALVIA,2026-02-10 12:33:00,2026-02-10 13:09:00,0 days 00:36:00,00533_10-02-2026-11.09,26.4,29.7,35.1,,
34433,04104,71801,Renfe,AVANT,2026-02-10 12:33:00,2026-02-10 13:09:00,0 days 00:36:00,34433_10-02-2026-12.00,,,,,18.5
03943,04040,71801,Renfe,AVE,2026-02-10 12:37:00,2026-02-10 14:25:00,0 days 01:48:00,03943_10-02-2026-12.37,48.05,56.05,63.9,82.9,
03993,04040,78400,Renfe,AVE,2026-02-10 12:37:00,2026-02-10 13:17:00,0 days 00:40:00,03993_10-02-2026-12.37,36.0,41.1,47.85,66.85,
03943,04040,78400,Renfe,AVE,2026-02-10 12:37:00,2026-02-10 13:17:00,0 days 00:40:00,03943_10-02-2026-12.37,36.0,41.1,47.85,66.85,
03993,04040,71801,Renfe,AVE,2026-02-10 12:37:00,2026-02-10 14:25:00,0 days 01:48:00,03993_10-02-2026-12.37,48.05,56.05,63.9,82.9,
03993,04040,04104,Renfe,AVE,2026-02-10 12:37:00,2026-02-10 13:43:00,0 days 01:06:00,03993_10-02-2026-12.37,45.35,51.85,60.35,79.35,
03943,04040,04104,Renfe,AVE,2026-02-10 12:37:00,2026-02-10 13:43:00,0 days 01:06:00,03943_10-02-2026-12.37,45.35,51.85,60.35,79.35,
03113,04040,04104,Renfe,AVE,2026-02-10 12:52:00,2026-02-10 14:04:00,0 days 01:12:00,03113_10-02-2026-11.27,38.9,45.35,51.7,70.7,
03113,04040,78400,Renfe,AVE,2026-02-10 12:52:00,2026-02-10 13:35:00,0 days 00:43:00,03113_10-02-2026-11.27,30.85,36.0,41.0,60.0,
03113,04040,71801,Renfe,AVE,2026-02-10 12:52:00,2026-02-10 14:46:00,0 days 01:54:00,03113_10-02-2026-11.27,40.05,48.05,53.25,72.25,
09725,60000,04040,Renfe,AVE INT,2026-02-10 13:15:00,2026-02-10 14:40:00,0 days 01:25:00,09725_10-02-2026-13.15,46.8,54.6,83.0,102.0,
09725,60000,71801,Renfe,AVE INT,2026-02-10 13:15:00,2026-02-10 16:19:00,0 days 03:04:00,09725_10-02-2026-13.15,47.45,59.3,94.65,113.65,
09725,60000,04104,Renfe,AVE INT,2026-02-10 13:15:00,2026-02-10 15:37:00,0 days 02:22:00,09725_10-02-2026-13.15,43.0,53.75,85.8,104.8,
09725,60000,04007,Renfe,AVE INT,2026-02-10 13:15:00,2026-02-10 13:41:00,0 days 00:26:00,09725_10-02-2026-13.15,15.25,19.05,25.35,44.35,
03943,78400,04104,Renfe,AVE,2026-02-10 13:19:00,2026-02-10 13:43:00,0 days 00:24:00,03943_10-02-2026-12.37,28.75,32.9,38.25,57.25,
03993,78400,04104,Renfe,AVE,2026-02-10 13:19:00,2026-02-10 13:43:00,0 days 00:24:00,03993_10-02-2026-12.37,28.75,32.9,38.25,57.25,
03993,78400,71801,Renfe,AVE,2026-02-10 13:19:00,2026-02-10 14:25:00,0 days 01:06:00,03993_10-02-2026-12.37,40.8,46.65,54.3,73.3,
03943,78400,71801,Renfe,AVE,2026-02-10 13:19:00,2026-02-10 14:25:00,0 days 01:06:00,03943_10-02-2026-12.37,40.8,46.65,54.3,73.3,
34813,78400,04104,Renfe,AVANT,2026-02-10 13:37:00,2026-02-10 14:04:00,0 days 00:27:00,34813_10-02-2026-13.37,,,,,15.0
03113,78400,71801,Renfe,AVE,2026-02-10 13:37:00,2026-02-10 14:46:00,0 days 01:09:00,03113_10-02-2026-11.27,35.0,40.8,46.5,65.5,
34813,78400,71801,Renfe,AVANT,2026-02-10 13:37:00,2026-02-10 14:46:00,0 days 01:09:00,34813_10-02-2026-13.37,,,,,31.5
03113,78400,04104,Renfe,AVE,2026-02-10 13:37:00,2026-02-10 14:04:00,0 days 00:27:00,03113_10-02-2026-11.27,24.65,28.75,32.8,51.8,
09725,04007,71801,Renfe,AVE INT,2026-02-10 13:43:00,2026-02-10 16:19:00,0 days 02:36:00,09725_10-02-2026-13.15,44.65,55.8,89.05,108.05,
09725,04007,04040,Renfe,AVE INT,2026-02-10 13:43:00,2026-02-10 14:40:00,0 days 00:57:00,09725_10-02-2026-13.15,41.0,47.8,72.65,91.65,
09725,04007,04104,Renfe,AVE INT,2026-02-10 13:43:00,2026-02-10 15:37:00,0 days 01:54:00,09725_10-02-2026-13.15,39.85,49.8,79.5,98.5,
03943,04104,71801,Renfe,AVE,2026-02-10 13:45:00,2026-02-10 14:25:00,0 days 00:40:00,03943_10-02-2026-12.37,31.15,35.6,41.45,60.45,
03993,04104,71801,Renfe,AVE,2026-02-10 13:45:00,2026-02-10 14:25:00,0 days 00:40:00,03993_10-02-2026-12.37,31.15,35.6,41.45,60.45,
02591,04040,71801,Renfe,AVE,2026-02-10 13:46:00,2026-02-10 15:44:00,0 days 01:58:00,02591_10-02-2026-12.27,40.05,48.05,63.9,82.9,
02591,04040,78400,Renfe,AVE,2026-02-10 13:46:00,2026-02-10 14:29:00,0 days 00:43:00,02591_10-02-2026-12.27,30.85,36.0,47.85,66.85,
03141,60000,71801,Renfe,AVE,2026-02-10 13:57:00,2026-02-10 16:34:00,0 days 02:37:00,03141_10-02-2026-13.57,153.9,167.9,223.3,242.3,
34813,04104,71801,Renfe,AVANT,2026-02-10 14:06:00,2026-02-10 14:46:00,0 days 00:40:00,34813_10-02-2026-13.37,,,,,18.5
03113,04104,71801,Renfe,AVE,2026-02-10 14:06:00,2026-02-10 14:46:00,0 days 00:40:00,03113_10-02-2026-11.27,26.7,31.15,35.5,54.5,
03143,60000,04040,Renfe,AVE,2026-02-10 14:27:00,2026-02-10 15:51:00,0 days 01:24:00,03143_10-02-2026-14.27,62.4,70.2,72.6,91.6,
03143,60000,71801,Renfe,AVE,2026-02-10 14:27:00,2026-02-10 17:24:00,0 days 02:57:00,03143_10-02-2026-14.27,83.0,94.9,94.65,113.65,
34823,78400,71801,Renfe,AVANT,2026-02-10 14:31:00,2026-02-10 15:44:00,0 days 01:13:00,34823_10-02-2026-14.31,,,,,31.5
02591,78400,71801,Renfe,AVE,2026-02-10 14:31:00,2026-02-10 15:44:00,0 days 01:13:00,02591_10-02-2026-12.27,35.0,40.8,54.3,73.3,
09725,04040,04104,Renfe,AVE INT,2026-02-10 14:43:00,2026-02-10 15:37:00,0 days 00:54:00,09725_10-02-2026-13.15,25.9,32.4,43.1,62.1,
09725,04040,71801,Renfe,AVE INT,2026-02-10 14:43:00,2026-02-10 16:19:00,0 days 01:36:00,09725_10-02-2026-13.15,48.05,56.05,85.25,104.25,
00609,60000,04007,Renfe,ALVIA,2026-02-10 14:47:00,2026-02-10 15:15:00,0 days 00:28:00,00609_10-02-2026-14.47,17.0,18.9,20.1,,
03151,60000,71801,Renfe,AVE,2026-02-10 14:57:00,2026-02-10 17:34:00,0 days 02:37:00,03151_10-02-2026-14.57,55.95,69.95,74.45,93.45,
03305,60000,78400,Renfe,AVE,2026-02-10 15:27:00,2026-02-10 17:35:00,0 days 02:08:00,03305_10-02-2026-15.27,38.95,48.7,64.75,83.75,
03305,60000,04104,Renfe,AVE,2026-02-10 15:27:00,2026-02-10 18:03:00,0 days 02:36:00,03305_10-02-2026-15.27,43.0,53.75,71.5,90.5,
03305,60000,71801,Renfe,AVE,2026-02-10 15:27:00,2026-02-10 18:46:00,0 days 03:19:00,03305_10-02-2026-15.27,47.45,59.3,78.85,97.85,
03305,60000,04040,Renfe,AVE,2026-02-10 15:27:00,2026-02-10 16:50:00,0 days 01:23:00,03305_10-02-2026-15.27,39.0,46.8,41.5,60.5,
09725,04104,71801,Renfe,AVE INT,2026-02-10 15:39:00,2026-02-10 16:19:00,0 days 00:40:00,09725_10-02-2026-13.15,17.8,22.25,29.6,48.6,
03143,04040,71801,Renfe,AVE,2026-02-10 15:52:00,2026-02-10 17:24:00,0 days 01:32:00,03143_10-02-2026-14.27,48.05,56.05,74.55,93.55,
03161,60000,71801,Renfe,AVE,2026-02-10 15:57:00,2026-02-10 18:34:00,0 days 02:37:00,03161_10-02-2026-15.57,41.95,55.95,74.45,93.45,
03163,60000,71801,Renfe,AVE,2026-02-10 16:27:00,2026-02-10 19:19:00,0 days 02:52:00,03163_10-02-2026-16.27,106.75,118.6,126.2,145.2,
03163,60000,04040,Renfe,AVE,2026-02-10 16:27:00,2026-02-10 17:45:00,0 days 01:18:00,03163_10-02-2026-16.27,78.0,85.8,93.35,112.35,
03305,04040,78400,Renfe,AVE,2026-02-10 16:51:00,2026-02-10 17:35:00,0 days 00:44:00,03305_10-02-2026-15.27,25.7,30.85,34.2,53.2,
03305,04040,04104,Renfe,AVE,2026-02-10 16:51:00,2026-02-10 18:03:00,0 days 01:12:00,03305_10-02-2026-15.27,32.4,38.9,43.1,62.1,
03305,04040,71801,Renfe,AVE,2026-02-10 16:51:00,2026-02-10 18:46:00,0 days 01:55:00,03305_10-02-2026-15.27,40.05,48.05,53.25,72.25,
03171,60000,71801,Renfe,AVE,2026-02-10 16:57:00,2026-02-10 19:34:00,0 days 02:37:00,03171_10-02-2026-16.57,69.95,83.95,93.05,112.05,
03173,60000,71801,Renfe,AVE,2026-02-10 17:27:00,2026-02-10 20:46:00,0 days 03:19:00,03173_10-02-2026-17.27,94.9,106.75,110.4,129.4,
03173,60000,04007,Renfe,AVE,2026-02-10 17:27:00,2026-02-10 17:53:00,0 days 00:26:00,03173_10-02-2026-17.27,45.7,49.55,60.8,79.8,
03173,60000,78400,Renfe,AVE,2026-02-10 17:27:00,2026-02-10 19:35:00,0 days 02:08:00,03173_10-02-2026-17.27,87.65,97.4,103.65,122.65,
03173,60000,04040,Renfe,AVE,2026-02-10 17:27:00,2026-02-10 18:51:00,0 days 01:24:00,03173_10-02-2026-17.27,70.2,78.0,83.0,102.0,
03173,60000,04104,Renfe,AVE,2026-02-10 17:27:00,2026-02-10 20:04:00,0 days 02:37:00,03173_10-02-2026-17.27,96.75,107.5,114.4,133.4,
03305,78400,71801,Renfe,AVE,2026-02-10 17:37:00,2026-02-10 18:46:00,0 days 01:09:00,03305_10-02-2026-15.27,35.0,40.8,46.5,65.5,
03305,78400,04104,Renfe,AVE,2026-02-10 17:37:00,2026-02-10 18:03:00,0 days 00:26:00,03305_10-02-2026-15.27,24.65,28.75,32.8,51.8,
03163,04040,71801,Renfe,AVE,2026-02-10 17:46:00,2026-02-10 19:19:00,0 days 01:33:00,03163_10-02-2026-16.27,72.1,80.1,85.25,104.25,
03173,04007,04040,Renfe,AVE,2026-02-10 17:54:00,2026-02-10 18:51:00,0 days 00:57:00,03173_10-02-2026-17.27,61.45,68.3,72.65,91.65,
03173,04007,04104,Renfe,AVE,2026-02-10 17:54:00,2026-02-10 20:04:00,0 days 02:10:00,03173_10-02-2026-17.27,89.65,99.6,105.95,124.95,
03173,04007,78400,Renfe,AVE,2026-02-10 17:54:00,2026-02-10 19:35:00,0 days 01:41:00,03173_10-02-2026-17.27,80.0,88.9,94.6,113.6,
03173,04007,71801,Renfe,AVE,2026-02-10 17:54:00,2026-02-10 20:46:00,0 days 02:52:00,03173_10-02-2026-17.27,89.3,100.45,103.9,122.9,
02553,60000,71801,Renfe,AVE,2026-02-10 17:57:00,2026-02-10 20:34:00,0 days 02:37:00,02553_10-02-2026-17.57,130.45,142.3,157.75,176.75,
03305,04104,71801,Renfe,AVE,2026-02-10 18:05:00,2026-02-10 18:46:00,0 days 00:41:00,03305_10-02-2026-15.27,26.7,31.15,35.5,54.5,
03183,60000,04040,Renfe,AVE,2026-02-10 18:27:00,2026-02-10 19:45:00,0 days 01:18:00,03183_10-02-2026-18.27,54.6,62.4,72.6,91.6,
03183,60000,71801,Renfe,AVE,2026-02-10 18:27:00,2026-02-10 21:24:00,0 days 02:57:00,03183_10-02-2026-18.27,71.15,83.0,94.65,113.65,
03183,60000,04104,Renfe,AVE,2026-02-10 18:27:00,2026-02-10 20:44:00,0 days 02:17:00,03183_10-02-2026-18.27,64.5,75.25,85.8,104.8,
03173,04040,04104,Renfe,AVE,2026-02-10 18:52:00,2026-02-10 20:04:00,0 days 01:12:00,03173_10-02-2026-17.27,64.8,71.3,77.55,96.55,
03173,04040,78400,Renfe,AVE,2026-02-10 18:52:00,2026-02-10 19:35:00,0 days 00:43:00,03173_10-02-2026-17.27,51.4,56.55,61.55,80.55,
03173,04040,71801,Renfe,AVE,2026-02-10 18:52:00,2026-02-10 20:46:00,0 days 01:54:00,03173_10-02-2026-17.27,72.1,80.1,85.25,104.25,
03191,60000,71801,Renfe,AVE,2026-02-10 18:57:00,2026-02-10 21:34:00,0 days 02:37:00,03191_10-02-2026-18.57,42.0,56.0,74.5,93.5,
02861,60000,04040,Renfe,AVE,2026-02-10 19:00:00,2026-02-10 20:42:00,0 days 01:42:00,02861_10-02-2026-19.00,23.4,31.2,51.85,70.85,
02861,60000,04007,Renfe,AVE,2026-02-10 19:00:00,2026-02-10 19:28:00,0 days 00:28:00,02861_10-02-2026-19.00,45.7,49.55,60.8,79.8,
02861,04007,04040,Renfe,AVE,2026-02-10 19:29:00,2026-02-10 20:42:00,0 days 01:13:00,02861_10-02-2026-19.00,20.5,27.3,45.4,64.4,
03309,60000,71801,Renfe,AVE,2026-02-10 19:34:00,2026-02-10 22:55:00,0 days 03:21:00,03309_10-02-2026-19.34,47.45,59.3,78.85,97.85,
03309,60000,78400,Renfe,AVE,2026-02-10 19:34:00,2026-02-10 21:46:00,0 days 02:12:00,03309_10-02-2026-19.34,38.95,48.7,64.75,83.75,
03309,60000,04104,Renfe,AVE,2026-02-10 19:34:00,2026-02-10 22:15:00,0 days 02:41:00,03309_10-02-2026-19.34,43.0,53.75,71.5,90.5,
03309,60000,04040,Renfe,AVE,2026-02-10 19:34:00,2026-02-10 21:02:00,0 days 01:28:00,03309_10-02-2026-19.34,39.0,46.8,41.5,60.5,
03309,60000,04007,Renfe,AVE,2026-02-10 19:34:00,2026-02-10 20:00:00,0 days 00:26:00,03309_10-02-2026-19.34,41.9,45.7,50.65,69.65,
03173,78400,71801,Renfe,AVE,2026-02-10 19:37:00,2026-02-10 20:46:00,0 days 01:09:00,03173_10-02-2026-17.27,58.3,64.15,69.8,88.8,
03173,78400,04104,Renfe,AVE,2026-02-10 19:37:00,2026-02-10 20:04:00,0 days 00:27:00,03173_10-02-2026-17.27,41.1,45.2,49.2,68.2,
03183,04040,71801,Renfe,AVE,2026-02-10 19:46:00,2026-02-10 21:24:00,0 days 01:38:00,03183_10-02-2026-18.27,48.05,56.05,63.9,82.9,
03183,04040,04104,Renfe,AVE,2026-02-10 19:46:00,2026-02-10 20:44:00,0 days 00:58:00,03183_10-02-2026-18.27,38.9,45.35,51.7,70.7,
00437,04040,71801,Renfe,ALVIA,2026-02-10 19:52:00,2026-02-10 22:13:00,0 days 02:21:00,00437_10-02-2026-19.52,35.6,41.5,47.3,,
00437,04040,78400,Renfe,ALVIA,2026-02-10 19:52:00,2026-02-10 20:56:00,0 days 01:04:00,00437_10-02-2026-19.52,26.65,30.5,35.45,,
00437,04040,04104,Renfe,ALVIA,2026-02-10 19:52:00,2026-02-10 21:30:00,0 days 01:38:00,00437_10-02-2026-19.52,33.6,38.4,44.7,,
03309,04007,04040,Renfe,AVE,2026-02-10 20:01:00,2026-02-10 21:02:00,0 days 01:01:00,03309_10-02-2026-19.34,34.15,41.0,45.4,64.4,
03931,04040,78400,Renfe,AVE,2026-02-10 20:01:00,2026-02-10 20:48:00,0 days 00:47:00,03931_10-02-2026-20.01,30.85,36.0,41.0,60.0,
03309,04007,78400,Renfe,AVE,2026-02-10 20:01:00,2026-02-10 21:46:00,0 days 01:45:00,03309_10-02-2026-19.34,35.55,44.45,59.1,78.1,
03309,04007,04104,Renfe,AVE,2026-02-10 20:01:00,2026-02-10 22:15:00,0 days 02:14:00,03309_10-02-2026-19.34,39.85,49.8,66.25,85.25,
03309,04007,71801,Renfe,AVE,2026-02-10 20:01:00,2026-02-10 22:55:00,0 days 02:54:00,03309_10-02-2026-19.34,44.65,55.8,74.2,93.2,
03931,04040,71801,Renfe,AVE,2026-02-10 20:01:00,2026-02-10 21:58:00,0 days 01:57:00,03931_10-02-2026-20.01,40.05,48.05,53.25,72.25,
03931,04040,04104,Renfe,AVE,2026-02-10 20:01:00,2026-02-10 21:16:00,0 days 01:15:00,03931_10-02-2026-20.01,38.9,45.35,51.7,70.7,
03173,04104,71801,Renfe,AVE,2026-02-10 20:06:00,2026-02-10 20:46:00,0 days 00:40:00,03173_10-02-2026-17.27,44.5,48.95,53.25,72.25,
03203,60000,78400,Renfe,AVE,2026-02-10 20:27:00,2026-02-10 22:40:00,0 days 02:13:00,03203_10-02-2026-20.27,48.7,58.45,64.75,83.75,
03203,60000,04104,Renfe,AVE,2026-02-10 20:27:00,2026-02-10 23:07:00,0 days 02:40:00,03203_10-02-2026-20.27,53.75,64.5,71.5,90.5,
03203,60000,04040,Renfe,AVE,2026-02-10 20:27:00,2026-02-10 21:57:00,0 days 01:30:00,03203_10-02-2026-20.27,39.0,46.8,51.85,70.85,
03203,60000,04007,Renfe,AVE,2026-02-10 20:27:00,2026-02-10 20:52:00,0 days 00:25:00,03203_10-02-2026-20.27,45.7,49.55,60.8,79.8,
03203,60000,71801,Renfe,AVE,2026-02-10 20:27:00,2026-02-10 23:48:00,0 days 03:21:00,03203_10-02-2026-20.27,47.45,59.3,63.1,82.1,
03991,04040,78400,Renfe,AVE,2026-02-10 20:38:00,2026-02-10 21:20:00,0 days 00:42:00,03991_10-02-2026-20.38,30.85,36.0,41.0,60.0,
03941,04040,04104,Renfe,AVE,2026-02-10 20:38:00,2026-02-10 21:51:00,0 days 01:13:00,03941_10-02-2026-20.38,45.35,51.85,60.35,79.35,
03941,04040,78400,Renfe,AVE,2026-02-10 20:38:00,2026-02-10 21:20:00,0 days 00:42:00,03941_10-02-2026-20.38,36.0,41.1,47.85,66.85,
03941,04040,71801,Renfe,AVE,2026-02-10 20:38:00,2026-02-10 22:35:00,0 days 01:57:00,03941_10-02-2026-20.38,48.05,56.05,63.9,82.9,
03991,04040,71801,Renfe,AVE,2026-02-10 20:38:00,2026-02-10 22:35:00,0 days 01:57:00,03991_10-02-2026-20.38,40.05,48.05,53.25,72.25,
03991,04040,04104,Renfe,AVE,2026-02-10 20:38:00,2026-02-10 21:51:00,0 days 01:13:00,03991_10-02-2026-20.38,38.9,45.35,51.7,70.7,
03183,04104,71801,Renfe,AVE,2026-02-10 20:46:00,2026-02-10 21:24:00,0 days 00:38:00,03183_10-02-2026-18.27,26.7,31.15,35.5,54.5,
03931,78400,71801,Renfe,AVE,2026-02-10 20:50:00,2026-02-10 21:58:00,0 days 01:08:00,03931_10-02-2026-20.01,35.0,40.8,46.5,65.5,
03931,78400,04104,Renfe,AVE,2026-02-10 20:50:00,2026-02-10 21:16:00,0 days 00:26:00,03931_10-02-2026-20.01,24.65,28.75,32.8,51.8,
03203,04007,71801,Renfe,AVE,2026-02-10 20:53:00,2026-02-10 23:48:00,0 days 02:55:00,03203_10-02-2026-20.27,44.65,55.8,59.35,78.35,
03203,04007,04040,Renfe,AVE,2026-02-10 20:53:00,2026-02-10 21:57:00,0 days 01:04:00,03203_10-02-2026-20.27,34.15,41.0,45.4,64.4,
03203,04007,78400,Renfe,AVE,2026-02-10 20:53:00,2026-02-10 22:40:00,0 days 01:47:00,03203_10-02-2026-20.27,44.45,53.35,59.1,78.1,
03203,04007,04104,Renfe,AVE,2026-02-10 20:53:00,2026-02-10 23:07:00,0 days 02:14:00,03203_10-02-2026-20.27,49.8,59.75,66.25,85.25,
00437,78400,04104,Renfe,ALVIA,2026-02-10 20:58:00,2026-02-10 21:30:00,0 days 00:32:00,00437_10-02-2026-19.52,21.35,24.4,28.4,,
00437,78400,71801,Renfe,ALVIA,2026-02-10 20:58:00,2026-02-10 22:13:00,0 days 01:15:00,00437_10-02-2026-19.52,30.25,34.55,40.2,,
03309,04040,04104,Renfe,AVE,2026-02-10 21:03:00,2026-02-10 22:15:00,0 days 01:12:00,03309_10-02-2026-19.34,32.4,38.9,43.1,62.1,
03309,04040,71801,Renfe,AVE,2026-02-10 21:03:00,2026-02-10 22:55:00,0 days 01:52:00,03309_10-02-2026-19.34,40.05,48.05,53.25,72.25,
03309,04040,78400,Renfe,AVE,2026-02-10 21:03:00,2026-02-10 21:46:00,0 days 00:43:00,03309_10-02-2026-19.34,25.7,30.85,34.2,53.2,
03931,04104,71801,Renfe,AVE,2026-02-10 21:18:00,2026-02-10 21:58:00,0 days 00:40:00,03931_10-02-2026-20.01,26.7,31.15,35.5,54.5,
03991,78400,71801,Renfe,AVE,2026-02-10 21:22:00,2026-02-10 22:35:00,0 days 01:13:00,03991_10-02-2026-20.38,35.0,40.8,46.5,65.5,
03991,78400,04104,Renfe,AVE,2026-02-10 21:22:00,2026-02-10 21:51:00,0 days 00:29:00,03991_10-02-2026-20.38,24.65,28.75,32.8,51.8,
03941,78400,04104,Renfe,AVE,2026-02-10 21:22:00,2026-02-10 21:51:00,0 days 00:29:00,03941_10-02-2026-20.38,28.75,32.9,38.25,57.25,
03941,78400,71801,Renfe,AVE,2026-02-10 21:22:00,2026-02-10 22:35:00,0 days 01:13:00,03941_10-02-2026-20.38,40.8,46.65,54.3,73.3,
00437,04104,71801,Renfe,ALVIA,2026-02-10 21:32:00,2026-02-10 22:13:00,0 days 00:41:00,00437_10-02-2026-19.52,23.1,26.4,30.7,,
03309,78400,71801,Renfe,AVE,2026-02-10 21:48:00,2026-02-10 22:55:00,0 days 01:07:00,03309_10-02-2026-19.34,35.0,40.8,46.5,65.5,
03309,78400,04104,Renfe,AVE,2026-02-10 21:48:00,2026-02-10 22:15:00,0 days 00:27:00,03309_10-02-2026-19.34,24.65,28.75,32.8,51.8,
03941,04104,71801,Renfe,AVE,2026-02-10 21:53:00,2026-02-10 22:35:00,0 days 00:42:00,03941_10-02-2026-20.38,31.15,35.6,41.45,60.45,
03991,04104,71801,Renfe,AVE,2026-02-10 21:53:00,2026-02-10 22:35:00,0 days 00:42:00,03991_10-02-2026-20.38,26.7,31.15,35.5,54.5,
03203,04040,04104,Renfe,AVE,2026-02-10 21:58:00,2026-02-10 23:07:00,0 days 01:09:00,03203_10-02-2026-20.27,38.9,45.35,51.7,70.7,
03203,04040,78400,Renfe,AVE,2026-02-10 21:58:00,2026-02-10 22:40:00,0 days 00:42:00,03203_10-02-2026-20.27,30.85,36.0,41.0,60.0,
03203,04040,71801,Renfe,AVE,2026-02-10 21:58:00,2026-02-10 23:48:00,0 days 01:50:00,03203_10-02-2026-20.27,40.05,48.05,53.25,72.25,
03309,04104,71801,Renfe,AVE,2026-02-10 22:17:00,2026-02-10 22:55:00,0 days 00:38:00,03309_10-02-2026-19.34,26.7,31.15,35.5,54.5,
03203,78400,71801,Renfe,AVE,2026-02-10 22:42:00,2026-02-10 23:48:00,0 days 01:06:00,03203_10-02-2026-20.27,35.0,40.8,46.5,65.5,
03203,78400,04104,Renfe,AVE,2026-02-10 22:42:00,2026-02-10 23:07:00,0 days 00:25:00,03203_10-02-2026-20.27,24.65,28.75,32.8,51.8,
03203,04104,71801,Renfe,AVE,2026-02-10 23:09:00,2026-02-10 23:48:00,0 days 00:39:00,03203_10-02-2026-20.27,26.7,31.15,35.5,54.5,
03301,60000,04104,Renfe,AVE,2026-02-11 06:16:00,2026-02-11 08:21:00,0 days 02:05:00,03301_11-02-2026-06.16,43.0,53.75,71.5,90.5,
03301,60000,71801,Renfe,AVE,2026-02-11 06:16:00,2026-02-11 09:05:00,0 days 02:49:00,03301_11-02-2026-06.16,47.45,59.3,78.85,97.85,
03063,60000,71801,Renfe,AVE,2026-02-11 06:27:00,2026-02-11 09:25:00,0 days 02:58:00,03063_11-02-2026-06.27,35.6,47.45,63.1,82.1,
03063,60000,04040,Renfe,AVE,2026-02-11 06:27:00,2026-02-11 07:52:00,0 days 01:25:00,03063_11-02-2026-06.27,31.2,39.0,51.85,70.85,
03071,60000,71801,Renfe,AVE,2026-02-11 06:57:00,2026-02-11 09:34:00,0 days 02:37:00,03071_11-02-2026-06.57,83.95,97.95,223.3,242.3,
03073,60000,04007,Renfe,AVE,2026-02-11 07:27:00,2026-02-11 07:52:00,0 days 00:25:00,03073_11-02-2026-07.27,45.7,49.55,60.8,79.8,
03073,60000,78400,Renfe,AVE,2026-02-11 07:27:00,2026-02-11 09:35:00,0 days 02:08:00,03073_11-02-2026-07.27,77.9,87.65,90.7,109.7,
03073,60000,04104,Renfe,AVE,2026-02-11 07:27:00,2026-02-11 10:04:00,0 days 02:37:00,03073_11-02-2026-07.27,86.0,96.75,100.1,119.1,
03073,60000,71801,Renfe,AVE,2026-02-11 07:27:00,2026-02-11 10:46:00,0 days 03:19:00,03073_11-02-2026-07.27,83.0,94.9,94.65,113.65,
03073,60000,04040,Renfe,AVE,2026-02-11 07:27:00,2026-02-11 08:51:00,0 days 01:24:00,03073_11-02-2026-07.27,62.4,70.2,72.6,91.6,
03073,04007,04040,Renfe,AVE,2026-02-11 07:53:00,2026-02-11 08:51:00,0 days 00:58:00,03073_11-02-2026-07.27,54.65,61.45,63.6,82.6,
03073,04007,71801,Renfe,AVE,2026-02-11 07:53:00,2026-02-11 10:46:00,0 days 02:53:00,03073_11-02-2026-07.27,78.1,89.3,89.05,108.05,
03073,04007,78400,Renfe,AVE,2026-02-11 07:53:00,2026-02-11 09:35:00,0 days 01:42:00,03073_11-02-2026-07.27,71.1,80.0,82.75,101.75,
03073,04007,04104,Renfe,AVE,2026-02-11 07:53:00,2026-02-11 10:04:00,0 days 02:11:00,03073_11-02-2026-07.27,79.7,89.65,92.75,111.75,
03063,04040,71801,Renfe,AVE,2026-02-11 07:53:00,2026-02-11 09:25:00,0 days 01:32:00,03063_11-02-2026-06.27,32.05,40.05,53.25,72.25,
03081,60000,71801,Renfe,AVE,2026-02-11 07:57:00,2026-02-11 10:34:00,0 days 02:37:00,03081_11-02-2026-07.57,111.9,125.9,130.25,149.25,
03301,04104,71801,Renfe,AVE,2026-02-11 08:23:00,2026-02-11 09:05:00,0 days 00:42:00,03301_11-02-2026-06.16,17.8,22.25,29.6,48.6,
03083,60000,71801,Renfe,AVE,2026-02-11 08:27:00,2026-02-11 11:19:00,0 days 02:52:00,03083_11-02-2026-08.27,47.45,59.3,63.1,82.1,
03083,60000,04040,Renfe,AVE,2026-02-11 08:27:00,2026-02-11 09:45:00,0 days 01:18:00,03083_11-02-2026-08.27,39.0,46.8,51.85,70.85,
03073,04040,04104,Renfe,AVE,2026-02-11 08:52:00,2026-02-11 10:04:00,0 days 01:12:00,03073_11-02-2026-07.27,58.3,64.8,68.95,87.95,
03073,04040,78400,Renfe,AVE,2026-02-11 08:52:00,2026-02-11 09:35:00,0 days 00:43:00,03073_11-02-2026-07.27,46.25,51.4,54.7,73.7,
03073,04040,71801,Renfe,AVE,2026-02-11 08:52:00,2026-02-11 10:46:00,0 days 01:54:00,03073_11-02-2026-07.27,64.1,72.1,74.55,93.55,
03091,60000,71801,Renfe,AVE,2026-02-11 08:57:00,2026-02-11 11:41:00,0 days 02:44:00,03091_11-02-2026-08.57,55.95,69.95,74.45,93.45,
03091,60000,04104,Renfe,AVE,2026-02-11 08:57:00,2026-02-11 11:01:00,0 days 02:04:00,03091_11-02-2026-08.57,53.75,64.5,71.5,90.5,
02561,60000,78400,Renfe,AVE,2026-02-11 09:27:00,2026-02-11 11:32:00,0 days 02:05:00,02561_11-02-2026-09.27,68.2,77.9,90.7,109.7,
02561,60000,71801,Renfe,AVE,2026-02-11 09:27:00,2026-02-11 12:41:00,0 days 03:14:00,02561_11-02-2026-09.27,71.15,83.0,94.65,113.65,
02561,60000,04040,Renfe,AVE,2026-02-11 09:27:00,2026-02-11 10:46:00,0 days 01:19:00,02561_11-02-2026-09.27,54.6,62.4,72.6,91.6,
02561,60000,04104,Renfe,AVE,2026-02-11 09:27:00,2026-02-11 12:00:00,0 days 02:33:00,02561_11-02-2026-09.27,75.25,86.0,100.1,119.1,
03073,78400,71801,Renfe,AVE,2026-02-11 09:37:00,2026-02-11 10:46:00,0 days 01:09:00,03073_11-02-2026-07.27,52.45,58.3,62.05,81.05,
03073,78400,04104,Renfe,AVE,2026-02-11 09:37:00,2026-02-11 10:04:00,0 days 00:27:00,03073_11-02-2026-07.27,37.0,41.1,43.75,62.75,
03083,04040,71801,Renfe,AVE,2026-02-11 09:46:00,2026-02-11 11:19:00,0 days 01:33:00,03083_11-02-2026-08.27,24.05,32.05,42.6,61.6,
03073,04104,71801,Renfe,AVE,2026-02-11 10:06:00,2026-02-11 10:46:00,0 days 00:40:00,03073_11-02-2026-07.27,40.05,44.5,47.35,66.35,
03303,60000,04040,Renfe,AVE,2026-02-11 10:27:00,2026-02-11 11:47:00,0 days 01:20:00,03303_11-02-2026-10.27,62.4,70.2,62.25,81.25,
03303,60000,71801,Renfe,AVE,2026-02-11 10:27:00,2026-02-11 13:19:00,0 days 02:52:00,03303_11-02-2026-10.27,71.15,83.0,94.65,113.65,
00605,60000,04007,Renfe,ALVIA,2026-02-11 10:32:00,2026-02-11 10:59:00,0 days 00:27:00,00605_11-02-2026-10.32,17.0,18.9,20.1,,
02561,04040,04104,Renfe,AVE,2026-02-11 10:47:00,2026-02-11 12:00:00,0 days 01:13:00,02561_11-02-2026-09.27,51.85,58.3,68.95,87.95,
02561,04040,71801,Renfe,AVE,2026-02-11 10:47:00,2026-02-11 12:41:00,0 days 01:54:00,02561_11-02-2026-09.27,56.05,64.1,74.55,93.55,
02561,04040,78400,Renfe,AVE,2026-02-11 10:47:00,2026-02-11 11:32:00,0 days 00:45:00,02561_11-02-2026-09.27,41.1,46.25,54.7,73.7,
03091,04104,71801,Renfe,AVE,2026-02-11 11:03:00,2026-02-11 11:41:00,0 days 00:38:00,03091_11-02-2026-08.57,31.5,36.75,41.9,60.9,
00533,04040,04104,Renfe,ALVIA,2026-02-11 11:09:00,2026-02-11 12:31:00,0 days 01:22:00,00533_11-02-2026-11.09,33.6,38.4,44.7,,
00533,04040,71801,Renfe,ALVIA,2026-02-11 11:09:00,2026-02-11 13:09:00,0 days 02:00:00,00533_11-02-2026-11.09,35.6,41.5,47.3,,
00533,04040,78400,Renfe,ALVIA,2026-02-11 11:09:00,2026-02-11 11:58:00,0 days 00:49:00,00533_11-02-2026-11.09,26.65,30.5,35.45,,
03113,60000,04040,Renfe,AVE,2026-02-11 11:27:00,2026-02-11 12:51:00,0 days 01:24:00,03113_11-02-2026-11.27,39.0,46.8,51.85,70.85,
03113,60000,71801,Renfe,AVE,2026-02-11 11:27:00,2026-02-11 14:46:00,0 days 03:19:00,03113_11-02-2026-11.27,47.45,59.3,63.1,82.1,
03113,60000,78400,Renfe,AVE,2026-02-11 11:27:00,2026-02-11 13:35:00,0 days 02:08:00,03113_11-02-2026-11.27,48.7,58.45,64.75,83.75,
03113,60000,04104,Renfe,AVE,2026-02-11 11:27:00,2026-02-11 14:04:00,0 days 02:37:00,03113_11-02-2026-11.27,53.75,64.5,71.5,90.5,
02561,78400,71801,Renfe,AVE,2026-02-11 11:34:00,2026-02-11 12:41:00,0 days 01:07:00,02561_11-02-2026-09.27,46.65,52.45,62.05,81.05,
02561,78400,04104,Renfe,AVE,2026-02-11 11:34:00,2026-02-11 12:00:00,0 days 00:26:00,02561_11-02-2026-09.27,32.9,37.0,43.75,62.75,
03303,04040,71801,Renfe,AVE,2026-02-11 11:48:00,2026-02-11 13:19:00,0 days 01:31:00,03303_11-02-2026-10.27,64.1,72.1,85.25,104.25,
00533,78400,71801,Renfe,ALVIA,2026-02-11 12:00:00,2026-02-11 13:09:00,0 days 01:09:00,00533_11-02-2026-11.09,30.25,34.55,40.2,,
34433,78400,71801,Renfe,AVANT,2026-02-11 12:00:00,2026-02-11 13:09:00,0 days 01:09:00,34433_11-02-2026-12.00,,,,,31.5
34433,78400,04104,Renfe,AVANT,2026-02-11 12:00:00,2026-02-11 12:31:00,0 days 00:31:00,34433_11-02-2026-12.00,,,,,15.0
00533,78400,04104,Renfe,ALVIA,2026-02-11 12:00:00,2026-02-11 12:31:00,0 days 00:31:00,00533_11-02-2026-11.09,21.35,24.4,28.4,,
02561,04104,71801,Renfe,AVE,2026-02-11 12:02:00,2026-02-11 12:41:00,0 days 00:39:00,02561_11-02-2026-09.27,35.6,40.05,47.35,66.35,
02591,60000,78400,Renfe,AVE,2026-02-11 12:27:00,2026-02-11 14:29:00,0 days 02:02:00,02591_11-02-2026-12.27,38.95,48.7,64.75,83.75,
02591,60000,71801,Renfe,AVE,2026-02-11 12:27:00,2026-02-11 15:44:00,0 days 03:17:00,02591_11-02-2026-12.27,35.6,47.45,63.1,82.1,
02591,60000,04040,Renfe,AVE,2026-02-11 12:27:00,2026-02-11 13:45:00,0 days 01:18:00,02591_11-02-2026-12.27,31.2,39.0,51.85,70.85,
00533,04104,71801,Renfe,ALVIA,2026-02-11 12:33:00,2026-02-11 13:09:00,0 days 00:36:00,00533_11-02-2026-11.09,23.1,26.4,30.7,,
34433,04104,71801,Renfe,AVANT,2026-02-11 12:33:00,2026-02-11 13:09:00,0 days 00:36:00,34433_11-02-2026-12.00,,,,,18.5
03993,04040,71801,Renfe,AVE,2026-02-11 12:37:00,2026-02-11 14:25:00,0 days 01:48:00,03993_11-02-2026-12.37,56.05,64.1,74.55,93.55,
03993,04040,78400,Renfe,AVE,2026-02-11 12:37:00,2026-02-11 13:17:00,0 days 00:40:00,03993_11-02-2026-12.37,41.1,46.25,54.7,73.7,
03993,04040,04104,Renfe,AVE,2026-02-11 12:37:00,2026-02-11 13:43:00,0 days 01:06:00,03993_11-02-2026-12.37,51.85,58.3,68.95,87.95,
03943,04040,78400,Renfe,AVE,2026-02-11 12:37:00,2026-02-11 13:17:00,0 days 00:40:00,03943_11-02-2026-12.37,46.25,51.4,61.55,80.55,
03943,04040,71801,Renfe,AVE,2026-02-11 12:37:00,2026-02-11 14:25:00,0 days 01:48:00,03943_11-02-2026-12.37,64.1,72.1,85.25,104.25,
03943,04040,04104,Renfe,AVE,2026-02-11 12:37:00,2026-02-11 13:43:00,0 days 01:06:00,03943_11-02-2026-12.37,58.3,64.8,77.55,96.55,
03113,04040,71801,Renfe,AVE,2026-02-11 12:52:00,2026-02-11 14:46:00,0 days 01:54:00,03113_11-02-2026-11.27,40.05,48.05,53.25,72.25,
03113,04040,78400,Renfe,AVE,2026-02-11 12:52:00,2026-02-11 13:35:00,0 days 00:43:00,03113_11-02-2026-11.27,30.85,36.0,41.0,60.0,
03113,04040,04104,Renfe,AVE,2026-02-11 12:52:00,2026-02-11 14:04:00,0 days 01:12:00,03113_11-02-2026-11.27,38.9,45.35,51.7,70.7,
09725,60000,04007,Renfe,AVE INT,2026-02-11 13:15:00,2026-02-11 13:41:00,0 days 00:26:00,09725_11-02-2026-13.15,15.25,19.05,25.35,44.35,
09725,60000,04040,Renfe,AVE INT,2026-02-11 13:15:00,2026-02-11 14:40:00,0 days 01:25:00,09725_11-02-2026-13.15,46.8,54.6,83.0,102.0,
09725,60000,71801,Renfe,AVE INT,2026-02-11 13:15:00,2026-02-11 16:19:00,0 days 03:04:00,09725_11-02-2026-13.15,47.45,59.3,94.65,113.65,
09725,60000,04104,Renfe,AVE INT,2026-02-11 13:15:00,2026-02-11 15:37:00,0 days 02:22:00,09725_11-02-2026-13.15,43.0,53.75,85.8,104.8,
03993,78400,04104,Renfe,AVE,2026-02-11 13:19:00,2026-02-11 13:43:00,0 days 00:24:00,03993_11-02-2026-12.37,32.9,37.0,43.75,62.75,
03943,78400,04104,Renfe,AVE,2026-02-11 13:19:00,2026-02-11 13:43:00,0 days 00:24:00,03943_11-02-2026-12.37,37.0,41.1,49.2,68.2,
03943,78400,71801,Renfe,AVE,2026-02-11 13:19:00,2026-02-11 14:25:00,0 days 01:06:00,03943_11-02-2026-12.37,52.45,58.3,69.8,88.8,
03993,78400,71801,Renfe,AVE,2026-02-11 13:19:00,2026-02-11 14:25:00,0 days 01:06:00,03993_11-02-2026-12.37,46.65,52.45,62.05,81.05,
34813,78400,04104,Renfe,AVANT,2026-02-11 13:37:00,2026-02-11 14:04:00,0 days 00:27:00,34813_11-02-2026-13.37,,,,,15.0
03113,78400,04104,Renfe,AVE,2026-02-11 13:37:00,2026-02-11 14:04:00,0 days 00:27:00,03113_11-02-2026-11.27,24.65,28.75,32.8,51.8,
34813,78400,71801,Renfe,AVANT,2026-02-11 13:37:00,2026-02-11 14:46:00,0 days 01:09:00,34813_11-02-2026-13.37,,,,,31.5
03113,78400,71801,Renfe,AVE,2026-02-11 13:37:00,2026-02-11 14:46:00,0 days 01:09:00,03113_11-02-2026-11.27,35.0,40.8,46.5,65.5,
09725,04007,71801,Renfe,AVE INT,2026-02-11 13:43:00,2026-02-11 16:19:00,0 days 02:36:00,09725_11-02-2026-13.15,44.65,55.8,89.05,108.05,
09725,04007,04104,Renfe,AVE INT,2026-02-11 13:43:00,2026-02-11 15:37:00,0 days 01:54:00,09725_11-02-2026-13.15,39.85,49.8,79.5,98.5,
09725,04007,04040,Renfe,AVE INT,2026-02-11 13:43:00,2026-02-11 14:40:00,0 days 00:57:00,09725_11-02-2026-13.15,41.0,47.8,72.65,91.65,
03993,04104,71801,Renfe,AVE,2026-02-11 13:45:00,2026-02-11 14:25:00,0 days 00:40:00,03993_11-02-2026-12.37,35.6,40.05,47.35,66.35,
03943,04104,71801,Renfe,AVE,2026-02-11 13:45:00,2026-02-11 14:25:00,0 days 00:40:00,03943_11-02-2026-12.37,40.05,44.5,53.25,72.25,
02591,04040,78400,Renfe,AVE,2026-02-11 13:46:00,2026-02-11 14:29:00,0 days 00:43:00,02591_11-02-2026-12.27,20.55,25.7,41.0,60.0,
02591,04040,71801,Renfe,AVE,2026-02-11 13:46:00,2026-02-11 15:44:00,0 days 01:58:00,02591_11-02-2026-12.27,24.05,32.05,53.25,72.25,
03141,60000,71801,Renfe,AVE,2026-02-11 13:57:00,2026-02-11 16:34:00,0 days 02:37:00,03141_11-02-2026-13.57,153.9,167.9,223.3,242.3,
34813,04104,71801,Renfe,AVANT,2026-02-11 14:06:00,2026-02-11 14:46:00,0 days 00:40:00,34813_11-02-2026-13.37,,,,,18.5
03113,04104,71801,Renfe,AVE,2026-02-11 14:06:00,2026-02-11 14:46:00,0 days 00:40:00,03113_11-02-2026-11.27,26.7,31.15,35.5,54.5,
03143,60000,71801,Renfe,AVE,2026-02-11 14:27:00,2026-02-11 17:24:00,0 days 02:57:00,03143_11-02-2026-14.27,94.9,106.75,126.2,145.2,
03143,60000,04040,Renfe,AVE,2026-02-11 14:27:00,2026-02-11 15:51:00,0 days 01:24:00,03143_11-02-2026-14.27,70.2,78.0,93.35,112.35,
02591,78400,71801,Renfe,AVE,2026-02-11 14:31:00,2026-02-11 15:44:00,0 days 01:13:00,02591_11-02-2026-12.27,23.3,29.15,46.5,65.5,
34823,78400,71801,Renfe,AVANT,2026-02-11 14:31:00,2026-02-11 15:44:00,0 days 01:13:00,34823_11-02-2026-14.31,,,,,31.5
09725,04040,71801,Renfe,AVE INT,2026-02-11 14:43:00,2026-02-11 16:19:00,0 days 01:36:00,09725_11-02-2026-13.15,48.05,56.05,85.25,104.25,
09725,04040,04104,Renfe,AVE INT,2026-02-11 14:43:00,2026-02-11 15:37:00,0 days 00:54:00,09725_11-02-2026-13.15,25.9,32.4,43.1,62.1,
00609,60000,04007,Renfe,ALVIA,2026-02-11 14:47:00,2026-02-11 15:15:00,0 days 00:28:00,00609_11-02-2026-14.47,17.0,18.9,20.1,,
03151,60000,71801,Renfe,AVE,2026-02-11 14:57:00,2026-02-11 17:34:00,0 days 02:37:00,03151_11-02-2026-14.57,55.95,69.95,74.45,93.45,
03305,60000,04040,Renfe,AVE,2026-02-11 15:27:00,2026-02-11 16:50:00,0 days 01:23:00,03305_11-02-2026-15.27,62.4,70.2,62.25,81.25,
03305,60000,78400,Renfe,AVE,2026-02-11 15:27:00,2026-02-11 17:35:00,0 days 02:08:00,03305_11-02-2026-15.27,58.45,68.2,77.75,96.75,
03305,60000,71801,Renfe,AVE,2026-02-11 15:27:00,2026-02-11 18:46:00,0 days 03:19:00,03305_11-02-2026-15.27,71.15,83.0,94.65,113.65,
03305,60000,04104,Renfe,AVE,2026-02-11 15:27:00,2026-02-11 18:03:00,0 days 02:36:00,03305_11-02-2026-15.27,64.5,75.25,85.8,104.8,
09725,04104,71801,Renfe,AVE INT,2026-02-11 15:39:00,2026-02-11 16:19:00,0 days 00:40:00,09725_11-02-2026-13.15,17.8,22.25,29.6,48.6,
03143,04040,71801,Renfe,AVE,2026-02-11 15:52:00,2026-02-11 17:24:00,0 days 01:32:00,03143_11-02-2026-14.27,48.05,56.05,95.9,114.9,
03161,60000,71801,Renfe,AVE,2026-02-11 15:57:00,2026-02-11 18:34:00,0 days 02:37:00,03161_11-02-2026-15.57,83.95,97.95,111.65,130.65,
03163,60000,04040,Renfe,AVE,2026-02-11 16:27:00,2026-02-11 17:45:00,0 days 01:18:00,03163_11-02-2026-16.27,70.2,78.0,93.35,112.35,
03163,60000,71801,Renfe,AVE,2026-02-11 16:27:00,2026-02-11 19:19:00,0 days 02:52:00,03163_11-02-2026-16.27,94.9,106.75,126.2,145.2,
03305,04040,04104,Renfe,AVE,2026-02-11 16:51:00,2026-02-11 18:03:00,0 days 01:12:00,03305_11-02-2026-15.27,51.85,58.3,68.95,87.95,
03305,04040,71801,Renfe,AVE,2026-02-11 16:51:00,2026-02-11 18:46:00,0 days 01:55:00,03305_11-02-2026-15.27,64.1,72.1,85.25,104.25,
03305,04040,78400,Renfe,AVE,2026-02-11 16:51:00,2026-02-11 17:35:00,0 days 00:44:00,03305_11-02-2026-15.27,41.1,46.25,54.7,73.7,
03171,60000,71801,Renfe,AVE,2026-02-11 16:57:00,2026-02-11 19:34:00,0 days 02:37:00,03171_11-02-2026-16.57,97.95,111.9,111.65,130.65,
03173,60000,04104,Renfe,AVE,2026-02-11 17:27:00,2026-02-11 20:04:00,0 days 02:37:00,03173_11-02-2026-17.27,86.0,96.75,100.1,119.1,
03173,60000,78400,Renfe,AVE,2026-02-11 17:27:00,2026-02-11 19:35:00,0 days 02:08:00,03173_11-02-2026-17.27,77.9,87.65,90.7,109.7,
03173,60000,71801,Renfe,AVE,2026-02-11 17:27:00,2026-02-11 20:46:00,0 days 03:19:00,03173_11-02-2026-17.27,83.0,94.9,94.65,113.65,
03173,60000,04040,Renfe,AVE,2026-02-11 17:27:00,2026-02-11 18:51:00,0 days 01:24:00,03173_11-02-2026-17.27,62.4,70.2,72.6,91.6,
03173,60000,04007,Renfe,AVE,2026-02-11 17:27:00,2026-02-11 17:53:00,0 days 00:26:00,03173_11-02-2026-17.27,45.7,49.55,60.8,79.8,
03305,78400,71801,Renfe,AVE,2026-02-11 17:37:00,2026-02-11 18:46:00,0 days 01:09:00,03305_11-02-2026-15.27,58.3,64.15,69.8,88.8,
03305,78400,04104,Renfe,AVE,2026-02-11 17:37:00,2026-02-11 18:03:00,0 days 00:26:00,03305_11-02-2026-15.27,41.1,45.2,49.2,68.2,
03163,04040,71801,Renfe,AVE,2026-02-11 17:46:00,2026-02-11 19:19:00,0 days 01:33:00,03163_11-02-2026-16.27,64.1,72.1,85.25,104.25,
03173,04007,04040,Renfe,AVE,2026-02-11 17:54:00,2026-02-11 18:51:00,0 days 00:57:00,03173_11-02-2026-17.27,54.65,61.45,63.6,82.6,
03173,04007,71801,Renfe,AVE,2026-02-11 17:54:00,2026-02-11 20:46:00,0 days 02:52:00,03173_11-02-2026-17.27,78.1,89.3,89.05,108.05,
03173,04007,78400,Renfe,AVE,2026-02-11 17:54:00,2026-02-11 19:35:00,0 days 01:41:00,03173_11-02-2026-17.27,71.1,80.0,82.75,101.75,
03173,04007,04104,Renfe,AVE,2026-02-11 17:54:00,2026-02-11 20:04:00,0 days 02:10:00,03173_11-02-2026-17.27,79.7,89.65,92.75,111.75,
02553,60000,71801,Renfe,AVE,2026-02-11 17:57:00,2026-02-11 20:34:00,0 days 02:37:00,02553_11-02-2026-17.57,71.15,83.0,110.4,129.4,
03305,04104,71801,Renfe,AVE,2026-02-11 18:05:00,2026-02-11 18:46:00,0 days 00:41:00,03305_11-02-2026-15.27,44.5,48.95,53.25,72.25,
03183,60000,04040,Renfe,AVE,2026-02-11 18:27:00,2026-02-11 19:45:00,0 days 01:18:00,03183_11-02-2026-18.27,78.0,85.8,103.75,122.75,
03183,60000,71801,Renfe,AVE,2026-02-11 18:27:00,2026-02-11 21:24:00,0 days 02:57:00,03183_11-02-2026-18.27,106.75,118.6,141.95,160.95,
03183,60000,04104,Renfe,AVE,2026-02-11 18:27:00,2026-02-11 20:44:00,0 days 02:17:00,03183_11-02-2026-18.27,96.75,107.5,128.7,147.7,
03173,04040,04104,Renfe,AVE,2026-02-11 18:52:00,2026-02-11 20:04:00,0 days 01:12:00,03173_11-02-2026-17.27,58.3,64.8,68.95,87.95,
03173,04040,71801,Renfe,AVE,2026-02-11 18:52:00,2026-02-11 20:46:00,0 days 01:54:00,03173_11-02-2026-17.27,64.1,72.1,74.55,93.55,
03173,04040,78400,Renfe,AVE,2026-02-11 18:52:00,2026-02-11 19:35:00,0 days 00:43:00,03173_11-02-2026-17.27,46.25,51.4,54.7,73.7,
03191,60000,71801,Renfe,AVE,2026-02-11 18:57:00,2026-02-11 21:34:00,0 days 02:37:00,03191_11-02-2026-18.57,126.0,140.0,148.95,167.95,
02861,60000,04007,Renfe,AVE,2026-02-11 19:00:00,2026-02-11 19:28:00,0 days 00:28:00,02861_11-02-2026-19.00,45.7,49.55,60.8,79.8,
02861,60000,04040,Renfe,AVE,2026-02-11 19:00:00,2026-02-11 20:42:00,0 days 01:42:00,02861_11-02-2026-19.00,31.2,39.0,51.85,70.85,
02861,04007,04040,Renfe,AVE,2026-02-11 19:29:00,2026-02-11 20:42:00,0 days 01:13:00,02861_11-02-2026-19.00,27.3,34.15,45.4,64.4,
03309,60000,04104,Renfe,AVE,2026-02-11 19:34:00,2026-02-11 22:15:00,0 days 02:41:00,03309_11-02-2026-19.34,75.25,86.0,100.1,119.1,
03309,60000,71801,Renfe,AVE,2026-02-11 19:34:00,2026-02-11 22:55:00,0 days 03:21:00,03309_11-02-2026-19.34,83.0,94.9,110.4,129.4,
03309,60000,04007,Renfe,AVE,2026-02-11 19:34:00,2026-02-11 20:00:00,0 days 00:26:00,03309_11-02-2026-19.34,53.35,57.15,60.8,79.8,
03309,60000,04040,Renfe,AVE,2026-02-11 19:34:00,2026-02-11 21:02:00,0 days 01:28:00,03309_11-02-2026-19.34,78.0,85.8,83.0,102.0,
03309,60000,78400,Renfe,AVE,2026-02-11 19:34:00,2026-02-11 21:46:00,0 days 02:12:00,03309_11-02-2026-19.34,68.2,77.9,90.7,109.7,
03173,78400,04104,Renfe,AVE,2026-02-11 19:37:00,2026-02-11 20:04:00,0 days 00:27:00,03173_11-02-2026-17.27,37.0,41.1,43.75,62.75,
03173,78400,71801,Renfe,AVE,2026-02-11 19:37:00,2026-02-11 20:46:00,0 days 01:09:00,03173_11-02-2026-17.27,52.45,58.3,62.05,81.05,
03183,04040,71801,Renfe,AVE,2026-02-11 19:46:00,2026-02-11 21:24:00,0 days 01:38:00,03183_11-02-2026-18.27,72.1,80.1,95.9,114.9,
03183,04040,04104,Renfe,AVE,2026-02-11 19:46:00,2026-02-11 20:44:00,0 days 00:58:00,03183_11-02-2026-18.27,58.3,64.8,77.55,96.55,
00437,04040,04104,Renfe,ALVIA,2026-02-11 19:52:00,2026-02-11 21:30:00,0 days 01:38:00,00437_11-02-2026-19.52,33.6,38.4,44.7,,
00437,04040,78400,Renfe,ALVIA,2026-02-11 19:52:00,2026-02-11 20:56:00,0 days 01:04:00,00437_11-02-2026-19.52,26.65,30.5,35.45,,
00437,04040,71801,Renfe,ALVIA,2026-02-11 19:52:00,2026-02-11 22:13:00,0 days 02:21:00,00437_11-02-2026-19.52,35.6,41.5,47.3,,
03309,04007,04040,Renfe,AVE,2026-02-11 20:01:00,2026-02-11 21:02:00,0 days 01:01:00,03309_11-02-2026-19.34,68.3,75.15,81.75,100.75,
03931,04040,71801,Renfe,AVE,2026-02-11 20:01:00,2026-02-11 21:58:00,0 days 01:57:00,03931_11-02-2026-20.01,48.05,56.05,63.9,82.9,
03309,04007,71801,Renfe,AVE,2026-02-11 20:01:00,2026-02-11 22:55:00,0 days 02:54:00,03309_11-02-2026-19.34,78.1,89.3,103.9,122.9,
03931,04040,04104,Renfe,AVE,2026-02-11 20:01:00,2026-02-11 21:16:00,0 days 01:15:00,03931_11-02-2026-20.01,45.35,51.85,60.35,79.35,
03309,04007,04104,Renfe,AVE,2026-02-11 20:01:00,2026-02-11 22:15:00,0 days 02:14:00,03309_11-02-2026-19.34,69.7,79.7,92.75,111.75,
03309,04007,78400,Renfe,AVE,2026-02-11 20:01:00,2026-02-11 21:46:00,0 days 01:45:00,03309_11-02-2026-19.34,62.25,71.1,82.75,101.75,
03931,04040,78400,Renfe,AVE,2026-02-11 20:01:00,2026-02-11 20:48:00,0 days 00:47:00,03931_11-02-2026-20.01,36.0,41.1,47.85,66.85,
03201,60000,71801,Renfe,AVE,2026-02-11 20:05:00,2026-02-11 22:42:00,0 days 02:37:00,03201_11-02-2026-20.05,41.95,55.95,74.45,93.45,
03173,04104,71801,Renfe,AVE,2026-02-11 20:06:00,2026-02-11 20:46:00,0 days 00:40:00,03173_11-02-2026-17.27,40.05,44.5,47.35,66.35,
03203,60000,78400,Renfe,AVE,2026-02-11 20:27:00,2026-02-11 22:40:00,0 days 02:13:00,03203_11-02-2026-20.27,48.7,58.45,64.75,83.75,
03203,60000,04007,Renfe,AVE,2026-02-11 20:27:00,2026-02-11 20:52:00,0 days 00:25:00,03203_11-02-2026-20.27,45.7,49.55,60.8,79.8,
03203,60000,04104,Renfe,AVE,2026-02-11 20:27:00,2026-02-11 23:07:00,0 days 02:40:00,03203_11-02-2026-20.27,53.75,64.5,71.5,90.5,
03203,60000,04040,Renfe,AVE,2026-02-11 20:27:00,2026-02-11 21:57:00,0 days 01:30:00,03203_11-02-2026-20.27,39.0,46.8,51.85,70.85,
03203,60000,71801,Renfe,AVE,2026-02-11 20:27:00,2026-02-11 23:48:00,0 days 03:21:00,03203_11-02-2026-20.27,47.45,59.3,63.1,82.1,
03941,04040,71801,Renfe,AVE,2026-02-11 20:38:00,2026-02-11 22:35:00,0 days 01:57:00,03941_11-02-2026-20.38,48.05,56.05,63.9,82.9,
03941,04040,78400,Renfe,AVE,2026-02-11 20:38:00,2026-02-11 21:20:00,0 days 00:42:00,03941_11-02-2026-20.38,36.0,41.1,47.85,66.85,
03941,04040,04104,Renfe,AVE,2026-02-11 20:38:00,2026-02-11 21:51:00,0 days 01:13:00,03941_11-02-2026-20.38,45.35,51.85,60.35,79.35,
03991,04040,04104,Renfe,AVE,2026-02-11 20:38:00,2026-02-11 21:51:00,0 days 01:13:00,03991_11-02-2026-20.38,45.35,51.85,60.35,79.35,
03991,04040,71801,Renfe,AVE,2026-02-11 20:38:00,2026-02-11 22:35:00,0 days 01:57:00,03991_11-02-2026-20.38,48.05,56.05,63.9,82.9,
03991,04040,78400,Renfe,AVE,2026-02-11 20:38:00,2026-02-11 21:20:00,0 days 00:42:00,03991_11-02-2026-20.38,36.0,41.1,47.85,66.85,
03183,04104,71801,Renfe,AVE,2026-02-11 20:46:00,2026-02-11 21:24:00,0 days 00:38:00,03183_11-02-2026-18.27,40.05,44.5,53.25,72.25,
03931,78400,04104,Renfe,AVE,2026-02-11 20:50:00,2026-02-11 21:16:00,0 days 00:26:00,03931_11-02-2026-20.01,28.75,32.9,38.25,57.25,
03931,78400,71801,Renfe,AVE,2026-02-11 20:50:00,2026-02-11 21:58:00,0 days 01:08:00,03931_11-02-2026-20.01,40.8,46.65,54.3,73.3,
03203,04007,78400,Renfe,AVE,2026-02-11 20:53:00,2026-02-11 22:40:00,0 days 01:47:00,03203_11-02-2026-20.27,44.45,53.35,59.1,78.1,
03203,04007,04104,Renfe,AVE,2026-02-11 20:53:00,2026-02-11 23:07:00,0 days 02:14:00,03203_11-02-2026-20.27,49.8,59.75,66.25,85.25,
03203,04007,71801,Renfe,AVE,2026-02-11 20:53:00,2026-02-11 23:48:00,0 days 02:55:00,03203_11-02-2026-20.27,44.65,55.8,59.35,78.35,
03203,04007,04040,Renfe,AVE,2026-02-11 20:53:00,2026-02-11 21:57:00,0 days 01:04:00,03203_11-02-2026-20.27,34.15,41.0,45.4,64.4,
00437,78400,71801,Renfe,ALVIA,2026-02-11 20:58:00,2026-02-11 22:13:00,0 days 01:15:00,00437_11-02-2026-19.52,30.25,34.55,40.2,,
00437,78400,04104,Renfe,ALVIA,2026-02-11 20:58:00,2026-02-11 21:30:00,0 days 00:32:00,00437_11-02-2026-19.52,21.35,24.4,28.4,,
03309,04040,78400,Renfe,AVE,2026-02-11 21:03:00,2026-02-11 21:46:00,0 days 00:43:00,03309_11-02-2026-19.34,46.25,51.4,54.7,73.7,
03309,04040,04104,Renfe,AVE,2026-02-11 21:03:00,2026-02-11 22:15:00,0 days 01:12:00,03309_11-02-2026-19.34,58.3,64.8,68.95,87.95,
03309,04040,71801,Renfe,AVE,2026-02-11 21:03:00,2026-02-11 22:55:00,0 days 01:52:00,03309_11-02-2026-19.34,72.1,80.1,85.25,104.25,
02883,60000,71801,Renfe,AVE,2026-02-11 21:07:00,2026-02-11 23:59:00,0 days 02:52:00,02883_11-02-2026-21.07,29.65,35.6,63.1,82.1,
02883,60000,04040,Renfe,AVE,2026-02-11 21:07:00,2026-02-11 22:26:00,0 days 01:19:00,02883_11-02-2026-21.07,23.4,31.2,51.85,70.85,
03931,04104,71801,Renfe,AVE,2026-02-11 21:18:00,2026-02-11 21:58:00,0 days 00:40:00,03931_11-02-2026-20.01,31.15,35.6,41.45,60.45,
03941,78400,04104,Renfe,AVE,2026-02-11 21:22:00,2026-02-11 21:51:00,0 days 00:29:00,03941_11-02-2026-20.38,28.75,32.9,38.25,57.25,
03991,78400,04104,Renfe,AVE,2026-02-11 21:22:00,2026-02-11 21:51:00,0 days 00:29:00,03991_11-02-2026-20.38,24.65,28.75,32.8,51.8,
03941,78400,71801,Renfe,AVE,2026-02-11 21:22:00,2026-02-11 22:35:00,0 days 01:13:00,03941_11-02-2026-20.38,40.8,46.65,54.3,73.3,
03991,78400,71801,Renfe,AVE,2026-02-11 21:22:00,2026-02-11 22:35:00,0 days 01:13:00,03991_11-02-2026-20.38,35.0,40.8,46.5,65.5,
00437,04104,71801,Renfe,ALVIA,2026-02-11 21:32:00,2026-02-11 22:13:00,0 days 00:41:00,00437_11-02-2026-19.52,23.1,26.4,30.7,,
03309,78400,04104,Renfe,AVE,2026-02-11 21:48:00,2026-02-11 22:15:00,0 days 00:27:00,03309_11-02-2026-19.34,45.2,49.3,54.65,73.65,
03309,78400,71801,Renfe,AVE,2026-02-11 21:48:00,2026-02-11 22:55:00,0 days 01:07:00,03309_11-02-2026-19.34,64.15,69.95,77.55,96.55,
03941,04104,71801,Renfe,AVE,2026-02-11 21:53:00,2026-02-11 22:35:00,0 days 00:42:00,03941_11-02-2026-20.38,31.15,35.6,41.45,60.45,
03991,04104,71801,Renfe,AVE,2026-02-11 21:53:00,2026-02-11 22:35:00,0 days 00:42:00,03991_11-02-2026-20.38,26.7,31.15,35.5,54.5,
03203,04040,71801,Renfe,AVE,2026-02-11 21:58:00,2026-02-11 23:48:00,0 days 01:50:00,03203_11-02-2026-20.27,40.05,48.05,53.25,72.25,
03203,04040,78400,Renfe,AVE,2026-02-11 21:58:00,2026-02-11 22:40:00,0 days 00:42:00,03203_11-02-2026-20.27,30.85,36.0,41.0,60.0,
03203,04040,04104,Renfe,AVE,2026-02-11 21:58:00,2026-02-11 23:07:00,0 days 01:09:00,03203_11-02-2026-20.27,38.9,45.35,51.7,70.7,
03309,04104,71801,Renfe,AVE,2026-02-11 22:17:00,2026-02-11 22:55:00,0 days 00:38:00,03309_11-02-2026-19.34,48.95,53.4,59.2,78.2,
02883,04040,71801,Renfe,AVE,2026-02-11 22:27:00,2026-02-11 23:59:00,0 days 01:32:00,02883_11-02-2026-21.07,24.05,32.05,53.25,72.25,
03203,78400,71801,Renfe,AVE,2026-02-11 22:42:00,2026-02-11 23:48:00,0 days 01:06:00,03203_11-02-2026-20.27,35.0,40.8,46.5,65.5,
03203,78400,04104,Renfe,AVE,2026-02-11 22:42:00,2026-02-11 23:07:00,0 days 00:25:00,03203_11-02-2026-20.27,24.65,28.75,32.8,51.8,
03203,04104,71801,Renfe,AVE,2026-02-11 23:09:00,2026-02-11 23:48:00,0 days 00:39:00,03203_11-02-2026-20.27,26.7,31.15,35.5,54.5,
03301,60000,71801,Renfe,AVE,2026-02-12 06:16:00,2026-02-12 09:05:00,0 days 02:49:00,03301_12-02-2026-06.16,47.45,59.3,78.85,97.85,
03301,60000,04104,Renfe,AVE,2026-02-12 06:16:00,2026-02-12 08:21:00,0 days 02:05:00,03301_12-02-2026-06.16,43.0,53.75,71.5,90.5,
03063,60000,71801,Renfe,AVE,2026-02-12 06:27:00,2026-02-12 09:25:00,0 days 02:58:00,03063_12-02-2026-06.27,47.45,59.3,63.1,82.1,
03063,60000,04040,Renfe,AVE,2026-02-12 06:27:00,2026-02-12 07:52:00,0 days 01:25:00,03063_12-02-2026-06.27,39.0,46.8,51.85,70.85,
03071,60000,71801,Renfe,AVE,2026-02-12 06:57:00,2026-02-12 09:34:00,0 days 02:37:00,03071_12-02-2026-06.57,97.95,111.9,111.65,130.65,
03073,60000,04104,Renfe,AVE,2026-02-12 07:27:00,2026-02-12 10:04:00,0 days 02:37:00,03073_12-02-2026-07.27,86.0,96.75,100.1,119.1,
03073,60000,04007,Renfe,AVE,2026-02-12 07:27:00,2026-02-12 07:52:00,0 days 00:25:00,03073_12-02-2026-07.27,45.7,49.55,60.8,79.8,
03073,60000,04040,Renfe,AVE,2026-02-12 07:27:00,2026-02-12 08:51:00,0 days 01:24:00,03073_12-02-2026-07.27,62.4,70.2,72.6,91.6,
03073,60000,71801,Renfe,AVE,2026-02-12 07:27:00,2026-02-12 10:46:00,0 days 03:19:00,03073_12-02-2026-07.27,83.0,94.9,94.65,113.65,
03073,60000,78400,Renfe,AVE,2026-02-12 07:27:00,2026-02-12 09:35:00,0 days 02:08:00,03073_12-02-2026-07.27,77.9,87.65,90.7,109.7,
03073,04007,04040,Renfe,AVE,2026-02-12 07:53:00,2026-02-12 08:51:00,0 days 00:58:00,03073_12-02-2026-07.27,54.65,61.45,63.6,82.6,
03073,04007,71801,Renfe,AVE,2026-02-12 07:53:00,2026-02-12 10:46:00,0 days 02:53:00,03073_12-02-2026-07.27,78.1,89.3,89.05,108.05,
03063,04040,71801,Renfe,AVE,2026-02-12 07:53:00,2026-02-12 09:25:00,0 days 01:32:00,03063_12-02-2026-06.27,40.05,48.05,53.25,72.25,
03073,04007,78400,Renfe,AVE,2026-02-12 07:53:00,2026-02-12 09:35:00,0 days 01:42:00,03073_12-02-2026-07.27,71.1,80.0,82.75,101.75,
03073,04007,04104,Renfe,AVE,2026-02-12 07:53:00,2026-02-12 10:04:00,0 days 02:11:00,03073_12-02-2026-07.27,79.7,89.65,92.75,111.75,
03081,60000,71801,Renfe,AVE,2026-02-12 07:57:00,2026-02-12 10:34:00,0 days 02:37:00,03081_12-02-2026-07.57,97.95,111.9,111.65,130.65,
03301,04104,71801,Renfe,AVE,2026-02-12 08:23:00,2026-02-12 09:05:00,0 days 00:42:00,03301_12-02-2026-06.16,17.8,22.25,29.6,48.6,
03083,60000,71801,Renfe,AVE,2026-02-12 08:27:00,2026-02-12 11:19:00,0 days 02:52:00,03083_12-02-2026-08.27,71.15,83.0,110.4,129.4,
03083,60000,04040,Renfe,AVE,2026-02-12 08:27:00,2026-02-12 09:45:00,0 days 01:18:00,03083_12-02-2026-08.27,54.6,62.4,83.0,102.0,
03073,04040,04104,Renfe,AVE,2026-02-12 08:52:00,2026-02-12 10:04:00,0 days 01:12:00,03073_12-02-2026-07.27,58.3,64.8,68.95,87.95,
03073,04040,71801,Renfe,AVE,2026-02-12 08:52:00,2026-02-12 10:46:00,0 days 01:54:00,03073_12-02-2026-07.27,64.1,72.1,74.55,93.55,
03073,04040,78400,Renfe,AVE,2026-02-12 08:52:00,2026-02-12 09:35:00,0 days 00:43:00,03073_12-02-2026-07.27,46.25,51.4,54.7,73.7,
03091,60000,71801,Renfe,AVE,2026-02-12 08:57:00,2026-02-12 11:41:00,0 days 02:44:00,03091_12-02-2026-08.57,55.95,69.95,74.45,93.45,
03091,60000,04104,Renfe,AVE,2026-02-12 08:57:00,2026-02-12 11:01:00,0 days 02:04:00,03091_12-02-2026-08.57,53.75,64.5,71.5,90.5,
02561,60000,71801,Renfe,AVE,2026-02-12 09:27:00,2026-02-12 12:41:00,0 days 03:14:00,02561_12-02-2026-09.27,71.15,83.0,94.65,113.65,
02561,60000,04040,Renfe,AVE,2026-02-12 09:27:00,2026-02-12 10:46:00,0 days 01:19:00,02561_12-02-2026-09.27,54.6,62.4,72.6,91.6,
02561,60000,78400,Renfe,AVE,2026-02-12 09:27:00,2026-02-12 11:32:00,0 days 02:05:00,02561_12-02-2026-09.27,68.2,77.9,90.7,109.7,
02561,60000,04104,Renfe,AVE,2026-02-12 09:27:00,2026-02-12 12:00:00,0 days 02:33:00,02561_12-02-2026-09.27,75.25,86.0,100.1,119.1,
03073,78400,71801,Renfe,AVE,2026-02-12 09:37:00,2026-02-12 10:46:00,0 days 01:09:00,03073_12-02-2026-07.27,52.45,58.3,62.05,81.05,
03073,78400,04104,Renfe,AVE,2026-02-12 09:37:00,2026-02-12 10:04:00,0 days 00:27:00,03073_12-02-2026-07.27,37.0,41.1,43.75,62.75,
03083,04040,71801,Renfe,AVE,2026-02-12 09:46:00,2026-02-12 11:19:00,0 days 01:33:00,03083_12-02-2026-08.27,48.05,56.05,74.55,93.55,
03073,04104,71801,Renfe,AVE,2026-02-12 10:06:00,2026-02-12 10:46:00,0 days 00:40:00,03073_12-02-2026-07.27,40.05,44.5,47.35,66.35,
03303,60000,04040,Renfe,AVE,2026-02-12 10:27:00,2026-02-12 11:47:00,0 days 01:20:00,03303_12-02-2026-10.27,62.4,70.2,62.25,81.25,
03303,60000,71801,Renfe,AVE,2026-02-12 10:27:00,2026-02-12 13:19:00,0 days 02:52:00,03303_12-02-2026-10.27,71.15,83.0,94.65,113.65,
00605,60000,04007,Renfe,ALVIA,2026-02-12 10:32:00,2026-02-12 10:59:00,0 days 00:27:00,00605_12-02-2026-10.32,26.45,28.35,30.15,,
02561,04040,78400,Renfe,AVE,2026-02-12 10:47:00,2026-02-12 11:32:00,0 days 00:45:00,02561_12-02-2026-09.27,41.1,46.25,54.7,73.7,
02561,04040,04104,Renfe,AVE,2026-02-12 10:47:00,2026-02-12 12:00:00,0 days 01:13:00,02561_12-02-2026-09.27,51.85,58.3,68.95,87.95,
02561,04040,71801,Renfe,AVE,2026-02-12 10:47:00,2026-02-12 12:41:00,0 days 01:54:00,02561_12-02-2026-09.27,56.05,64.1,74.55,93.55,
03091,04104,71801,Renfe,AVE,2026-02-12 11:03:00,2026-02-12 11:41:00,0 days 00:38:00,03091_12-02-2026-08.57,31.5,36.75,41.9,60.9,
00533,04040,71801,Renfe,ALVIA,2026-02-12 11:09:00,2026-02-12 13:09:00,0 days 02:00:00,00533_12-02-2026-11.09,47.45,53.35,55.2,,
00533,04040,78400,Renfe,ALVIA,2026-02-12 11:09:00,2026-02-12 11:58:00,0 days 00:49:00,00533_12-02-2026-11.09,30.5,34.3,40.55,,
00533,04040,04104,Renfe,ALVIA,2026-02-12 11:09:00,2026-02-12 12:31:00,0 days 01:22:00,00533_12-02-2026-11.09,43.2,48.0,51.05,,
03113,60000,78400,Renfe,AVE,2026-02-12 11:27:00,2026-02-12 13:35:00,0 days 02:08:00,03113_12-02-2026-11.27,68.2,77.9,90.7,109.7,
03113,60000,04104,Renfe,AVE,2026-02-12 11:27:00,2026-02-12 14:04:00,0 days 02:37:00,03113_12-02-2026-11.27,75.25,86.0,100.1,119.1,
03113,60000,71801,Renfe,AVE,2026-02-12 11:27:00,2026-02-12 14:46:00,0 days 03:19:00,03113_12-02-2026-11.27,71.15,83.0,94.65,113.65,
03113,60000,04040,Renfe,AVE,2026-02-12 11:27:00,2026-02-12 12:51:00,0 days 01:24:00,03113_12-02-2026-11.27,54.6,62.4,72.6,91.6,
02561,78400,04104,Renfe,AVE,2026-02-12 11:34:00,2026-02-12 12:00:00,0 days 00:26:00,02561_12-02-2026-09.27,32.9,37.0,43.75,62.75,
02561,78400,71801,Renfe,AVE,2026-02-12 11:34:00,2026-02-12 12:41:00,0 days 01:07:00,02561_12-02-2026-09.27,46.65,52.45,62.05,81.05,
03303,04040,71801,Renfe,AVE,2026-02-12 11:48:00,2026-02-12 13:19:00,0 days 01:31:00,03303_12-02-2026-10.27,64.1,72.1,85.25,104.25,
00533,78400,71801,Renfe,ALVIA,2026-02-12 12:00:00,2026-02-12 13:09:00,0 days 01:09:00,00533_12-02-2026-11.09,38.9,43.2,45.95,,
34433,78400,04104,Renfe,AVANT,2026-02-12 12:00:00,2026-02-12 12:31:00,0 days 00:31:00,34433_12-02-2026-12.00,,,,,15.0
00533,78400,04104,Renfe,ALVIA,2026-02-12 12:00:00,2026-02-12 12:31:00,0 days 00:31:00,00533_12-02-2026-11.09,27.45,30.5,32.45,,
34433,78400,71801,Renfe,AVANT,2026-02-12 12:00:00,2026-02-12 13:09:00,0 days 01:09:00,34433_12-02-2026-12.00,,,,,31.5
02561,04104,71801,Renfe,AVE,2026-02-12 12:02:00,2026-02-12 12:41:00,0 days 00:39:00,02561_12-02-2026-09.27,35.6,40.05,47.35,66.35,
02591,60000,04040,Renfe,AVE,2026-02-12 12:27:00,2026-02-12 13:45:00,0 days 01:18:00,02591_12-02-2026-12.27,31.2,39.0,51.85,70.85,
02591,60000,71801,Renfe,AVE,2026-02-12 12:27:00,2026-02-12 15:44:00,0 days 03:17:00,02591_12-02-2026-12.27,35.6,47.45,63.1,82.1,
02591,60000,78400,Renfe,AVE,2026-02-12 12:27:00,2026-02-12 14:29:00,0 days 02:02:00,02591_12-02-2026-12.27,38.95,48.7,64.75,83.75,
00533,04104,71801,Renfe,ALVIA,2026-02-12 12:33:00,2026-02-12 13:09:00,0 days 00:36:00,00533_12-02-2026-11.09,29.7,33.0,35.1,,
34433,04104,71801,Renfe,AVANT,2026-02-12 12:33:00,2026-02-12 13:09:00,0 days 00:36:00,34433_12-02-2026-12.00,,,,,18.5
03943,04040,78400,Renfe,AVE,2026-02-12 12:37:00,2026-02-12 13:17:00,0 days 00:40:00,03943_12-02-2026-12.37,41.1,46.25,54.7,73.7,
03993,04040,78400,Renfe,AVE,2026-02-12 12:37:00,2026-02-12 13:17:00,0 days 00:40:00,03993_12-02-2026-12.37,46.25,51.4,61.55,80.55,
03943,04040,04104,Renfe,AVE,2026-02-12 12:37:00,2026-02-12 13:43:00,0 days 01:06:00,03943_12-02-2026-12.37,51.85,58.3,68.95,87.95,
03993,04040,71801,Renfe,AVE,2026-02-12 12:37:00,2026-02-12 14:25:00,0 days 01:48:00,03993_12-02-2026-12.37,64.1,72.1,85.25,104.25,
03943,04040,71801,Renfe,AVE,2026-02-12 12:37:00,2026-02-12 14:25:00,0 days 01:48:00,03943_12-02-2026-12.37,56.05,64.1,74.55,93.55,
03993,04040,04104,Renfe,AVE,2026-02-12 12:37:00,2026-02-12 13:43:00,0 days 01:06:00,03993_12-02-2026-12.37,58.3,64.8,77.55,96.55,
03113,04040,04104,Renfe,AVE,2026-02-12 12:52:00,2026-02-12 14:04:00,0 days 01:12:00,03113_12-02-2026-11.27,51.85,58.3,68.95,87.95,
03113,04040,78400,Renfe,AVE,2026-02-12 12:52:00,2026-02-12 13:35:00,0 days 00:43:00,03113_12-02-2026-11.27,41.1,46.25,54.7,73.7,
03113,04040,71801,Renfe,AVE,2026-02-12 12:52:00,2026-02-12 14:46:00,0 days 01:54:00,03113_12-02-2026-11.27,56.05,64.1,74.55,93.55,
09725,60000,04104,Renfe,AVE INT,2026-02-12 13:15:00,2026-02-12 15:37:00,0 days 02:22:00,09725_12-02-2026-13.15,53.75,64.5,85.8,104.8,
09725,60000,71801,Renfe,AVE INT,2026-02-12 13:15:00,2026-02-12 16:19:00,0 days 03:04:00,09725_12-02-2026-13.15,59.3,71.15,94.65,113.65,
09725,60000,04040,Renfe,AVE INT,2026-02-12 13:15:00,2026-02-12 14:40:00,0 days 01:25:00,09725_12-02-2026-13.15,46.8,54.6,83.0,102.0,
09725,60000,04007,Renfe,AVE INT,2026-02-12 13:15:00,2026-02-12 13:41:00,0 days 00:26:00,09725_12-02-2026-13.15,15.25,19.05,25.35,44.35,
03993,78400,04104,Renfe,AVE,2026-02-12 13:19:00,2026-02-12 13:43:00,0 days 00:24:00,03993_12-02-2026-12.37,37.0,41.1,49.2,68.2,
03943,78400,04104,Renfe,AVE,2026-02-12 13:19:00,2026-02-12 13:43:00,0 days 00:24:00,03943_12-02-2026-12.37,32.9,37.0,43.75,62.75,
03943,78400,71801,Renfe,AVE,2026-02-12 13:19:00,2026-02-12 14:25:00,0 days 01:06:00,03943_12-02-2026-12.37,46.65,52.45,62.05,81.05,
03993,78400,71801,Renfe,AVE,2026-02-12 13:19:00,2026-02-12 14:25:00,0 days 01:06:00,03993_12-02-2026-12.37,52.45,58.3,69.8,88.8,
03113,78400,04104,Renfe,AVE,2026-02-12 13:37:00,2026-02-12 14:04:00,0 days 00:27:00,03113_12-02-2026-11.27,24.65,28.75,32.8,51.8,
03113,78400,71801,Renfe,AVE,2026-02-12 13:37:00,2026-02-12 14:46:00,0 days 01:09:00,03113_12-02-2026-11.27,35.0,40.8,46.5,65.5,
34813,78400,71801,Renfe,AVANT,2026-02-12 13:37:00,2026-02-12 14:46:00,0 days 01:09:00,34813_12-02-2026-13.37,,,,,31.5
34813,78400,04104,Renfe,AVANT,2026-02-12 13:37:00,2026-02-12 14:04:00,0 days 00:27:00,34813_12-02-2026-13.37,,,,,15.0
09725,04007,04104,Renfe,AVE INT,2026-02-12 13:43:00,2026-02-12 15:37:00,0 days 01:54:00,09725_12-02-2026-13.15,49.8,59.75,79.5,98.5,
09725,04007,71801,Renfe,AVE INT,2026-02-12 13:43:00,2026-02-12 16:19:00,0 days 02:36:00,09725_12-02-2026-13.15,55.8,66.95,89.05,108.05,
09725,04007,04040,Renfe,AVE INT,2026-02-12 13:43:00,2026-02-12 14:40:00,0 days 00:57:00,09725_12-02-2026-13.15,41.0,47.8,72.65,91.65,
03943,04104,71801,Renfe,AVE,2026-02-12 13:45:00,2026-02-12 14:25:00,0 days 00:40:00,03943_12-02-2026-12.37,35.6,40.05,47.35,66.35,
03993,04104,71801,Renfe,AVE,2026-02-12 13:45:00,2026-02-12 14:25:00,0 days 00:40:00,03993_12-02-2026-12.37,40.05,44.5,53.25,72.25,
02591,04040,78400,Renfe,AVE,2026-02-12 13:46:00,2026-02-12 14:29:00,0 days 00:43:00,02591_12-02-2026-12.27,20.55,25.7,41.0,60.0,
02591,04040,71801,Renfe,AVE,2026-02-12 13:46:00,2026-02-12 15:44:00,0 days 01:58:00,02591_12-02-2026-12.27,24.05,32.05,53.25,72.25,
03141,60000,71801,Renfe,AVE,2026-02-12 13:57:00,2026-02-12 16:34:00,0 days 02:37:00,03141_12-02-2026-13.57,55.95,69.95,74.45,93.45,
03113,04104,71801,Renfe,AVE,2026-02-12 14:06:00,2026-02-12 14:46:00,0 days 00:40:00,03113_12-02-2026-11.27,26.7,31.15,35.5,54.5,
34813,04104,71801,Renfe,AVANT,2026-02-12 14:06:00,2026-02-12 14:46:00,0 days 00:40:00,34813_12-02-2026-13.37,,,,,18.5
03143,60000,71801,Renfe,AVE,2026-02-12 14:27:00,2026-02-12 17:24:00,0 days 02:57:00,03143_12-02-2026-14.27,94.9,106.75,126.2,145.2,
03143,60000,04040,Renfe,AVE,2026-02-12 14:27:00,2026-02-12 15:51:00,0 days 01:24:00,03143_12-02-2026-14.27,70.2,78.0,93.35,112.35,
02591,78400,71801,Renfe,AVE,2026-02-12 14:31:00,2026-02-12 15:44:00,0 days 01:13:00,02591_12-02-2026-12.27,23.3,29.15,46.5,65.5,
34823,78400,71801,Renfe,AVANT,2026-02-12 14:31:00,2026-02-12 15:44:00,0 days 01:13:00,34823_12-02-2026-14.31,,,,,31.5
09725,04040,04104,Renfe,AVE INT,2026-02-12 14:43:00,2026-02-12 15:37:00,0 days 00:54:00,09725_12-02-2026-13.15,25.9,32.4,43.1,62.1,
09725,04040,71801,Renfe,AVE INT,2026-02-12 14:43:00,2026-02-12 16:19:00,0 days 01:36:00,09725_12-02-2026-13.15,48.05,56.05,85.25,104.25,
00609,60000,04007,Renfe,ALVIA,2026-02-12 14:47:00,2026-02-12 15:15:00,0 days 00:28:00,00609_12-02-2026-14.47,26.45,28.35,30.15,,
03151,60000,71801,Renfe,AVE,2026-02-12 14:57:00,2026-02-12 17:34:00,0 days 02:37:00,03151_12-02-2026-14.57,97.95,111.9,111.65,130.65,
03305,60000,78400,Renfe,AVE,2026-02-12 15:27:00,2026-02-12 17:35:00,0 days 02:08:00,03305_12-02-2026-15.27,77.9,87.65,103.65,122.65,
03305,60000,04040,Renfe,AVE,2026-02-12 15:27:00,2026-02-12 16:50:00,0 days 01:23:00,03305_12-02-2026-15.27,93.6,101.4,93.35,112.35,
03305,60000,04104,Renfe,AVE,2026-02-12 15:27:00,2026-02-12 18:03:00,0 days 02:36:00,03305_12-02-2026-15.27,86.0,96.75,114.4,133.4,
03305,60000,71801,Renfe,AVE,2026-02-12 15:27:00,2026-02-12 18:46:00,0 days 03:19:00,03305_12-02-2026-15.27,94.9,106.75,126.2,145.2,
03143,04040,71801,Renfe,AVE,2026-02-12 15:52:00,2026-02-12 17:24:00,0 days 01:32:00,03143_12-02-2026-14.27,48.05,56.05,95.9,114.9,
03161,60000,71801,Renfe,AVE,2026-02-12 15:57:00,2026-02-12 18:34:00,0 days 02:37:00,03161_12-02-2026-15.57,111.9,125.9,130.25,149.25,
03163,60000,71801,Renfe,AVE,2026-02-12 16:27:00,2026-02-12 19:19:00,0 days 02:52:00,03163_12-02-2026-16.27,106.75,118.6,126.2,145.2,
03163,60000,04040,Renfe,AVE,2026-02-12 16:27:00,2026-02-12 17:45:00,0 days 01:18:00,03163_12-02-2026-16.27,78.0,85.8,93.35,112.35,
03305,04040,78400,Renfe,AVE,2026-02-12 16:51:00,2026-02-12 17:35:00,0 days 00:44:00,03305_12-02-2026-15.27,56.55,61.7,68.35,87.35,
03305,04040,71801,Renfe,AVE,2026-02-12 16:51:00,2026-02-12 18:46:00,0 days 01:55:00,03305_12-02-2026-15.27,88.1,96.1,106.55,125.55,
03305,04040,04104,Renfe,AVE,2026-02-12 16:51:00,2026-02-12 18:03:00,0 days 01:12:00,03305_12-02-2026-15.27,71.3,77.75,86.2,105.2,
03171,60000,71801,Renfe,AVE,2026-02-12 16:57:00,2026-02-12 19:34:00,0 days 02:37:00,03171_12-02-2026-16.57,111.9,125.9,223.3,242.3,
03173,60000,04007,Renfe,AVE,2026-02-12 17:27:00,2026-02-12 17:53:00,0 days 00:26:00,03173_12-02-2026-17.27,49.55,53.35,60.8,79.8,
03173,60000,78400,Renfe,AVE,2026-02-12 17:27:00,2026-02-12 19:35:00,0 days 02:08:00,03173_12-02-2026-17.27,97.4,107.15,116.6,135.6,
03173,60000,71801,Renfe,AVE,2026-02-12 17:27:00,2026-02-12 20:46:00,0 days 03:19:00,03173_12-02-2026-17.27,106.75,118.6,126.2,145.2,
03173,60000,04040,Renfe,AVE,2026-02-12 17:27:00,2026-02-12 18:51:00,0 days 01:24:00,03173_12-02-2026-17.27,78.0,85.8,93.35,112.35,
03173,60000,04104,Renfe,AVE,2026-02-12 17:27:00,2026-02-12 20:04:00,0 days 02:37:00,03173_12-02-2026-17.27,107.5,118.25,128.7,147.7,
03305,78400,04104,Renfe,AVE,2026-02-12 17:37:00,2026-02-12 18:03:00,0 days 00:26:00,03305_12-02-2026-15.27,57.55,61.65,60.15,79.15,
03305,78400,71801,Renfe,AVE,2026-02-12 17:37:00,2026-02-12 18:46:00,0 days 01:09:00,03305_12-02-2026-15.27,81.6,87.45,85.3,104.3,
03163,04040,71801,Renfe,AVE,2026-02-12 17:46:00,2026-02-12 19:19:00,0 days 01:33:00,03163_12-02-2026-16.27,72.1,80.1,85.25,104.25,
03173,04007,04040,Renfe,AVE,2026-02-12 17:54:00,2026-02-12 18:51:00,0 days 00:57:00,03173_12-02-2026-17.27,68.3,75.15,81.75,100.75,
03173,04007,78400,Renfe,AVE,2026-02-12 17:54:00,2026-02-12 19:35:00,0 days 01:41:00,03173_12-02-2026-17.27,88.9,97.8,106.4,125.4,
03173,04007,04104,Renfe,AVE,2026-02-12 17:54:00,2026-02-12 20:04:00,0 days 02:10:00,03173_12-02-2026-17.27,99.6,109.55,119.2,138.2,
03173,04007,71801,Renfe,AVE,2026-02-12 17:54:00,2026-02-12 20:46:00,0 days 02:52:00,03173_12-02-2026-17.27,100.45,111.6,118.75,137.75,
02553,60000,71801,Renfe,AVE,2026-02-12 17:57:00,2026-02-12 20:34:00,0 days 02:37:00,02553_12-02-2026-17.57,71.15,83.0,94.65,113.65,
03305,04104,71801,Renfe,AVE,2026-02-12 18:05:00,2026-02-12 18:46:00,0 days 00:41:00,03305_12-02-2026-15.27,62.3,66.75,65.1,84.1,
03183,60000,04104,Renfe,AVE,2026-02-12 18:27:00,2026-02-12 20:44:00,0 days 02:17:00,03183_12-02-2026-18.27,96.75,107.5,128.7,147.7,
03183,60000,71801,Renfe,AVE,2026-02-12 18:27:00,2026-02-12 21:24:00,0 days 02:57:00,03183_12-02-2026-18.27,106.75,118.6,141.95,160.95,
03183,60000,04040,Renfe,AVE,2026-02-12 18:27:00,2026-02-12 19:45:00,0 days 01:18:00,03183_12-02-2026-18.27,78.0,85.8,103.75,122.75,
03173,04040,04104,Renfe,AVE,2026-02-12 18:52:00,2026-02-12 20:04:00,0 days 01:12:00,03173_12-02-2026-17.27,71.3,77.75,86.2,105.2,
03173,04040,78400,Renfe,AVE,2026-02-12 18:52:00,2026-02-12 19:35:00,0 days 00:43:00,03173_12-02-2026-17.27,56.55,61.7,68.35,87.35,
03173,04040,71801,Renfe,AVE,2026-02-12 18:52:00,2026-02-12 20:46:00,0 days 01:54:00,03173_12-02-2026-17.27,80.1,88.1,95.9,114.9,
03191,60000,71801,Renfe,AVE,2026-02-12 18:57:00,2026-02-12 21:34:00,0 days 02:37:00,03191_12-02-2026-18.57,126.0,140.0,204.8,223.8,
02861,60000,04040,Renfe,AVE,2026-02-12 19:00:00,2026-02-12 20:42:00,0 days 01:42:00,02861_12-02-2026-19.00,31.2,39.0,51.85,70.85,
02861,60000,04007,Renfe,AVE,2026-02-12 19:00:00,2026-02-12 19:28:00,0 days 00:28:00,02861_12-02-2026-19.00,45.7,49.55,60.8,79.8,
02861,04007,04040,Renfe,AVE,2026-02-12 19:29:00,2026-02-12 20:42:00,0 days 01:13:00,02861_12-02-2026-19.00,27.3,34.15,45.4,64.4,
03309,60000,71801,Renfe,AVE,2026-02-12 19:34:00,2026-02-12 22:55:00,0 days 03:21:00,03309_12-02-2026-19.34,71.15,83.0,94.65,113.65,
03309,60000,04104,Renfe,AVE,2026-02-12 19:34:00,2026-02-12 22:15:00,0 days 02:41:00,03309_12-02-2026-19.34,64.5,75.25,85.8,104.8,
03309,60000,04040,Renfe,AVE,2026-02-12 19:34:00,2026-02-12 21:02:00,0 days 01:28:00,03309_12-02-2026-19.34,62.4,70.2,62.25,81.25,
03309,60000,78400,Renfe,AVE,2026-02-12 19:34:00,2026-02-12 21:46:00,0 days 02:12:00,03309_12-02-2026-19.34,58.45,68.2,77.75,96.75,
03309,60000,04007,Renfe,AVE,2026-02-12 19:34:00,2026-02-12 20:00:00,0 days 00:26:00,03309_12-02-2026-19.34,53.35,57.15,60.8,79.8,
03173,78400,71801,Renfe,AVE,2026-02-12 19:37:00,2026-02-12 20:46:00,0 days 01:09:00,03173_12-02-2026-17.27,64.15,69.95,77.55,96.55,
03173,78400,04104,Renfe,AVE,2026-02-12 19:37:00,2026-02-12 20:04:00,0 days 00:27:00,03173_12-02-2026-17.27,45.2,49.3,54.65,73.65,
03183,04040,71801,Renfe,AVE,2026-02-12 19:46:00,2026-02-12 21:24:00,0 days 01:38:00,03183_12-02-2026-18.27,72.1,80.1,95.9,114.9,
03183,04040,04104,Renfe,AVE,2026-02-12 19:46:00,2026-02-12 20:44:00,0 days 00:58:00,03183_12-02-2026-18.27,58.3,64.8,77.55,96.55,
00437,04040,78400,Renfe,ALVIA,2026-02-12 19:52:00,2026-02-12 20:56:00,0 days 01:04:00,00437_12-02-2026-19.52,26.65,30.5,45.6,,
00437,04040,71801,Renfe,ALVIA,2026-02-12 19:52:00,2026-02-12 22:13:00,0 days 02:21:00,00437_12-02-2026-19.52,35.6,41.5,63.1,,
00437,04040,04104,Renfe,ALVIA,2026-02-12 19:52:00,2026-02-12 21:30:00,0 days 01:38:00,00437_12-02-2026-19.52,33.6,38.4,57.45,,
03931,04040,04104,Renfe,AVE,2026-02-12 20:01:00,2026-02-12 21:16:00,0 days 01:15:00,03931_12-02-2026-20.01,51.85,58.3,68.95,87.95,
03309,04007,04040,Renfe,AVE,2026-02-12 20:01:00,2026-02-12 21:02:00,0 days 01:01:00,03309_12-02-2026-19.34,54.65,61.45,72.65,91.65,
03931,04040,71801,Renfe,AVE,2026-02-12 20:01:00,2026-02-12 21:58:00,0 days 01:57:00,03931_12-02-2026-20.01,56.05,64.1,74.55,93.55,
03931,04040,78400,Renfe,AVE,2026-02-12 20:01:00,2026-02-12 20:48:00,0 days 00:47:00,03931_12-02-2026-20.01,41.1,46.25,54.7,73.7,
03309,04007,71801,Renfe,AVE,2026-02-12 20:01:00,2026-02-12 22:55:00,0 days 02:54:00,03309_12-02-2026-19.34,66.95,78.1,89.05,108.05,
03309,04007,04104,Renfe,AVE,2026-02-12 20:01:00,2026-02-12 22:15:00,0 days 02:14:00,03309_12-02-2026-19.34,59.75,69.7,79.5,98.5,
03309,04007,78400,Renfe,AVE,2026-02-12 20:01:00,2026-02-12 21:46:00,0 days 01:45:00,03309_12-02-2026-19.34,53.35,62.25,70.95,89.95,
03201,60000,71801,Renfe,AVE,2026-02-12 20:05:00,2026-02-12 22:42:00,0 days 02:37:00,03201_12-02-2026-20.05,83.95,97.95,111.65,130.65,
03173,04104,71801,Renfe,AVE,2026-02-12 20:06:00,2026-02-12 20:46:00,0 days 00:40:00,03173_12-02-2026-17.27,48.95,53.4,59.2,78.2,
03203,60000,78400,Renfe,AVE,2026-02-12 20:27:00,2026-02-12 22:40:00,0 days 02:13:00,03203_12-02-2026-20.27,48.7,58.45,90.7,109.7,
03203,60000,04007,Renfe,AVE,2026-02-12 20:27:00,2026-02-12 20:52:00,0 days 00:25:00,03203_12-02-2026-20.27,45.7,49.55,60.8,79.8,
03203,60000,04104,Renfe,AVE,2026-02-12 20:27:00,2026-02-12 23:07:00,0 days 02:40:00,03203_12-02-2026-20.27,53.75,64.5,100.1,119.1,
03203,60000,04040,Renfe,AVE,2026-02-12 20:27:00,2026-02-12 21:57:00,0 days 01:30:00,03203_12-02-2026-20.27,39.0,46.8,72.6,91.6,
03203,60000,71801,Renfe,AVE,2026-02-12 20:27:00,2026-02-12 23:48:00,0 days 03:21:00,03203_12-02-2026-20.27,47.45,59.3,94.65,113.65,
03941,04040,78400,Renfe,AVE,2026-02-12 20:38:00,2026-02-12 21:20:00,0 days 00:42:00,03941_12-02-2026-20.38,41.1,46.25,54.7,73.7,
03991,04040,78400,Renfe,AVE,2026-02-12 20:38:00,2026-02-12 21:20:00,0 days 00:42:00,03991_12-02-2026-20.38,41.1,46.25,54.7,73.7,
03941,04040,04104,Renfe,AVE,2026-02-12 20:38:00,2026-02-12 21:51:00,0 days 01:13:00,03941_12-02-2026-20.38,51.85,58.3,68.95,87.95,
03991,04040,71801,Renfe,AVE,2026-02-12 20:38:00,2026-02-12 22:35:00,0 days 01:57:00,03991_12-02-2026-20.38,56.05,64.1,74.55,93.55,
03941,04040,71801,Renfe,AVE,2026-02-12 20:38:00,2026-02-12 22:35:00,0 days 01:57:00,03941_12-02-2026-20.38,56.05,64.1,74.55,93.55,
03991,04040,04104,Renfe,AVE,2026-02-12 20:38:00,2026-02-12 21:51:00,0 days 01:13:00,03991_12-02-2026-20.38,51.85,58.3,68.95,87.95,
03183,04104,71801,Renfe,AVE,2026-02-12 20:46:00,2026-02-12 21:24:00,0 days 00:38:00,03183_12-02-2026-18.27,40.05,44.5,53.25,72.25,
03931,78400,71801,Renfe,AVE,2026-02-12 20:50:00,2026-02-12 21:58:00,0 days 01:08:00,03931_12-02-2026-20.01,46.65,52.45,62.05,81.05,
03931,78400,04104,Renfe,AVE,2026-02-12 20:50:00,2026-02-12 21:16:00,0 days 00:26:00,03931_12-02-2026-20.01,32.9,37.0,43.75,62.75,
03203,04007,71801,Renfe,AVE,2026-02-12 20:53:00,2026-02-12 23:48:00,0 days 02:55:00,03203_12-02-2026-20.27,44.65,55.8,89.05,108.05,
03203,04007,04040,Renfe,AVE,2026-02-12 20:53:00,2026-02-12 21:57:00,0 days 01:04:00,03203_12-02-2026-20.27,34.15,41.0,63.6,82.6,
03203,04007,04104,Renfe,AVE,2026-02-12 20:53:00,2026-02-12 23:07:00,0 days 02:14:00,03203_12-02-2026-20.27,49.8,59.75,92.75,111.75,
03203,04007,78400,Renfe,AVE,2026-02-12 20:53:00,2026-02-12 22:40:00,0 days 01:47:00,03203_12-02-2026-20.27,44.45,53.35,82.75,101.75,
00437,78400,04104,Renfe,ALVIA,2026-02-12 20:58:00,2026-02-12 21:30:00,0 days 00:32:00,00437_12-02-2026-19.52,21.35,24.4,36.5,,
00437,78400,71801,Renfe,ALVIA,2026-02-12 20:58:00,2026-02-12 22:13:00,0 days 01:15:00,00437_12-02-2026-19.52,30.25,34.55,51.7,,
03309,04040,71801,Renfe,AVE,2026-02-12 21:03:00,2026-02-12 22:55:00,0 days 01:52:00,03309_12-02-2026-19.34,64.1,72.1,85.25,104.25,
03309,04040,04104,Renfe,AVE,2026-02-12 21:03:00,2026-02-12 22:15:00,0 days 01:12:00,03309_12-02-2026-19.34,51.85,58.3,68.95,87.95,
03309,04040,78400,Renfe,AVE,2026-02-12 21:03:00,2026-02-12 21:46:00,0 days 00:43:00,03309_12-02-2026-19.34,41.1,46.25,54.7,73.7,
02883,60000,71801,Renfe,AVE,2026-02-12 21:07:00,2026-02-12 23:59:00,0 days 02:52:00,02883_12-02-2026-21.07,47.45,59.3,63.1,82.1,
02883,60000,04040,Renfe,AVE,2026-02-12 21:07:00,2026-02-12 22:26:00,0 days 01:19:00,02883_12-02-2026-21.07,39.0,46.8,51.85,70.85,
03931,04104,71801,Renfe,AVE,2026-02-12 21:18:00,2026-02-12 21:58:00,0 days 00:40:00,03931_12-02-2026-20.01,35.6,40.05,47.35,66.35,
03991,78400,71801,Renfe,AVE,2026-02-12 21:22:00,2026-02-12 22:35:00,0 days 01:13:00,03991_12-02-2026-20.38,46.65,52.45,62.05,81.05,
03941,78400,71801,Renfe,AVE,2026-02-12 21:22:00,2026-02-12 22:35:00,0 days 01:13:00,03941_12-02-2026-20.38,46.65,52.45,62.05,81.05,
03941,78400,04104,Renfe,AVE,2026-02-12 21:22:00,2026-02-12 21:51:00,0 days 00:29:00,03941_12-02-2026-20.38,32.9,37.0,43.75,62.75,
03991,78400,04104,Renfe,AVE,2026-02-12 21:22:00,2026-02-12 21:51:00,0 days 00:29:00,03991_12-02-2026-20.38,32.9,37.0,43.75,62.75,
00437,04104,71801,Renfe,ALVIA,2026-02-12 21:32:00,2026-02-12 22:13:00,0 days 00:41:00,00437_12-02-2026-19.52,23.1,26.4,39.5,,
03309,78400,04104,Renfe,AVE,2026-02-12 21:48:00,2026-02-12 22:15:00,0 days 00:27:00,03309_12-02-2026-19.34,41.1,45.2,49.2,68.2,
03309,78400,71801,Renfe,AVE,2026-02-12 21:48:00,2026-02-12 22:55:00,0 days 01:07:00,03309_12-02-2026-19.34,58.3,64.15,69.8,88.8,
03941,04104,71801,Renfe,AVE,2026-02-12 21:53:00,2026-02-12 22:35:00,0 days 00:42:00,03941_12-02-2026-20.38,35.6,40.05,47.35,66.35,
03991,04104,71801,Renfe,AVE,2026-02-12 21:53:00,2026-02-12 22:35:00,0 days 00:42:00,03991_12-02-2026-20.38,35.6,40.05,47.35,66.35,
03203,04040,78400,Renfe,AVE,2026-02-12 21:58:00,2026-02-12 22:40:00,0 days 00:42:00,03203_12-02-2026-20.27,30.85,36.0,54.7,73.7,
03203,04040,71801,Renfe,AVE,2026-02-12 21:58:00,2026-02-12 23:48:00,0 days 01:50:00,03203_12-02-2026-20.27,40.05,48.05,74.55,93.55,
03203,04040,04104,Renfe,AVE,2026-02-12 21:58:00,2026-02-12 23:07:00,0 days 01:09:00,03203_12-02-2026-20.27,38.9,45.35,68.95,87.95,
03309,04104,71801,Renfe,AVE,2026-02-12 22:17:00,2026-02-12 22:55:00,0 days 00:38:00,03309_12-02-2026-19.34,44.5,48.95,53.25,72.25,
02883,04040,71801,Renfe,AVE,2026-02-12 22:27:00,2026-02-12 23:59:00,0 days 01:32:00,02883_12-02-2026-21.07,24.05,32.05,53.25,72.25,
03203,78400,71801,Renfe,AVE,2026-02-12 22:42:00,2026-02-12 23:48:00,0 days 01:06:00,03203_12-02-2026-20.27,35.0,40.8,62.05,81.05,
03203,78400,04104,Renfe,AVE,2026-02-12 22:42:00,2026-02-12 23:07:00,0 days 00:25:00,03203_12-02-2026-20.27,24.65,28.75,43.75,62.75,
03203,04104,71801,Renfe,AVE,2026-02-12 23:09:00,2026-02-12 23:48:00,0 days 00:39:00,03203_12-02-2026-20.27,22.25,26.7,47.35,66.35,
03301,60000,71801,Renfe,AVE,2026-02-13 06:27:00,2026-02-13 09:25:00,0 days 02:58:00,03301_13-02-2026-06.27,166.05,177.9,189.3,208.3,
03301,60000,04040,Renfe,AVE,2026-02-13 06:27:00,2026-02-13 07:52:00,0 days 01:25:00,03301_13-02-2026-06.27,148.2,156.0,155.6,174.6,
03071,60000,71801,Renfe,AVE,2026-02-13 06:57:00,2026-02-13 09:34:00,0 days 02:37:00,03071_13-02-2026-06.57,55.95,69.95,74.45,93.45,
03073,60000,71801,Renfe,AVE,2026-02-13 07:27:00,2026-02-13 10:46:00,0 days 03:19:00,03073_13-02-2026-07.27,83.0,94.9,94.65,113.65,
03073,60000,04040,Renfe,AVE,2026-02-13 07:27:00,2026-02-13 08:51:00,0 days 01:24:00,03073_13-02-2026-07.27,62.4,70.2,72.6,91.6,
03073,60000,04007,Renfe,AVE,2026-02-13 07:27:00,2026-02-13 07:52:00,0 days 00:25:00,03073_13-02-2026-07.27,45.7,49.55,60.8,79.8,
03073,60000,78400,Renfe,AVE,2026-02-13 07:27:00,2026-02-13 09:35:00,0 days 02:08:00,03073_13-02-2026-07.27,77.9,87.65,90.7,109.7,
03073,60000,04104,Renfe,AVE,2026-02-13 07:27:00,2026-02-13 10:04:00,0 days 02:37:00,03073_13-02-2026-07.27,86.0,96.75,100.1,119.1,
03073,04007,04040,Renfe,AVE,2026-02-13 07:53:00,2026-02-13 08:51:00,0 days 00:58:00,03073_13-02-2026-07.27,54.65,61.45,63.6,82.6,
03073,04007,71801,Renfe,AVE,2026-02-13 07:53:00,2026-02-13 10:46:00,0 days 02:53:00,03073_13-02-2026-07.27,78.1,89.3,89.05,108.05,
03073,04007,04104,Renfe,AVE,2026-02-13 07:53:00,2026-02-13 10:04:00,0 days 02:11:00,03073_13-02-2026-07.27,79.7,89.65,92.75,111.75,
03073,04007,78400,Renfe,AVE,2026-02-13 07:53:00,2026-02-13 09:35:00,0 days 01:42:00,03073_13-02-2026-07.27,71.1,80.0,82.75,101.75,
03301,04040,71801,Renfe,AVE,2026-02-13 07:53:00,2026-02-13 09:25:00,0 days 01:32:00,03301_13-02-2026-06.27,112.15,120.15,127.85,146.85,
03081,60000,71801,Renfe,AVE,2026-02-13 07:57:00,2026-02-13 10:34:00,0 days 02:37:00,03081_13-02-2026-07.57,55.95,69.95,74.45,93.45,
03073,04040,71801,Renfe,AVE,2026-02-13 08:52:00,2026-02-13 10:46:00,0 days 01:54:00,03073_13-02-2026-07.27,64.1,72.1,74.55,93.55,
03073,04040,78400,Renfe,AVE,2026-02-13 08:52:00,2026-02-13 09:35:00,0 days 00:43:00,03073_13-02-2026-07.27,46.25,51.4,54.7,73.7,
03073,04040,04104,Renfe,AVE,2026-02-13 08:52:00,2026-02-13 10:04:00,0 days 01:12:00,03073_13-02-2026-07.27,58.3,64.8,68.95,87.95,
03091,60000,71801,Renfe,AVE,2026-02-13 08:57:00,2026-02-13 11:41:00,0 days 02:44:00,03091_13-02-2026-08.57,55.95,69.95,74.45,93.45,
03091,60000,04104,Renfe,AVE,2026-02-13 08:57:00,2026-02-13 11:01:00,0 days 02:04:00,03091_13-02-2026-08.57,53.75,64.5,71.5,90.5,
02561,60000,71801,Renfe,AVE,2026-02-13 09:27:00,2026-02-13 12:41:00,0 days 03:14:00,02561_13-02-2026-09.27,71.15,83.0,94.65,113.65,
02561,60000,04040,Renfe,AVE,2026-02-13 09:27:00,2026-02-13 10:46:00,0 days 01:19:00,02561_13-02-2026-09.27,54.6,62.4,72.6,91.6,
02561,60000,04104,Renfe,AVE,2026-02-13 09:27:00,2026-02-13 12:00:00,0 days 02:33:00,02561_13-02-2026-09.27,75.25,86.0,100.1,119.1,
02561,60000,78400,Renfe,AVE,2026-02-13 09:27:00,2026-02-13 11:32:00,0 days 02:05:00,02561_13-02-2026-09.27,68.2,77.9,90.7,109.7,
03073,78400,04104,Renfe,AVE,2026-02-13 09:37:00,2026-02-13 10:04:00,0 days 00:27:00,03073_13-02-2026-07.27,37.0,41.1,43.75,62.75,
03073,78400,71801,Renfe,AVE,2026-02-13 09:37:00,2026-02-13 10:46:00,0 days 01:09:00,03073_13-02-2026-07.27,52.45,58.3,62.05,81.05,
03073,04104,71801,Renfe,AVE,2026-02-13 10:06:00,2026-02-13 10:46:00,0 days 00:40:00,03073_13-02-2026-07.27,40.05,44.5,47.35,66.35,
03303,60000,71801,Renfe,AVE,2026-02-13 10:27:00,2026-02-13 13:19:00,0 days 02:52:00,03303_13-02-2026-10.27,94.9,106.75,126.2,145.2,
03303,60000,04040,Renfe,AVE,2026-02-13 10:27:00,2026-02-13 11:47:00,0 days 01:20:00,03303_13-02-2026-10.27,93.6,101.4,93.35,112.35,
00605,60000,04007,Renfe,ALVIA,2026-02-13 10:32:00,2026-02-13 10:59:00,0 days 00:27:00,00605_13-02-2026-10.32,26.45,28.35,30.15,,
02561,04040,04104,Renfe,AVE,2026-02-13 10:47:00,2026-02-13 12:00:00,0 days 01:13:00,02561_13-02-2026-09.27,51.85,58.3,68.95,87.95,
02561,04040,78400,Renfe,AVE,2026-02-13 10:47:00,2026-02-13 11:32:00,0 days 00:45:00,02561_13-02-2026-09.27,41.1,46.25,54.7,73.7,
02561,04040,71801,Renfe,AVE,2026-02-13 10:47:00,2026-02-13 12:41:00,0 days 01:54:00,02561_13-02-2026-09.27,56.05,64.1,74.55,93.55,
03091,04104,71801,Renfe,AVE,2026-02-13 11:03:00,2026-02-13 11:41:00,0 days 00:38:00,03091_13-02-2026-08.57,31.5,36.75,41.9,60.9,
00533,04040,04104,Renfe,ALVIA,2026-02-13 11:09:00,2026-02-13 12:31:00,0 days 01:22:00,00533_13-02-2026-11.09,52.8,57.6,63.85,,
00533,04040,78400,Renfe,ALVIA,2026-02-13 11:09:00,2026-02-13 11:58:00,0 days 00:49:00,00533_13-02-2026-11.09,38.1,41.9,50.65,,
00533,04040,71801,Renfe,ALVIA,2026-02-13 11:09:00,2026-02-13 13:09:00,0 days 02:00:00,00533_13-02-2026-11.09,59.3,65.25,71.0,,
03113,60000,78400,Renfe,AVE,2026-02-13 11:27:00,2026-02-13 13:35:00,0 days 02:08:00,03113_13-02-2026-11.27,87.65,97.4,103.65,122.65,
03113,60000,04104,Renfe,AVE,2026-02-13 11:27:00,2026-02-13 14:04:00,0 days 02:37:00,03113_13-02-2026-11.27,96.75,107.5,114.4,133.4,
03113,60000,71801,Renfe,AVE,2026-02-13 11:27:00,2026-02-13 14:46:00,0 days 03:19:00,03113_13-02-2026-11.27,94.9,106.75,110.4,129.4,
03113,60000,04040,Renfe,AVE,2026-02-13 11:27:00,2026-02-13 12:51:00,0 days 01:24:00,03113_13-02-2026-11.27,62.4,70.2,72.6,91.6,
02561,78400,71801,Renfe,AVE,2026-02-13 11:34:00,2026-02-13 12:41:00,0 days 01:07:00,02561_13-02-2026-09.27,46.65,52.45,62.05,81.05,
02561,78400,04104,Renfe,AVE,2026-02-13 11:34:00,2026-02-13 12:00:00,0 days 00:26:00,02561_13-02-2026-09.27,32.9,37.0,43.75,62.75,
03303,04040,71801,Renfe,AVE,2026-02-13 11:48:00,2026-02-13 13:19:00,0 days 01:31:00,03303_13-02-2026-10.27,88.1,96.1,106.55,125.55,
00533,78400,71801,Renfe,ALVIA,2026-02-13 12:00:00,2026-02-13 13:09:00,0 days 01:09:00,00533_13-02-2026-11.09,43.2,47.5,51.7,,
00533,78400,04104,Renfe,ALVIA,2026-02-13 12:00:00,2026-02-13 12:31:00,0 days 00:31:00,00533_13-02-2026-11.09,30.5,33.55,36.5,,
34433,78400,04104,Renfe,AVANT,2026-02-13 12:00:00,2026-02-13 12:31:00,0 days 00:31:00,34433_13-02-2026-12.00,,,,,15.0
34433,78400,71801,Renfe,AVANT,2026-02-13 12:00:00,2026-02-13 13:09:00,0 days 01:09:00,34433_13-02-2026-12.00,,,,,31.5
02561,04104,71801,Renfe,AVE,2026-02-13 12:02:00,2026-02-13 12:41:00,0 days 00:39:00,02561_13-02-2026-09.27,35.6,40.05,47.35,66.35,
02591,60000,71801,Renfe,AVE,2026-02-13 12:27:00,2026-02-13 15:44:00,0 days 03:17:00,02591_13-02-2026-12.27,59.3,71.15,78.85,97.85,
02591,60000,04040,Renfe,AVE,2026-02-13 12:27:00,2026-02-13 13:45:00,0 days 01:18:00,02591_13-02-2026-12.27,46.8,54.6,62.25,81.25,
02591,60000,78400,Renfe,AVE,2026-02-13 12:27:00,2026-02-13 14:29:00,0 days 02:02:00,02591_13-02-2026-12.27,58.45,68.2,77.75,96.75,
00533,04104,71801,Renfe,ALVIA,2026-02-13 12:33:00,2026-02-13 13:09:00,0 days 00:36:00,00533_13-02-2026-11.09,33.0,36.3,39.5,,
34433,04104,71801,Renfe,AVANT,2026-02-13 12:33:00,2026-02-13 13:09:00,0 days 00:36:00,34433_13-02-2026-12.00,,,,,18.5
03943,04040,78400,Renfe,AVE,2026-02-13 12:37:00,2026-02-13 13:17:00,0 days 00:40:00,03943_13-02-2026-12.37,51.4,56.55,61.55,80.55,
03943,04040,71801,Renfe,AVE,2026-02-13 12:37:00,2026-02-13 14:25:00,0 days 01:48:00,03943_13-02-2026-12.37,72.1,80.1,85.25,104.25,
03993,04040,71801,Renfe,AVE,2026-02-13 12:37:00,2026-02-13 14:25:00,0 days 01:48:00,03993_13-02-2026-12.37,64.1,72.1,85.25,104.25,
03993,04040,78400,Renfe,AVE,2026-02-13 12:37:00,2026-02-13 13:17:00,0 days 00:40:00,03993_13-02-2026-12.37,46.25,51.4,61.55,80.55,
03943,04040,04104,Renfe,AVE,2026-02-13 12:37:00,2026-02-13 13:43:00,0 days 01:06:00,03943_13-02-2026-12.37,64.8,71.3,77.55,96.55,
03993,04040,04104,Renfe,AVE,2026-02-13 12:37:00,2026-02-13 13:43:00,0 days 01:06:00,03993_13-02-2026-12.37,58.3,64.8,77.55,96.55,
03113,04040,04104,Renfe,AVE,2026-02-13 12:52:00,2026-02-13 14:04:00,0 days 01:12:00,03113_13-02-2026-11.27,64.8,71.3,77.55,96.55,
03113,04040,71801,Renfe,AVE,2026-02-13 12:52:00,2026-02-13 14:46:00,0 days 01:54:00,03113_13-02-2026-11.27,72.1,80.1,85.25,104.25,
03113,04040,78400,Renfe,AVE,2026-02-13 12:52:00,2026-02-13 13:35:00,0 days 00:43:00,03113_13-02-2026-11.27,51.4,56.55,61.55,80.55,
09725,60000,04104,Renfe,AVE INT,2026-02-13 13:15:00,2026-02-13 15:37:00,0 days 02:22:00,09725_13-02-2026-13.15,64.5,75.25,114.4,133.4,
09725,60000,71801,Renfe,AVE INT,2026-02-13 13:15:00,2026-02-13 16:19:00,0 days 03:04:00,09725_13-02-2026-13.15,71.15,83.0,126.2,145.2,
03993,78400,71801,Renfe,AVE,2026-02-13 13:19:00,2026-02-13 14:25:00,0 days 01:06:00,03993_13-02-2026-12.37,52.45,58.3,69.8,88.8,
03943,78400,04104,Renfe,AVE,2026-02-13 13:19:00,2026-02-13 13:43:00,0 days 00:24:00,03943_13-02-2026-12.37,41.1,45.2,49.2,68.2,
03993,78400,04104,Renfe,AVE,2026-02-13 13:19:00,2026-02-13 13:43:00,0 days 00:24:00,03993_13-02-2026-12.37,37.0,41.1,49.2,68.2,
03943,78400,71801,Renfe,AVE,2026-02-13 13:19:00,2026-02-13 14:25:00,0 days 01:06:00,03943_13-02-2026-12.37,58.3,64.15,69.8,88.8,
03113,78400,71801,Renfe,AVE,2026-02-13 13:37:00,2026-02-13 14:46:00,0 days 01:09:00,03113_13-02-2026-11.27,58.3,64.15,69.8,88.8,
03113,78400,04104,Renfe,AVE,2026-02-13 13:37:00,2026-02-13 14:04:00,0 days 00:27:00,03113_13-02-2026-11.27,41.1,45.2,49.2,68.2,
34813,78400,04104,Renfe,AVANT,2026-02-13 13:37:00,2026-02-13 14:04:00,0 days 00:27:00,34813_13-02-2026-13.37,,,,,15.0
34813,78400,71801,Renfe,AVANT,2026-02-13 13:37:00,2026-02-13 14:46:00,0 days 01:09:00,34813_13-02-2026-13.37,,,,,31.5
09725,04007,04104,Renfe,AVE INT,2026-02-13 13:43:00,2026-02-13 15:37:00,0 days 01:54:00,09725_13-02-2026-13.15,59.75,69.7,105.95,124.95,
09725,04007,71801,Renfe,AVE INT,2026-02-13 13:43:00,2026-02-13 16:19:00,0 days 02:36:00,09725_13-02-2026-13.15,66.95,78.1,118.75,137.75,
03943,04104,71801,Renfe,AVE,2026-02-13 13:45:00,2026-02-13 14:25:00,0 days 00:40:00,03943_13-02-2026-12.37,40.05,44.5,53.25,72.25,
03993,04104,71801,Renfe,AVE,2026-02-13 13:45:00,2026-02-13 14:25:00,0 days 00:40:00,03993_13-02-2026-12.37,40.05,44.5,53.25,72.25,
02591,04040,71801,Renfe,AVE,2026-02-13 13:46:00,2026-02-13 15:44:00,0 days 01:58:00,02591_13-02-2026-12.27,48.05,56.05,63.9,82.9,
02591,04040,78400,Renfe,AVE,2026-02-13 13:46:00,2026-02-13 14:29:00,0 days 00:43:00,02591_13-02-2026-12.27,36.0,41.1,47.85,66.85,
03141,60000,71801,Renfe,AVE,2026-02-13 13:57:00,2026-02-13 16:34:00,0 days 02:37:00,03141_13-02-2026-13.57,111.9,125.9,148.85,167.85,
34813,04104,71801,Renfe,AVANT,2026-02-13 14:06:00,2026-02-13 14:46:00,0 days 00:40:00,34813_13-02-2026-13.37,,,,,18.5
03113,04104,71801,Renfe,AVE,2026-02-13 14:06:00,2026-02-13 14:46:00,0 days 00:40:00,03113_13-02-2026-11.27,40.05,44.5,47.35,66.35,
03143,60000,71801,Renfe,AVE,2026-02-13 14:27:00,2026-02-13 17:24:00,0 days 02:57:00,03143_13-02-2026-14.27,106.75,118.6,126.2,145.2,
03143,60000,04040,Renfe,AVE,2026-02-13 14:27:00,2026-02-13 15:51:00,0 days 01:24:00,03143_13-02-2026-14.27,78.0,85.8,93.35,112.35,
34823,78400,71801,Renfe,AVANT,2026-02-13 14:31:00,2026-02-13 15:44:00,0 days 01:13:00,34823_13-02-2026-14.31,,,,,31.5
02591,78400,71801,Renfe,AVE,2026-02-13 14:31:00,2026-02-13 15:44:00,0 days 01:13:00,02591_13-02-2026-12.27,40.8,46.65,54.3,73.3,
00609,60000,04007,Renfe,ALVIA,2026-02-13 14:47:00,2026-02-13 15:15:00,0 days 00:28:00,00609_13-02-2026-14.47,26.45,28.35,30.15,,
03151,60000,71801,Renfe,AVE,2026-02-13 14:57:00,2026-02-13 17:34:00,0 days 02:37:00,03151_13-02-2026-14.57,97.95,111.9,111.65,130.65,
03305,60000,04104,Renfe,AVE,2026-02-13 15:27:00,2026-02-13 18:03:00,0 days 02:36:00,03305_13-02-2026-15.27,107.5,118.25,128.7,147.7,
03305,60000,04040,Renfe,AVE,2026-02-13 15:27:00,2026-02-13 16:50:00,0 days 01:23:00,03305_13-02-2026-15.27,109.2,117.0,103.75,122.75,
03305,60000,78400,Renfe,AVE,2026-02-13 15:27:00,2026-02-13 17:35:00,0 days 02:08:00,03305_13-02-2026-15.27,97.4,107.15,116.6,135.6,
03305,60000,71801,Renfe,AVE,2026-02-13 15:27:00,2026-02-13 18:46:00,0 days 03:19:00,03305_13-02-2026-15.27,118.6,130.45,141.95,160.95,
03143,04040,71801,Renfe,AVE,2026-02-13 15:52:00,2026-02-13 17:24:00,0 days 01:32:00,03143_13-02-2026-14.27,48.05,56.05,95.9,114.9,
03161,60000,71801,Renfe,AVE,2026-02-13 15:57:00,2026-02-13 18:34:00,0 days 02:37:00,03161_13-02-2026-15.57,97.95,111.9,111.65,130.65,
03363,60000,04040,Renfe,AVE,2026-02-13 16:02:00,2026-02-13 17:26:00,0 days 01:24:00,03363_13-02-2026-16.02,78.0,85.8,93.35,112.35,
03163,60000,71801,Renfe,AVE,2026-02-13 16:27:00,2026-02-13 19:19:00,0 days 02:52:00,03163_13-02-2026-16.27,106.75,118.6,126.2,145.2,
03163,60000,04040,Renfe,AVE,2026-02-13 16:27:00,2026-02-13 17:45:00,0 days 01:18:00,03163_13-02-2026-16.27,78.0,85.8,93.35,112.35,
03305,04040,71801,Renfe,AVE,2026-02-13 16:51:00,2026-02-13 18:46:00,0 days 01:55:00,03305_13-02-2026-15.27,112.15,120.15,117.2,136.2,
03305,04040,04104,Renfe,AVE,2026-02-13 16:51:00,2026-02-13 18:03:00,0 days 01:12:00,03305_13-02-2026-15.27,90.7,97.2,94.8,113.8,
03305,04040,78400,Renfe,AVE,2026-02-13 16:51:00,2026-02-13 17:35:00,0 days 00:44:00,03305_13-02-2026-15.27,71.95,77.1,75.2,94.2,
03171,60000,71801,Renfe,AVE,2026-02-13 16:57:00,2026-02-13 19:34:00,0 days 02:37:00,03171_13-02-2026-16.57,97.95,111.9,111.65,130.65,
03373,60000,71801,Renfe,AVE,2026-02-13 17:27:00,2026-02-13 20:46:00,0 days 03:19:00,03373_13-02-2026-17.27,166.05,177.9,189.3,208.3,
03373,60000,04040,Renfe,AVE,2026-02-13 17:27:00,2026-02-13 18:51:00,0 days 01:24:00,03373_13-02-2026-17.27,148.2,156.0,155.6,174.6,
03373,60000,78400,Renfe,AVE,2026-02-13 17:27:00,2026-02-13 19:35:00,0 days 02:08:00,03373_13-02-2026-17.27,136.35,146.1,155.45,174.45,
03373,60000,04104,Renfe,AVE,2026-02-13 17:27:00,2026-02-13 20:04:00,0 days 02:37:00,03373_13-02-2026-17.27,150.5,161.25,171.55,190.55,
03373,60000,04007,Renfe,AVE,2026-02-13 17:27:00,2026-02-13 17:53:00,0 days 00:26:00,03373_13-02-2026-17.27,53.35,57.15,60.8,79.8,
03305,78400,71801,Renfe,AVE,2026-02-13 17:37:00,2026-02-13 18:46:00,0 days 01:09:00,03305_13-02-2026-15.27,81.6,87.45,93.05,112.05,
03305,78400,04104,Renfe,AVE,2026-02-13 17:37:00,2026-02-13 18:03:00,0 days 00:26:00,03305_13-02-2026-15.27,57.55,61.65,65.6,84.6,
03163,04040,71801,Renfe,AVE,2026-02-13 17:46:00,2026-02-13 19:19:00,0 days 01:33:00,03163_13-02-2026-16.27,72.1,80.1,85.25,104.25,
03373,04007,04040,Renfe,AVE,2026-02-13 17:54:00,2026-02-13 18:51:00,0 days 00:57:00,03373_13-02-2026-17.27,95.6,102.45,109.0,128.0,
03373,04007,04104,Renfe,AVE,2026-02-13 17:54:00,2026-02-13 20:04:00,0 days 02:10:00,03373_13-02-2026-17.27,139.45,149.4,158.95,177.95,
03373,04007,71801,Renfe,AVE,2026-02-13 17:54:00,2026-02-13 20:46:00,0 days 02:52:00,03373_13-02-2026-17.27,156.25,167.4,178.1,197.1,
03373,04007,78400,Renfe,AVE,2026-02-13 17:54:00,2026-02-13 19:35:00,0 days 01:41:00,03373_13-02-2026-17.27,124.45,133.35,141.9,160.9,
02553,60000,71801,Renfe,AVE,2026-02-13 17:57:00,2026-02-13 20:34:00,0 days 02:37:00,02553_13-02-2026-17.57,83.0,94.9,94.65,113.65,
03305,04104,71801,Renfe,AVE,2026-02-13 18:05:00,2026-02-13 18:46:00,0 days 00:41:00,03305_13-02-2026-15.27,62.3,66.75,71.0,90.0,
03183,60000,04040,Renfe,AVE,2026-02-13 18:27:00,2026-02-13 19:45:00,0 days 01:18:00,03183_13-02-2026-18.27,78.0,85.8,93.35,112.35,
03183,60000,04104,Renfe,AVE,2026-02-13 18:27:00,2026-02-13 20:44:00,0 days 02:17:00,03183_13-02-2026-18.27,96.75,107.5,114.4,133.4,
03183,60000,71801,Renfe,AVE,2026-02-13 18:27:00,2026-02-13 21:24:00,0 days 02:57:00,03183_13-02-2026-18.27,106.75,118.6,126.2,145.2,
03373,04040,71801,Renfe,AVE,2026-02-13 18:52:00,2026-02-13 20:46:00,0 days 01:54:00,03373_13-02-2026-17.27,112.15,120.15,127.85,146.85,
03373,04040,78400,Renfe,AVE,2026-02-13 18:52:00,2026-02-13 19:35:00,0 days 00:43:00,03373_13-02-2026-17.27,71.95,77.1,82.05,101.05,
03373,04040,04104,Renfe,AVE,2026-02-13 18:52:00,2026-02-13 20:04:00,0 days 01:12:00,03373_13-02-2026-17.27,90.7,97.2,103.4,122.4,
03191,60000,71801,Renfe,AVE,2026-02-13 18:57:00,2026-02-13 21:34:00,0 days 02:37:00,03191_13-02-2026-18.57,56.0,70.0,74.5,93.5,
02861,60000,04040,Renfe,AVE,2026-02-13 19:00:00,2026-02-13 20:42:00,0 days 01:42:00,02861_13-02-2026-19.00,31.2,39.0,51.85,70.85,
02861,60000,04007,Renfe,AVE,2026-02-13 19:00:00,2026-02-13 19:28:00,0 days 00:28:00,02861_13-02-2026-19.00,45.7,49.55,60.8,79.8,
02861,04007,04040,Renfe,AVE,2026-02-13 19:29:00,2026-02-13 20:42:00,0 days 01:13:00,02861_13-02-2026-19.00,27.3,34.15,45.4,64.4,
03309,60000,71801,Renfe,AVE,2026-02-13 19:34:00,2026-02-13 22:55:00,0 days 03:21:00,03309_13-02-2026-19.34,83.0,94.9,110.4,129.4,
03309,60000,04007,Renfe,AVE,2026-02-13 19:34:00,2026-02-13 20:00:00,0 days 00:26:00,03309_13-02-2026-19.34,53.35,57.15,60.8,79.8,
03309,60000,04040,Renfe,AVE,2026-02-13 19:34:00,2026-02-13 21:02:00,0 days 01:28:00,03309_13-02-2026-19.34,78.0,85.8,83.0,102.0,
03309,60000,78400,Renfe,AVE,2026-02-13 19:34:00,2026-02-13 21:46:00,0 days 02:12:00,03309_13-02-2026-19.34,68.2,77.9,90.7,109.7,
03309,60000,04104,Renfe,AVE,2026-02-13 19:34:00,2026-02-13 22:15:00,0 days 02:41:00,03309_13-02-2026-19.34,75.25,86.0,100.1,119.1,
03373,78400,71801,Renfe,AVE,2026-02-13 19:37:00,2026-02-13 20:46:00,0 days 01:09:00,03373_13-02-2026-17.27,81.6,87.45,93.05,112.05,
03373,78400,04104,Renfe,AVE,2026-02-13 19:37:00,2026-02-13 20:04:00,0 days 00:27:00,03373_13-02-2026-17.27,57.55,61.65,65.6,84.6,
03183,04040,04104,Renfe,AVE,2026-02-13 19:46:00,2026-02-13 20:44:00,0 days 00:58:00,03183_13-02-2026-18.27,58.3,64.8,68.95,87.95,
03183,04040,71801,Renfe,AVE,2026-02-13 19:46:00,2026-02-13 21:24:00,0 days 01:38:00,03183_13-02-2026-18.27,72.1,80.1,85.25,104.25,
00437,04040,78400,Renfe,ALVIA,2026-02-13 19:52:00,2026-02-13 20:56:00,0 days 01:04:00,00437_13-02-2026-19.52,26.65,30.5,45.6,,
00437,04040,71801,Renfe,ALVIA,2026-02-13 19:52:00,2026-02-13 22:13:00,0 days 02:21:00,00437_13-02-2026-19.52,35.6,41.5,63.1,,
00437,04040,04104,Renfe,ALVIA,2026-02-13 19:52:00,2026-02-13 21:30:00,0 days 01:38:00,00437_13-02-2026-19.52,33.6,38.4,57.45,,
03931,04040,71801,Renfe,AVE,2026-02-13 20:01:00,2026-02-13 21:58:00,0 days 01:57:00,03931_13-02-2026-20.01,72.1,80.1,85.25,104.25,
03309,04007,78400,Renfe,AVE,2026-02-13 20:01:00,2026-02-13 21:46:00,0 days 01:45:00,03309_13-02-2026-19.34,62.25,71.1,82.75,101.75,
03931,04040,04104,Renfe,AVE,2026-02-13 20:01:00,2026-02-13 21:16:00,0 days 01:15:00,03931_13-02-2026-20.01,64.8,71.3,77.55,96.55,
03309,04007,04040,Renfe,AVE,2026-02-13 20:01:00,2026-02-13 21:02:00,0 days 01:01:00,03309_13-02-2026-19.34,68.3,75.15,81.75,100.75,
03309,04007,71801,Renfe,AVE,2026-02-13 20:01:00,2026-02-13 22:55:00,0 days 02:54:00,03309_13-02-2026-19.34,78.1,89.3,103.9,122.9,
03931,04040,78400,Renfe,AVE,2026-02-13 20:01:00,2026-02-13 20:48:00,0 days 00:47:00,03931_13-02-2026-20.01,51.4,56.55,61.55,80.55,
03309,04007,04104,Renfe,AVE,2026-02-13 20:01:00,2026-02-13 22:15:00,0 days 02:14:00,03309_13-02-2026-19.34,69.7,79.7,92.75,111.75,
03201,60000,71801,Renfe,AVE,2026-02-13 20:05:00,2026-02-13 22:42:00,0 days 02:37:00,03201_13-02-2026-20.05,83.95,97.95,111.65,130.65,
03373,04104,71801,Renfe,AVE,2026-02-13 20:06:00,2026-02-13 20:46:00,0 days 00:40:00,03373_13-02-2026-17.27,62.3,66.75,71.0,90.0,
03203,60000,71801,Renfe,AVE,2026-02-13 20:27:00,2026-02-13 23:48:00,0 days 03:21:00,03203_13-02-2026-20.27,59.3,71.15,63.1,82.1,
03203,60000,04104,Renfe,AVE,2026-02-13 20:27:00,2026-02-13 23:07:00,0 days 02:40:00,03203_13-02-2026-20.27,64.5,75.25,71.5,90.5,
03203,60000,04040,Renfe,AVE,2026-02-13 20:27:00,2026-02-13 21:57:00,0 days 01:30:00,03203_13-02-2026-20.27,46.8,54.6,51.85,70.85,
03203,60000,78400,Renfe,AVE,2026-02-13 20:27:00,2026-02-13 22:40:00,0 days 02:13:00,03203_13-02-2026-20.27,58.45,68.2,64.75,83.75,
03203,60000,04007,Renfe,AVE,2026-02-13 20:27:00,2026-02-13 20:52:00,0 days 00:25:00,03203_13-02-2026-20.27,45.7,49.55,60.8,79.8,
03941,04040,04104,Renfe,AVE,2026-02-13 20:38:00,2026-02-13 21:51:00,0 days 01:13:00,03941_13-02-2026-20.38,51.85,58.3,68.95,87.95,
03991,04040,04104,Renfe,AVE,2026-02-13 20:38:00,2026-02-13 21:51:00,0 days 01:13:00,03991_13-02-2026-20.38,51.85,58.3,68.95,87.95,
03941,04040,78400,Renfe,AVE,2026-02-13 20:38:00,2026-02-13 21:20:00,0 days 00:42:00,03941_13-02-2026-20.38,41.1,46.25,54.7,73.7,
03991,04040,71801,Renfe,AVE,2026-02-13 20:38:00,2026-02-13 22:35:00,0 days 01:57:00,03991_13-02-2026-20.38,56.05,64.1,74.55,93.55,
03941,04040,71801,Renfe,AVE,2026-02-13 20:38:00,2026-02-13 22:35:00,0 days 01:57:00,03941_13-02-2026-20.38,56.05,64.1,74.55,93.55,
03991,04040,78400,Renfe,AVE,2026-02-13 20:38:00,2026-02-13 21:20:00,0 days 00:42:00,03991_13-02-2026-20.38,41.1,46.25,54.7,73.7,
03183,04104,71801,Renfe,AVE,2026-02-13 20:46:00,2026-02-13 21:24:00,0 days 00:38:00,03183_13-02-2026-18.27,40.05,44.5,47.35,66.35,
03931,78400,71801,Renfe,AVE,2026-02-13 20:50:00,2026-02-13 21:58:00,0 days 01:08:00,03931_13-02-2026-20.01,58.3,64.15,69.8,88.8,
03931,78400,04104,Renfe,AVE,2026-02-13 20:50:00,2026-02-13 21:16:00,0 days 00:26:00,03931_13-02-2026-20.01,41.1,45.2,49.2,68.2,
03203,04007,78400,Renfe,AVE,2026-02-13 20:53:00,2026-02-13 22:40:00,0 days 01:47:00,03203_13-02-2026-20.27,53.35,62.25,59.1,78.1,
03203,04007,71801,Renfe,AVE,2026-02-13 20:53:00,2026-02-13 23:48:00,0 days 02:55:00,03203_13-02-2026-20.27,55.8,66.95,59.35,78.35,
03203,04007,04104,Renfe,AVE,2026-02-13 20:53:00,2026-02-13 23:07:00,0 days 02:14:00,03203_13-02-2026-20.27,59.75,69.7,66.25,85.25,
03203,04007,04040,Renfe,AVE,2026-02-13 20:53:00,2026-02-13 21:57:00,0 days 01:04:00,03203_13-02-2026-20.27,41.0,47.8,45.4,64.4,
00437,78400,04104,Renfe,ALVIA,2026-02-13 20:58:00,2026-02-13 21:30:00,0 days 00:32:00,00437_13-02-2026-19.52,21.35,24.4,36.5,,
00437,78400,71801,Renfe,ALVIA,2026-02-13 20:58:00,2026-02-13 22:13:00,0 days 01:15:00,00437_13-02-2026-19.52,30.25,34.55,51.7,,
03309,04040,78400,Renfe,AVE,2026-02-13 21:03:00,2026-02-13 21:46:00,0 days 00:43:00,03309_13-02-2026-19.34,46.25,51.4,54.7,73.7,
03309,04040,71801,Renfe,AVE,2026-02-13 21:03:00,2026-02-13 22:55:00,0 days 01:52:00,03309_13-02-2026-19.34,72.1,80.1,85.25,104.25,
03309,04040,04104,Renfe,AVE,2026-02-13 21:03:00,2026-02-13 22:15:00,0 days 01:12:00,03309_13-02-2026-19.34,58.3,64.8,68.95,87.95,
02883,60000,71801,Renfe,AVE,2026-02-13 21:07:00,2026-02-13 23:59:00,0 days 02:52:00,02883_13-02-2026-21.07,59.3,71.15,78.85,97.85,
02883,60000,04040,Renfe,AVE,2026-02-13 21:07:00,2026-02-13 22:26:00,0 days 01:19:00,02883_13-02-2026-21.07,46.8,54.6,62.25,81.25,
03931,04104,71801,Renfe,AVE,2026-02-13 21:18:00,2026-02-13 21:58:00,0 days 00:40:00,03931_13-02-2026-20.01,44.5,48.95,53.25,72.25,
03991,78400,71801,Renfe,AVE,2026-02-13 21:22:00,2026-02-13 22:35:00,0 days 01:13:00,03991_13-02-2026-20.38,46.65,52.45,62.05,81.05,
03941,78400,71801,Renfe,AVE,2026-02-13 21:22:00,2026-02-13 22:35:00,0 days 01:13:00,03941_13-02-2026-20.38,46.65,52.45,62.05,81.05,
03991,78400,04104,Renfe,AVE,2026-02-13 21:22:00,2026-02-13 21:51:00,0 days 00:29:00,03991_13-02-2026-20.38,32.9,37.0,43.75,62.75,
03941,78400,04104,Renfe,AVE,2026-02-13 21:22:00,2026-02-13 21:51:00,0 days 00:29:00,03941_13-02-2026-20.38,32.9,37.0,43.75,62.75,
00437,04104,71801,Renfe,ALVIA,2026-02-13 21:32:00,2026-02-13 22:13:00,0 days 00:41:00,00437_13-02-2026-19.52,23.1,26.4,39.5,,
03309,78400,04104,Renfe,AVE,2026-02-13 21:48:00,2026-02-13 22:15:00,0 days 00:27:00,03309_13-02-2026-19.34,45.2,49.3,54.65,73.65,
03309,78400,71801,Renfe,AVE,2026-02-13 21:48:00,2026-02-13 22:55:00,0 days 01:07:00,03309_13-02-2026-19.34,64.15,69.95,77.55,96.55,
03991,04104,71801,Renfe,AVE,2026-02-13 21:53:00,2026-02-13 22:35:00,0 days 00:42:00,03991_13-02-2026-20.38,35.6,40.05,47.35,66.35,
03941,04104,71801,Renfe,AVE,2026-02-13 21:53:00,2026-02-13 22:35:00,0 days 00:42:00,03941_13-02-2026-20.38,35.6,40.05,47.35,66.35,
03203,04040,71801,Renfe,AVE,2026-02-13 21:58:00,2026-02-13 23:48:00,0 days 01:50:00,03203_13-02-2026-20.27,40.05,48.05,53.25,72.25,
03203,04040,78400,Renfe,AVE,2026-02-13 21:58:00,2026-02-13 22:40:00,0 days 00:42:00,03203_13-02-2026-20.27,30.85,36.0,41.0,60.0,
03203,04040,04104,Renfe,AVE,2026-02-13 21:58:00,2026-02-13 23:07:00,0 days 01:09:00,03203_13-02-2026-20.27,38.9,45.35,51.7,70.7,
03309,04104,71801,Renfe,AVE,2026-02-13 22:17:00,2026-02-13 22:55:00,0 days 00:38:00,03309_13-02-2026-19.34,48.95,53.4,59.2,78.2,
02883,04040,71801,Renfe,AVE,2026-02-13 22:27:00,2026-02-13 23:59:00,0 days 01:32:00,02883_13-02-2026-21.07,48.05,56.05,63.9,82.9,
03203,78400,71801,Renfe,AVE,2026-02-13 22:42:00,2026-02-13 23:48:00,0 days 01:06:00,03203_13-02-2026-20.27,29.15,35.0,46.5,65.5,
03203,78400,04104,Renfe,AVE,2026-02-13 22:42:00,2026-02-13 23:07:00,0 days 00:25:00,03203_13-02-2026-20.27,20.55,24.65,32.8,51.8,
03203,04104,71801,Renfe,AVE,2026-02-13 23:09:00,2026-02-13 23:48:00,0 days 00:39:00,03203_13-02-2026-20.27,22.25,26.7,35.5,54.5,
03301,60000,04040,Renfe,AVE,2026-02-14 06:27:00,2026-02-14 07:52:00,0 days 01:25:00,03301_14-02-2026-06.27,39.0,46.8,41.5,60.5,
03301,60000,04104,Renfe,AVE,2026-02-14 06:27:00,2026-02-14 08:53:00,0 days 02:26:00,03301_14-02-2026-06.27,43.0,53.75,71.5,90.5,
03301,60000,71801,Renfe,AVE,2026-02-14 06:27:00,2026-02-14 09:31:00,0 days 03:04:00,03301_14-02-2026-06.27,47.45,59.3,78.85,97.85,
03073,60000,78400,Renfe,AVE,2026-02-14 07:27:00,2026-02-14 09:35:00,0 days 02:08:00,03073_14-02-2026-07.27,58.45,68.2,77.75,96.75,
03073,60000,04040,Renfe,AVE,2026-02-14 07:27:00,2026-02-14 08:51:00,0 days 01:24:00,03073_14-02-2026-07.27,39.0,46.8,51.85,70.85,
03073,60000,04104,Renfe,AVE,2026-02-14 07:27:00,2026-02-14 10:04:00,0 days 02:37:00,03073_14-02-2026-07.27,64.5,75.25,85.8,104.8,
03073,60000,71801,Renfe,AVE,2026-02-14 07:27:00,2026-02-14 10:46:00,0 days 03:19:00,03073_14-02-2026-07.27,59.3,71.15,78.85,97.85,
03073,60000,04007,Renfe,AVE,2026-02-14 07:27:00,2026-02-14 07:52:00,0 days 00:25:00,03073_14-02-2026-07.27,45.7,49.55,60.8,79.8,
03073,04007,78400,Renfe,AVE,2026-02-14 07:53:00,2026-02-14 09:35:00,0 days 01:42:00,03073_14-02-2026-07.27,53.35,62.25,70.95,89.95,
03073,04007,71801,Renfe,AVE,2026-02-14 07:53:00,2026-02-14 10:46:00,0 days 02:53:00,03073_14-02-2026-07.27,55.8,66.95,74.2,93.2,
03301,04040,71801,Renfe,AVE,2026-02-14 07:53:00,2026-02-14 09:31:00,0 days 01:38:00,03301_14-02-2026-06.27,40.05,48.05,53.25,72.25,
03301,04040,04104,Renfe,AVE,2026-02-14 07:53:00,2026-02-14 08:53:00,0 days 01:00:00,03301_14-02-2026-06.27,32.4,38.9,43.1,62.1,
03073,04007,04040,Renfe,AVE,2026-02-14 07:53:00,2026-02-14 08:51:00,0 days 00:58:00,03073_14-02-2026-07.27,34.15,41.0,45.4,64.4,
03073,04007,04104,Renfe,AVE,2026-02-14 07:53:00,2026-02-14 10:04:00,0 days 02:11:00,03073_14-02-2026-07.27,59.75,69.7,79.5,98.5,
03083,60000,04040,Renfe,AVE,2026-02-14 08:27:00,2026-02-14 09:45:00,0 days 01:18:00,03083_14-02-2026-08.27,54.6,62.4,83.0,102.0,
03083,60000,71801,Renfe,AVE,2026-02-14 08:27:00,2026-02-14 11:19:00,0 days 02:52:00,03083_14-02-2026-08.27,71.15,83.0,110.4,129.4,
03073,04040,71801,Renfe,AVE,2026-02-14 08:52:00,2026-02-14 10:46:00,0 days 01:54:00,03073_14-02-2026-07.27,48.05,56.05,63.9,82.9,
03073,04040,78400,Renfe,AVE,2026-02-14 08:52:00,2026-02-14 09:35:00,0 days 00:43:00,03073_14-02-2026-07.27,36.0,41.1,47.85,66.85,
03073,04040,04104,Renfe,AVE,2026-02-14 08:52:00,2026-02-14 10:04:00,0 days 01:12:00,03073_14-02-2026-07.27,45.35,51.85,60.35,79.35,
03301,04104,71801,Renfe,AVE,2026-02-14 08:55:00,2026-02-14 09:31:00,0 days 00:36:00,03301_14-02-2026-06.27,26.7,31.15,35.5,54.5,
03091,60000,04104,Renfe,AVE,2026-02-14 08:57:00,2026-02-14 11:01:00,0 days 02:04:00,03091_14-02-2026-08.57,64.5,75.25,85.8,104.8,
03091,60000,71801,Renfe,AVE,2026-02-14 08:57:00,2026-02-14 11:41:00,0 days 02:44:00,03091_14-02-2026-08.57,69.95,83.95,93.05,112.05,
02561,60000,71801,Renfe,AVE,2026-02-14 09:27:00,2026-02-14 12:41:00,0 days 03:14:00,02561_14-02-2026-09.27,71.15,83.0,94.65,113.65,
02561,60000,04104,Renfe,AVE,2026-02-14 09:27:00,2026-02-14 12:00:00,0 days 02:33:00,02561_14-02-2026-09.27,75.25,86.0,100.1,119.1,
02561,60000,78400,Renfe,AVE,2026-02-14 09:27:00,2026-02-14 11:32:00,0 days 02:05:00,02561_14-02-2026-09.27,68.2,77.9,90.7,109.7,
02561,60000,04040,Renfe,AVE,2026-02-14 09:27:00,2026-02-14 10:46:00,0 days 01:19:00,02561_14-02-2026-09.27,46.8,54.6,72.6,91.6,
00603,60000,04007,Renfe,ALVIA,2026-02-14 09:32:00,2026-02-14 09:59:00,0 days 00:27:00,00603_14-02-2026-09.32,20.8,22.7,25.15,,
03073,78400,04104,Renfe,AVE,2026-02-14 09:37:00,2026-02-14 10:04:00,0 days 00:27:00,03073_14-02-2026-07.27,28.75,32.9,38.25,57.25,
03073,78400,71801,Renfe,AVE,2026-02-14 09:37:00,2026-02-14 10:46:00,0 days 01:09:00,03073_14-02-2026-07.27,40.8,46.65,54.3,73.3,
03083,04040,71801,Renfe,AVE,2026-02-14 09:46:00,2026-02-14 11:19:00,0 days 01:33:00,03083_14-02-2026-08.27,48.05,56.05,74.55,93.55,
03073,04104,71801,Renfe,AVE,2026-02-14 10:06:00,2026-02-14 10:46:00,0 days 00:40:00,03073_14-02-2026-07.27,31.15,35.6,41.45,60.45,
03303,60000,71801,Renfe,AVE,2026-02-14 10:27:00,2026-02-14 13:19:00,0 days 02:52:00,03303_14-02-2026-10.27,83.0,94.9,110.4,129.4,
03303,60000,04040,Renfe,AVE,2026-02-14 10:27:00,2026-02-14 11:47:00,0 days 01:20:00,03303_14-02-2026-10.27,78.0,85.8,83.0,102.0,
02561,04040,71801,Renfe,AVE,2026-02-14 10:47:00,2026-02-14 12:41:00,0 days 01:54:00,02561_14-02-2026-09.27,56.05,64.1,74.55,93.55,
02561,04040,04104,Renfe,AVE,2026-02-14 10:47:00,2026-02-14 12:00:00,0 days 01:13:00,02561_14-02-2026-09.27,51.85,58.3,68.95,87.95,
02561,04040,78400,Renfe,AVE,2026-02-14 10:47:00,2026-02-14 11:32:00,0 days 00:45:00,02561_14-02-2026-09.27,41.1,46.25,54.7,73.7,
03091,04104,71801,Renfe,AVE,2026-02-14 11:03:00,2026-02-14 11:41:00,0 days 00:38:00,03091_14-02-2026-08.57,36.75,42.0,48.9,67.9,
00533,04040,78400,Renfe,ALVIA,2026-02-14 11:09:00,2026-02-14 11:58:00,0 days 00:49:00,00533_14-02-2026-11.09,30.5,34.3,50.65,,
00533,04040,71801,Renfe,ALVIA,2026-02-14 11:09:00,2026-02-14 13:09:00,0 days 02:00:00,00533_14-02-2026-11.09,59.3,65.25,71.0,,
00533,04040,04104,Renfe,ALVIA,2026-02-14 11:09:00,2026-02-14 12:31:00,0 days 01:22:00,00533_14-02-2026-11.09,52.8,57.6,63.85,,
03113,60000,78400,Renfe,AVE,2026-02-14 11:27:00,2026-02-14 13:35:00,0 days 02:08:00,03113_14-02-2026-11.27,77.9,87.65,90.7,109.7,
03113,60000,04040,Renfe,AVE,2026-02-14 11:27:00,2026-02-14 12:51:00,0 days 01:24:00,03113_14-02-2026-11.27,62.4,70.2,72.6,91.6,
03113,60000,71801,Renfe,AVE,2026-02-14 11:27:00,2026-02-14 14:46:00,0 days 03:19:00,03113_14-02-2026-11.27,83.0,94.9,94.65,113.65,
03113,60000,04104,Renfe,AVE,2026-02-14 11:27:00,2026-02-14 14:04:00,0 days 02:37:00,03113_14-02-2026-11.27,86.0,96.75,100.1,119.1,
02561,78400,04104,Renfe,AVE,2026-02-14 11:34:00,2026-02-14 12:00:00,0 days 00:26:00,02561_14-02-2026-09.27,28.75,32.9,38.25,57.25,
02561,78400,71801,Renfe,AVE,2026-02-14 11:34:00,2026-02-14 12:41:00,0 days 01:07:00,02561_14-02-2026-09.27,40.8,46.65,54.3,73.3,
03303,04040,71801,Renfe,AVE,2026-02-14 11:48:00,2026-02-14 13:19:00,0 days 01:31:00,03303_14-02-2026-10.27,72.1,80.1,85.25,104.25,
34433,78400,04104,Renfe,AVANT,2026-02-14 12:00:00,2026-02-14 12:31:00,0 days 00:31:00,34433_14-02-2026-12.00,,,,,15.0
34433,78400,71801,Renfe,AVANT,2026-02-14 12:00:00,2026-02-14 13:09:00,0 days 01:09:00,34433_14-02-2026-12.00,,,,,31.5
00533,78400,71801,Renfe,ALVIA,2026-02-14 12:00:00,2026-02-14 13:09:00,0 days 01:09:00,00533_14-02-2026-11.09,47.5,51.85,57.45,,
00533,78400,04104,Renfe,ALVIA,2026-02-14 12:00:00,2026-02-14 12:31:00,0 days 00:31:00,00533_14-02-2026-11.09,33.55,36.6,40.55,,
02561,04104,71801,Renfe,AVE,2026-02-14 12:02:00,2026-02-14 12:41:00,0 days 00:39:00,02561_14-02-2026-09.27,31.15,35.6,41.45,60.45,
02591,60000,04040,Renfe,AVE,2026-02-14 12:27:00,2026-02-14 13:45:00,0 days 01:18:00,02591_14-02-2026-12.27,46.8,54.6,62.25,81.25,
02591,60000,71801,Renfe,AVE,2026-02-14 12:27:00,2026-02-14 15:44:00,0 days 03:17:00,02591_14-02-2026-12.27,59.3,71.15,78.85,97.85,
02591,60000,78400,Renfe,AVE,2026-02-14 12:27:00,2026-02-14 14:29:00,0 days 02:02:00,02591_14-02-2026-12.27,58.45,68.2,77.75,96.75,
34433,04104,71801,Renfe,AVANT,2026-02-14 12:33:00,2026-02-14 13:09:00,0 days 00:36:00,34433_14-02-2026-12.00,,,,,18.5
00533,04104,71801,Renfe,ALVIA,2026-02-14 12:33:00,2026-02-14 13:09:00,0 days 00:36:00,00533_14-02-2026-11.09,36.3,39.6,43.9,,
03993,04040,04104,Renfe,AVE,2026-02-14 12:37:00,2026-02-14 13:43:00,0 days 01:06:00,03993_14-02-2026-12.37,58.3,64.8,77.55,96.55,
03943,04040,04104,Renfe,AVE,2026-02-14 12:37:00,2026-02-14 13:43:00,0 days 01:06:00,03943_14-02-2026-12.37,45.35,51.85,68.95,87.95,
03993,04040,78400,Renfe,AVE,2026-02-14 12:37:00,2026-02-14 13:17:00,0 days 00:40:00,03993_14-02-2026-12.37,46.25,51.4,61.55,80.55,
03943,04040,78400,Renfe,AVE,2026-02-14 12:37:00,2026-02-14 13:17:00,0 days 00:40:00,03943_14-02-2026-12.37,36.0,41.1,54.7,73.7,
03943,04040,71801,Renfe,AVE,2026-02-14 12:37:00,2026-02-14 14:25:00,0 days 01:48:00,03943_14-02-2026-12.37,48.05,56.05,74.55,93.55,
03993,04040,71801,Renfe,AVE,2026-02-14 12:37:00,2026-02-14 14:25:00,0 days 01:48:00,03993_14-02-2026-12.37,64.1,72.1,85.25,104.25,
03113,04040,78400,Renfe,AVE,2026-02-14 12:52:00,2026-02-14 13:35:00,0 days 00:43:00,03113_14-02-2026-11.27,30.85,36.0,54.7,73.7,
03113,04040,71801,Renfe,AVE,2026-02-14 12:52:00,2026-02-14 14:46:00,0 days 01:54:00,03113_14-02-2026-11.27,40.05,48.05,74.55,93.55,
03113,04040,04104,Renfe,AVE,2026-02-14 12:52:00,2026-02-14 14:04:00,0 days 01:12:00,03113_14-02-2026-11.27,38.9,45.35,68.95,87.95,
09725,60000,04104,Renfe,AVE INT,2026-02-14 13:15:00,2026-02-14 15:37:00,0 days 02:22:00,09725_14-02-2026-13.15,53.75,64.5,100.1,119.1,
09725,60000,71801,Renfe,AVE INT,2026-02-14 13:15:00,2026-02-14 16:19:00,0 days 03:04:00,09725_14-02-2026-13.15,59.3,71.15,110.4,129.4,
03993,78400,04104,Renfe,AVE,2026-02-14 13:19:00,2026-02-14 13:43:00,0 days 00:24:00,03993_14-02-2026-12.37,37.0,41.1,49.2,68.2,
03943,78400,71801,Renfe,AVE,2026-02-14 13:19:00,2026-02-14 14:25:00,0 days 01:06:00,03943_14-02-2026-12.37,40.8,46.65,62.05,81.05,
03993,78400,71801,Renfe,AVE,2026-02-14 13:19:00,2026-02-14 14:25:00,0 days 01:06:00,03993_14-02-2026-12.37,52.45,58.3,69.8,88.8,
03943,78400,04104,Renfe,AVE,2026-02-14 13:19:00,2026-02-14 13:43:00,0 days 00:24:00,03943_14-02-2026-12.37,28.75,32.9,43.75,62.75,
03113,78400,71801,Renfe,AVE,2026-02-14 13:37:00,2026-02-14 14:46:00,0 days 01:09:00,03113_14-02-2026-11.27,35.0,40.8,62.05,81.05,
34813,78400,71801,Renfe,AVANT,2026-02-14 13:37:00,2026-02-14 14:46:00,0 days 01:09:00,34813_14-02-2026-13.37,,,,,31.5
34813,78400,04104,Renfe,AVANT,2026-02-14 13:37:00,2026-02-14 14:04:00,0 days 00:27:00,34813_14-02-2026-13.37,,,,,15.0
03113,78400,04104,Renfe,AVE,2026-02-14 13:37:00,2026-02-14 14:04:00,0 days 00:27:00,03113_14-02-2026-11.27,24.65,28.75,43.75,62.75,
09725,04007,71801,Renfe,AVE INT,2026-02-14 13:43:00,2026-02-14 16:19:00,0 days 02:36:00,09725_14-02-2026-13.15,55.8,66.95,103.9,122.9,
09725,04007,04104,Renfe,AVE INT,2026-02-14 13:43:00,2026-02-14 15:37:00,0 days 01:54:00,09725_14-02-2026-13.15,49.8,59.75,92.75,111.75,
03943,04104,71801,Renfe,AVE,2026-02-14 13:45:00,2026-02-14 14:25:00,0 days 00:40:00,03943_14-02-2026-12.37,31.15,35.6,47.35,66.35,
03993,04104,71801,Renfe,AVE,2026-02-14 13:45:00,2026-02-14 14:25:00,0 days 00:40:00,03993_14-02-2026-12.37,40.05,44.5,53.25,72.25,
02591,04040,78400,Renfe,AVE,2026-02-14 13:46:00,2026-02-14 14:29:00,0 days 00:43:00,02591_14-02-2026-12.27,30.85,36.0,41.0,60.0,
02591,04040,71801,Renfe,AVE,2026-02-14 13:46:00,2026-02-14 15:44:00,0 days 01:58:00,02591_14-02-2026-12.27,40.05,48.05,53.25,72.25,
03113,04104,71801,Renfe,AVE,2026-02-14 14:06:00,2026-02-14 14:46:00,0 days 00:40:00,03113_14-02-2026-11.27,26.7,31.15,47.35,66.35,
34813,04104,71801,Renfe,AVANT,2026-02-14 14:06:00,2026-02-14 14:46:00,0 days 00:40:00,34813_14-02-2026-13.37,,,,,18.5
02591,78400,71801,Renfe,AVE,2026-02-14 14:31:00,2026-02-14 15:44:00,0 days 01:13:00,02591_14-02-2026-12.27,35.0,40.8,46.5,65.5,
34823,78400,71801,Renfe,AVANT,2026-02-14 14:31:00,2026-02-14 15:44:00,0 days 01:13:00,34823_14-02-2026-14.31,,,,,31.5
03305,60000,04040,Renfe,AVE,2026-02-14 15:27:00,2026-02-14 16:50:00,0 days 01:23:00,03305_14-02-2026-15.27,78.0,85.8,83.0,102.0,
03305,60000,78400,Renfe,AVE,2026-02-14 15:27:00,2026-02-14 17:35:00,0 days 02:08:00,03305_14-02-2026-15.27,68.2,77.9,90.7,109.7,
03305,60000,04104,Renfe,AVE,2026-02-14 15:27:00,2026-02-14 18:03:00,0 days 02:36:00,03305_14-02-2026-15.27,75.25,86.0,100.1,119.1,
03305,60000,71801,Renfe,AVE,2026-02-14 15:27:00,2026-02-14 18:46:00,0 days 03:19:00,03305_14-02-2026-15.27,83.0,94.9,110.4,129.4,
03163,60000,71801,Renfe,AVE,2026-02-14 16:27:00,2026-02-14 19:19:00,0 days 02:52:00,03163_14-02-2026-16.27,71.15,83.0,94.65,113.65,
03163,60000,04040,Renfe,AVE,2026-02-14 16:27:00,2026-02-14 17:45:00,0 days 01:18:00,03163_14-02-2026-16.27,54.6,62.4,72.6,91.6,
03305,04040,71801,Renfe,AVE,2026-02-14 16:51:00,2026-02-14 18:46:00,0 days 01:55:00,03305_14-02-2026-15.27,72.1,80.1,85.25,104.25,
03305,04040,04104,Renfe,AVE,2026-02-14 16:51:00,2026-02-14 18:03:00,0 days 01:12:00,03305_14-02-2026-15.27,58.3,64.8,68.95,87.95,
03305,04040,78400,Renfe,AVE,2026-02-14 16:51:00,2026-02-14 17:35:00,0 days 00:44:00,03305_14-02-2026-15.27,46.25,51.4,54.7,73.7,
03373,60000,71801,Renfe,AVE,2026-02-14 17:27:00,2026-02-14 20:46:00,0 days 03:19:00,03373_14-02-2026-17.27,71.15,83.0,94.65,113.65,
03373,60000,78400,Renfe,AVE,2026-02-14 17:27:00,2026-02-14 19:35:00,0 days 02:08:00,03373_14-02-2026-17.27,58.45,68.2,77.75,96.75,
03373,60000,04104,Renfe,AVE,2026-02-14 17:27:00,2026-02-14 20:04:00,0 days 02:37:00,03373_14-02-2026-17.27,64.5,75.25,85.8,104.8,
03373,60000,04040,Renfe,AVE,2026-02-14 17:27:00,2026-02-14 18:51:00,0 days 01:24:00,03373_14-02-2026-17.27,62.4,70.2,62.25,81.25,
03305,78400,04104,Renfe,AVE,2026-02-14 17:37:00,2026-02-14 18:03:00,0 days 00:26:00,03305_14-02-2026-15.27,45.2,49.3,54.65,73.65,
03305,78400,71801,Renfe,AVE,2026-02-14 17:37:00,2026-02-14 18:46:00,0 days 01:09:00,03305_14-02-2026-15.27,64.15,69.95,77.55,96.55,
03163,04040,71801,Renfe,AVE,2026-02-14 17:46:00,2026-02-14 19:19:00,0 days 01:33:00,03163_14-02-2026-16.27,48.05,56.05,63.9,82.9,
03373,04007,71801,Renfe,AVE,2026-02-14 17:54:00,2026-02-14 20:46:00,0 days 02:52:00,03373_14-02-2026-17.27,66.95,78.1,89.05,108.05,
03373,04007,04104,Renfe,AVE,2026-02-14 17:54:00,2026-02-14 20:04:00,0 days 02:10:00,03373_14-02-2026-17.27,59.75,69.7,79.5,98.5,
03373,04007,78400,Renfe,AVE,2026-02-14 17:54:00,2026-02-14 19:35:00,0 days 01:41:00,03373_14-02-2026-17.27,53.35,62.25,70.95,89.95,
03373,04007,04040,Renfe,AVE,2026-02-14 17:54:00,2026-02-14 18:51:00,0 days 00:57:00,03373_14-02-2026-17.27,54.65,61.45,72.65,91.65,
03305,04104,71801,Renfe,AVE,2026-02-14 18:05:00,2026-02-14 18:46:00,0 days 00:41:00,03305_14-02-2026-15.27,48.95,53.4,59.2,78.2,
03183,60000,71801,Renfe,AVE,2026-02-14 18:27:00,2026-02-14 21:24:00,0 days 02:57:00,03183_14-02-2026-18.27,47.45,59.3,63.1,82.1,
03183,60000,04104,Renfe,AVE,2026-02-14 18:27:00,2026-02-14 20:44:00,0 days 02:17:00,03183_14-02-2026-18.27,43.0,53.75,57.2,76.2,
03183,60000,04040,Renfe,AVE,2026-02-14 18:27:00,2026-02-14 19:45:00,0 days 01:18:00,03183_14-02-2026-18.27,39.0,46.8,51.85,70.85,
03373,04040,78400,Renfe,AVE,2026-02-14 18:52:00,2026-02-14 19:35:00,0 days 00:43:00,03373_14-02-2026-17.27,41.1,46.25,54.7,73.7,
03373,04040,71801,Renfe,AVE,2026-02-14 18:52:00,2026-02-14 20:46:00,0 days 01:54:00,03373_14-02-2026-17.27,64.1,72.1,85.25,104.25,
03373,04040,04104,Renfe,AVE,2026-02-14 18:52:00,2026-02-14 20:04:00,0 days 01:12:00,03373_14-02-2026-17.27,51.85,58.3,68.95,87.95,
02861,60000,04007,Renfe,AVE,2026-02-14 19:00:00,2026-02-14 19:28:00,0 days 00:28:00,02861_14-02-2026-19.00,45.7,49.55,60.8,79.8,
02861,60000,04040,Renfe,AVE,2026-02-14 19:00:00,2026-02-14 20:42:00,0 days 01:42:00,02861_14-02-2026-19.00,31.2,39.0,51.85,70.85,
02861,04007,04040,Renfe,AVE,2026-02-14 19:29:00,2026-02-14 20:42:00,0 days 01:13:00,02861_14-02-2026-19.00,27.3,34.15,45.4,64.4,
03309,60000,04040,Renfe,AVE,2026-02-14 19:34:00,2026-02-14 21:02:00,0 days 01:28:00,03309_14-02-2026-19.34,39.0,46.8,41.5,60.5,
03309,60000,71801,Renfe,AVE,2026-02-14 19:34:00,2026-02-14 22:55:00,0 days 03:21:00,03309_14-02-2026-19.34,47.45,59.3,78.85,97.85,
03309,60000,04104,Renfe,AVE,2026-02-14 19:34:00,2026-02-14 22:15:00,0 days 02:41:00,03309_14-02-2026-19.34,43.0,53.75,71.5,90.5,
03309,60000,78400,Renfe,AVE,2026-02-14 19:34:00,2026-02-14 21:46:00,0 days 02:12:00,03309_14-02-2026-19.34,38.95,48.7,64.75,83.75,
03309,60000,04007,Renfe,AVE,2026-02-14 19:34:00,2026-02-14 20:00:00,0 days 00:26:00,03309_14-02-2026-19.34,41.9,45.7,50.65,69.65,
03373,78400,04104,Renfe,AVE,2026-02-14 19:37:00,2026-02-14 20:04:00,0 days 00:27:00,03373_14-02-2026-17.27,41.1,45.2,49.2,68.2,
03373,78400,71801,Renfe,AVE,2026-02-14 19:37:00,2026-02-14 20:46:00,0 days 01:09:00,03373_14-02-2026-17.27,58.3,64.15,69.8,88.8,
03183,04040,71801,Renfe,AVE,2026-02-14 19:46:00,2026-02-14 21:24:00,0 days 01:38:00,03183_14-02-2026-18.27,32.05,40.05,42.6,61.6,
03183,04040,04104,Renfe,AVE,2026-02-14 19:46:00,2026-02-14 20:44:00,0 days 00:58:00,03183_14-02-2026-18.27,25.9,32.4,34.45,53.45,
00437,04040,78400,Renfe,ALVIA,2026-02-14 19:52:00,2026-02-14 20:56:00,0 days 01:04:00,00437_14-02-2026-19.52,26.65,30.5,45.6,,
00437,04040,71801,Renfe,ALVIA,2026-02-14 19:52:00,2026-02-14 22:13:00,0 days 02:21:00,00437_14-02-2026-19.52,35.6,41.5,63.1,,
00437,04040,04104,Renfe,ALVIA,2026-02-14 19:52:00,2026-02-14 21:30:00,0 days 01:38:00,00437_14-02-2026-19.52,33.6,38.4,57.45,,
03309,04007,04040,Renfe,AVE,2026-02-14 20:01:00,2026-02-14 21:02:00,0 days 01:01:00,03309_14-02-2026-19.34,34.15,41.0,45.4,64.4,
03309,04007,78400,Renfe,AVE,2026-02-14 20:01:00,2026-02-14 21:46:00,0 days 01:45:00,03309_14-02-2026-19.34,35.55,44.45,59.1,78.1,
03931,04040,71801,Renfe,AVE,2026-02-14 20:01:00,2026-02-14 21:58:00,0 days 01:57:00,03931_14-02-2026-20.01,40.05,48.05,53.25,72.25,
03309,04007,04104,Renfe,AVE,2026-02-14 20:01:00,2026-02-14 22:15:00,0 days 02:14:00,03309_14-02-2026-19.34,39.85,49.8,66.25,85.25,
03931,04040,04104,Renfe,AVE,2026-02-14 20:01:00,2026-02-14 21:16:00,0 days 01:15:00,03931_14-02-2026-20.01,38.9,45.35,51.7,70.7,
03309,04007,71801,Renfe,AVE,2026-02-14 20:01:00,2026-02-14 22:55:00,0 days 02:54:00,03309_14-02-2026-19.34,44.65,55.8,74.2,93.2,
03931,04040,78400,Renfe,AVE,2026-02-14 20:01:00,2026-02-14 20:48:00,0 days 00:47:00,03931_14-02-2026-20.01,30.85,36.0,41.0,60.0,
03373,04104,71801,Renfe,AVE,2026-02-14 20:06:00,2026-02-14 20:46:00,0 days 00:40:00,03373_14-02-2026-17.27,44.5,48.95,53.25,72.25,
03203,60000,78400,Renfe,AVE,2026-02-14 20:27:00,2026-02-14 22:40:00,0 days 02:13:00,03203_14-02-2026-20.27,38.95,48.7,64.75,83.75,
03203,60000,71801,Renfe,AVE,2026-02-14 20:27:00,2026-02-14 23:48:00,0 days 03:21:00,03203_14-02-2026-20.27,35.6,47.45,63.1,82.1,
03203,60000,04104,Renfe,AVE,2026-02-14 20:27:00,2026-02-14 23:07:00,0 days 02:40:00,03203_14-02-2026-20.27,43.0,53.75,71.5,90.5,
03203,60000,04040,Renfe,AVE,2026-02-14 20:27:00,2026-02-14 21:57:00,0 days 01:30:00,03203_14-02-2026-20.27,31.2,39.0,51.85,70.85,
03203,60000,04007,Renfe,AVE,2026-02-14 20:27:00,2026-02-14 20:52:00,0 days 00:25:00,03203_14-02-2026-20.27,45.7,49.55,60.8,79.8,
03991,04040,71801,Renfe,AVE,2026-02-14 20:38:00,2026-02-14 22:35:00,0 days 01:57:00,03991_14-02-2026-20.38,64.1,72.1,85.25,104.25,
03941,04040,04104,Renfe,AVE,2026-02-14 20:38:00,2026-02-14 21:51:00,0 days 01:13:00,03941_14-02-2026-20.38,38.9,45.35,60.35,79.35,
03941,04040,71801,Renfe,AVE,2026-02-14 20:38:00,2026-02-14 22:35:00,0 days 01:57:00,03941_14-02-2026-20.38,40.05,48.05,63.9,82.9,
03991,04040,78400,Renfe,AVE,2026-02-14 20:38:00,2026-02-14 21:20:00,0 days 00:42:00,03991_14-02-2026-20.38,46.25,51.4,61.55,80.55,
03941,04040,78400,Renfe,AVE,2026-02-14 20:38:00,2026-02-14 21:20:00,0 days 00:42:00,03941_14-02-2026-20.38,30.85,36.0,47.85,66.85,
03991,04040,04104,Renfe,AVE,2026-02-14 20:38:00,2026-02-14 21:51:00,0 days 01:13:00,03991_14-02-2026-20.38,58.3,64.8,77.55,96.55,
03183,04104,71801,Renfe,AVE,2026-02-14 20:46:00,2026-02-14 21:24:00,0 days 00:38:00,03183_14-02-2026-18.27,17.8,22.25,23.65,42.65,
03931,78400,71801,Renfe,AVE,2026-02-14 20:50:00,2026-02-14 21:58:00,0 days 01:08:00,03931_14-02-2026-20.01,35.0,40.8,46.5,65.5,
03931,78400,04104,Renfe,AVE,2026-02-14 20:50:00,2026-02-14 21:16:00,0 days 00:26:00,03931_14-02-2026-20.01,24.65,28.75,32.8,51.8,
03203,04007,04104,Renfe,AVE,2026-02-14 20:53:00,2026-02-14 23:07:00,0 days 02:14:00,03203_14-02-2026-20.27,39.85,49.8,66.25,85.25,
03203,04007,04040,Renfe,AVE,2026-02-14 20:53:00,2026-02-14 21:57:00,0 days 01:04:00,03203_14-02-2026-20.27,27.3,34.15,45.4,64.4,
03203,04007,78400,Renfe,AVE,2026-02-14 20:53:00,2026-02-14 22:40:00,0 days 01:47:00,03203_14-02-2026-20.27,35.55,44.45,59.1,78.1,
03203,04007,71801,Renfe,AVE,2026-02-14 20:53:00,2026-02-14 23:48:00,0 days 02:55:00,03203_14-02-2026-20.27,33.5,44.65,59.35,78.35,
00437,78400,04104,Renfe,ALVIA,2026-02-14 20:58:00,2026-02-14 21:30:00,0 days 00:32:00,00437_14-02-2026-19.52,21.35,24.4,36.5,,
00437,78400,71801,Renfe,ALVIA,2026-02-14 20:58:00,2026-02-14 22:13:00,0 days 01:15:00,00437_14-02-2026-19.52,30.25,34.55,51.7,,
03309,04040,78400,Renfe,AVE,2026-02-14 21:03:00,2026-02-14 21:46:00,0 days 00:43:00,03309_14-02-2026-19.34,25.7,30.85,34.2,53.2,
03309,04040,71801,Renfe,AVE,2026-02-14 21:03:00,2026-02-14 22:55:00,0 days 01:52:00,03309_14-02-2026-19.34,40.05,48.05,53.25,72.25,
03309,04040,04104,Renfe,AVE,2026-02-14 21:03:00,2026-02-14 22:15:00,0 days 01:12:00,03309_14-02-2026-19.34,32.4,38.9,43.1,62.1,
03931,04104,71801,Renfe,AVE,2026-02-14 21:18:00,2026-02-14 21:58:00,0 days 00:40:00,03931_14-02-2026-20.01,26.7,31.15,35.5,54.5,
03941,78400,04104,Renfe,AVE,2026-02-14 21:22:00,2026-02-14 21:51:00,0 days 00:29:00,03941_14-02-2026-20.38,24.65,28.75,38.25,57.25,
03991,78400,04104,Renfe,AVE,2026-02-14 21:22:00,2026-02-14 21:51:00,0 days 00:29:00,03991_14-02-2026-20.38,37.0,41.1,49.2,68.2,
03991,78400,71801,Renfe,AVE,2026-02-14 21:22:00,2026-02-14 22:35:00,0 days 01:13:00,03991_14-02-2026-20.38,52.45,58.3,69.8,88.8,
03941,78400,71801,Renfe,AVE,2026-02-14 21:22:00,2026-02-14 22:35:00,0 days 01:13:00,03941_14-02-2026-20.38,35.0,40.8,54.3,73.3,
00437,04104,71801,Renfe,ALVIA,2026-02-14 21:32:00,2026-02-14 22:13:00,0 days 00:41:00,00437_14-02-2026-19.52,23.1,26.4,39.5,,
03309,78400,04104,Renfe,AVE,2026-02-14 21:48:00,2026-02-14 22:15:00,0 days 00:27:00,03309_14-02-2026-19.34,24.65,28.75,32.8,51.8,
03309,78400,71801,Renfe,AVE,2026-02-14 21:48:00,2026-02-14 22:55:00,0 days 01:07:00,03309_14-02-2026-19.34,35.0,40.8,46.5,65.5,
03991,04104,71801,Renfe,AVE,2026-02-14 21:53:00,2026-02-14 22:35:00,0 days 00:42:00,03991_14-02-2026-20.38,40.05,44.5,53.25,72.25,
03941,04104,71801,Renfe,AVE,2026-02-14 21:53:00,2026-02-14 22:35:00,0 days 00:42:00,03941_14-02-2026-20.38,26.7,31.15,41.45,60.45,
03203,04040,78400,Renfe,AVE,2026-02-14 21:58:00,2026-02-14 22:40:00,0 days 00:42:00,03203_14-02-2026-20.27,25.7,30.85,41.0,60.0,
03203,04040,04104,Renfe,AVE,2026-02-14 21:58:00,2026-02-14 23:07:00,0 days 01:09:00,03203_14-02-2026-20.27,32.4,38.9,51.7,70.7,
03203,04040,71801,Renfe,AVE,2026-02-14 21:58:00,2026-02-14 23:48:00,0 days 01:50:00,03203_14-02-2026-20.27,32.05,40.05,53.25,72.25,
03309,04104,71801,Renfe,AVE,2026-02-14 22:17:00,2026-02-14 22:55:00,0 days 00:38:00,03309_14-02-2026-19.34,26.7,31.15,35.5,54.5,
03203,78400,71801,Renfe,AVE,2026-02-14 22:42:00,2026-02-14 23:48:00,0 days 01:06:00,03203_14-02-2026-20.27,29.15,35.0,46.5,65.5,
03203,78400,04104,Renfe,AVE,2026-02-14 22:42:00,2026-02-14 23:07:00,0 days 00:25:00,03203_14-02-2026-20.27,20.55,24.65,32.8,51.8,
03203,04104,71801,Renfe,AVE,2026-02-14 23:09:00,2026-02-14 23:48:00,0 days 00:39:00,03203_14-02-2026-20.27,22.25,26.7,35.5,54.5,
03301,60000,04040,Renfe,AVE,2026-02-15 06:27:00,2026-02-15 07:52:00,0 days 01:25:00,03301_15-02-2026-06.27,39.0,46.8,41.5,60.5,
03301,60000,71801,Renfe,AVE,2026-02-15 06:27:00,2026-02-15 09:31:00,0 days 03:04:00,03301_15-02-2026-06.27,47.45,59.3,78.85,97.85,
03301,60000,04104,Renfe,AVE,2026-02-15 06:27:00,2026-02-15 08:53:00,0 days 02:26:00,03301_15-02-2026-06.27,43.0,53.75,71.5,90.5,
03073,60000,04104,Renfe,AVE,2026-02-15 07:27:00,2026-02-15 10:04:00,0 days 02:37:00,03073_15-02-2026-07.27,53.75,64.5,85.8,104.8,
03073,60000,78400,Renfe,AVE,2026-02-15 07:27:00,2026-02-15 09:35:00,0 days 02:08:00,03073_15-02-2026-07.27,48.7,58.45,77.75,96.75,
03073,60000,04040,Renfe,AVE,2026-02-15 07:27:00,2026-02-15 08:51:00,0 days 01:24:00,03073_15-02-2026-07.27,39.0,46.8,62.25,81.25,
03073,60000,04007,Renfe,AVE,2026-02-15 07:27:00,2026-02-15 07:52:00,0 days 00:25:00,03073_15-02-2026-07.27,45.7,49.55,60.8,79.8,
03073,60000,71801,Renfe,AVE,2026-02-15 07:27:00,2026-02-15 10:46:00,0 days 03:19:00,03073_15-02-2026-07.27,47.45,59.3,78.85,97.85,
03301,04040,04104,Renfe,AVE,2026-02-15 07:53:00,2026-02-15 08:53:00,0 days 01:00:00,03301_15-02-2026-06.27,32.4,38.9,43.1,62.1,
03073,04007,04104,Renfe,AVE,2026-02-15 07:53:00,2026-02-15 10:04:00,0 days 02:11:00,03073_15-02-2026-07.27,49.8,59.75,79.5,98.5,
03301,04040,71801,Renfe,AVE,2026-02-15 07:53:00,2026-02-15 09:31:00,0 days 01:38:00,03301_15-02-2026-06.27,40.05,48.05,53.25,72.25,
03073,04007,71801,Renfe,AVE,2026-02-15 07:53:00,2026-02-15 10:46:00,0 days 02:53:00,03073_15-02-2026-07.27,44.65,55.8,74.2,93.2,
03073,04007,04040,Renfe,AVE,2026-02-15 07:53:00,2026-02-15 08:51:00,0 days 00:58:00,03073_15-02-2026-07.27,34.15,41.0,54.5,73.5,
03073,04007,78400,Renfe,AVE,2026-02-15 07:53:00,2026-02-15 09:35:00,0 days 01:42:00,03073_15-02-2026-07.27,44.45,53.35,70.95,89.95,
03083,60000,71801,Renfe,AVE,2026-02-15 08:27:00,2026-02-15 11:19:00,0 days 02:52:00,03083_15-02-2026-08.27,83.0,94.9,94.65,113.65,
03083,60000,04040,Renfe,AVE,2026-02-15 08:27:00,2026-02-15 09:45:00,0 days 01:18:00,03083_15-02-2026-08.27,62.4,70.2,72.6,91.6,
03073,04040,71801,Renfe,AVE,2026-02-15 08:52:00,2026-02-15 10:46:00,0 days 01:54:00,03073_15-02-2026-07.27,40.05,48.05,63.9,82.9,
03073,04040,04104,Renfe,AVE,2026-02-15 08:52:00,2026-02-15 10:04:00,0 days 01:12:00,03073_15-02-2026-07.27,38.9,45.35,60.35,79.35,
03073,04040,78400,Renfe,AVE,2026-02-15 08:52:00,2026-02-15 09:35:00,0 days 00:43:00,03073_15-02-2026-07.27,30.85,36.0,47.85,66.85,
03301,04104,71801,Renfe,AVE,2026-02-15 08:55:00,2026-02-15 09:31:00,0 days 00:36:00,03301_15-02-2026-06.27,26.7,31.15,35.5,54.5,
02561,60000,78400,Renfe,AVE,2026-02-15 09:27:00,2026-02-15 11:32:00,0 days 02:05:00,02561_15-02-2026-09.27,68.2,77.9,103.65,122.65,
02561,60000,04104,Renfe,AVE,2026-02-15 09:27:00,2026-02-15 12:00:00,0 days 02:33:00,02561_15-02-2026-09.27,75.25,86.0,114.4,133.4,
02561,60000,04040,Renfe,AVE,2026-02-15 09:27:00,2026-02-15 10:46:00,0 days 01:19:00,02561_15-02-2026-09.27,54.6,62.4,83.0,102.0,
02561,60000,71801,Renfe,AVE,2026-02-15 09:27:00,2026-02-15 12:41:00,0 days 03:14:00,02561_15-02-2026-09.27,71.15,83.0,110.4,129.4,
03073,78400,04104,Renfe,AVE,2026-02-15 09:37:00,2026-02-15 10:04:00,0 days 00:27:00,03073_15-02-2026-07.27,24.65,28.75,32.8,51.8,
03073,78400,71801,Renfe,AVE,2026-02-15 09:37:00,2026-02-15 10:46:00,0 days 01:09:00,03073_15-02-2026-07.27,35.0,40.8,46.5,65.5,
03083,04040,71801,Renfe,AVE,2026-02-15 09:46:00,2026-02-15 11:19:00,0 days 01:33:00,03083_15-02-2026-08.27,56.05,64.1,63.9,82.9,
03073,04104,71801,Renfe,AVE,2026-02-15 10:06:00,2026-02-15 10:46:00,0 days 00:40:00,03073_15-02-2026-07.27,26.7,31.15,35.5,54.5,
03303,60000,04040,Renfe,AVE,2026-02-15 10:27:00,2026-02-15 11:47:00,0 days 01:20:00,03303_15-02-2026-10.27,78.0,85.8,83.0,102.0,
03303,60000,71801,Renfe,AVE,2026-02-15 10:27:00,2026-02-15 13:19:00,0 days 02:52:00,03303_15-02-2026-10.27,83.0,94.9,110.4,129.4,
00605,60000,04007,Renfe,ALVIA,2026-02-15 10:32:00,2026-02-15 10:59:00,0 days 00:27:00,00605_15-02-2026-10.32,26.45,28.35,30.15,,
02561,04040,71801,Renfe,AVE,2026-02-15 10:47:00,2026-02-15 12:41:00,0 days 01:54:00,02561_15-02-2026-09.27,56.05,64.1,85.25,104.25,
02561,04040,04104,Renfe,AVE,2026-02-15 10:47:00,2026-02-15 12:00:00,0 days 01:13:00,02561_15-02-2026-09.27,51.85,58.3,77.55,96.55,
02561,04040,78400,Renfe,AVE,2026-02-15 10:47:00,2026-02-15 11:32:00,0 days 00:45:00,02561_15-02-2026-09.27,41.1,46.25,61.55,80.55,
00533,04040,71801,Renfe,ALVIA,2026-02-15 11:09:00,2026-02-15 13:09:00,0 days 02:00:00,00533_15-02-2026-11.09,59.3,65.25,71.0,,
00533,04040,78400,Renfe,ALVIA,2026-02-15 11:09:00,2026-02-15 11:58:00,0 days 00:49:00,00533_15-02-2026-11.09,41.9,45.7,50.65,,
00533,04040,04104,Renfe,ALVIA,2026-02-15 11:09:00,2026-02-15 12:31:00,0 days 01:22:00,00533_15-02-2026-11.09,52.8,57.6,63.85,,
03113,60000,71801,Renfe,AVE,2026-02-15 11:27:00,2026-02-15 14:46:00,0 days 03:19:00,03113_15-02-2026-11.27,83.0,94.9,94.65,113.65,
03113,60000,04040,Renfe,AVE,2026-02-15 11:27:00,2026-02-15 12:51:00,0 days 01:24:00,03113_15-02-2026-11.27,62.4,70.2,72.6,91.6,
03113,60000,78400,Renfe,AVE,2026-02-15 11:27:00,2026-02-15 13:35:00,0 days 02:08:00,03113_15-02-2026-11.27,77.9,87.65,90.7,109.7,
03113,60000,04104,Renfe,AVE,2026-02-15 11:27:00,2026-02-15 14:04:00,0 days 02:37:00,03113_15-02-2026-11.27,86.0,96.75,100.1,119.1,
02561,78400,71801,Renfe,AVE,2026-02-15 11:34:00,2026-02-15 12:41:00,0 days 01:07:00,02561_15-02-2026-09.27,46.65,52.45,62.05,81.05,
02561,78400,04104,Renfe,AVE,2026-02-15 11:34:00,2026-02-15 12:00:00,0 days 00:26:00,02561_15-02-2026-09.27,32.9,37.0,43.75,62.75,
03303,04040,71801,Renfe,AVE,2026-02-15 11:48:00,2026-02-15 13:19:00,0 days 01:31:00,03303_15-02-2026-10.27,72.1,80.1,85.25,104.25,
00533,78400,71801,Renfe,ALVIA,2026-02-15 12:00:00,2026-02-15 13:09:00,0 days 01:09:00,00533_15-02-2026-11.09,47.5,51.85,57.45,,
00533,78400,04104,Renfe,ALVIA,2026-02-15 12:00:00,2026-02-15 12:31:00,0 days 00:31:00,00533_15-02-2026-11.09,33.55,36.6,40.55,,
02561,04104,71801,Renfe,AVE,2026-02-15 12:02:00,2026-02-15 12:41:00,0 days 00:39:00,02561_15-02-2026-09.27,35.6,40.05,47.35,66.35,
02591,60000,04040,Renfe,AVE,2026-02-15 12:27:00,2026-02-15 13:45:00,0 days 01:18:00,02591_15-02-2026-12.27,46.8,54.6,62.25,81.25,
02591,60000,78400,Renfe,AVE,2026-02-15 12:27:00,2026-02-15 14:29:00,0 days 02:02:00,02591_15-02-2026-12.27,58.45,68.2,77.75,96.75,
02591,60000,71801,Renfe,AVE,2026-02-15 12:27:00,2026-02-15 15:44:00,0 days 03:17:00,02591_15-02-2026-12.27,59.3,71.15,78.85,97.85,
00533,04104,71801,Renfe,ALVIA,2026-02-15 12:33:00,2026-02-15 13:09:00,0 days 00:36:00,00533_15-02-2026-11.09,36.3,39.6,43.9,,
03993,04040,71801,Renfe,AVE,2026-02-15 12:37:00,2026-02-15 14:25:00,0 days 01:48:00,03993_15-02-2026-12.37,72.1,80.1,85.25,104.25,
03943,04040,04104,Renfe,AVE,2026-02-15 12:37:00,2026-02-15 13:43:00,0 days 01:06:00,03943_15-02-2026-12.37,51.85,58.3,68.95,87.95,
03993,04040,04104,Renfe,AVE,2026-02-15 12:37:00,2026-02-15 13:43:00,0 days 01:06:00,03993_15-02-2026-12.37,64.8,71.3,77.55,96.55,
03943,04040,78400,Renfe,AVE,2026-02-15 12:37:00,2026-02-15 13:17:00,0 days 00:40:00,03943_15-02-2026-12.37,41.1,46.25,54.7,73.7,
03993,04040,78400,Renfe,AVE,2026-02-15 12:37:00,2026-02-15 13:17:00,0 days 00:40:00,03993_15-02-2026-12.37,51.4,56.55,61.55,80.55,
03943,04040,71801,Renfe,AVE,2026-02-15 12:37:00,2026-02-15 14:25:00,0 days 01:48:00,03943_15-02-2026-12.37,56.05,64.1,74.55,93.55,
03113,04040,78400,Renfe,AVE,2026-02-15 12:52:00,2026-02-15 13:35:00,0 days 00:43:00,03113_15-02-2026-11.27,30.85,36.0,54.7,73.7,
03113,04040,04104,Renfe,AVE,2026-02-15 12:52:00,2026-02-15 14:04:00,0 days 01:12:00,03113_15-02-2026-11.27,51.85,58.3,68.95,87.95,
03113,04040,71801,Renfe,AVE,2026-02-15 12:52:00,2026-02-15 14:46:00,0 days 01:54:00,03113_15-02-2026-11.27,56.05,64.1,74.55,93.55,
09725,60000,04040,Renfe,AVE INT,2026-02-15 13:15:00,2026-02-15 14:40:00,0 days 01:25:00,09725_15-02-2026-13.15,54.6,62.4,93.35,112.35,
09725,60000,04104,Renfe,AVE INT,2026-02-15 13:15:00,2026-02-15 15:37:00,0 days 02:22:00,09725_15-02-2026-13.15,64.5,75.25,114.4,133.4,
09725,60000,71801,Renfe,AVE INT,2026-02-15 13:15:00,2026-02-15 16:19:00,0 days 03:04:00,09725_15-02-2026-13.15,71.15,83.0,126.2,145.2,
03943,78400,04104,Renfe,AVE,2026-02-15 13:19:00,2026-02-15 13:43:00,0 days 00:24:00,03943_15-02-2026-12.37,32.9,37.0,43.75,62.75,
03993,78400,04104,Renfe,AVE,2026-02-15 13:19:00,2026-02-15 13:43:00,0 days 00:24:00,03993_15-02-2026-12.37,41.1,45.2,49.2,68.2,
03993,78400,71801,Renfe,AVE,2026-02-15 13:19:00,2026-02-15 14:25:00,0 days 01:06:00,03993_15-02-2026-12.37,58.3,64.15,69.8,88.8,
03943,78400,71801,Renfe,AVE,2026-02-15 13:19:00,2026-02-15 14:25:00,0 days 01:06:00,03943_15-02-2026-12.37,46.65,52.45,62.05,81.05,
03113,78400,04104,Renfe,AVE,2026-02-15 13:37:00,2026-02-15 14:04:00,0 days 00:27:00,03113_15-02-2026-11.27,32.9,37.0,43.75,62.75,
34813,78400,04104,Renfe,AVANT,2026-02-15 13:37:00,2026-02-15 14:04:00,0 days 00:27:00,34813_15-02-2026-13.37,,,,,15.0
34813,78400,71801,Renfe,AVANT,2026-02-15 13:37:00,2026-02-15 14:46:00,0 days 01:09:00,34813_15-02-2026-13.37,,,,,31.5
03113,78400,71801,Renfe,AVE,2026-02-15 13:37:00,2026-02-15 14:46:00,0 days 01:09:00,03113_15-02-2026-11.27,46.65,52.45,62.05,81.05,
09725,04007,04040,Renfe,AVE INT,2026-02-15 13:43:00,2026-02-15 14:40:00,0 days 00:57:00,09725_15-02-2026-13.15,47.8,54.65,81.75,100.75,
09725,04007,04104,Renfe,AVE INT,2026-02-15 13:43:00,2026-02-15 15:37:00,0 days 01:54:00,09725_15-02-2026-13.15,49.8,59.75,92.75,111.75,
09725,04007,71801,Renfe,AVE INT,2026-02-15 13:43:00,2026-02-15 16:19:00,0 days 02:36:00,09725_15-02-2026-13.15,66.95,78.1,118.75,137.75,
03943,04104,71801,Renfe,AVE,2026-02-15 13:45:00,2026-02-15 14:25:00,0 days 00:40:00,03943_15-02-2026-12.37,35.6,40.05,47.35,66.35,
03993,04104,71801,Renfe,AVE,2026-02-15 13:45:00,2026-02-15 14:25:00,0 days 00:40:00,03993_15-02-2026-12.37,44.5,48.95,53.25,72.25,
02591,04040,71801,Renfe,AVE,2026-02-15 13:46:00,2026-02-15 15:44:00,0 days 01:58:00,02591_15-02-2026-12.27,32.05,40.05,53.25,72.25,
02591,04040,78400,Renfe,AVE,2026-02-15 13:46:00,2026-02-15 14:29:00,0 days 00:43:00,02591_15-02-2026-12.27,25.7,30.85,41.0,60.0,
03141,60000,71801,Renfe,AVE,2026-02-15 13:57:00,2026-02-15 16:34:00,0 days 02:37:00,03141_15-02-2026-13.57,153.9,167.9,223.3,242.3,
34813,04104,71801,Renfe,AVANT,2026-02-15 14:06:00,2026-02-15 14:46:00,0 days 00:40:00,34813_15-02-2026-13.37,,,,,18.5
03113,04104,71801,Renfe,AVE,2026-02-15 14:06:00,2026-02-15 14:46:00,0 days 00:40:00,03113_15-02-2026-11.27,35.6,40.05,47.35,66.35,
03143,60000,71801,Renfe,AVE,2026-02-15 14:27:00,2026-02-15 17:24:00,0 days 02:57:00,03143_15-02-2026-14.27,106.75,118.6,141.95,160.95,
03143,60000,04040,Renfe,AVE,2026-02-15 14:27:00,2026-02-15 15:51:00,0 days 01:24:00,03143_15-02-2026-14.27,78.0,85.8,103.75,122.75,
34823,78400,71801,Renfe,AVANT,2026-02-15 14:31:00,2026-02-15 15:44:00,0 days 01:13:00,34823_15-02-2026-14.31,,,,,31.5
02591,78400,71801,Renfe,AVE,2026-02-15 14:31:00,2026-02-15 15:44:00,0 days 01:13:00,02591_15-02-2026-12.27,23.3,29.15,46.5,65.5,
09725,04040,71801,Renfe,AVE INT,2026-02-15 14:43:00,2026-02-15 16:19:00,0 days 01:36:00,09725_15-02-2026-13.15,56.05,64.1,95.9,114.9,
09725,04040,04104,Renfe,AVE INT,2026-02-15 14:43:00,2026-02-15 15:37:00,0 days 00:54:00,09725_15-02-2026-13.15,32.4,38.9,51.7,70.7,
00609,60000,04007,Renfe,ALVIA,2026-02-15 14:47:00,2026-02-15 15:15:00,0 days 00:28:00,00609_15-02-2026-14.47,26.45,28.35,30.15,,
03305,60000,71801,Renfe,AVE,2026-02-15 15:27:00,2026-02-15 18:46:00,0 days 03:19:00,03305_15-02-2026-15.27,118.6,130.45,141.95,160.95,
03305,60000,78400,Renfe,AVE,2026-02-15 15:27:00,2026-02-15 17:35:00,0 days 02:08:00,03305_15-02-2026-15.27,97.4,107.15,116.6,135.6,
03305,60000,04104,Renfe,AVE,2026-02-15 15:27:00,2026-02-15 18:03:00,0 days 02:36:00,03305_15-02-2026-15.27,107.5,118.25,128.7,147.7,
03305,60000,04040,Renfe,AVE,2026-02-15 15:27:00,2026-02-15 16:50:00,0 days 01:23:00,03305_15-02-2026-15.27,109.2,117.0,103.75,122.75,
03143,04040,71801,Renfe,AVE,2026-02-15 15:52:00,2026-02-15 17:24:00,0 days 01:32:00,03143_15-02-2026-14.27,48.05,56.05,106.55,125.55,
03161,60000,71801,Renfe,AVE,2026-02-15 15:57:00,2026-02-15 18:34:00,0 days 02:37:00,03161_15-02-2026-15.57,83.95,97.95,111.65,130.65,
03363,60000,04040,Renfe,AVE,2026-02-15 16:02:00,2026-02-15 17:26:00,0 days 01:24:00,03363_15-02-2026-16.02,62.4,70.2,83.0,102.0,
03163,60000,04040,Renfe,AVE,2026-02-15 16:27:00,2026-02-15 17:45:00,0 days 01:18:00,03163_15-02-2026-16.27,93.6,101.4,103.75,122.75,
03163,60000,71801,Renfe,AVE,2026-02-15 16:27:00,2026-02-15 19:19:00,0 days 02:52:00,03163_15-02-2026-16.27,118.6,130.45,141.95,160.95,
03305,04040,78400,Renfe,AVE,2026-02-15 16:51:00,2026-02-15 17:35:00,0 days 00:44:00,03305_15-02-2026-15.27,71.95,77.1,75.2,94.2,
03305,04040,71801,Renfe,AVE,2026-02-15 16:51:00,2026-02-15 18:46:00,0 days 01:55:00,03305_15-02-2026-15.27,112.15,120.15,117.2,136.2,
03305,04040,04104,Renfe,AVE,2026-02-15 16:51:00,2026-02-15 18:03:00,0 days 01:12:00,03305_15-02-2026-15.27,90.7,97.2,94.8,113.8,
03171,60000,71801,Renfe,AVE,2026-02-15 16:57:00,2026-02-15 19:34:00,0 days 02:37:00,03171_15-02-2026-16.57,83.95,97.95,111.65,130.65,
03373,60000,78400,Renfe,AVE,2026-02-15 17:27:00,2026-02-15 19:35:00,0 days 02:08:00,03373_15-02-2026-17.27,97.4,107.15,116.6,135.6,
03373,60000,04040,Renfe,AVE,2026-02-15 17:27:00,2026-02-15 18:51:00,0 days 01:24:00,03373_15-02-2026-17.27,109.2,117.0,103.75,122.75,
03373,60000,71801,Renfe,AVE,2026-02-15 17:27:00,2026-02-15 20:46:00,0 days 03:19:00,03373_15-02-2026-17.27,118.6,130.45,141.95,160.95,
03373,60000,04104,Renfe,AVE,2026-02-15 17:27:00,2026-02-15 20:04:00,0 days 02:37:00,03373_15-02-2026-17.27,107.5,118.25,128.7,147.7,
03305,78400,71801,Renfe,AVE,2026-02-15 17:37:00,2026-02-15 18:46:00,0 days 01:09:00,03305_15-02-2026-15.27,81.6,87.45,93.05,112.05,
03305,78400,04104,Renfe,AVE,2026-02-15 17:37:00,2026-02-15 18:03:00,0 days 00:26:00,03305_15-02-2026-15.27,57.55,61.65,65.6,84.6,
03163,04040,71801,Renfe,AVE,2026-02-15 17:46:00,2026-02-15 19:19:00,0 days 01:33:00,03163_15-02-2026-16.27,80.1,88.1,95.9,114.9,
03373,04007,78400,Renfe,AVE,2026-02-15 17:54:00,2026-02-15 19:35:00,0 days 01:41:00,03373_15-02-2026-17.27,88.9,97.8,106.4,125.4,
03373,04007,04104,Renfe,AVE,2026-02-15 17:54:00,2026-02-15 20:04:00,0 days 02:10:00,03373_15-02-2026-17.27,99.6,109.55,119.2,138.2,
03373,04007,04040,Renfe,AVE,2026-02-15 17:54:00,2026-02-15 18:51:00,0 days 00:57:00,03373_15-02-2026-17.27,81.95,88.8,90.85,109.85,
03373,04007,71801,Renfe,AVE,2026-02-15 17:54:00,2026-02-15 20:46:00,0 days 02:52:00,03373_15-02-2026-17.27,111.6,122.75,133.6,152.6,
02553,60000,71801,Renfe,AVE,2026-02-15 17:57:00,2026-02-15 20:34:00,0 days 02:37:00,02553_15-02-2026-17.57,83.0,94.9,94.65,113.65,
03305,04104,71801,Renfe,AVE,2026-02-15 18:05:00,2026-02-15 18:46:00,0 days 00:41:00,03305_15-02-2026-15.27,62.3,66.75,71.0,90.0,
03183,60000,04104,Renfe,AVE,2026-02-15 18:27:00,2026-02-15 20:44:00,0 days 02:17:00,03183_15-02-2026-18.27,96.75,107.5,128.7,147.7,
03183,60000,04040,Renfe,AVE,2026-02-15 18:27:00,2026-02-15 19:45:00,0 days 01:18:00,03183_15-02-2026-18.27,78.0,85.8,103.75,122.75,
03183,60000,71801,Renfe,AVE,2026-02-15 18:27:00,2026-02-15 21:24:00,0 days 02:57:00,03183_15-02-2026-18.27,106.75,118.6,141.95,160.95,
03373,04040,78400,Renfe,AVE,2026-02-15 18:52:00,2026-02-15 19:35:00,0 days 00:43:00,03373_15-02-2026-17.27,71.95,77.1,75.2,94.2,
03373,04040,71801,Renfe,AVE,2026-02-15 18:52:00,2026-02-15 20:46:00,0 days 01:54:00,03373_15-02-2026-17.27,112.15,120.15,117.2,136.2,
03373,04040,04104,Renfe,AVE,2026-02-15 18:52:00,2026-02-15 20:04:00,0 days 01:12:00,03373_15-02-2026-17.27,90.7,97.2,94.8,113.8,
03191,60000,71801,Renfe,AVE,2026-02-15 18:57:00,2026-02-15 21:34:00,0 days 02:37:00,03191_15-02-2026-18.57,126.0,140.0,204.8,223.8,
02861,60000,04007,Renfe,AVE,2026-02-15 19:00:00,2026-02-15 19:28:00,0 days 00:28:00,02861_15-02-2026-19.00,45.7,49.55,60.8,79.8,
02861,60000,04040,Renfe,AVE,2026-02-15 19:00:00,2026-02-15 20:42:00,0 days 01:42:00,02861_15-02-2026-19.00,39.0,46.8,51.85,70.85,
02861,04007,04040,Renfe,AVE,2026-02-15 19:29:00,2026-02-15 20:42:00,0 days 01:13:00,02861_15-02-2026-19.00,34.15,41.0,45.4,64.4,
03309,60000,78400,Renfe,AVE,2026-02-15 19:34:00,2026-02-15 21:46:00,0 days 02:12:00,03309_15-02-2026-19.34,97.4,107.15,116.6,135.6,
03309,60000,04104,Renfe,AVE,2026-02-15 19:34:00,2026-02-15 22:15:00,0 days 02:41:00,03309_15-02-2026-19.34,107.5,118.25,128.7,147.7,
03309,60000,71801,Renfe,AVE,2026-02-15 19:34:00,2026-02-15 22:55:00,0 days 03:21:00,03309_15-02-2026-19.34,118.6,130.45,141.95,160.95,
03309,60000,04040,Renfe,AVE,2026-02-15 19:34:00,2026-02-15 21:02:00,0 days 01:28:00,03309_15-02-2026-19.34,109.2,117.0,103.75,122.75,
03183,04040,71801,Renfe,AVE,2026-02-15 19:46:00,2026-02-15 21:24:00,0 days 01:38:00,03183_15-02-2026-18.27,72.1,80.1,95.9,114.9,
03183,04040,04104,Renfe,AVE,2026-02-15 19:46:00,2026-02-15 20:44:00,0 days 00:58:00,03183_15-02-2026-18.27,58.3,64.8,77.55,96.55,
00437,04040,04104,Renfe,ALVIA,2026-02-15 19:52:00,2026-02-15 21:30:00,0 days 01:38:00,00437_15-02-2026-19.52,33.6,38.4,63.85,,
00437,04040,78400,Renfe,ALVIA,2026-02-15 19:52:00,2026-02-15 20:56:00,0 days 01:04:00,00437_15-02-2026-19.52,26.65,30.5,50.65,,
00437,04040,71801,Renfe,ALVIA,2026-02-15 19:52:00,2026-02-15 22:13:00,0 days 02:21:00,00437_15-02-2026-19.52,35.6,41.5,71.0,,
03931,04040,78400,Renfe,AVE,2026-02-15 20:01:00,2026-02-15 20:48:00,0 days 00:47:00,03931_15-02-2026-20.01,41.1,46.25,54.7,73.7,
03931,04040,04104,Renfe,AVE,2026-02-15 20:01:00,2026-02-15 21:16:00,0 days 01:15:00,03931_15-02-2026-20.01,51.85,58.3,68.95,87.95,
03931,04040,71801,Renfe,AVE,2026-02-15 20:01:00,2026-02-15 21:58:00,0 days 01:57:00,03931_15-02-2026-20.01,56.05,64.1,74.55,93.55,
03309,04007,78400,Renfe,AVE,2026-02-15 20:01:00,2026-02-15 21:46:00,0 days 01:45:00,03309_15-02-2026-19.34,88.9,97.8,106.4,125.4,
03309,04007,04040,Renfe,AVE,2026-02-15 20:01:00,2026-02-15 21:02:00,0 days 01:01:00,03309_15-02-2026-19.34,81.95,88.8,90.85,109.85,
03309,04007,71801,Renfe,AVE,2026-02-15 20:01:00,2026-02-15 22:55:00,0 days 02:54:00,03309_15-02-2026-19.34,111.6,122.75,133.6,152.6,
03309,04007,04104,Renfe,AVE,2026-02-15 20:01:00,2026-02-15 22:15:00,0 days 02:14:00,03309_15-02-2026-19.34,99.6,109.55,119.2,138.2,
03201,60000,71801,Renfe,AVE,2026-02-15 20:05:00,2026-02-15 22:42:00,0 days 02:37:00,03201_15-02-2026-20.05,83.95,97.95,111.65,130.65,
03203,60000,04007,Renfe,AVE,2026-02-15 20:27:00,2026-02-15 20:52:00,0 days 00:25:00,03203_15-02-2026-20.27,49.55,53.35,60.8,79.8,
03203,60000,71801,Renfe,AVE,2026-02-15 20:27:00,2026-02-15 23:48:00,0 days 03:21:00,03203_15-02-2026-20.27,106.75,118.6,126.2,145.2,
03203,60000,04040,Renfe,AVE,2026-02-15 20:27:00,2026-02-15 21:57:00,0 days 01:30:00,03203_15-02-2026-20.27,78.0,85.8,93.35,112.35,
03203,60000,78400,Renfe,AVE,2026-02-15 20:27:00,2026-02-15 22:40:00,0 days 02:13:00,03203_15-02-2026-20.27,97.4,107.15,116.6,135.6,
03203,60000,04104,Renfe,AVE,2026-02-15 20:27:00,2026-02-15 23:07:00,0 days 02:40:00,03203_15-02-2026-20.27,107.5,118.25,128.7,147.7,
03991,04040,78400,Renfe,AVE,2026-02-15 20:38:00,2026-02-15 21:20:00,0 days 00:42:00,03991_15-02-2026-20.38,51.4,56.55,61.55,80.55,
03991,04040,71801,Renfe,AVE,2026-02-15 20:38:00,2026-02-15 22:35:00,0 days 01:57:00,03991_15-02-2026-20.38,72.1,80.1,85.25,104.25,
03941,04040,71801,Renfe,AVE,2026-02-15 20:38:00,2026-02-15 22:35:00,0 days 01:57:00,03941_15-02-2026-20.38,80.1,88.1,95.9,114.9,
03941,04040,78400,Renfe,AVE,2026-02-15 20:38:00,2026-02-15 21:20:00,0 days 00:42:00,03941_15-02-2026-20.38,56.55,61.7,68.35,87.35,
03991,04040,04104,Renfe,AVE,2026-02-15 20:38:00,2026-02-15 21:51:00,0 days 01:13:00,03991_15-02-2026-20.38,64.8,71.3,77.55,96.55,
03941,04040,04104,Renfe,AVE,2026-02-15 20:38:00,2026-02-15 21:51:00,0 days 01:13:00,03941_15-02-2026-20.38,71.3,77.75,86.2,105.2,
03183,04104,71801,Renfe,AVE,2026-02-15 20:46:00,2026-02-15 21:24:00,0 days 00:38:00,03183_15-02-2026-18.27,40.05,44.5,53.25,72.25,
03931,78400,71801,Renfe,AVE,2026-02-15 20:50:00,2026-02-15 21:58:00,0 days 01:08:00,03931_15-02-2026-20.01,46.65,52.45,62.05,81.05,
03931,78400,04104,Renfe,AVE,2026-02-15 20:50:00,2026-02-15 21:16:00,0 days 00:26:00,03931_15-02-2026-20.01,32.9,37.0,43.75,62.75,
03203,04007,04104,Renfe,AVE,2026-02-15 20:53:00,2026-02-15 23:07:00,0 days 02:14:00,03203_15-02-2026-20.27,99.6,109.55,119.2,138.2,
03203,04007,04040,Renfe,AVE,2026-02-15 20:53:00,2026-02-15 21:57:00,0 days 01:04:00,03203_15-02-2026-20.27,68.3,75.15,81.75,100.75,
03203,04007,71801,Renfe,AVE,2026-02-15 20:53:00,2026-02-15 23:48:00,0 days 02:55:00,03203_15-02-2026-20.27,100.45,111.6,118.75,137.75,
03203,04007,78400,Renfe,AVE,2026-02-15 20:53:00,2026-02-15 22:40:00,0 days 01:47:00,03203_15-02-2026-20.27,88.9,97.8,106.4,125.4,
00437,78400,71801,Renfe,ALVIA,2026-02-15 20:58:00,2026-02-15 22:13:00,0 days 01:15:00,00437_15-02-2026-19.52,30.25,34.55,51.7,,
00437,78400,04104,Renfe,ALVIA,2026-02-15 20:58:00,2026-02-15 21:30:00,0 days 00:32:00,00437_15-02-2026-19.52,21.35,24.4,36.5,,
03309,04040,71801,Renfe,AVE,2026-02-15 21:03:00,2026-02-15 22:55:00,0 days 01:52:00,03309_15-02-2026-19.34,112.15,120.15,117.2,136.2,
03309,04040,78400,Renfe,AVE,2026-02-15 21:03:00,2026-02-15 21:46:00,0 days 00:43:00,03309_15-02-2026-19.34,71.95,77.1,75.2,94.2,
03309,04040,04104,Renfe,AVE,2026-02-15 21:03:00,2026-02-15 22:15:00,0 days 01:12:00,03309_15-02-2026-19.34,90.7,97.2,94.8,113.8,
02883,60000,04040,Renfe,AVE,2026-02-15 21:07:00,2026-02-15 22:26:00,0 days 01:19:00,02883_15-02-2026-21.07,62.4,70.2,83.0,102.0,
02883,60000,71801,Renfe,AVE,2026-02-15 21:07:00,2026-02-15 23:59:00,0 days 02:52:00,02883_15-02-2026-21.07,83.0,94.9,110.4,129.4,
03931,04104,71801,Renfe,AVE,2026-02-15 21:18:00,2026-02-15 21:58:00,0 days 00:40:00,03931_15-02-2026-20.01,35.6,40.05,47.35,66.35,
03941,78400,71801,Renfe,AVE,2026-02-15 21:22:00,2026-02-15 22:35:00,0 days 01:13:00,03941_15-02-2026-20.38,64.15,69.95,77.55,96.55,
03941,78400,04104,Renfe,AVE,2026-02-15 21:22:00,2026-02-15 21:51:00,0 days 00:29:00,03941_15-02-2026-20.38,45.2,49.3,54.65,73.65,
03991,78400,71801,Renfe,AVE,2026-02-15 21:22:00,2026-02-15 22:35:00,0 days 01:13:00,03991_15-02-2026-20.38,58.3,64.15,69.8,88.8,
03991,78400,04104,Renfe,AVE,2026-02-15 21:22:00,2026-02-15 21:51:00,0 days 00:29:00,03991_15-02-2026-20.38,41.1,45.2,49.2,68.2,
00437,04104,71801,Renfe,ALVIA,2026-02-15 21:32:00,2026-02-15 22:13:00,0 days 00:41:00,00437_15-02-2026-19.52,23.1,26.4,39.5,,
03941,04104,71801,Renfe,AVE,2026-02-15 21:53:00,2026-02-15 22:35:00,0 days 00:42:00,03941_15-02-2026-20.38,48.95,53.4,59.2,78.2,
03991,04104,71801,Renfe,AVE,2026-02-15 21:53:00,2026-02-15 22:35:00,0 days 00:42:00,03991_15-02-2026-20.38,44.5,48.95,53.25,72.25,
03203,04040,78400,Renfe,AVE,2026-02-15 21:58:00,2026-02-15 22:40:00,0 days 00:42:00,03203_15-02-2026-20.27,56.55,61.7,68.35,87.35,
03203,04040,71801,Renfe,AVE,2026-02-15 21:58:00,2026-02-15 23:48:00,0 days 01:50:00,03203_15-02-2026-20.27,80.1,88.1,95.9,114.9,
03203,04040,04104,Renfe,AVE,2026-02-15 21:58:00,2026-02-15 23:07:00,0 days 01:09:00,03203_15-02-2026-20.27,71.3,77.75,86.2,105.2,
02883,04040,71801,Renfe,AVE,2026-02-15 22:27:00,2026-02-15 23:59:00,0 days 01:32:00,02883_15-02-2026-21.07,64.1,72.1,85.25,104.25,
03203,78400,71801,Renfe,AVE,2026-02-15 22:42:00,2026-02-15 23:48:00,0 days 01:06:00,03203_15-02-2026-20.27,58.3,64.15,69.8,88.8,
03203,78400,04104,Renfe,AVE,2026-02-15 22:42:00,2026-02-15 23:07:00,0 days 00:25:00,03203_15-02-2026-20.27,41.1,45.2,49.2,68.2,
03203,04104,71801,Renfe,AVE,2026-02-15 23:09:00,2026-02-15 23:48:00,0 days 00:39:00,03203_15-02-2026-20.27,44.5,48.95,53.25,72.25,
03301,60000,71801,Renfe,AVE,2026-02-16 06:16:00,2026-02-16 09:05:00,0 days 02:49:00,03301_16-02-2026-06.16,71.15,83.0,94.65,113.65,
03301,60000,04104,Renfe,AVE,2026-02-16 06:16:00,2026-02-16 08:21:00,0 days 02:05:00,03301_16-02-2026-06.16,64.5,75.25,85.8,104.8,
03063,60000,04040,Renfe,AVE,2026-02-16 06:27:00,2026-02-16 07:52:00,0 days 01:25:00,03063_16-02-2026-06.27,70.2,78.0,83.0,102.0,
03063,60000,71801,Renfe,AVE,2026-02-16 06:27:00,2026-02-16 09:25:00,0 days 02:58:00,03063_16-02-2026-06.27,94.9,106.75,110.4,129.4,
03071,60000,71801,Renfe,AVE,2026-02-16 06:57:00,2026-02-16 09:34:00,0 days 02:37:00,03071_16-02-2026-06.57,69.95,83.95,186.05,205.05,
03073,60000,78400,Renfe,AVE,2026-02-16 07:27:00,2026-02-16 09:35:00,0 days 02:08:00,03073_16-02-2026-07.27,87.65,97.4,129.55,148.55,
03073,60000,71801,Renfe,AVE,2026-02-16 07:27:00,2026-02-16 10:46:00,0 days 03:19:00,03073_16-02-2026-07.27,94.9,106.75,141.95,160.95,
03073,60000,04040,Renfe,AVE,2026-02-16 07:27:00,2026-02-16 08:51:00,0 days 01:24:00,03073_16-02-2026-07.27,70.2,78.0,103.75,122.75,
03073,60000,04104,Renfe,AVE,2026-02-16 07:27:00,2026-02-16 10:04:00,0 days 02:37:00,03073_16-02-2026-07.27,96.75,107.5,143.0,162.0,
03073,60000,04007,Renfe,AVE,2026-02-16 07:27:00,2026-02-16 07:52:00,0 days 00:25:00,03073_16-02-2026-07.27,45.7,49.55,60.8,79.8,
03073,04007,71801,Renfe,AVE,2026-02-16 07:53:00,2026-02-16 10:46:00,0 days 02:53:00,03073_16-02-2026-07.27,89.3,100.45,133.6,152.6,
03073,04007,78400,Renfe,AVE,2026-02-16 07:53:00,2026-02-16 09:35:00,0 days 01:42:00,03073_16-02-2026-07.27,80.0,88.9,118.25,137.25,
03073,04007,04040,Renfe,AVE,2026-02-16 07:53:00,2026-02-16 08:51:00,0 days 00:58:00,03073_16-02-2026-07.27,61.45,68.3,90.85,109.85,
03063,04040,71801,Renfe,AVE,2026-02-16 07:53:00,2026-02-16 09:25:00,0 days 01:32:00,03063_16-02-2026-06.27,72.1,80.1,85.25,104.25,
03073,04007,04104,Renfe,AVE,2026-02-16 07:53:00,2026-02-16 10:04:00,0 days 02:11:00,03073_16-02-2026-07.27,89.65,99.6,132.45,151.45,
03081,60000,71801,Renfe,AVE,2026-02-16 07:57:00,2026-02-16 10:34:00,0 days 02:37:00,03081_16-02-2026-07.57,111.9,125.9,167.45,186.45,
03301,04104,71801,Renfe,AVE,2026-02-16 08:23:00,2026-02-16 09:05:00,0 days 00:42:00,03301_16-02-2026-06.16,26.7,31.15,35.5,54.5,
03083,60000,04040,Renfe,AVE,2026-02-16 08:27:00,2026-02-16 09:45:00,0 days 01:18:00,03083_16-02-2026-08.27,46.8,54.6,62.25,81.25,
03083,60000,71801,Renfe,AVE,2026-02-16 08:27:00,2026-02-16 11:19:00,0 days 02:52:00,03083_16-02-2026-08.27,59.3,71.15,78.85,97.85,
03073,04040,71801,Renfe,AVE,2026-02-16 08:52:00,2026-02-16 10:46:00,0 days 01:54:00,03073_16-02-2026-07.27,72.1,80.1,106.55,125.55,
03073,04040,04104,Renfe,AVE,2026-02-16 08:52:00,2026-02-16 10:04:00,0 days 01:12:00,03073_16-02-2026-07.27,64.8,71.3,94.8,113.8,
03073,04040,78400,Renfe,AVE,2026-02-16 08:52:00,2026-02-16 09:35:00,0 days 00:43:00,03073_16-02-2026-07.27,51.4,56.55,75.2,94.2,
03091,60000,04104,Renfe,AVE,2026-02-16 08:57:00,2026-02-16 11:01:00,0 days 02:04:00,03091_16-02-2026-08.57,53.75,64.5,71.5,90.5,
03091,60000,71801,Renfe,AVE,2026-02-16 08:57:00,2026-02-16 11:41:00,0 days 02:44:00,03091_16-02-2026-08.57,55.95,69.95,74.45,93.45,
02561,60000,71801,Renfe,AVE,2026-02-16 09:27:00,2026-02-16 12:41:00,0 days 03:14:00,02561_16-02-2026-09.27,59.3,71.15,94.65,113.65,
02561,60000,04040,Renfe,AVE,2026-02-16 09:27:00,2026-02-16 10:46:00,0 days 01:19:00,02561_16-02-2026-09.27,46.8,54.6,72.6,91.6,
02561,60000,04104,Renfe,AVE,2026-02-16 09:27:00,2026-02-16 12:00:00,0 days 02:33:00,02561_16-02-2026-09.27,64.5,75.25,100.1,119.1,
02561,60000,78400,Renfe,AVE,2026-02-16 09:27:00,2026-02-16 11:32:00,0 days 02:05:00,02561_16-02-2026-09.27,58.45,68.2,90.7,109.7,
03073,78400,71801,Renfe,AVE,2026-02-16 09:37:00,2026-02-16 10:46:00,0 days 01:09:00,03073_16-02-2026-07.27,58.3,64.15,85.3,104.3,
03073,78400,04104,Renfe,AVE,2026-02-16 09:37:00,2026-02-16 10:04:00,0 days 00:27:00,03073_16-02-2026-07.27,41.1,45.2,60.15,79.15,
03083,04040,71801,Renfe,AVE,2026-02-16 09:46:00,2026-02-16 11:19:00,0 days 01:33:00,03083_16-02-2026-08.27,40.05,48.05,53.25,72.25,
03073,04104,71801,Renfe,AVE,2026-02-16 10:06:00,2026-02-16 10:46:00,0 days 00:40:00,03073_16-02-2026-07.27,44.5,48.95,65.1,84.1,
03303,60000,04040,Renfe,AVE,2026-02-16 10:27:00,2026-02-16 11:47:00,0 days 01:20:00,03303_16-02-2026-10.27,62.4,70.2,62.25,81.25,
03303,60000,71801,Renfe,AVE,2026-02-16 10:27:00,2026-02-16 13:19:00,0 days 02:52:00,03303_16-02-2026-10.27,71.15,83.0,94.65,113.65,
00605,60000,04007,Renfe,ALVIA,2026-02-16 10:32:00,2026-02-16 10:59:00,0 days 00:27:00,00605_16-02-2026-10.32,26.45,28.35,30.15,,
02561,04040,78400,Renfe,AVE,2026-02-16 10:47:00,2026-02-16 11:32:00,0 days 00:45:00,02561_16-02-2026-09.27,36.0,41.1,54.7,73.7,
02561,04040,04104,Renfe,AVE,2026-02-16 10:47:00,2026-02-16 12:00:00,0 days 01:13:00,02561_16-02-2026-09.27,45.35,51.85,68.95,87.95,
02561,04040,71801,Renfe,AVE,2026-02-16 10:47:00,2026-02-16 12:41:00,0 days 01:54:00,02561_16-02-2026-09.27,48.05,56.05,74.55,93.55,
03091,04104,71801,Renfe,AVE,2026-02-16 11:03:00,2026-02-16 11:41:00,0 days 00:38:00,03091_16-02-2026-08.57,31.5,36.75,41.9,60.9,
00533,04040,04104,Renfe,ALVIA,2026-02-16 11:09:00,2026-02-16 12:31:00,0 days 01:22:00,00533_16-02-2026-11.09,52.8,57.6,63.85,,
00533,04040,78400,Renfe,ALVIA,2026-02-16 11:09:00,2026-02-16 11:58:00,0 days 00:49:00,00533_16-02-2026-11.09,41.9,45.7,50.65,,
00533,04040,71801,Renfe,ALVIA,2026-02-16 11:09:00,2026-02-16 13:09:00,0 days 02:00:00,00533_16-02-2026-11.09,59.3,65.25,71.0,,
03113,60000,71801,Renfe,AVE,2026-02-16 11:27:00,2026-02-16 14:46:00,0 days 03:19:00,03113_16-02-2026-11.27,47.45,59.3,63.1,82.1,
03113,60000,04040,Renfe,AVE,2026-02-16 11:27:00,2026-02-16 12:51:00,0 days 01:24:00,03113_16-02-2026-11.27,39.0,46.8,51.85,70.85,
03113,60000,78400,Renfe,AVE,2026-02-16 11:27:00,2026-02-16 13:35:00,0 days 02:08:00,03113_16-02-2026-11.27,48.7,58.45,64.75,83.75,
03113,60000,04104,Renfe,AVE,2026-02-16 11:27:00,2026-02-16 14:04:00,0 days 02:37:00,03113_16-02-2026-11.27,53.75,64.5,71.5,90.5,
02561,78400,04104,Renfe,AVE,2026-02-16 11:34:00,2026-02-16 12:00:00,0 days 00:26:00,02561_16-02-2026-09.27,28.75,32.9,38.25,57.25,
02561,78400,71801,Renfe,AVE,2026-02-16 11:34:00,2026-02-16 12:41:00,0 days 01:07:00,02561_16-02-2026-09.27,40.8,46.65,54.3,73.3,
03303,04040,71801,Renfe,AVE,2026-02-16 11:48:00,2026-02-16 13:19:00,0 days 01:31:00,03303_16-02-2026-10.27,64.1,72.1,85.25,104.25,
34433,78400,71801,Renfe,AVANT,2026-02-16 12:00:00,2026-02-16 13:09:00,0 days 01:09:00,34433_16-02-2026-12.00,,,,,31.5
00533,78400,71801,Renfe,ALVIA,2026-02-16 12:00:00,2026-02-16 13:09:00,0 days 01:09:00,00533_16-02-2026-11.09,47.5,51.85,57.45,,
34433,78400,04104,Renfe,AVANT,2026-02-16 12:00:00,2026-02-16 12:31:00,0 days 00:31:00,34433_16-02-2026-12.00,,,,,15.0
00533,78400,04104,Renfe,ALVIA,2026-02-16 12:00:00,2026-02-16 12:31:00,0 days 00:31:00,00533_16-02-2026-11.09,33.55,36.6,40.55,,
02561,04104,71801,Renfe,AVE,2026-02-16 12:02:00,2026-02-16 12:41:00,0 days 00:39:00,02561_16-02-2026-09.27,31.15,35.6,41.45,60.45,
02591,60000,04040,Renfe,AVE,2026-02-16 12:27:00,2026-02-16 13:45:00,0 days 01:18:00,02591_16-02-2026-12.27,39.0,46.8,51.85,70.85,
02591,60000,71801,Renfe,AVE,2026-02-16 12:27:00,2026-02-16 15:44:00,0 days 03:17:00,02591_16-02-2026-12.27,59.3,71.15,78.85,97.85,
02591,60000,78400,Renfe,AVE,2026-02-16 12:27:00,2026-02-16 14:29:00,0 days 02:02:00,02591_16-02-2026-12.27,58.45,68.2,77.75,96.75,
34433,04104,71801,Renfe,AVANT,2026-02-16 12:33:00,2026-02-16 13:09:00,0 days 00:36:00,34433_16-02-2026-12.00,,,,,18.5
00533,04104,71801,Renfe,ALVIA,2026-02-16 12:33:00,2026-02-16 13:09:00,0 days 00:36:00,00533_16-02-2026-11.09,36.3,39.6,43.9,,
03943,04040,04104,Renfe,AVE,2026-02-16 12:37:00,2026-02-16 13:43:00,0 days 01:06:00,03943_16-02-2026-12.37,71.3,77.75,86.2,105.2,
03993,04040,71801,Renfe,AVE,2026-02-16 12:37:00,2026-02-16 14:25:00,0 days 01:48:00,03993_16-02-2026-12.37,72.1,80.1,95.9,114.9,
03943,04040,71801,Renfe,AVE,2026-02-16 12:37:00,2026-02-16 14:25:00,0 days 01:48:00,03943_16-02-2026-12.37,80.1,88.1,95.9,114.9,
03993,04040,78400,Renfe,AVE,2026-02-16 12:37:00,2026-02-16 13:17:00,0 days 00:40:00,03993_16-02-2026-12.37,51.4,56.55,68.35,87.35,
03943,04040,78400,Renfe,AVE,2026-02-16 12:37:00,2026-02-16 13:17:00,0 days 00:40:00,03943_16-02-2026-12.37,56.55,61.7,68.35,87.35,
03993,04040,04104,Renfe,AVE,2026-02-16 12:37:00,2026-02-16 13:43:00,0 days 01:06:00,03993_16-02-2026-12.37,64.8,71.3,86.2,105.2,
03113,04040,78400,Renfe,AVE,2026-02-16 12:52:00,2026-02-16 13:35:00,0 days 00:43:00,03113_16-02-2026-11.27,30.85,36.0,41.0,60.0,
03113,04040,71801,Renfe,AVE,2026-02-16 12:52:00,2026-02-16 14:46:00,0 days 01:54:00,03113_16-02-2026-11.27,40.05,48.05,53.25,72.25,
03113,04040,04104,Renfe,AVE,2026-02-16 12:52:00,2026-02-16 14:04:00,0 days 01:12:00,03113_16-02-2026-11.27,38.9,45.35,51.7,70.7,
09725,60000,04040,Renfe,AVE INT,2026-02-16 13:15:00,2026-02-16 14:40:00,0 days 01:25:00,09725_16-02-2026-13.15,46.8,54.6,83.0,102.0,
09725,60000,04104,Renfe,AVE INT,2026-02-16 13:15:00,2026-02-16 15:37:00,0 days 02:22:00,09725_16-02-2026-13.15,53.75,64.5,85.8,104.8,
09725,60000,71801,Renfe,AVE INT,2026-02-16 13:15:00,2026-02-16 16:19:00,0 days 03:04:00,09725_16-02-2026-13.15,59.3,71.15,94.65,113.65,
03993,78400,71801,Renfe,AVE,2026-02-16 13:19:00,2026-02-16 14:25:00,0 days 01:06:00,03993_16-02-2026-12.37,58.3,64.15,77.55,96.55,
03993,78400,04104,Renfe,AVE,2026-02-16 13:19:00,2026-02-16 13:43:00,0 days 00:24:00,03993_16-02-2026-12.37,41.1,45.2,54.65,73.65,
03943,78400,04104,Renfe,AVE,2026-02-16 13:19:00,2026-02-16 13:43:00,0 days 00:24:00,03943_16-02-2026-12.37,41.1,45.2,49.2,68.2,
03943,78400,71801,Renfe,AVE,2026-02-16 13:19:00,2026-02-16 14:25:00,0 days 01:06:00,03943_16-02-2026-12.37,58.3,64.15,69.8,88.8,
03113,78400,04104,Renfe,AVE,2026-02-16 13:37:00,2026-02-16 14:04:00,0 days 00:27:00,03113_16-02-2026-11.27,24.65,28.75,32.8,51.8,
34813,78400,71801,Renfe,AVANT,2026-02-16 13:37:00,2026-02-16 14:46:00,0 days 01:09:00,34813_16-02-2026-13.37,,,,,31.5
34813,78400,04104,Renfe,AVANT,2026-02-16 13:37:00,2026-02-16 14:04:00,0 days 00:27:00,34813_16-02-2026-13.37,,,,,15.0
03113,78400,71801,Renfe,AVE,2026-02-16 13:37:00,2026-02-16 14:46:00,0 days 01:09:00,03113_16-02-2026-11.27,35.0,40.8,46.5,65.5,
09725,04007,04040,Renfe,AVE INT,2026-02-16 13:43:00,2026-02-16 14:40:00,0 days 00:57:00,09725_16-02-2026-13.15,41.0,47.8,72.65,91.65,
09725,04007,04104,Renfe,AVE INT,2026-02-16 13:43:00,2026-02-16 15:37:00,0 days 01:54:00,09725_16-02-2026-13.15,49.8,59.75,79.5,98.5,
09725,04007,71801,Renfe,AVE INT,2026-02-16 13:43:00,2026-02-16 16:19:00,0 days 02:36:00,09725_16-02-2026-13.15,55.8,66.95,89.05,108.05,
03993,04104,71801,Renfe,AVE,2026-02-16 13:45:00,2026-02-16 14:25:00,0 days 00:40:00,03993_16-02-2026-12.37,44.5,48.95,59.2,78.2,
03943,04104,71801,Renfe,AVE,2026-02-16 13:45:00,2026-02-16 14:25:00,0 days 00:40:00,03943_16-02-2026-12.37,44.5,48.95,53.25,72.25,
02591,04040,78400,Renfe,AVE,2026-02-16 13:46:00,2026-02-16 14:29:00,0 days 00:43:00,02591_16-02-2026-12.27,30.85,36.0,41.0,60.0,
02591,04040,71801,Renfe,AVE,2026-02-16 13:46:00,2026-02-16 15:44:00,0 days 01:58:00,02591_16-02-2026-12.27,40.05,48.05,53.25,72.25,
03141,60000,71801,Renfe,AVE,2026-02-16 13:57:00,2026-02-16 16:34:00,0 days 02:37:00,03141_16-02-2026-13.57,153.9,167.9,223.3,242.3,
03113,04104,71801,Renfe,AVE,2026-02-16 14:06:00,2026-02-16 14:46:00,0 days 00:40:00,03113_16-02-2026-11.27,26.7,31.15,35.5,54.5,
34813,04104,71801,Renfe,AVANT,2026-02-16 14:06:00,2026-02-16 14:46:00,0 days 00:40:00,34813_16-02-2026-13.37,,,,,18.5
03143,60000,71801,Renfe,AVE,2026-02-16 14:27:00,2026-02-16 17:24:00,0 days 02:57:00,03143_16-02-2026-14.27,83.0,94.9,94.65,113.65,
03143,60000,04040,Renfe,AVE,2026-02-16 14:27:00,2026-02-16 15:51:00,0 days 01:24:00,03143_16-02-2026-14.27,62.4,70.2,72.6,91.6,
02591,78400,71801,Renfe,AVE,2026-02-16 14:31:00,2026-02-16 15:44:00,0 days 01:13:00,02591_16-02-2026-12.27,35.0,40.8,46.5,65.5,
34823,78400,71801,Renfe,AVANT,2026-02-16 14:31:00,2026-02-16 15:44:00,0 days 01:13:00,34823_16-02-2026-14.31,,,,,31.5
00609,60000,04007,Renfe,ALVIA,2026-02-16 14:47:00,2026-02-16 15:15:00,0 days 00:28:00,00609_16-02-2026-14.47,26.45,28.35,30.15,,
03151,60000,71801,Renfe,AVE,2026-02-16 14:57:00,2026-02-16 17:34:00,0 days 02:37:00,03151_16-02-2026-14.57,55.95,69.95,74.45,93.45,
03305,60000,78400,Renfe,AVE,2026-02-16 15:27:00,2026-02-16 17:35:00,0 days 02:08:00,03305_16-02-2026-15.27,58.45,68.2,77.75,96.75,
03305,60000,71801,Renfe,AVE,2026-02-16 15:27:00,2026-02-16 18:46:00,0 days 03:19:00,03305_16-02-2026-15.27,71.15,83.0,94.65,113.65,
03305,60000,04040,Renfe,AVE,2026-02-16 15:27:00,2026-02-16 16:50:00,0 days 01:23:00,03305_16-02-2026-15.27,62.4,70.2,62.25,81.25,
03305,60000,04104,Renfe,AVE,2026-02-16 15:27:00,2026-02-16 18:03:00,0 days 02:36:00,03305_16-02-2026-15.27,64.5,75.25,85.8,104.8,
03143,04040,71801,Renfe,AVE,2026-02-16 15:52:00,2026-02-16 17:24:00,0 days 01:32:00,03143_16-02-2026-14.27,48.05,56.05,74.55,93.55,
03161,60000,71801,Renfe,AVE,2026-02-16 15:57:00,2026-02-16 18:34:00,0 days 02:37:00,03161_16-02-2026-15.57,55.95,69.95,74.45,93.45,
03163,60000,04040,Renfe,AVE,2026-02-16 16:27:00,2026-02-16 17:45:00,0 days 01:18:00,03163_16-02-2026-16.27,54.6,62.4,83.0,102.0,
03163,60000,71801,Renfe,AVE,2026-02-16 16:27:00,2026-02-16 19:19:00,0 days 02:52:00,03163_16-02-2026-16.27,71.15,83.0,110.4,129.4,
03305,04040,71801,Renfe,AVE,2026-02-16 16:51:00,2026-02-16 18:46:00,0 days 01:55:00,03305_16-02-2026-15.27,64.1,72.1,85.25,104.25,
03305,04040,78400,Renfe,AVE,2026-02-16 16:51:00,2026-02-16 17:35:00,0 days 00:44:00,03305_16-02-2026-15.27,41.1,46.25,54.7,73.7,
03305,04040,04104,Renfe,AVE,2026-02-16 16:51:00,2026-02-16 18:03:00,0 days 01:12:00,03305_16-02-2026-15.27,51.85,58.3,68.95,87.95,
03171,60000,71801,Renfe,AVE,2026-02-16 16:57:00,2026-02-16 19:34:00,0 days 02:37:00,03171_16-02-2026-16.57,41.95,55.95,74.45,93.45,
03173,60000,04104,Renfe,AVE,2026-02-16 17:27:00,2026-02-16 20:04:00,0 days 02:37:00,03173_16-02-2026-17.27,107.5,118.25,128.7,147.7,
03173,60000,04007,Renfe,AVE,2026-02-16 17:27:00,2026-02-16 17:53:00,0 days 00:26:00,03173_16-02-2026-17.27,49.55,53.35,60.8,79.8,
03173,60000,04040,Renfe,AVE,2026-02-16 17:27:00,2026-02-16 18:51:00,0 days 01:24:00,03173_16-02-2026-17.27,78.0,85.8,93.35,112.35,
03173,60000,71801,Renfe,AVE,2026-02-16 17:27:00,2026-02-16 20:46:00,0 days 03:19:00,03173_16-02-2026-17.27,106.75,118.6,126.2,145.2,
03173,60000,78400,Renfe,AVE,2026-02-16 17:27:00,2026-02-16 19:35:00,0 days 02:08:00,03173_16-02-2026-17.27,97.4,107.15,116.6,135.6,
03305,78400,04104,Renfe,AVE,2026-02-16 17:37:00,2026-02-16 18:03:00,0 days 00:26:00,03305_16-02-2026-15.27,41.1,45.2,49.2,68.2,
03305,78400,71801,Renfe,AVE,2026-02-16 17:37:00,2026-02-16 18:46:00,0 days 01:09:00,03305_16-02-2026-15.27,58.3,64.15,69.8,88.8,
03163,04040,71801,Renfe,AVE,2026-02-16 17:46:00,2026-02-16 19:19:00,0 days 01:33:00,03163_16-02-2026-16.27,48.05,56.05,74.55,93.55,
03173,04007,78400,Renfe,AVE,2026-02-16 17:54:00,2026-02-16 19:35:00,0 days 01:41:00,03173_16-02-2026-17.27,88.9,97.8,106.4,125.4,
03173,04007,71801,Renfe,AVE,2026-02-16 17:54:00,2026-02-16 20:46:00,0 days 02:52:00,03173_16-02-2026-17.27,100.45,111.6,118.75,137.75,
03173,04007,04104,Renfe,AVE,2026-02-16 17:54:00,2026-02-16 20:04:00,0 days 02:10:00,03173_16-02-2026-17.27,99.6,109.55,119.2,138.2,
03173,04007,04040,Renfe,AVE,2026-02-16 17:54:00,2026-02-16 18:51:00,0 days 00:57:00,03173_16-02-2026-17.27,68.3,75.15,81.75,100.75,
02553,60000,71801,Renfe,AVE,2026-02-16 17:57:00,2026-02-16 20:34:00,0 days 02:37:00,02553_16-02-2026-17.57,35.6,47.45,78.85,97.85,
03305,04104,71801,Renfe,AVE,2026-02-16 18:05:00,2026-02-16 18:46:00,0 days 00:41:00,03305_16-02-2026-15.27,44.5,48.95,53.25,72.25,
03183,60000,71801,Renfe,AVE,2026-02-16 18:27:00,2026-02-16 21:24:00,0 days 02:57:00,03183_16-02-2026-18.27,83.0,94.9,94.65,113.65,
03183,60000,04040,Renfe,AVE,2026-02-16 18:27:00,2026-02-16 19:45:00,0 days 01:18:00,03183_16-02-2026-18.27,62.4,70.2,72.6,91.6,
03183,60000,04104,Renfe,AVE,2026-02-16 18:27:00,2026-02-16 20:44:00,0 days 02:17:00,03183_16-02-2026-18.27,75.25,86.0,85.8,104.8,
03173,04040,78400,Renfe,AVE,2026-02-16 18:52:00,2026-02-16 19:35:00,0 days 00:43:00,03173_16-02-2026-17.27,56.55,61.7,68.35,87.35,
03173,04040,71801,Renfe,AVE,2026-02-16 18:52:00,2026-02-16 20:46:00,0 days 01:54:00,03173_16-02-2026-17.27,80.1,88.1,95.9,114.9,
03173,04040,04104,Renfe,AVE,2026-02-16 18:52:00,2026-02-16 20:04:00,0 days 01:12:00,03173_16-02-2026-17.27,71.3,77.75,86.2,105.2,
03191,60000,71801,Renfe,AVE,2026-02-16 18:57:00,2026-02-16 21:34:00,0 days 02:37:00,03191_16-02-2026-18.57,56.0,70.0,93.1,112.1,
02861,60000,04040,Renfe,AVE,2026-02-16 19:00:00,2026-02-16 20:42:00,0 days 01:42:00,02861_16-02-2026-19.00,31.2,39.0,51.85,70.85,
02861,60000,04007,Renfe,AVE,2026-02-16 19:00:00,2026-02-16 19:28:00,0 days 00:28:00,02861_16-02-2026-19.00,45.7,49.55,60.8,79.8,
02861,04007,04040,Renfe,AVE,2026-02-16 19:29:00,2026-02-16 20:42:00,0 days 01:13:00,02861_16-02-2026-19.00,27.3,34.15,45.4,64.4,
03309,60000,04104,Renfe,AVE,2026-02-16 19:34:00,2026-02-16 22:15:00,0 days 02:41:00,03309_16-02-2026-19.34,43.0,53.75,71.5,90.5,
03309,60000,04007,Renfe,AVE,2026-02-16 19:34:00,2026-02-16 20:00:00,0 days 00:26:00,03309_16-02-2026-19.34,41.9,45.7,50.65,69.65,
03309,60000,71801,Renfe,AVE,2026-02-16 19:34:00,2026-02-16 22:55:00,0 days 03:21:00,03309_16-02-2026-19.34,47.45,59.3,78.85,97.85,
03309,60000,78400,Renfe,AVE,2026-02-16 19:34:00,2026-02-16 21:46:00,0 days 02:12:00,03309_16-02-2026-19.34,38.95,48.7,64.75,83.75,
03309,60000,04040,Renfe,AVE,2026-02-16 19:34:00,2026-02-16 21:02:00,0 days 01:28:00,03309_16-02-2026-19.34,39.0,46.8,41.5,60.5,
03173,78400,71801,Renfe,AVE,2026-02-16 19:37:00,2026-02-16 20:46:00,0 days 01:09:00,03173_16-02-2026-17.27,64.15,69.95,77.55,96.55,
03173,78400,04104,Renfe,AVE,2026-02-16 19:37:00,2026-02-16 20:04:00,0 days 00:27:00,03173_16-02-2026-17.27,45.2,49.3,54.65,73.65,
03183,04040,04104,Renfe,AVE,2026-02-16 19:46:00,2026-02-16 20:44:00,0 days 00:58:00,03183_16-02-2026-18.27,45.35,51.85,51.7,70.7,
03183,04040,71801,Renfe,AVE,2026-02-16 19:46:00,2026-02-16 21:24:00,0 days 01:38:00,03183_16-02-2026-18.27,56.05,64.1,63.9,82.9,
00437,04040,71801,Renfe,ALVIA,2026-02-16 19:52:00,2026-02-16 22:13:00,0 days 02:21:00,00437_16-02-2026-19.52,35.6,41.5,71.0,,
00437,04040,78400,Renfe,ALVIA,2026-02-16 19:52:00,2026-02-16 20:56:00,0 days 01:04:00,00437_16-02-2026-19.52,26.65,30.5,50.65,,
00437,04040,04104,Renfe,ALVIA,2026-02-16 19:52:00,2026-02-16 21:30:00,0 days 01:38:00,00437_16-02-2026-19.52,33.6,38.4,63.85,,
03309,04007,04104,Renfe,AVE,2026-02-16 20:01:00,2026-02-16 22:15:00,0 days 02:14:00,03309_16-02-2026-19.34,39.85,49.8,66.25,85.25,
03309,04007,71801,Renfe,AVE,2026-02-16 20:01:00,2026-02-16 22:55:00,0 days 02:54:00,03309_16-02-2026-19.34,44.65,55.8,74.2,93.2,
03309,04007,78400,Renfe,AVE,2026-02-16 20:01:00,2026-02-16 21:46:00,0 days 01:45:00,03309_16-02-2026-19.34,35.55,44.45,59.1,78.1,
03931,04040,71801,Renfe,AVE,2026-02-16 20:01:00,2026-02-16 21:58:00,0 days 01:57:00,03931_16-02-2026-20.01,64.1,72.1,85.25,104.25,
03931,04040,04104,Renfe,AVE,2026-02-16 20:01:00,2026-02-16 21:16:00,0 days 01:15:00,03931_16-02-2026-20.01,58.3,64.8,77.55,96.55,
03931,04040,78400,Renfe,AVE,2026-02-16 20:01:00,2026-02-16 20:48:00,0 days 00:47:00,03931_16-02-2026-20.01,46.25,51.4,61.55,80.55,
03309,04007,04040,Renfe,AVE,2026-02-16 20:01:00,2026-02-16 21:02:00,0 days 01:01:00,03309_16-02-2026-19.34,34.15,41.0,45.4,64.4,
03173,04104,71801,Renfe,AVE,2026-02-16 20:06:00,2026-02-16 20:46:00,0 days 00:40:00,03173_16-02-2026-17.27,48.95,53.4,59.2,78.2,
03203,60000,71801,Renfe,AVE,2026-02-16 20:27:00,2026-02-16 23:48:00,0 days 03:21:00,03203_16-02-2026-20.27,106.75,118.6,126.2,145.2,
03203,60000,78400,Renfe,AVE,2026-02-16 20:27:00,2026-02-16 22:40:00,0 days 02:13:00,03203_16-02-2026-20.27,97.4,107.15,116.6,135.6,
03203,60000,04104,Renfe,AVE,2026-02-16 20:27:00,2026-02-16 23:07:00,0 days 02:40:00,03203_16-02-2026-20.27,107.5,118.25,128.7,147.7,
03203,60000,04007,Renfe,AVE,2026-02-16 20:27:00,2026-02-16 20:52:00,0 days 00:25:00,03203_16-02-2026-20.27,49.55,53.35,60.8,79.8,
03203,60000,04040,Renfe,AVE,2026-02-16 20:27:00,2026-02-16 21:57:00,0 days 01:30:00,03203_16-02-2026-20.27,78.0,85.8,93.35,112.35,
03991,04040,04104,Renfe,AVE,2026-02-16 20:38:00,2026-02-16 21:51:00,0 days 01:13:00,03991_16-02-2026-20.38,45.35,51.85,60.35,79.35,
03941,04040,71801,Renfe,AVE,2026-02-16 20:38:00,2026-02-16 22:35:00,0 days 01:57:00,03941_16-02-2026-20.38,80.1,88.1,95.9,114.9,
03991,04040,71801,Renfe,AVE,2026-02-16 20:38:00,2026-02-16 22:35:00,0 days 01:57:00,03991_16-02-2026-20.38,48.05,56.05,63.9,82.9,
03941,04040,04104,Renfe,AVE,2026-02-16 20:38:00,2026-02-16 21:51:00,0 days 01:13:00,03941_16-02-2026-20.38,71.3,77.75,86.2,105.2,
03941,04040,78400,Renfe,AVE,2026-02-16 20:38:00,2026-02-16 21:20:00,0 days 00:42:00,03941_16-02-2026-20.38,56.55,61.7,68.35,87.35,
03991,04040,78400,Renfe,AVE,2026-02-16 20:38:00,2026-02-16 21:20:00,0 days 00:42:00,03991_16-02-2026-20.38,36.0,41.1,47.85,66.85,
03183,04104,71801,Renfe,AVE,2026-02-16 20:46:00,2026-02-16 21:24:00,0 days 00:38:00,03183_16-02-2026-18.27,31.15,35.6,35.5,54.5,
03931,78400,71801,Renfe,AVE,2026-02-16 20:50:00,2026-02-16 21:58:00,0 days 01:08:00,03931_16-02-2026-20.01,52.45,58.3,69.8,88.8,
03931,78400,04104,Renfe,AVE,2026-02-16 20:50:00,2026-02-16 21:16:00,0 days 00:26:00,03931_16-02-2026-20.01,37.0,41.1,49.2,68.2,
03203,04007,04040,Renfe,AVE,2026-02-16 20:53:00,2026-02-16 21:57:00,0 days 01:04:00,03203_16-02-2026-20.27,68.3,75.15,81.75,100.75,
03203,04007,04104,Renfe,AVE,2026-02-16 20:53:00,2026-02-16 23:07:00,0 days 02:14:00,03203_16-02-2026-20.27,99.6,109.55,119.2,138.2,
03203,04007,71801,Renfe,AVE,2026-02-16 20:53:00,2026-02-16 23:48:00,0 days 02:55:00,03203_16-02-2026-20.27,100.45,111.6,118.75,137.75,
03203,04007,78400,Renfe,AVE,2026-02-16 20:53:00,2026-02-16 22:40:00,0 days 01:47:00,03203_16-02-2026-20.27,88.9,97.8,106.4,125.4,
00437,78400,04104,Renfe,ALVIA,2026-02-16 20:58:00,2026-02-16 21:30:00,0 days 00:32:00,00437_16-02-2026-19.52,21.35,24.4,40.55,,
00437,78400,71801,Renfe,ALVIA,2026-02-16 20:58:00,2026-02-16 22:13:00,0 days 01:15:00,00437_16-02-2026-19.52,30.25,34.55,57.45,,
03309,04040,04104,Renfe,AVE,2026-02-16 21:03:00,2026-02-16 22:15:00,0 days 01:12:00,03309_16-02-2026-19.34,32.4,38.9,43.1,62.1,
03309,04040,71801,Renfe,AVE,2026-02-16 21:03:00,2026-02-16 22:55:00,0 days 01:52:00,03309_16-02-2026-19.34,40.05,48.05,53.25,72.25,
03309,04040,78400,Renfe,AVE,2026-02-16 21:03:00,2026-02-16 21:46:00,0 days 00:43:00,03309_16-02-2026-19.34,25.7,30.85,34.2,53.2,
03931,04104,71801,Renfe,AVE,2026-02-16 21:18:00,2026-02-16 21:58:00,0 days 00:40:00,03931_16-02-2026-20.01,40.05,44.5,53.25,72.25,
03941,78400,71801,Renfe,AVE,2026-02-16 21:22:00,2026-02-16 22:35:00,0 days 01:13:00,03941_16-02-2026-20.38,58.3,64.15,69.8,88.8,
03991,78400,71801,Renfe,AVE,2026-02-16 21:22:00,2026-02-16 22:35:00,0 days 01:13:00,03991_16-02-2026-20.38,40.8,46.65,54.3,73.3,
03941,78400,04104,Renfe,AVE,2026-02-16 21:22:00,2026-02-16 21:51:00,0 days 00:29:00,03941_16-02-2026-20.38,41.1,45.2,49.2,68.2,
03991,78400,04104,Renfe,AVE,2026-02-16 21:22:00,2026-02-16 21:51:00,0 days 00:29:00,03991_16-02-2026-20.38,28.75,32.9,38.25,57.25,
00437,04104,71801,Renfe,ALVIA,2026-02-16 21:32:00,2026-02-16 22:13:00,0 days 00:41:00,00437_16-02-2026-19.52,23.1,26.4,39.5,,
03309,78400,71801,Renfe,AVE,2026-02-16 21:48:00,2026-02-16 22:55:00,0 days 01:07:00,03309_16-02-2026-19.34,35.0,40.8,46.5,65.5,
03309,78400,04104,Renfe,AVE,2026-02-16 21:48:00,2026-02-16 22:15:00,0 days 00:27:00,03309_16-02-2026-19.34,24.65,28.75,32.8,51.8,
03941,04104,71801,Renfe,AVE,2026-02-16 21:53:00,2026-02-16 22:35:00,0 days 00:42:00,03941_16-02-2026-20.38,44.5,48.95,53.25,72.25,
03991,04104,71801,Renfe,AVE,2026-02-16 21:53:00,2026-02-16 22:35:00,0 days 00:42:00,03991_16-02-2026-20.38,31.15,35.6,41.45,60.45,
03203,04040,78400,Renfe,AVE,2026-02-16 21:58:00,2026-02-16 22:40:00,0 days 00:42:00,03203_16-02-2026-20.27,56.55,61.7,68.35,87.35,
03203,04040,71801,Renfe,AVE,2026-02-16 21:58:00,2026-02-16 23:48:00,0 days 01:50:00,03203_16-02-2026-20.27,80.1,88.1,95.9,114.9,
03203,04040,04104,Renfe,AVE,2026-02-16 21:58:00,2026-02-16 23:07:00,0 days 01:09:00,03203_16-02-2026-20.27,71.3,77.75,86.2,105.2,
03309,04104,71801,Renfe,AVE,2026-02-16 22:17:00,2026-02-16 22:55:00,0 days 00:38:00,03309_16-02-2026-19.34,26.7,31.15,35.5,54.5,
03203,78400,04104,Renfe,AVE,2026-02-16 22:42:00,2026-02-16 23:07:00,0 days 00:25:00,03203_16-02-2026-20.27,45.2,49.3,54.65,73.65,
03203,78400,71801,Renfe,AVE,2026-02-16 22:42:00,2026-02-16 23:48:00,0 days 01:06:00,03203_16-02-2026-20.27,64.15,69.95,77.55,96.55,
03203,04104,71801,Renfe,AVE,2026-02-16 23:09:00,2026-02-16 23:48:00,0 days 00:39:00,03203_16-02-2026-20.27,48.95,53.4,59.2,78.2,
03301,60000,71801,Renfe,AVE,2026-02-17 06:16:00,2026-02-17 09:05:00,0 days 02:49:00,03301_17-02-2026-06.16,47.45,59.3,78.85,97.85,
03301,60000,04104,Renfe,AVE,2026-02-17 06:16:00,2026-02-17 08:21:00,0 days 02:05:00,03301_17-02-2026-06.16,43.0,53.75,71.5,90.5,
03063,60000,71801,Renfe,AVE,2026-02-17 06:27:00,2026-02-17 09:25:00,0 days 02:58:00,03063_17-02-2026-06.27,47.45,59.3,63.1,82.1,
03063,60000,04040,Renfe,AVE,2026-02-17 06:27:00,2026-02-17 07:52:00,0 days 01:25:00,03063_17-02-2026-06.27,31.2,39.0,51.85,70.85,
03071,60000,71801,Renfe,AVE,2026-02-17 06:57:00,2026-02-17 09:34:00,0 days 02:37:00,03071_17-02-2026-06.57,69.95,83.95,223.3,242.3,
03073,60000,71801,Renfe,AVE,2026-02-17 07:27:00,2026-02-17 10:46:00,0 days 03:19:00,03073_17-02-2026-07.27,83.0,94.9,141.95,160.95,
03073,60000,04104,Renfe,AVE,2026-02-17 07:27:00,2026-02-17 10:04:00,0 days 02:37:00,03073_17-02-2026-07.27,86.0,96.75,143.0,162.0,
03073,60000,78400,Renfe,AVE,2026-02-17 07:27:00,2026-02-17 09:35:00,0 days 02:08:00,03073_17-02-2026-07.27,77.9,87.65,129.55,148.55,
03073,60000,04007,Renfe,AVE,2026-02-17 07:27:00,2026-02-17 07:52:00,0 days 00:25:00,03073_17-02-2026-07.27,45.7,49.55,60.8,79.8,
03073,60000,04040,Renfe,AVE,2026-02-17 07:27:00,2026-02-17 08:51:00,0 days 01:24:00,03073_17-02-2026-07.27,62.4,70.2,103.75,122.75,
03073,04007,71801,Renfe,AVE,2026-02-17 07:53:00,2026-02-17 10:46:00,0 days 02:53:00,03073_17-02-2026-07.27,78.1,89.3,133.6,152.6,
03073,04007,04104,Renfe,AVE,2026-02-17 07:53:00,2026-02-17 10:04:00,0 days 02:11:00,03073_17-02-2026-07.27,79.7,89.65,132.45,151.45,
03073,04007,04040,Renfe,AVE,2026-02-17 07:53:00,2026-02-17 08:51:00,0 days 00:58:00,03073_17-02-2026-07.27,54.65,61.45,90.85,109.85,
03063,04040,71801,Renfe,AVE,2026-02-17 07:53:00,2026-02-17 09:25:00,0 days 01:32:00,03063_17-02-2026-06.27,40.05,48.05,53.25,72.25,
03073,04007,78400,Renfe,AVE,2026-02-17 07:53:00,2026-02-17 09:35:00,0 days 01:42:00,03073_17-02-2026-07.27,71.1,80.0,118.25,137.25,
03081,60000,71801,Renfe,AVE,2026-02-17 07:57:00,2026-02-17 10:34:00,0 days 02:37:00,03081_17-02-2026-07.57,111.9,125.9,130.25,149.25,
03301,04104,71801,Renfe,AVE,2026-02-17 08:23:00,2026-02-17 09:05:00,0 days 00:42:00,03301_17-02-2026-06.16,17.8,22.25,29.6,48.6,
03083,60000,71801,Renfe,AVE,2026-02-17 08:27:00,2026-02-17 11:19:00,0 days 02:52:00,03083_17-02-2026-08.27,47.45,59.3,78.85,97.85,
03083,60000,04040,Renfe,AVE,2026-02-17 08:27:00,2026-02-17 09:45:00,0 days 01:18:00,03083_17-02-2026-08.27,39.0,46.8,62.25,81.25,
03073,04040,71801,Renfe,AVE,2026-02-17 08:52:00,2026-02-17 10:46:00,0 days 01:54:00,03073_17-02-2026-07.27,64.1,72.1,106.55,125.55,
03073,04040,04104,Renfe,AVE,2026-02-17 08:52:00,2026-02-17 10:04:00,0 days 01:12:00,03073_17-02-2026-07.27,58.3,64.8,94.8,113.8,
03073,04040,78400,Renfe,AVE,2026-02-17 08:52:00,2026-02-17 09:35:00,0 days 00:43:00,03073_17-02-2026-07.27,46.25,51.4,75.2,94.2,
03091,60000,04104,Renfe,AVE,2026-02-17 08:57:00,2026-02-17 11:01:00,0 days 02:04:00,03091_17-02-2026-08.57,43.0,53.75,71.5,90.5,
03091,60000,71801,Renfe,AVE,2026-02-17 08:57:00,2026-02-17 11:41:00,0 days 02:44:00,03091_17-02-2026-08.57,41.95,55.95,74.45,93.45,
02561,60000,04040,Renfe,AVE,2026-02-17 09:27:00,2026-02-17 10:46:00,0 days 01:19:00,02561_17-02-2026-09.27,46.8,54.6,62.25,81.25,
02561,60000,04104,Renfe,AVE,2026-02-17 09:27:00,2026-02-17 12:00:00,0 days 02:33:00,02561_17-02-2026-09.27,64.5,75.25,85.8,104.8,
02561,60000,71801,Renfe,AVE,2026-02-17 09:27:00,2026-02-17 12:41:00,0 days 03:14:00,02561_17-02-2026-09.27,59.3,71.15,78.85,97.85,
02561,60000,78400,Renfe,AVE,2026-02-17 09:27:00,2026-02-17 11:32:00,0 days 02:05:00,02561_17-02-2026-09.27,58.45,68.2,77.75,96.75,
03073,78400,71801,Renfe,AVE,2026-02-17 09:37:00,2026-02-17 10:46:00,0 days 01:09:00,03073_17-02-2026-07.27,52.45,58.3,85.3,104.3,
03073,78400,04104,Renfe,AVE,2026-02-17 09:37:00,2026-02-17 10:04:00,0 days 00:27:00,03073_17-02-2026-07.27,37.0,41.1,60.15,79.15,
03083,04040,71801,Renfe,AVE,2026-02-17 09:46:00,2026-02-17 11:19:00,0 days 01:33:00,03083_17-02-2026-08.27,32.05,40.05,53.25,72.25,
03073,04104,71801,Renfe,AVE,2026-02-17 10:06:00,2026-02-17 10:46:00,0 days 00:40:00,03073_17-02-2026-07.27,40.05,44.5,65.1,84.1,
03303,60000,04040,Renfe,AVE,2026-02-17 10:27:00,2026-02-17 11:47:00,0 days 01:20:00,03303_17-02-2026-10.27,62.4,70.2,62.25,81.25,
03303,60000,71801,Renfe,AVE,2026-02-17 10:27:00,2026-02-17 13:19:00,0 days 02:52:00,03303_17-02-2026-10.27,71.15,83.0,94.65,113.65,
00605,60000,04007,Renfe,ALVIA,2026-02-17 10:32:00,2026-02-17 10:59:00,0 days 00:27:00,00605_17-02-2026-10.32,17.0,18.9,20.1,,
02561,04040,78400,Renfe,AVE,2026-02-17 10:47:00,2026-02-17 11:32:00,0 days 00:45:00,02561_17-02-2026-09.27,36.0,41.1,47.85,66.85,
02561,04040,71801,Renfe,AVE,2026-02-17 10:47:00,2026-02-17 12:41:00,0 days 01:54:00,02561_17-02-2026-09.27,48.05,56.05,63.9,82.9,
02561,04040,04104,Renfe,AVE,2026-02-17 10:47:00,2026-02-17 12:00:00,0 days 01:13:00,02561_17-02-2026-09.27,45.35,51.85,60.35,79.35,
03091,04104,71801,Renfe,AVE,2026-02-17 11:03:00,2026-02-17 11:41:00,0 days 00:38:00,03091_17-02-2026-08.57,26.25,31.5,41.9,60.9,
00533,04040,71801,Renfe,ALVIA,2026-02-17 11:09:00,2026-02-17 13:09:00,0 days 02:00:00,00533_17-02-2026-11.09,47.45,53.35,55.2,,
00533,04040,04104,Renfe,ALVIA,2026-02-17 11:09:00,2026-02-17 12:31:00,0 days 01:22:00,00533_17-02-2026-11.09,43.2,48.0,51.05,,
00533,04040,78400,Renfe,ALVIA,2026-02-17 11:09:00,2026-02-17 11:58:00,0 days 00:49:00,00533_17-02-2026-11.09,30.5,34.3,40.55,,
03113,60000,78400,Renfe,AVE,2026-02-17 11:27:00,2026-02-17 13:35:00,0 days 02:08:00,03113_17-02-2026-11.27,58.45,68.2,77.75,96.75,
03113,60000,71801,Renfe,AVE,2026-02-17 11:27:00,2026-02-17 14:46:00,0 days 03:19:00,03113_17-02-2026-11.27,59.3,71.15,78.85,97.85,
03113,60000,04104,Renfe,AVE,2026-02-17 11:27:00,2026-02-17 14:04:00,0 days 02:37:00,03113_17-02-2026-11.27,64.5,75.25,85.8,104.8,
03113,60000,04040,Renfe,AVE,2026-02-17 11:27:00,2026-02-17 12:51:00,0 days 01:24:00,03113_17-02-2026-11.27,46.8,54.6,62.25,81.25,
02561,78400,04104,Renfe,AVE,2026-02-17 11:34:00,2026-02-17 12:00:00,0 days 00:26:00,02561_17-02-2026-09.27,28.75,32.9,38.25,57.25,
02561,78400,71801,Renfe,AVE,2026-02-17 11:34:00,2026-02-17 12:41:00,0 days 01:07:00,02561_17-02-2026-09.27,40.8,46.65,54.3,73.3,
03303,04040,71801,Renfe,AVE,2026-02-17 11:48:00,2026-02-17 13:19:00,0 days 01:31:00,03303_17-02-2026-10.27,64.1,72.1,85.25,104.25,
00533,78400,04104,Renfe,ALVIA,2026-02-17 12:00:00,2026-02-17 12:31:00,0 days 00:31:00,00533_17-02-2026-11.09,27.45,30.5,32.45,,
34433,78400,04104,Renfe,AVANT,2026-02-17 12:00:00,2026-02-17 12:31:00,0 days 00:31:00,34433_17-02-2026-12.00,,,,,15.0
34433,78400,71801,Renfe,AVANT,2026-02-17 12:00:00,2026-02-17 13:09:00,0 days 01:09:00,34433_17-02-2026-12.00,,,,,31.5
00533,78400,71801,Renfe,ALVIA,2026-02-17 12:00:00,2026-02-17 13:09:00,0 days 01:09:00,00533_17-02-2026-11.09,38.9,43.2,45.95,,
02561,04104,71801,Renfe,AVE,2026-02-17 12:02:00,2026-02-17 12:41:00,0 days 00:39:00,02561_17-02-2026-09.27,31.15,35.6,41.45,60.45,
02591,60000,71801,Renfe,AVE,2026-02-17 12:27:00,2026-02-17 15:44:00,0 days 03:17:00,02591_17-02-2026-12.27,35.6,47.45,63.1,82.1,
02591,60000,04040,Renfe,AVE,2026-02-17 12:27:00,2026-02-17 13:45:00,0 days 01:18:00,02591_17-02-2026-12.27,31.2,39.0,51.85,70.85,
02591,60000,78400,Renfe,AVE,2026-02-17 12:27:00,2026-02-17 14:29:00,0 days 02:02:00,02591_17-02-2026-12.27,38.95,48.7,64.75,83.75,
34433,04104,71801,Renfe,AVANT,2026-02-17 12:33:00,2026-02-17 13:09:00,0 days 00:36:00,34433_17-02-2026-12.00,,,,,18.5
00533,04104,71801,Renfe,ALVIA,2026-02-17 12:33:00,2026-02-17 13:09:00,0 days 00:36:00,00533_17-02-2026-11.09,29.7,33.0,35.1,,
03993,04040,04104,Renfe,AVE,2026-02-17 12:37:00,2026-02-17 13:43:00,0 days 01:06:00,03993_17-02-2026-12.37,38.9,45.35,51.7,70.7,
03943,04040,04104,Renfe,AVE,2026-02-17 12:37:00,2026-02-17 13:43:00,0 days 01:06:00,03943_17-02-2026-12.37,45.35,51.85,60.35,79.35,
03943,04040,78400,Renfe,AVE,2026-02-17 12:37:00,2026-02-17 13:17:00,0 days 00:40:00,03943_17-02-2026-12.37,36.0,41.1,47.85,66.85,
03993,04040,78400,Renfe,AVE,2026-02-17 12:37:00,2026-02-17 13:17:00,0 days 00:40:00,03993_17-02-2026-12.37,30.85,36.0,41.0,60.0,
03993,04040,71801,Renfe,AVE,2026-02-17 12:37:00,2026-02-17 14:25:00,0 days 01:48:00,03993_17-02-2026-12.37,40.05,48.05,74.55,93.55,
03943,04040,71801,Renfe,AVE,2026-02-17 12:37:00,2026-02-17 14:25:00,0 days 01:48:00,03943_17-02-2026-12.37,48.05,56.05,63.9,82.9,
03113,04040,04104,Renfe,AVE,2026-02-17 12:52:00,2026-02-17 14:04:00,0 days 01:12:00,03113_17-02-2026-11.27,45.35,51.85,60.35,79.35,
03113,04040,71801,Renfe,AVE,2026-02-17 12:52:00,2026-02-17 14:46:00,0 days 01:54:00,03113_17-02-2026-11.27,48.05,56.05,63.9,82.9,
03113,04040,78400,Renfe,AVE,2026-02-17 12:52:00,2026-02-17 13:35:00,0 days 00:43:00,03113_17-02-2026-11.27,36.0,41.1,47.85,66.85,
09725,60000,04104,Renfe,AVE INT,2026-02-17 13:15:00,2026-02-17 15:37:00,0 days 02:22:00,09725_17-02-2026-13.15,53.75,64.5,85.8,104.8,
09725,60000,04040,Renfe,AVE INT,2026-02-17 13:15:00,2026-02-17 14:40:00,0 days 01:25:00,09725_17-02-2026-13.15,46.8,54.6,83.0,102.0,
09725,60000,71801,Renfe,AVE INT,2026-02-17 13:15:00,2026-02-17 16:19:00,0 days 03:04:00,09725_17-02-2026-13.15,59.3,71.15,94.65,113.65,
09725,60000,04007,Renfe,AVE INT,2026-02-17 13:15:00,2026-02-17 13:41:00,0 days 00:26:00,09725_17-02-2026-13.15,15.25,19.05,25.35,44.35,
03943,78400,04104,Renfe,AVE,2026-02-17 13:19:00,2026-02-17 13:43:00,0 days 00:24:00,03943_17-02-2026-12.37,28.75,32.9,38.25,57.25,
03993,78400,04104,Renfe,AVE,2026-02-17 13:19:00,2026-02-17 13:43:00,0 days 00:24:00,03993_17-02-2026-12.37,24.65,28.75,32.8,51.8,
03943,78400,71801,Renfe,AVE,2026-02-17 13:19:00,2026-02-17 14:25:00,0 days 01:06:00,03943_17-02-2026-12.37,40.8,46.65,54.3,73.3,
03993,78400,71801,Renfe,AVE,2026-02-17 13:19:00,2026-02-17 14:25:00,0 days 01:06:00,03993_17-02-2026-12.37,35.0,40.8,62.05,81.05,
34813,78400,04104,Renfe,AVANT,2026-02-17 13:37:00,2026-02-17 14:04:00,0 days 00:27:00,34813_17-02-2026-13.37,,,,,15.0
03113,78400,71801,Renfe,AVE,2026-02-17 13:37:00,2026-02-17 14:46:00,0 days 01:09:00,03113_17-02-2026-11.27,40.8,46.65,54.3,73.3,
34813,78400,71801,Renfe,AVANT,2026-02-17 13:37:00,2026-02-17 14:46:00,0 days 01:09:00,34813_17-02-2026-13.37,,,,,31.5
03113,78400,04104,Renfe,AVE,2026-02-17 13:37:00,2026-02-17 14:04:00,0 days 00:27:00,03113_17-02-2026-11.27,28.75,32.9,38.25,57.25,
09725,04007,04104,Renfe,AVE INT,2026-02-17 13:43:00,2026-02-17 15:37:00,0 days 01:54:00,09725_17-02-2026-13.15,49.8,59.75,79.5,98.5,
09725,04007,04040,Renfe,AVE INT,2026-02-17 13:43:00,2026-02-17 14:40:00,0 days 00:57:00,09725_17-02-2026-13.15,41.0,47.8,72.65,91.65,
09725,04007,71801,Renfe,AVE INT,2026-02-17 13:43:00,2026-02-17 16:19:00,0 days 02:36:00,09725_17-02-2026-13.15,55.8,66.95,89.05,108.05,
03943,04104,71801,Renfe,AVE,2026-02-17 13:45:00,2026-02-17 14:25:00,0 days 00:40:00,03943_17-02-2026-12.37,31.15,35.6,41.45,60.45,
03993,04104,71801,Renfe,AVE,2026-02-17 13:45:00,2026-02-17 14:25:00,0 days 00:40:00,03993_17-02-2026-12.37,26.7,31.15,47.35,66.35,
02591,04040,71801,Renfe,AVE,2026-02-17 13:46:00,2026-02-17 15:44:00,0 days 01:58:00,02591_17-02-2026-12.27,24.05,32.05,53.25,72.25,
02591,04040,78400,Renfe,AVE,2026-02-17 13:46:00,2026-02-17 14:29:00,0 days 00:43:00,02591_17-02-2026-12.27,20.55,25.7,41.0,60.0,
03141,60000,71801,Renfe,AVE,2026-02-17 13:57:00,2026-02-17 16:34:00,0 days 02:37:00,03141_17-02-2026-13.57,153.9,167.9,223.3,242.3,
34813,04104,71801,Renfe,AVANT,2026-02-17 14:06:00,2026-02-17 14:46:00,0 days 00:40:00,34813_17-02-2026-13.37,,,,,18.5
03113,04104,71801,Renfe,AVE,2026-02-17 14:06:00,2026-02-17 14:46:00,0 days 00:40:00,03113_17-02-2026-11.27,31.15,35.6,41.45,60.45,
03143,60000,04040,Renfe,AVE,2026-02-17 14:27:00,2026-02-17 15:51:00,0 days 01:24:00,03143_17-02-2026-14.27,62.4,70.2,72.6,91.6,
03143,60000,71801,Renfe,AVE,2026-02-17 14:27:00,2026-02-17 17:24:00,0 days 02:57:00,03143_17-02-2026-14.27,83.0,94.9,94.65,113.65,
34823,78400,71801,Renfe,AVANT,2026-02-17 14:31:00,2026-02-17 15:44:00,0 days 01:13:00,34823_17-02-2026-14.31,,,,,31.5
02591,78400,71801,Renfe,AVE,2026-02-17 14:31:00,2026-02-17 15:44:00,0 days 01:13:00,02591_17-02-2026-12.27,23.3,29.15,46.5,65.5,
09725,04040,04104,Renfe,AVE INT,2026-02-17 14:43:00,2026-02-17 15:37:00,0 days 00:54:00,09725_17-02-2026-13.15,25.9,32.4,43.1,62.1,
09725,04040,71801,Renfe,AVE INT,2026-02-17 14:43:00,2026-02-17 16:19:00,0 days 01:36:00,09725_17-02-2026-13.15,48.05,56.05,85.25,104.25,
00609,60000,04007,Renfe,ALVIA,2026-02-17 14:47:00,2026-02-17 15:15:00,0 days 00:28:00,00609_17-02-2026-14.47,26.45,28.35,30.15,,
03151,60000,71801,Renfe,AVE,2026-02-17 14:57:00,2026-02-17 17:34:00,0 days 02:37:00,03151_17-02-2026-14.57,41.95,55.95,74.45,93.45,
03305,60000,78400,Renfe,AVE,2026-02-17 15:27:00,2026-02-17 17:35:00,0 days 02:08:00,03305_17-02-2026-15.27,38.95,48.7,64.75,83.75,
03305,60000,71801,Renfe,AVE,2026-02-17 15:27:00,2026-02-17 18:46:00,0 days 03:19:00,03305_17-02-2026-15.27,47.45,59.3,78.85,97.85,
03305,60000,04040,Renfe,AVE,2026-02-17 15:27:00,2026-02-17 16:50:00,0 days 01:23:00,03305_17-02-2026-15.27,39.0,46.8,41.5,60.5,
03305,60000,04104,Renfe,AVE,2026-02-17 15:27:00,2026-02-17 18:03:00,0 days 02:36:00,03305_17-02-2026-15.27,43.0,53.75,71.5,90.5,
09725,04104,71801,Renfe,AVE INT,2026-02-17 15:39:00,2026-02-17 16:19:00,0 days 00:40:00,09725_17-02-2026-13.15,17.8,22.25,29.6,48.6,
03143,04040,71801,Renfe,AVE,2026-02-17 15:52:00,2026-02-17 17:24:00,0 days 01:32:00,03143_17-02-2026-14.27,48.05,56.05,74.55,93.55,
03161,60000,71801,Renfe,AVE,2026-02-17 15:57:00,2026-02-17 18:34:00,0 days 02:37:00,03161_17-02-2026-15.57,41.95,55.95,167.45,186.45,
03163,60000,04040,Renfe,AVE,2026-02-17 16:27:00,2026-02-17 17:45:00,0 days 01:18:00,03163_17-02-2026-16.27,78.0,85.8,93.35,112.35,
03163,60000,71801,Renfe,AVE,2026-02-17 16:27:00,2026-02-17 19:19:00,0 days 02:52:00,03163_17-02-2026-16.27,106.75,118.6,126.2,145.2,
03305,04040,78400,Renfe,AVE,2026-02-17 16:51:00,2026-02-17 17:35:00,0 days 00:44:00,03305_17-02-2026-15.27,25.7,30.85,34.2,53.2,
03305,04040,71801,Renfe,AVE,2026-02-17 16:51:00,2026-02-17 18:46:00,0 days 01:55:00,03305_17-02-2026-15.27,40.05,48.05,53.25,72.25,
03305,04040,04104,Renfe,AVE,2026-02-17 16:51:00,2026-02-17 18:03:00,0 days 01:12:00,03305_17-02-2026-15.27,32.4,38.9,43.1,62.1,
03171,60000,71801,Renfe,AVE,2026-02-17 16:57:00,2026-02-17 19:34:00,0 days 02:37:00,03171_17-02-2026-16.57,125.9,139.9,148.85,167.85,
03173,60000,04007,Renfe,AVE,2026-02-17 17:27:00,2026-02-17 17:53:00,0 days 00:26:00,03173_17-02-2026-17.27,45.7,49.55,60.8,79.8,
03173,60000,78400,Renfe,AVE,2026-02-17 17:27:00,2026-02-17 19:35:00,0 days 02:08:00,03173_17-02-2026-17.27,87.65,97.4,103.65,122.65,
03173,60000,04104,Renfe,AVE,2026-02-17 17:27:00,2026-02-17 20:04:00,0 days 02:37:00,03173_17-02-2026-17.27,96.75,107.5,114.4,133.4,
03173,60000,71801,Renfe,AVE,2026-02-17 17:27:00,2026-02-17 20:46:00,0 days 03:19:00,03173_17-02-2026-17.27,94.9,106.75,110.4,129.4,
03173,60000,04040,Renfe,AVE,2026-02-17 17:27:00,2026-02-17 18:51:00,0 days 01:24:00,03173_17-02-2026-17.27,70.2,78.0,83.0,102.0,
03305,78400,04104,Renfe,AVE,2026-02-17 17:37:00,2026-02-17 18:03:00,0 days 00:26:00,03305_17-02-2026-15.27,24.65,28.75,32.8,51.8,
03305,78400,71801,Renfe,AVE,2026-02-17 17:37:00,2026-02-17 18:46:00,0 days 01:09:00,03305_17-02-2026-15.27,35.0,40.8,46.5,65.5,
03163,04040,71801,Renfe,AVE,2026-02-17 17:46:00,2026-02-17 19:19:00,0 days 01:33:00,03163_17-02-2026-16.27,72.1,80.1,85.25,104.25,
03173,04007,71801,Renfe,AVE,2026-02-17 17:54:00,2026-02-17 20:46:00,0 days 02:52:00,03173_17-02-2026-17.27,89.3,100.45,103.9,122.9,
03173,04007,04104,Renfe,AVE,2026-02-17 17:54:00,2026-02-17 20:04:00,0 days 02:10:00,03173_17-02-2026-17.27,89.65,99.6,105.95,124.95,
03173,04007,04040,Renfe,AVE,2026-02-17 17:54:00,2026-02-17 18:51:00,0 days 00:57:00,03173_17-02-2026-17.27,61.45,68.3,72.65,91.65,
03173,04007,78400,Renfe,AVE,2026-02-17 17:54:00,2026-02-17 19:35:00,0 days 01:41:00,03173_17-02-2026-17.27,80.0,88.9,94.6,113.6,
02553,60000,71801,Renfe,AVE,2026-02-17 17:57:00,2026-02-17 20:34:00,0 days 02:37:00,02553_17-02-2026-17.57,130.45,142.3,157.75,176.75,
03305,04104,71801,Renfe,AVE,2026-02-17 18:05:00,2026-02-17 18:46:00,0 days 00:41:00,03305_17-02-2026-15.27,26.7,31.15,35.5,54.5,
03183,60000,04040,Renfe,AVE,2026-02-17 18:27:00,2026-02-17 19:45:00,0 days 01:18:00,03183_17-02-2026-18.27,70.2,78.0,83.0,102.0,
03183,60000,71801,Renfe,AVE,2026-02-17 18:27:00,2026-02-17 21:24:00,0 days 02:57:00,03183_17-02-2026-18.27,94.9,106.75,110.4,129.4,
03183,60000,04104,Renfe,AVE,2026-02-17 18:27:00,2026-02-17 20:44:00,0 days 02:17:00,03183_17-02-2026-18.27,86.0,96.75,100.1,119.1,
03173,04040,71801,Renfe,AVE,2026-02-17 18:52:00,2026-02-17 20:46:00,0 days 01:54:00,03173_17-02-2026-17.27,72.1,80.1,85.25,104.25,
03173,04040,78400,Renfe,AVE,2026-02-17 18:52:00,2026-02-17 19:35:00,0 days 00:43:00,03173_17-02-2026-17.27,51.4,56.55,61.55,80.55,
03173,04040,04104,Renfe,AVE,2026-02-17 18:52:00,2026-02-17 20:04:00,0 days 01:12:00,03173_17-02-2026-17.27,64.8,71.3,77.55,96.55,
03191,60000,71801,Renfe,AVE,2026-02-17 18:57:00,2026-02-17 21:34:00,0 days 02:37:00,03191_17-02-2026-18.57,56.0,70.0,74.5,93.5,
02861,60000,04040,Renfe,AVE,2026-02-17 19:00:00,2026-02-17 20:42:00,0 days 01:42:00,02861_17-02-2026-19.00,23.4,31.2,51.85,70.85,
02861,60000,04007,Renfe,AVE,2026-02-17 19:00:00,2026-02-17 19:28:00,0 days 00:28:00,02861_17-02-2026-19.00,45.7,49.55,60.8,79.8,
02861,04007,04040,Renfe,AVE,2026-02-17 19:29:00,2026-02-17 20:42:00,0 days 01:13:00,02861_17-02-2026-19.00,20.5,27.3,45.4,64.4,
03309,60000,78400,Renfe,AVE,2026-02-17 19:34:00,2026-02-17 21:46:00,0 days 02:12:00,03309_17-02-2026-19.34,38.95,48.7,64.75,83.75,
03309,60000,04104,Renfe,AVE,2026-02-17 19:34:00,2026-02-17 22:15:00,0 days 02:41:00,03309_17-02-2026-19.34,43.0,53.75,71.5,90.5,
03309,60000,71801,Renfe,AVE,2026-02-17 19:34:00,2026-02-17 22:55:00,0 days 03:21:00,03309_17-02-2026-19.34,47.45,59.3,78.85,97.85,
03309,60000,04040,Renfe,AVE,2026-02-17 19:34:00,2026-02-17 21:02:00,0 days 01:28:00,03309_17-02-2026-19.34,39.0,46.8,41.5,60.5,
03309,60000,04007,Renfe,AVE,2026-02-17 19:34:00,2026-02-17 20:00:00,0 days 00:26:00,03309_17-02-2026-19.34,41.9,45.7,50.65,69.65,
03173,78400,04104,Renfe,AVE,2026-02-17 19:37:00,2026-02-17 20:04:00,0 days 00:27:00,03173_17-02-2026-17.27,41.1,45.2,49.2,68.2,
03173,78400,71801,Renfe,AVE,2026-02-17 19:37:00,2026-02-17 20:46:00,0 days 01:09:00,03173_17-02-2026-17.27,58.3,64.15,69.8,88.8,
03183,04040,04104,Renfe,AVE,2026-02-17 19:46:00,2026-02-17 20:44:00,0 days 00:58:00,03183_17-02-2026-18.27,51.85,58.3,60.35,79.35,
03183,04040,71801,Renfe,AVE,2026-02-17 19:46:00,2026-02-17 21:24:00,0 days 01:38:00,03183_17-02-2026-18.27,64.1,72.1,74.55,93.55,
00437,04040,04104,Renfe,ALVIA,2026-02-17 19:52:00,2026-02-17 21:30:00,0 days 01:38:00,00437_17-02-2026-19.52,33.6,38.4,44.7,,
00437,04040,78400,Renfe,ALVIA,2026-02-17 19:52:00,2026-02-17 20:56:00,0 days 01:04:00,00437_17-02-2026-19.52,26.65,30.5,35.45,,
00437,04040,71801,Renfe,ALVIA,2026-02-17 19:52:00,2026-02-17 22:13:00,0 days 02:21:00,00437_17-02-2026-19.52,35.6,41.5,47.3,,
03309,04007,04040,Renfe,AVE,2026-02-17 20:01:00,2026-02-17 21:02:00,0 days 01:01:00,03309_17-02-2026-19.34,34.15,41.0,45.4,64.4,
03931,04040,78400,Renfe,AVE,2026-02-17 20:01:00,2026-02-17 20:48:00,0 days 00:47:00,03931_17-02-2026-20.01,41.1,46.25,47.85,66.85,
03931,04040,71801,Renfe,AVE,2026-02-17 20:01:00,2026-02-17 21:58:00,0 days 01:57:00,03931_17-02-2026-20.01,56.05,64.1,63.9,82.9,
03931,04040,04104,Renfe,AVE,2026-02-17 20:01:00,2026-02-17 21:16:00,0 days 01:15:00,03931_17-02-2026-20.01,51.85,58.3,60.35,79.35,
03309,04007,78400,Renfe,AVE,2026-02-17 20:01:00,2026-02-17 21:46:00,0 days 01:45:00,03309_17-02-2026-19.34,35.55,44.45,59.1,78.1,
03309,04007,71801,Renfe,AVE,2026-02-17 20:01:00,2026-02-17 22:55:00,0 days 02:54:00,03309_17-02-2026-19.34,44.65,55.8,74.2,93.2,
03309,04007,04104,Renfe,AVE,2026-02-17 20:01:00,2026-02-17 22:15:00,0 days 02:14:00,03309_17-02-2026-19.34,39.85,49.8,66.25,85.25,
03173,04104,71801,Renfe,AVE,2026-02-17 20:06:00,2026-02-17 20:46:00,0 days 00:40:00,03173_17-02-2026-17.27,44.5,48.95,53.25,72.25,
03203,60000,78400,Renfe,AVE,2026-02-17 20:27:00,2026-02-17 22:40:00,0 days 02:13:00,03203_17-02-2026-20.27,38.95,48.7,64.75,83.75,
03203,60000,04007,Renfe,AVE,2026-02-17 20:27:00,2026-02-17 20:52:00,0 days 00:25:00,03203_17-02-2026-20.27,45.7,49.55,60.8,79.8,
03203,60000,71801,Renfe,AVE,2026-02-17 20:27:00,2026-02-17 23:48:00,0 days 03:21:00,03203_17-02-2026-20.27,35.6,47.45,63.1,82.1,
03203,60000,04104,Renfe,AVE,2026-02-17 20:27:00,2026-02-17 23:07:00,0 days 02:40:00,03203_17-02-2026-20.27,43.0,53.75,71.5,90.5,
03203,60000,04040,Renfe,AVE,2026-02-17 20:27:00,2026-02-17 21:57:00,0 days 01:30:00,03203_17-02-2026-20.27,31.2,39.0,51.85,70.85,
03941,04040,04104,Renfe,AVE,2026-02-17 20:38:00,2026-02-17 21:51:00,0 days 01:13:00,03941_17-02-2026-20.38,58.3,64.8,77.55,96.55,
03941,04040,78400,Renfe,AVE,2026-02-17 20:38:00,2026-02-17 21:20:00,0 days 00:42:00,03941_17-02-2026-20.38,46.25,51.4,61.55,80.55,
03991,04040,78400,Renfe,AVE,2026-02-17 20:38:00,2026-02-17 21:20:00,0 days 00:42:00,03991_17-02-2026-20.38,30.85,36.0,41.0,60.0,
03941,04040,71801,Renfe,AVE,2026-02-17 20:38:00,2026-02-17 22:35:00,0 days 01:57:00,03941_17-02-2026-20.38,64.1,72.1,85.25,104.25,
03991,04040,71801,Renfe,AVE,2026-02-17 20:38:00,2026-02-17 22:35:00,0 days 01:57:00,03991_17-02-2026-20.38,40.05,48.05,53.25,72.25,
03991,04040,04104,Renfe,AVE,2026-02-17 20:38:00,2026-02-17 21:51:00,0 days 01:13:00,03991_17-02-2026-20.38,38.9,45.35,51.7,70.7,
03183,04104,71801,Renfe,AVE,2026-02-17 20:46:00,2026-02-17 21:24:00,0 days 00:38:00,03183_17-02-2026-18.27,35.6,40.05,41.45,60.45,
03931,78400,71801,Renfe,AVE,2026-02-17 20:50:00,2026-02-17 21:58:00,0 days 01:08:00,03931_17-02-2026-20.01,40.8,46.65,54.3,73.3,
03931,78400,04104,Renfe,AVE,2026-02-17 20:50:00,2026-02-17 21:16:00,0 days 00:26:00,03931_17-02-2026-20.01,28.75,32.9,38.25,57.25,
03203,04007,04104,Renfe,AVE,2026-02-17 20:53:00,2026-02-17 23:07:00,0 days 02:14:00,03203_17-02-2026-20.27,39.85,49.8,66.25,85.25,
03203,04007,71801,Renfe,AVE,2026-02-17 20:53:00,2026-02-17 23:48:00,0 days 02:55:00,03203_17-02-2026-20.27,33.5,44.65,59.35,78.35,
03203,04007,78400,Renfe,AVE,2026-02-17 20:53:00,2026-02-17 22:40:00,0 days 01:47:00,03203_17-02-2026-20.27,35.55,44.45,59.1,78.1,
03203,04007,04040,Renfe,AVE,2026-02-17 20:53:00,2026-02-17 21:57:00,0 days 01:04:00,03203_17-02-2026-20.27,27.3,34.15,45.4,64.4,
00437,78400,71801,Renfe,ALVIA,2026-02-17 20:58:00,2026-02-17 22:13:00,0 days 01:15:00,00437_17-02-2026-19.52,30.25,34.55,40.2,,
00437,78400,04104,Renfe,ALVIA,2026-02-17 20:58:00,2026-02-17 21:30:00,0 days 00:32:00,00437_17-02-2026-19.52,21.35,24.4,28.4,,
03309,04040,71801,Renfe,AVE,2026-02-17 21:03:00,2026-02-17 22:55:00,0 days 01:52:00,03309_17-02-2026-19.34,40.05,48.05,53.25,72.25,
03309,04040,78400,Renfe,AVE,2026-02-17 21:03:00,2026-02-17 21:46:00,0 days 00:43:00,03309_17-02-2026-19.34,25.7,30.85,34.2,53.2,
03309,04040,04104,Renfe,AVE,2026-02-17 21:03:00,2026-02-17 22:15:00,0 days 01:12:00,03309_17-02-2026-19.34,32.4,38.9,43.1,62.1,
03931,04104,71801,Renfe,AVE,2026-02-17 21:18:00,2026-02-17 21:58:00,0 days 00:40:00,03931_17-02-2026-20.01,31.15,35.6,41.45,60.45,
03941,78400,71801,Renfe,AVE,2026-02-17 21:22:00,2026-02-17 22:35:00,0 days 01:13:00,03941_17-02-2026-20.38,52.45,58.3,69.8,88.8,
03991,78400,04104,Renfe,AVE,2026-02-17 21:22:00,2026-02-17 21:51:00,0 days 00:29:00,03991_17-02-2026-20.38,24.65,28.75,32.8,51.8,
03941,78400,04104,Renfe,AVE,2026-02-17 21:22:00,2026-02-17 21:51:00,0 days 00:29:00,03941_17-02-2026-20.38,37.0,41.1,49.2,68.2,
03991,78400,71801,Renfe,AVE,2026-02-17 21:22:00,2026-02-17 22:35:00,0 days 01:13:00,03991_17-02-2026-20.38,35.0,40.8,46.5,65.5,
00437,04104,71801,Renfe,ALVIA,2026-02-17 21:32:00,2026-02-17 22:13:00,0 days 00:41:00,00437_17-02-2026-19.52,23.1,26.4,30.7,,
03309,78400,04104,Renfe,AVE,2026-02-17 21:48:00,2026-02-17 22:15:00,0 days 00:27:00,03309_17-02-2026-19.34,24.65,28.75,32.8,51.8,
03309,78400,71801,Renfe,AVE,2026-02-17 21:48:00,2026-02-17 22:55:00,0 days 01:07:00,03309_17-02-2026-19.34,35.0,40.8,46.5,65.5,
03991,04104,71801,Renfe,AVE,2026-02-17 21:53:00,2026-02-17 22:35:00,0 days 00:42:00,03991_17-02-2026-20.38,26.7,31.15,35.5,54.5,
03941,04104,71801,Renfe,AVE,2026-02-17 21:53:00,2026-02-17 22:35:00,0 days 00:42:00,03941_17-02-2026-20.38,35.6,40.05,47.35,66.35,
03203,04040,71801,Renfe,AVE,2026-02-17 21:58:00,2026-02-17 23:48:00,0 days 01:50:00,03203_17-02-2026-20.27,32.05,40.05,53.25,72.25,
03203,04040,78400,Renfe,AVE,2026-02-17 21:58:00,2026-02-17 22:40:00,0 days 00:42:00,03203_17-02-2026-20.27,25.7,30.85,41.0,60.0,
03203,04040,04104,Renfe,AVE,2026-02-17 21:58:00,2026-02-17 23:07:00,0 days 01:09:00,03203_17-02-2026-20.27,32.4,38.9,51.7,70.7,
03309,04104,71801,Renfe,AVE,2026-02-17 22:17:00,2026-02-17 22:55:00,0 days 00:38:00,03309_17-02-2026-19.34,26.7,31.15,35.5,54.5,
03203,78400,71801,Renfe,AVE,2026-02-17 22:42:00,2026-02-17 23:48:00,0 days 01:06:00,03203_17-02-2026-20.27,29.15,35.0,46.5,65.5,
03203,78400,04104,Renfe,AVE,2026-02-17 22:42:00,2026-02-17 23:07:00,0 days 00:25:00,03203_17-02-2026-20.27,20.55,24.65,32.8,51.8,
03203,04104,71801,Renfe,AVE,2026-02-17 23:09:00,2026-02-17 23:48:00,0 days 00:39:00,03203_17-02-2026-20.27,22.25,26.7,35.5,54.5,
03301,60000,04104,Renfe,AVE,2026-02-18 06:16:00,2026-02-18 08:21:00,0 days 02:05:00,03301_18-02-2026-06.16,43.0,53.75,71.5,90.5,
03301,60000,71801,Renfe,AVE,2026-02-18 06:16:00,2026-02-18 09:05:00,0 days 02:49:00,03301_18-02-2026-06.16,47.45,59.3,78.85,97.85,
03063,60000,71801,Renfe,AVE,2026-02-18 06:27:00,2026-02-18 09:25:00,0 days 02:58:00,03063_18-02-2026-06.27,35.6,47.45,63.1,82.1,
03063,60000,04040,Renfe,AVE,2026-02-18 06:27:00,2026-02-18 07:52:00,0 days 01:25:00,03063_18-02-2026-06.27,31.2,39.0,51.85,70.85,
03071,60000,71801,Renfe,AVE,2026-02-18 06:57:00,2026-02-18 09:34:00,0 days 02:37:00,03071_18-02-2026-06.57,83.95,97.95,223.3,242.3,
03073,60000,71801,Renfe,AVE,2026-02-18 07:27:00,2026-02-18 10:46:00,0 days 03:19:00,03073_18-02-2026-07.27,83.0,94.9,94.65,113.65,
03073,60000,04040,Renfe,AVE,2026-02-18 07:27:00,2026-02-18 08:51:00,0 days 01:24:00,03073_18-02-2026-07.27,62.4,70.2,72.6,91.6,
03073,60000,04104,Renfe,AVE,2026-02-18 07:27:00,2026-02-18 10:04:00,0 days 02:37:00,03073_18-02-2026-07.27,86.0,96.75,100.1,119.1,
03073,60000,04007,Renfe,AVE,2026-02-18 07:27:00,2026-02-18 07:52:00,0 days 00:25:00,03073_18-02-2026-07.27,45.7,49.55,60.8,79.8,
03073,60000,78400,Renfe,AVE,2026-02-18 07:27:00,2026-02-18 09:35:00,0 days 02:08:00,03073_18-02-2026-07.27,77.9,87.65,90.7,109.7,
03063,04040,71801,Renfe,AVE,2026-02-18 07:53:00,2026-02-18 09:25:00,0 days 01:32:00,03063_18-02-2026-06.27,32.05,40.05,53.25,72.25,
03073,04007,04104,Renfe,AVE,2026-02-18 07:53:00,2026-02-18 10:04:00,0 days 02:11:00,03073_18-02-2026-07.27,79.7,89.65,92.75,111.75,
03073,04007,71801,Renfe,AVE,2026-02-18 07:53:00,2026-02-18 10:46:00,0 days 02:53:00,03073_18-02-2026-07.27,78.1,89.3,89.05,108.05,
03073,04007,04040,Renfe,AVE,2026-02-18 07:53:00,2026-02-18 08:51:00,0 days 00:58:00,03073_18-02-2026-07.27,54.65,61.45,63.6,82.6,
03073,04007,78400,Renfe,AVE,2026-02-18 07:53:00,2026-02-18 09:35:00,0 days 01:42:00,03073_18-02-2026-07.27,71.1,80.0,82.75,101.75,
03081,60000,71801,Renfe,AVE,2026-02-18 07:57:00,2026-02-18 10:34:00,0 days 02:37:00,03081_18-02-2026-07.57,111.9,125.9,130.25,149.25,
03301,04104,71801,Renfe,AVE,2026-02-18 08:23:00,2026-02-18 09:05:00,0 days 00:42:00,03301_18-02-2026-06.16,17.8,22.25,29.6,48.6,
03083,60000,71801,Renfe,AVE,2026-02-18 08:27:00,2026-02-18 11:19:00,0 days 02:52:00,03083_18-02-2026-08.27,47.45,59.3,94.65,113.65,
03083,60000,04040,Renfe,AVE,2026-02-18 08:27:00,2026-02-18 09:45:00,0 days 01:18:00,03083_18-02-2026-08.27,39.0,46.8,72.6,91.6,
03073,04040,78400,Renfe,AVE,2026-02-18 08:52:00,2026-02-18 09:35:00,0 days 00:43:00,03073_18-02-2026-07.27,46.25,51.4,54.7,73.7,
03073,04040,71801,Renfe,AVE,2026-02-18 08:52:00,2026-02-18 10:46:00,0 days 01:54:00,03073_18-02-2026-07.27,64.1,72.1,74.55,93.55,
03073,04040,04104,Renfe,AVE,2026-02-18 08:52:00,2026-02-18 10:04:00,0 days 01:12:00,03073_18-02-2026-07.27,58.3,64.8,68.95,87.95,
03091,60000,71801,Renfe,AVE,2026-02-18 08:57:00,2026-02-18 11:41:00,0 days 02:44:00,03091_18-02-2026-08.57,125.9,139.9,148.85,167.85,
03091,60000,04104,Renfe,AVE,2026-02-18 08:57:00,2026-02-18 11:01:00,0 days 02:04:00,03091_18-02-2026-08.57,107.5,118.25,128.7,147.7,
02561,60000,71801,Renfe,AVE,2026-02-18 09:27:00,2026-02-18 12:41:00,0 days 03:14:00,02561_18-02-2026-09.27,71.15,83.0,94.65,113.65,
02561,60000,78400,Renfe,AVE,2026-02-18 09:27:00,2026-02-18 11:32:00,0 days 02:05:00,02561_18-02-2026-09.27,68.2,77.9,90.7,109.7,
02561,60000,04104,Renfe,AVE,2026-02-18 09:27:00,2026-02-18 12:00:00,0 days 02:33:00,02561_18-02-2026-09.27,75.25,86.0,100.1,119.1,
02561,60000,04040,Renfe,AVE,2026-02-18 09:27:00,2026-02-18 10:46:00,0 days 01:19:00,02561_18-02-2026-09.27,54.6,62.4,72.6,91.6,
03073,78400,71801,Renfe,AVE,2026-02-18 09:37:00,2026-02-18 10:46:00,0 days 01:09:00,03073_18-02-2026-07.27,52.45,58.3,62.05,81.05,
03073,78400,04104,Renfe,AVE,2026-02-18 09:37:00,2026-02-18 10:04:00,0 days 00:27:00,03073_18-02-2026-07.27,37.0,41.1,43.75,62.75,
03083,04040,71801,Renfe,AVE,2026-02-18 09:46:00,2026-02-18 11:19:00,0 days 01:33:00,03083_18-02-2026-08.27,32.05,40.05,53.25,72.25,
03073,04104,71801,Renfe,AVE,2026-02-18 10:06:00,2026-02-18 10:46:00,0 days 00:40:00,03073_18-02-2026-07.27,40.05,44.5,47.35,66.35,
03303,60000,04040,Renfe,AVE,2026-02-18 10:27:00,2026-02-18 11:47:00,0 days 01:20:00,03303_18-02-2026-10.27,62.4,70.2,62.25,81.25,
03303,60000,71801,Renfe,AVE,2026-02-18 10:27:00,2026-02-18 13:19:00,0 days 02:52:00,03303_18-02-2026-10.27,71.15,83.0,94.65,113.65,
00605,60000,04007,Renfe,ALVIA,2026-02-18 10:32:00,2026-02-18 10:59:00,0 days 00:27:00,00605_18-02-2026-10.32,15.1,17.0,17.6,,
02561,04040,04104,Renfe,AVE,2026-02-18 10:47:00,2026-02-18 12:00:00,0 days 01:13:00,02561_18-02-2026-09.27,51.85,58.3,68.95,87.95,
02561,04040,78400,Renfe,AVE,2026-02-18 10:47:00,2026-02-18 11:32:00,0 days 00:45:00,02561_18-02-2026-09.27,41.1,46.25,54.7,73.7,
02561,04040,71801,Renfe,AVE,2026-02-18 10:47:00,2026-02-18 12:41:00,0 days 01:54:00,02561_18-02-2026-09.27,56.05,64.1,74.55,93.55,
03091,04104,71801,Renfe,AVE,2026-02-18 11:03:00,2026-02-18 11:41:00,0 days 00:38:00,03091_18-02-2026-08.57,57.75,63.0,69.85,88.85,
00533,04040,71801,Renfe,ALVIA,2026-02-18 11:09:00,2026-02-18 13:09:00,0 days 02:00:00,00533_18-02-2026-11.09,35.6,41.5,47.3,,
00533,04040,04104,Renfe,ALVIA,2026-02-18 11:09:00,2026-02-18 12:31:00,0 days 01:22:00,00533_18-02-2026-11.09,33.6,38.4,44.7,,
00533,04040,78400,Renfe,ALVIA,2026-02-18 11:09:00,2026-02-18 11:58:00,0 days 00:49:00,00533_18-02-2026-11.09,26.65,30.5,35.45,,
03113,60000,04104,Renfe,AVE,2026-02-18 11:27:00,2026-02-18 14:04:00,0 days 02:37:00,03113_18-02-2026-11.27,64.5,75.25,85.8,104.8,
03113,60000,04040,Renfe,AVE,2026-02-18 11:27:00,2026-02-18 12:51:00,0 days 01:24:00,03113_18-02-2026-11.27,46.8,54.6,62.25,81.25,
03113,60000,78400,Renfe,AVE,2026-02-18 11:27:00,2026-02-18 13:35:00,0 days 02:08:00,03113_18-02-2026-11.27,58.45,68.2,77.75,96.75,
03113,60000,71801,Renfe,AVE,2026-02-18 11:27:00,2026-02-18 14:46:00,0 days 03:19:00,03113_18-02-2026-11.27,59.3,71.15,78.85,97.85,
02561,78400,04104,Renfe,AVE,2026-02-18 11:34:00,2026-02-18 12:00:00,0 days 00:26:00,02561_18-02-2026-09.27,32.9,37.0,43.75,62.75,
02561,78400,71801,Renfe,AVE,2026-02-18 11:34:00,2026-02-18 12:41:00,0 days 01:07:00,02561_18-02-2026-09.27,46.65,52.45,62.05,81.05,
03303,04040,71801,Renfe,AVE,2026-02-18 11:48:00,2026-02-18 13:19:00,0 days 01:31:00,03303_18-02-2026-10.27,64.1,72.1,85.25,104.25,
00533,78400,04104,Renfe,ALVIA,2026-02-18 12:00:00,2026-02-18 12:31:00,0 days 00:31:00,00533_18-02-2026-11.09,21.35,24.4,28.4,,
00533,78400,71801,Renfe,ALVIA,2026-02-18 12:00:00,2026-02-18 13:09:00,0 days 01:09:00,00533_18-02-2026-11.09,30.25,34.55,40.2,,
34433,78400,71801,Renfe,AVANT,2026-02-18 12:00:00,2026-02-18 13:09:00,0 days 01:09:00,34433_18-02-2026-12.00,,,,,31.5
34433,78400,04104,Renfe,AVANT,2026-02-18 12:00:00,2026-02-18 12:31:00,0 days 00:31:00,34433_18-02-2026-12.00,,,,,15.0
02561,04104,71801,Renfe,AVE,2026-02-18 12:02:00,2026-02-18 12:41:00,0 days 00:39:00,02561_18-02-2026-09.27,35.6,40.05,47.35,66.35,
02591,60000,04040,Renfe,AVE,2026-02-18 12:27:00,2026-02-18 13:45:00,0 days 01:18:00,02591_18-02-2026-12.27,31.2,39.0,51.85,70.85,
02591,60000,71801,Renfe,AVE,2026-02-18 12:27:00,2026-02-18 15:44:00,0 days 03:17:00,02591_18-02-2026-12.27,35.6,47.45,63.1,82.1,
02591,60000,78400,Renfe,AVE,2026-02-18 12:27:00,2026-02-18 14:29:00,0 days 02:02:00,02591_18-02-2026-12.27,38.95,48.7,64.75,83.75,
00533,04104,71801,Renfe,ALVIA,2026-02-18 12:33:00,2026-02-18 13:09:00,0 days 00:36:00,00533_18-02-2026-11.09,23.1,26.4,30.7,,
34433,04104,71801,Renfe,AVANT,2026-02-18 12:33:00,2026-02-18 13:09:00,0 days 00:36:00,34433_18-02-2026-12.00,,,,,18.5
03993,04040,71801,Renfe,AVE,2026-02-18 12:37:00,2026-02-18 14:25:00,0 days 01:48:00,03993_18-02-2026-12.37,56.05,64.1,74.55,93.55,
03943,04040,04104,Renfe,AVE,2026-02-18 12:37:00,2026-02-18 13:43:00,0 days 01:06:00,03943_18-02-2026-12.37,58.3,64.8,77.55,96.55,
03993,04040,04104,Renfe,AVE,2026-02-18 12:37:00,2026-02-18 13:43:00,0 days 01:06:00,03993_18-02-2026-12.37,51.85,58.3,68.95,87.95,
03943,04040,71801,Renfe,AVE,2026-02-18 12:37:00,2026-02-18 14:25:00,0 days 01:48:00,03943_18-02-2026-12.37,64.1,72.1,85.25,104.25,
03943,04040,78400,Renfe,AVE,2026-02-18 12:37:00,2026-02-18 13:17:00,0 days 00:40:00,03943_18-02-2026-12.37,46.25,51.4,61.55,80.55,
03993,04040,78400,Renfe,AVE,2026-02-18 12:37:00,2026-02-18 13:17:00,0 days 00:40:00,03993_18-02-2026-12.37,41.1,46.25,54.7,73.7,
03113,04040,71801,Renfe,AVE,2026-02-18 12:52:00,2026-02-18 14:46:00,0 days 01:54:00,03113_18-02-2026-11.27,48.05,56.05,63.9,82.9,
03113,04040,78400,Renfe,AVE,2026-02-18 12:52:00,2026-02-18 13:35:00,0 days 00:43:00,03113_18-02-2026-11.27,36.0,41.1,47.85,66.85,
03113,04040,04104,Renfe,AVE,2026-02-18 12:52:00,2026-02-18 14:04:00,0 days 01:12:00,03113_18-02-2026-11.27,45.35,51.85,60.35,79.35,
09725,60000,04040,Renfe,AVE INT,2026-02-18 13:15:00,2026-02-18 14:40:00,0 days 01:25:00,09725_18-02-2026-13.15,46.8,54.6,83.0,102.0,
09725,60000,71801,Renfe,AVE INT,2026-02-18 13:15:00,2026-02-18 16:19:00,0 days 03:04:00,09725_18-02-2026-13.15,59.3,71.15,94.65,113.65,
09725,60000,04104,Renfe,AVE INT,2026-02-18 13:15:00,2026-02-18 15:37:00,0 days 02:22:00,09725_18-02-2026-13.15,53.75,64.5,85.8,104.8,
03943,78400,71801,Renfe,AVE,2026-02-18 13:19:00,2026-02-18 14:25:00,0 days 01:06:00,03943_18-02-2026-12.37,52.45,58.3,69.8,88.8,
03943,78400,04104,Renfe,AVE,2026-02-18 13:19:00,2026-02-18 13:43:00,0 days 00:24:00,03943_18-02-2026-12.37,37.0,41.1,49.2,68.2,
03993,78400,71801,Renfe,AVE,2026-02-18 13:19:00,2026-02-18 14:25:00,0 days 01:06:00,03993_18-02-2026-12.37,46.65,52.45,62.05,81.05,
03993,78400,04104,Renfe,AVE,2026-02-18 13:19:00,2026-02-18 13:43:00,0 days 00:24:00,03993_18-02-2026-12.37,32.9,37.0,43.75,62.75,
34813,78400,04104,Renfe,AVANT,2026-02-18 13:37:00,2026-02-18 14:04:00,0 days 00:27:00,34813_18-02-2026-13.37,,,,,15.0
03113,78400,04104,Renfe,AVE,2026-02-18 13:37:00,2026-02-18 14:04:00,0 days 00:27:00,03113_18-02-2026-11.27,28.75,32.9,38.25,57.25,
03113,78400,71801,Renfe,AVE,2026-02-18 13:37:00,2026-02-18 14:46:00,0 days 01:09:00,03113_18-02-2026-11.27,40.8,46.65,54.3,73.3,
34813,78400,71801,Renfe,AVANT,2026-02-18 13:37:00,2026-02-18 14:46:00,0 days 01:09:00,34813_18-02-2026-13.37,,,,,31.5
09725,04007,71801,Renfe,AVE INT,2026-02-18 13:43:00,2026-02-18 16:19:00,0 days 02:36:00,09725_18-02-2026-13.15,55.8,66.95,89.05,108.05,
09725,04007,04040,Renfe,AVE INT,2026-02-18 13:43:00,2026-02-18 14:40:00,0 days 00:57:00,09725_18-02-2026-13.15,41.0,47.8,72.65,91.65,
09725,04007,04104,Renfe,AVE INT,2026-02-18 13:43:00,2026-02-18 15:37:00,0 days 01:54:00,09725_18-02-2026-13.15,49.8,59.75,79.5,98.5,
03993,04104,71801,Renfe,AVE,2026-02-18 13:45:00,2026-02-18 14:25:00,0 days 00:40:00,03993_18-02-2026-12.37,35.6,40.05,47.35,66.35,
03943,04104,71801,Renfe,AVE,2026-02-18 13:45:00,2026-02-18 14:25:00,0 days 00:40:00,03943_18-02-2026-12.37,40.05,44.5,53.25,72.25,
02591,04040,78400,Renfe,AVE,2026-02-18 13:46:00,2026-02-18 14:29:00,0 days 00:43:00,02591_18-02-2026-12.27,25.7,30.85,41.0,60.0,
02591,04040,71801,Renfe,AVE,2026-02-18 13:46:00,2026-02-18 15:44:00,0 days 01:58:00,02591_18-02-2026-12.27,32.05,40.05,53.25,72.25,
03141,60000,71801,Renfe,AVE,2026-02-18 13:57:00,2026-02-18 16:34:00,0 days 02:37:00,03141_18-02-2026-13.57,153.9,167.9,223.3,242.3,
34813,04104,71801,Renfe,AVANT,2026-02-18 14:06:00,2026-02-18 14:46:00,0 days 00:40:00,34813_18-02-2026-13.37,,,,,18.5
03113,04104,71801,Renfe,AVE,2026-02-18 14:06:00,2026-02-18 14:46:00,0 days 00:40:00,03113_18-02-2026-11.27,31.15,35.6,41.45,60.45,
03143,60000,04040,Renfe,AVE,2026-02-18 14:27:00,2026-02-18 15:51:00,0 days 01:24:00,03143_18-02-2026-14.27,70.2,78.0,93.35,112.35,
03143,60000,71801,Renfe,AVE,2026-02-18 14:27:00,2026-02-18 17:24:00,0 days 02:57:00,03143_18-02-2026-14.27,94.9,106.75,126.2,145.2,
34823,78400,71801,Renfe,AVANT,2026-02-18 14:31:00,2026-02-18 15:44:00,0 days 01:13:00,34823_18-02-2026-14.31,,,,,31.5
02591,78400,71801,Renfe,AVE,2026-02-18 14:31:00,2026-02-18 15:44:00,0 days 01:13:00,02591_18-02-2026-12.27,29.15,35.0,46.5,65.5,
09725,04040,71801,Renfe,AVE INT,2026-02-18 14:43:00,2026-02-18 16:19:00,0 days 01:36:00,09725_18-02-2026-13.15,48.05,56.05,85.25,104.25,
09725,04040,04104,Renfe,AVE INT,2026-02-18 14:43:00,2026-02-18 15:37:00,0 days 00:54:00,09725_18-02-2026-13.15,25.9,32.4,43.1,62.1,
00609,60000,04007,Renfe,ALVIA,2026-02-18 14:47:00,2026-02-18 15:15:00,0 days 00:28:00,00609_18-02-2026-14.47,15.1,17.0,17.6,,
03151,60000,71801,Renfe,AVE,2026-02-18 14:57:00,2026-02-18 17:34:00,0 days 02:37:00,03151_18-02-2026-14.57,83.95,97.95,111.65,130.65,
03305,60000,04040,Renfe,AVE,2026-02-18 15:27:00,2026-02-18 16:50:00,0 days 01:23:00,03305_18-02-2026-15.27,39.0,46.8,41.5,60.5,
03305,60000,78400,Renfe,AVE,2026-02-18 15:27:00,2026-02-18 17:35:00,0 days 02:08:00,03305_18-02-2026-15.27,38.95,48.7,64.75,83.75,
03305,60000,71801,Renfe,AVE,2026-02-18 15:27:00,2026-02-18 18:46:00,0 days 03:19:00,03305_18-02-2026-15.27,47.45,59.3,78.85,97.85,
03305,60000,04104,Renfe,AVE,2026-02-18 15:27:00,2026-02-18 18:03:00,0 days 02:36:00,03305_18-02-2026-15.27,43.0,53.75,71.5,90.5,
03143,04040,71801,Renfe,AVE,2026-02-18 15:52:00,2026-02-18 17:24:00,0 days 01:32:00,03143_18-02-2026-14.27,48.05,56.05,95.9,114.9,
03161,60000,71801,Renfe,AVE,2026-02-18 15:57:00,2026-02-18 18:34:00,0 days 02:37:00,03161_18-02-2026-15.57,83.95,97.95,111.65,130.65,
03163,60000,04040,Renfe,AVE,2026-02-18 16:27:00,2026-02-18 17:45:00,0 days 01:18:00,03163_18-02-2026-16.27,70.2,78.0,83.0,102.0,
03163,60000,71801,Renfe,AVE,2026-02-18 16:27:00,2026-02-18 19:19:00,0 days 02:52:00,03163_18-02-2026-16.27,94.9,106.75,110.4,129.4,
03305,04040,78400,Renfe,AVE,2026-02-18 16:51:00,2026-02-18 17:35:00,0 days 00:44:00,03305_18-02-2026-15.27,25.7,30.85,34.2,53.2,
03305,04040,71801,Renfe,AVE,2026-02-18 16:51:00,2026-02-18 18:46:00,0 days 01:55:00,03305_18-02-2026-15.27,40.05,48.05,53.25,72.25,
03305,04040,04104,Renfe,AVE,2026-02-18 16:51:00,2026-02-18 18:03:00,0 days 01:12:00,03305_18-02-2026-15.27,32.4,38.9,43.1,62.1,
03171,60000,71801,Renfe,AVE,2026-02-18 16:57:00,2026-02-18 19:34:00,0 days 02:37:00,03171_18-02-2026-16.57,97.95,111.9,111.65,130.65,
03173,60000,04007,Renfe,AVE,2026-02-18 17:27:00,2026-02-18 17:53:00,0 days 00:26:00,03173_18-02-2026-17.27,45.7,49.55,60.8,79.8,
03173,60000,71801,Renfe,AVE,2026-02-18 17:27:00,2026-02-18 20:46:00,0 days 03:19:00,03173_18-02-2026-17.27,83.0,94.9,94.65,113.65,
03173,60000,78400,Renfe,AVE,2026-02-18 17:27:00,2026-02-18 19:35:00,0 days 02:08:00,03173_18-02-2026-17.27,77.9,87.65,90.7,109.7,
03173,60000,04104,Renfe,AVE,2026-02-18 17:27:00,2026-02-18 20:04:00,0 days 02:37:00,03173_18-02-2026-17.27,86.0,96.75,100.1,119.1,
03173,60000,04040,Renfe,AVE,2026-02-18 17:27:00,2026-02-18 18:51:00,0 days 01:24:00,03173_18-02-2026-17.27,62.4,70.2,72.6,91.6,
03305,78400,71801,Renfe,AVE,2026-02-18 17:37:00,2026-02-18 18:46:00,0 days 01:09:00,03305_18-02-2026-15.27,35.0,40.8,46.5,65.5,
03305,78400,04104,Renfe,AVE,2026-02-18 17:37:00,2026-02-18 18:03:00,0 days 00:26:00,03305_18-02-2026-15.27,24.65,28.75,32.8,51.8,
03163,04040,71801,Renfe,AVE,2026-02-18 17:46:00,2026-02-18 19:19:00,0 days 01:33:00,03163_18-02-2026-16.27,64.1,72.1,74.55,93.55,
03173,04007,78400,Renfe,AVE,2026-02-18 17:54:00,2026-02-18 19:35:00,0 days 01:41:00,03173_18-02-2026-17.27,71.1,80.0,82.75,101.75,
03173,04007,04104,Renfe,AVE,2026-02-18 17:54:00,2026-02-18 20:04:00,0 days 02:10:00,03173_18-02-2026-17.27,79.7,89.65,92.75,111.75,
03173,04007,71801,Renfe,AVE,2026-02-18 17:54:00,2026-02-18 20:46:00,0 days 02:52:00,03173_18-02-2026-17.27,78.1,89.3,89.05,108.05,
03173,04007,04040,Renfe,AVE,2026-02-18 17:54:00,2026-02-18 18:51:00,0 days 00:57:00,03173_18-02-2026-17.27,54.65,61.45,63.6,82.6,
02553,60000,71801,Renfe,AVE,2026-02-18 17:57:00,2026-02-18 20:34:00,0 days 02:37:00,02553_18-02-2026-17.57,71.15,83.0,94.65,113.65,
03305,04104,71801,Renfe,AVE,2026-02-18 18:05:00,2026-02-18 18:46:00,0 days 00:41:00,03305_18-02-2026-15.27,26.7,31.15,35.5,54.5,
03183,60000,04040,Renfe,AVE,2026-02-18 18:27:00,2026-02-18 19:45:00,0 days 01:18:00,03183_18-02-2026-18.27,78.0,85.8,103.75,122.75,
03183,60000,71801,Renfe,AVE,2026-02-18 18:27:00,2026-02-18 21:24:00,0 days 02:57:00,03183_18-02-2026-18.27,106.75,118.6,141.95,160.95,
03183,60000,04104,Renfe,AVE,2026-02-18 18:27:00,2026-02-18 20:44:00,0 days 02:17:00,03183_18-02-2026-18.27,96.75,107.5,128.7,147.7,
03173,04040,78400,Renfe,AVE,2026-02-18 18:52:00,2026-02-18 19:35:00,0 days 00:43:00,03173_18-02-2026-17.27,46.25,51.4,54.7,73.7,
03173,04040,04104,Renfe,AVE,2026-02-18 18:52:00,2026-02-18 20:04:00,0 days 01:12:00,03173_18-02-2026-17.27,58.3,64.8,68.95,87.95,
03173,04040,71801,Renfe,AVE,2026-02-18 18:52:00,2026-02-18 20:46:00,0 days 01:54:00,03173_18-02-2026-17.27,64.1,72.1,74.55,93.55,
03191,60000,71801,Renfe,AVE,2026-02-18 18:57:00,2026-02-18 21:34:00,0 days 02:37:00,03191_18-02-2026-18.57,126.0,140.0,148.95,167.95,
02861,60000,04040,Renfe,AVE,2026-02-18 19:00:00,2026-02-18 20:42:00,0 days 01:42:00,02861_18-02-2026-19.00,23.4,31.2,51.85,70.85,
02861,60000,04007,Renfe,AVE,2026-02-18 19:00:00,2026-02-18 19:28:00,0 days 00:28:00,02861_18-02-2026-19.00,45.7,49.55,60.8,79.8,
02861,04007,04040,Renfe,AVE,2026-02-18 19:29:00,2026-02-18 20:42:00,0 days 01:13:00,02861_18-02-2026-19.00,20.5,27.3,45.4,64.4,
03309,60000,04007,Renfe,AVE,2026-02-18 19:34:00,2026-02-18 20:00:00,0 days 00:26:00,03309_18-02-2026-19.34,53.35,57.15,60.8,79.8,
03309,60000,04040,Renfe,AVE,2026-02-18 19:34:00,2026-02-18 21:02:00,0 days 01:28:00,03309_18-02-2026-19.34,78.0,85.8,83.0,102.0,
03309,60000,78400,Renfe,AVE,2026-02-18 19:34:00,2026-02-18 21:46:00,0 days 02:12:00,03309_18-02-2026-19.34,68.2,77.9,90.7,109.7,
03309,60000,04104,Renfe,AVE,2026-02-18 19:34:00,2026-02-18 22:15:00,0 days 02:41:00,03309_18-02-2026-19.34,75.25,86.0,100.1,119.1,
03309,60000,71801,Renfe,AVE,2026-02-18 19:34:00,2026-02-18 22:55:00,0 days 03:21:00,03309_18-02-2026-19.34,83.0,94.9,110.4,129.4,
03173,78400,71801,Renfe,AVE,2026-02-18 19:37:00,2026-02-18 20:46:00,0 days 01:09:00,03173_18-02-2026-17.27,52.45,58.3,62.05,81.05,
03173,78400,04104,Renfe,AVE,2026-02-18 19:37:00,2026-02-18 20:04:00,0 days 00:27:00,03173_18-02-2026-17.27,37.0,41.1,43.75,62.75,
03183,04040,71801,Renfe,AVE,2026-02-18 19:46:00,2026-02-18 21:24:00,0 days 01:38:00,03183_18-02-2026-18.27,72.1,80.1,95.9,114.9,
03183,04040,04104,Renfe,AVE,2026-02-18 19:46:00,2026-02-18 20:44:00,0 days 00:58:00,03183_18-02-2026-18.27,58.3,64.8,77.55,96.55,
00437,04040,71801,Renfe,ALVIA,2026-02-18 19:52:00,2026-02-18 22:13:00,0 days 02:21:00,00437_18-02-2026-19.52,35.6,41.5,47.3,,
00437,04040,04104,Renfe,ALVIA,2026-02-18 19:52:00,2026-02-18 21:30:00,0 days 01:38:00,00437_18-02-2026-19.52,33.6,38.4,44.7,,
00437,04040,78400,Renfe,ALVIA,2026-02-18 19:52:00,2026-02-18 20:56:00,0 days 01:04:00,00437_18-02-2026-19.52,26.65,30.5,35.45,,
03931,04040,04104,Renfe,AVE,2026-02-18 20:01:00,2026-02-18 21:16:00,0 days 01:15:00,03931_18-02-2026-20.01,45.35,51.85,77.55,96.55,
03309,04007,04104,Renfe,AVE,2026-02-18 20:01:00,2026-02-18 22:15:00,0 days 02:14:00,03309_18-02-2026-19.34,69.7,79.7,92.75,111.75,
03309,04007,78400,Renfe,AVE,2026-02-18 20:01:00,2026-02-18 21:46:00,0 days 01:45:00,03309_18-02-2026-19.34,62.25,71.1,82.75,101.75,
03931,04040,71801,Renfe,AVE,2026-02-18 20:01:00,2026-02-18 21:58:00,0 days 01:57:00,03931_18-02-2026-20.01,48.05,56.05,85.25,104.25,
03309,04007,04040,Renfe,AVE,2026-02-18 20:01:00,2026-02-18 21:02:00,0 days 01:01:00,03309_18-02-2026-19.34,68.3,75.15,81.75,100.75,
03931,04040,78400,Renfe,AVE,2026-02-18 20:01:00,2026-02-18 20:48:00,0 days 00:47:00,03931_18-02-2026-20.01,36.0,41.1,61.55,80.55,
03309,04007,71801,Renfe,AVE,2026-02-18 20:01:00,2026-02-18 22:55:00,0 days 02:54:00,03309_18-02-2026-19.34,78.1,89.3,103.9,122.9,
03201,60000,71801,Renfe,AVE,2026-02-18 20:05:00,2026-02-18 22:42:00,0 days 02:37:00,03201_18-02-2026-20.05,41.95,55.95,74.45,93.45,
03173,04104,71801,Renfe,AVE,2026-02-18 20:06:00,2026-02-18 20:46:00,0 days 00:40:00,03173_18-02-2026-17.27,40.05,44.5,47.35,66.35,
03203,60000,04104,Renfe,AVE,2026-02-18 20:27:00,2026-02-18 23:07:00,0 days 02:40:00,03203_18-02-2026-20.27,43.0,53.75,71.5,90.5,
03203,60000,78400,Renfe,AVE,2026-02-18 20:27:00,2026-02-18 22:40:00,0 days 02:13:00,03203_18-02-2026-20.27,38.95,48.7,64.75,83.75,
03203,60000,04007,Renfe,AVE,2026-02-18 20:27:00,2026-02-18 20:52:00,0 days 00:25:00,03203_18-02-2026-20.27,45.7,49.55,60.8,79.8,
03203,60000,71801,Renfe,AVE,2026-02-18 20:27:00,2026-02-18 23:48:00,0 days 03:21:00,03203_18-02-2026-20.27,35.6,47.45,63.1,82.1,
03203,60000,04040,Renfe,AVE,2026-02-18 20:27:00,2026-02-18 21:57:00,0 days 01:30:00,03203_18-02-2026-20.27,31.2,39.0,51.85,70.85,
03991,04040,78400,Renfe,AVE,2026-02-18 20:38:00,2026-02-18 21:20:00,0 days 00:42:00,03991_18-02-2026-20.38,36.0,41.1,47.85,66.85,
03941,04040,04104,Renfe,AVE,2026-02-18 20:38:00,2026-02-18 21:51:00,0 days 01:13:00,03941_18-02-2026-20.38,51.85,58.3,68.95,87.95,
03941,04040,71801,Renfe,AVE,2026-02-18 20:38:00,2026-02-18 22:35:00,0 days 01:57:00,03941_18-02-2026-20.38,56.05,64.1,74.55,93.55,
03991,04040,04104,Renfe,AVE,2026-02-18 20:38:00,2026-02-18 21:51:00,0 days 01:13:00,03991_18-02-2026-20.38,45.35,51.85,60.35,79.35,
03991,04040,71801,Renfe,AVE,2026-02-18 20:38:00,2026-02-18 22:35:00,0 days 01:57:00,03991_18-02-2026-20.38,48.05,56.05,63.9,82.9,
03941,04040,78400,Renfe,AVE,2026-02-18 20:38:00,2026-02-18 21:20:00,0 days 00:42:00,03941_18-02-2026-20.38,41.1,46.25,54.7,73.7,
03183,04104,71801,Renfe,AVE,2026-02-18 20:46:00,2026-02-18 21:24:00,0 days 00:38:00,03183_18-02-2026-18.27,40.05,44.5,53.25,72.25,
03931,78400,04104,Renfe,AVE,2026-02-18 20:50:00,2026-02-18 21:16:00,0 days 00:26:00,03931_18-02-2026-20.01,28.75,32.9,49.2,68.2,
03931,78400,71801,Renfe,AVE,2026-02-18 20:50:00,2026-02-18 21:58:00,0 days 01:08:00,03931_18-02-2026-20.01,40.8,46.65,69.8,88.8,
03203,04007,04104,Renfe,AVE,2026-02-18 20:53:00,2026-02-18 23:07:00,0 days 02:14:00,03203_18-02-2026-20.27,39.85,49.8,66.25,85.25,
03203,04007,78400,Renfe,AVE,2026-02-18 20:53:00,2026-02-18 22:40:00,0 days 01:47:00,03203_18-02-2026-20.27,35.55,44.45,59.1,78.1,
03203,04007,71801,Renfe,AVE,2026-02-18 20:53:00,2026-02-18 23:48:00,0 days 02:55:00,03203_18-02-2026-20.27,33.5,44.65,59.35,78.35,
03203,04007,04040,Renfe,AVE,2026-02-18 20:53:00,2026-02-18 21:57:00,0 days 01:04:00,03203_18-02-2026-20.27,27.3,34.15,45.4,64.4,
00437,78400,04104,Renfe,ALVIA,2026-02-18 20:58:00,2026-02-18 21:30:00,0 days 00:32:00,00437_18-02-2026-19.52,21.35,24.4,28.4,,
00437,78400,71801,Renfe,ALVIA,2026-02-18 20:58:00,2026-02-18 22:13:00,0 days 01:15:00,00437_18-02-2026-19.52,30.25,34.55,40.2,,
03309,04040,71801,Renfe,AVE,2026-02-18 21:03:00,2026-02-18 22:55:00,0 days 01:52:00,03309_18-02-2026-19.34,72.1,80.1,85.25,104.25,
03309,04040,04104,Renfe,AVE,2026-02-18 21:03:00,2026-02-18 22:15:00,0 days 01:12:00,03309_18-02-2026-19.34,58.3,64.8,68.95,87.95,
03309,04040,78400,Renfe,AVE,2026-02-18 21:03:00,2026-02-18 21:46:00,0 days 00:43:00,03309_18-02-2026-19.34,46.25,51.4,54.7,73.7,
02883,60000,71801,Renfe,AVE,2026-02-18 21:07:00,2026-02-18 23:59:00,0 days 02:52:00,02883_18-02-2026-21.07,35.6,47.45,63.1,82.1,
02883,60000,04040,Renfe,AVE,2026-02-18 21:07:00,2026-02-18 22:26:00,0 days 01:19:00,02883_18-02-2026-21.07,31.2,39.0,51.85,70.85,
03931,04104,71801,Renfe,AVE,2026-02-18 21:18:00,2026-02-18 21:58:00,0 days 00:40:00,03931_18-02-2026-20.01,31.15,35.6,53.25,72.25,
03991,78400,04104,Renfe,AVE,2026-02-18 21:22:00,2026-02-18 21:51:00,0 days 00:29:00,03991_18-02-2026-20.38,28.75,32.9,38.25,57.25,
03941,78400,04104,Renfe,AVE,2026-02-18 21:22:00,2026-02-18 21:51:00,0 days 00:29:00,03941_18-02-2026-20.38,28.75,32.9,38.25,57.25,
03941,78400,71801,Renfe,AVE,2026-02-18 21:22:00,2026-02-18 22:35:00,0 days 01:13:00,03941_18-02-2026-20.38,40.8,46.65,54.3,73.3,
03991,78400,71801,Renfe,AVE,2026-02-18 21:22:00,2026-02-18 22:35:00,0 days 01:13:00,03991_18-02-2026-20.38,40.8,46.65,54.3,73.3,
00437,04104,71801,Renfe,ALVIA,2026-02-18 21:32:00,2026-02-18 22:13:00,0 days 00:41:00,00437_18-02-2026-19.52,23.1,26.4,30.7,,
03309,78400,71801,Renfe,AVE,2026-02-18 21:48:00,2026-02-18 22:55:00,0 days 01:07:00,03309_18-02-2026-19.34,64.15,69.95,77.55,96.55,
03309,78400,04104,Renfe,AVE,2026-02-18 21:48:00,2026-02-18 22:15:00,0 days 00:27:00,03309_18-02-2026-19.34,45.2,49.3,54.65,73.65,
03941,04104,71801,Renfe,AVE,2026-02-18 21:53:00,2026-02-18 22:35:00,0 days 00:42:00,03941_18-02-2026-20.38,31.15,35.6,41.45,60.45,
03991,04104,71801,Renfe,AVE,2026-02-18 21:53:00,2026-02-18 22:35:00,0 days 00:42:00,03991_18-02-2026-20.38,31.15,35.6,41.45,60.45,
03203,04040,71801,Renfe,AVE,2026-02-18 21:58:00,2026-02-18 23:48:00,0 days 01:50:00,03203_18-02-2026-20.27,32.05,40.05,53.25,72.25,
03203,04040,78400,Renfe,AVE,2026-02-18 21:58:00,2026-02-18 22:40:00,0 days 00:42:00,03203_18-02-2026-20.27,25.7,30.85,41.0,60.0,
03203,04040,04104,Renfe,AVE,2026-02-18 21:58:00,2026-02-18 23:07:00,0 days 01:09:00,03203_18-02-2026-20.27,32.4,38.9,51.7,70.7,
03309,04104,71801,Renfe,AVE,2026-02-18 22:17:00,2026-02-18 22:55:00,0 days 00:38:00,03309_18-02-2026-19.34,48.95,53.4,59.2,78.2,
02883,04040,71801,Renfe,AVE,2026-02-18 22:27:00,2026-02-18 23:59:00,0 days 01:32:00,02883_18-02-2026-21.07,24.05,32.05,53.25,72.25,
03203,78400,04104,Renfe,AVE,2026-02-18 22:42:00,2026-02-18 23:07:00,0 days 00:25:00,03203_18-02-2026-20.27,20.55,24.65,32.8,51.8,
03203,78400,71801,Renfe,AVE,2026-02-18 22:42:00,2026-02-18 23:48:00,0 days 01:06:00,03203_18-02-2026-20.27,29.15,35.0,46.5,65.5,
03203,04104,71801,Renfe,AVE,2026-02-18 23:09:00,2026-02-18 23:48:00,0 days 00:39:00,03203_18-02-2026-20.27,22.25,26.7,35.5,54.5,
03301,60000,04104,Renfe,AVE,2026-02-19 06:16:00,2026-02-19 08:21:00,0 days 02:05:00,03301_19-02-2026-06.16,43.0,53.75,71.5,90.5,
03301,60000,71801,Renfe,AVE,2026-02-19 06:16:00,2026-02-19 09:05:00,0 days 02:49:00,03301_19-02-2026-06.16,47.45,59.3,78.85,97.85,
03063,60000,04040,Renfe,AVE,2026-02-19 06:27:00,2026-02-19 07:52:00,0 days 01:25:00,03063_19-02-2026-06.27,31.2,39.0,51.85,70.85,
03063,60000,71801,Renfe,AVE,2026-02-19 06:27:00,2026-02-19 09:25:00,0 days 02:58:00,03063_19-02-2026-06.27,35.6,47.45,63.1,82.1,
03071,60000,71801,Renfe,AVE,2026-02-19 06:57:00,2026-02-19 09:34:00,0 days 02:37:00,03071_19-02-2026-06.57,97.95,111.9,111.65,130.65,
03073,60000,04040,Renfe,AVE,2026-02-19 07:27:00,2026-02-19 08:51:00,0 days 01:24:00,03073_19-02-2026-07.27,62.4,70.2,72.6,91.6,
03073,60000,71801,Renfe,AVE,2026-02-19 07:27:00,2026-02-19 10:46:00,0 days 03:19:00,03073_19-02-2026-07.27,83.0,94.9,94.65,113.65,
03073,60000,78400,Renfe,AVE,2026-02-19 07:27:00,2026-02-19 09:35:00,0 days 02:08:00,03073_19-02-2026-07.27,77.9,87.65,90.7,109.7,
03073,60000,04007,Renfe,AVE,2026-02-19 07:27:00,2026-02-19 07:52:00,0 days 00:25:00,03073_19-02-2026-07.27,45.7,49.55,60.8,79.8,
03073,60000,04104,Renfe,AVE,2026-02-19 07:27:00,2026-02-19 10:04:00,0 days 02:37:00,03073_19-02-2026-07.27,86.0,96.75,100.1,119.1,
03073,04007,71801,Renfe,AVE,2026-02-19 07:53:00,2026-02-19 10:46:00,0 days 02:53:00,03073_19-02-2026-07.27,78.1,89.3,89.05,108.05,
03073,04007,04040,Renfe,AVE,2026-02-19 07:53:00,2026-02-19 08:51:00,0 days 00:58:00,03073_19-02-2026-07.27,54.65,61.45,63.6,82.6,
03073,04007,04104,Renfe,AVE,2026-02-19 07:53:00,2026-02-19 10:04:00,0 days 02:11:00,03073_19-02-2026-07.27,79.7,89.65,92.75,111.75,
03073,04007,78400,Renfe,AVE,2026-02-19 07:53:00,2026-02-19 09:35:00,0 days 01:42:00,03073_19-02-2026-07.27,71.1,80.0,82.75,101.75,
03063,04040,71801,Renfe,AVE,2026-02-19 07:53:00,2026-02-19 09:25:00,0 days 01:32:00,03063_19-02-2026-06.27,32.05,40.05,53.25,72.25,
03081,60000,71801,Renfe,AVE,2026-02-19 07:57:00,2026-02-19 10:34:00,0 days 02:37:00,03081_19-02-2026-07.57,97.95,111.9,111.65,130.65,
03301,04104,71801,Renfe,AVE,2026-02-19 08:23:00,2026-02-19 09:05:00,0 days 00:42:00,03301_19-02-2026-06.16,17.8,22.25,29.6,48.6,
03083,60000,04040,Renfe,AVE,2026-02-19 08:27:00,2026-02-19 09:45:00,0 days 01:18:00,03083_19-02-2026-08.27,54.6,62.4,83.0,102.0,
03083,60000,71801,Renfe,AVE,2026-02-19 08:27:00,2026-02-19 11:19:00,0 days 02:52:00,03083_19-02-2026-08.27,71.15,83.0,110.4,129.4,
03073,04040,78400,Renfe,AVE,2026-02-19 08:52:00,2026-02-19 09:35:00,0 days 00:43:00,03073_19-02-2026-07.27,46.25,51.4,54.7,73.7,
03073,04040,04104,Renfe,AVE,2026-02-19 08:52:00,2026-02-19 10:04:00,0 days 01:12:00,03073_19-02-2026-07.27,58.3,64.8,68.95,87.95,
03073,04040,71801,Renfe,AVE,2026-02-19 08:52:00,2026-02-19 10:46:00,0 days 01:54:00,03073_19-02-2026-07.27,64.1,72.1,74.55,93.55,
03091,60000,71801,Renfe,AVE,2026-02-19 08:57:00,2026-02-19 11:41:00,0 days 02:44:00,03091_19-02-2026-08.57,55.95,69.95,74.45,93.45,
03091,60000,04104,Renfe,AVE,2026-02-19 08:57:00,2026-02-19 11:01:00,0 days 02:04:00,03091_19-02-2026-08.57,53.75,64.5,71.5,90.5,
02561,60000,78400,Renfe,AVE,2026-02-19 09:27:00,2026-02-19 11:32:00,0 days 02:05:00,02561_19-02-2026-09.27,68.2,77.9,,,
02561,60000,04104,Renfe,AVE,2026-02-19 09:27:00,2026-02-19 12:00:00,0 days 02:33:00,02561_19-02-2026-09.27,75.25,86.0,,,
02561,60000,04040,Renfe,AVE,2026-02-19 09:27:00,2026-02-19 10:46:00,0 days 01:19:00,02561_19-02-2026-09.27,54.6,62.4,,,
02561,60000,71801,Renfe,AVE,2026-02-19 09:27:00,2026-02-19 12:41:00,0 days 03:14:00,02561_19-02-2026-09.27,71.15,83.0,,,
03073,78400,71801,Renfe,AVE,2026-02-19 09:37:00,2026-02-19 10:46:00,0 days 01:09:00,03073_19-02-2026-07.27,52.45,58.3,62.05,81.05,
03073,78400,04104,Renfe,AVE,2026-02-19 09:37:00,2026-02-19 10:04:00,0 days 00:27:00,03073_19-02-2026-07.27,37.0,41.1,43.75,62.75,
03083,04040,71801,Renfe,AVE,2026-02-19 09:46:00,2026-02-19 11:19:00,0 days 01:33:00,03083_19-02-2026-08.27,48.05,56.05,74.55,93.55,
03073,04104,71801,Renfe,AVE,2026-02-19 10:06:00,2026-02-19 10:46:00,0 days 00:40:00,03073_19-02-2026-07.27,40.05,44.5,47.35,66.35,
03303,60000,71801,Renfe,AVE,2026-02-19 10:27:00,2026-02-19 13:19:00,0 days 02:52:00,03303_19-02-2026-10.27,71.15,83.0,94.65,113.65,
03303,60000,04040,Renfe,AVE,2026-02-19 10:27:00,2026-02-19 11:47:00,0 days 01:20:00,03303_19-02-2026-10.27,62.4,70.2,62.25,81.25,
00605,60000,04007,Renfe,ALVIA,2026-02-19 10:32:00,2026-02-19 10:59:00,0 days 00:27:00,00605_19-02-2026-10.32,22.7,24.55,25.15,,
02561,04040,71801,Renfe,AVE,2026-02-19 10:47:00,2026-02-19 12:41:00,0 days 01:54:00,02561_19-02-2026-09.27,56.05,64.1,,,
02561,04040,78400,Renfe,AVE,2026-02-19 10:47:00,2026-02-19 11:32:00,0 days 00:45:00,02561_19-02-2026-09.27,41.1,46.25,,,
02561,04040,04104,Renfe,AVE,2026-02-19 10:47:00,2026-02-19 12:00:00,0 days 01:13:00,02561_19-02-2026-09.27,51.85,58.3,,,
03091,04104,71801,Renfe,AVE,2026-02-19 11:03:00,2026-02-19 11:41:00,0 days 00:38:00,03091_19-02-2026-08.57,31.5,36.75,41.9,60.9,
00533,04040,04104,Renfe,ALVIA,2026-02-19 11:09:00,2026-02-19 12:31:00,0 days 01:22:00,00533_19-02-2026-11.09,43.2,48.0,51.05,,
00533,04040,71801,Renfe,ALVIA,2026-02-19 11:09:00,2026-02-19 13:09:00,0 days 02:00:00,00533_19-02-2026-11.09,47.45,53.35,55.2,,
00533,04040,78400,Renfe,ALVIA,2026-02-19 11:09:00,2026-02-19 11:58:00,0 days 00:49:00,00533_19-02-2026-11.09,30.5,34.3,40.55,,
03113,60000,71801,Renfe,AVE,2026-02-19 11:27:00,2026-02-19 14:46:00,0 days 03:19:00,03113_19-02-2026-11.27,47.45,59.3,63.1,82.1,
03113,60000,78400,Renfe,AVE,2026-02-19 11:27:00,2026-02-19 13:35:00,0 days 02:08:00,03113_19-02-2026-11.27,48.7,58.45,64.75,83.75,
03113,60000,04104,Renfe,AVE,2026-02-19 11:27:00,2026-02-19 14:04:00,0 days 02:37:00,03113_19-02-2026-11.27,53.75,64.5,71.5,90.5,
03113,60000,04040,Renfe,AVE,2026-02-19 11:27:00,2026-02-19 12:51:00,0 days 01:24:00,03113_19-02-2026-11.27,39.0,46.8,51.85,70.85,
02561,78400,71801,Renfe,AVE,2026-02-19 11:34:00,2026-02-19 12:41:00,0 days 01:07:00,02561_19-02-2026-09.27,46.65,52.45,,,
02561,78400,04104,Renfe,AVE,2026-02-19 11:34:00,2026-02-19 12:00:00,0 days 00:26:00,02561_19-02-2026-09.27,32.9,37.0,,,
03303,04040,71801,Renfe,AVE,2026-02-19 11:48:00,2026-02-19 13:19:00,0 days 01:31:00,03303_19-02-2026-10.27,64.1,72.1,85.25,104.25,
34433,78400,71801,Renfe,AVANT,2026-02-19 12:00:00,2026-02-19 13:09:00,0 days 01:09:00,34433_19-02-2026-12.00,,,,,31.5
34433,78400,04104,Renfe,AVANT,2026-02-19 12:00:00,2026-02-19 12:31:00,0 days 00:31:00,34433_19-02-2026-12.00,,,,,15.0
00533,78400,04104,Renfe,ALVIA,2026-02-19 12:00:00,2026-02-19 12:31:00,0 days 00:31:00,00533_19-02-2026-11.09,27.45,30.5,32.45,,
00533,78400,71801,Renfe,ALVIA,2026-02-19 12:00:00,2026-02-19 13:09:00,0 days 01:09:00,00533_19-02-2026-11.09,38.9,43.2,45.95,,
02561,04104,71801,Renfe,AVE,2026-02-19 12:02:00,2026-02-19 12:41:00,0 days 00:39:00,02561_19-02-2026-09.27,35.6,40.05,,,
02591,60000,78400,Renfe,AVE,2026-02-19 12:27:00,2026-02-19 14:29:00,0 days 02:02:00,02591_19-02-2026-12.27,38.95,48.7,64.75,83.75,
02591,60000,71801,Renfe,AVE,2026-02-19 12:27:00,2026-02-19 15:44:00,0 days 03:17:00,02591_19-02-2026-12.27,35.6,47.45,63.1,82.1,
02591,60000,04040,Renfe,AVE,2026-02-19 12:27:00,2026-02-19 13:45:00,0 days 01:18:00,02591_19-02-2026-12.27,31.2,39.0,51.85,70.85,
00533,04104,71801,Renfe,ALVIA,2026-02-19 12:33:00,2026-02-19 13:09:00,0 days 00:36:00,00533_19-02-2026-11.09,29.7,33.0,35.1,,
34433,04104,71801,Renfe,AVANT,2026-02-19 12:33:00,2026-02-19 13:09:00,0 days 00:36:00,34433_19-02-2026-12.00,,,,,18.5
03943,04040,04104,Renfe,AVE,2026-02-19 12:37:00,2026-02-19 13:43:00,0 days 01:06:00,03943_19-02-2026-12.37,51.85,58.3,68.95,87.95,
03943,04040,78400,Renfe,AVE,2026-02-19 12:37:00,2026-02-19 13:17:00,0 days 00:40:00,03943_19-02-2026-12.37,41.1,46.25,54.7,73.7,
03993,04040,78400,Renfe,AVE,2026-02-19 12:37:00,2026-02-19 13:17:00,0 days 00:40:00,03993_19-02-2026-12.37,46.25,51.4,61.55,80.55,
03993,04040,71801,Renfe,AVE,2026-02-19 12:37:00,2026-02-19 14:25:00,0 days 01:48:00,03993_19-02-2026-12.37,64.1,72.1,85.25,104.25,
03943,04040,71801,Renfe,AVE,2026-02-19 12:37:00,2026-02-19 14:25:00,0 days 01:48:00,03943_19-02-2026-12.37,56.05,64.1,74.55,93.55,
03993,04040,04104,Renfe,AVE,2026-02-19 12:37:00,2026-02-19 13:43:00,0 days 01:06:00,03993_19-02-2026-12.37,58.3,64.8,77.55,96.55,
03113,04040,71801,Renfe,AVE,2026-02-19 12:52:00,2026-02-19 14:46:00,0 days 01:54:00,03113_19-02-2026-11.27,40.05,48.05,53.25,72.25,
03113,04040,78400,Renfe,AVE,2026-02-19 12:52:00,2026-02-19 13:35:00,0 days 00:43:00,03113_19-02-2026-11.27,30.85,36.0,41.0,60.0,
03113,04040,04104,Renfe,AVE,2026-02-19 12:52:00,2026-02-19 14:04:00,0 days 01:12:00,03113_19-02-2026-11.27,38.9,45.35,51.7,70.7,
09725,60000,04007,Renfe,AVE INT,2026-02-19 13:15:00,2026-02-19 13:41:00,0 days 00:26:00,09725_19-02-2026-13.15,15.25,19.05,25.35,44.35,
09725,60000,71801,Renfe,AVE INT,2026-02-19 13:15:00,2026-02-19 16:19:00,0 days 03:04:00,09725_19-02-2026-13.15,59.3,71.15,94.65,113.65,
09725,60000,04040,Renfe,AVE INT,2026-02-19 13:15:00,2026-02-19 14:40:00,0 days 01:25:00,09725_19-02-2026-13.15,46.8,54.6,83.0,102.0,
09725,60000,04104,Renfe,AVE INT,2026-02-19 13:15:00,2026-02-19 15:37:00,0 days 02:22:00,09725_19-02-2026-13.15,53.75,64.5,85.8,104.8,
03943,78400,04104,Renfe,AVE,2026-02-19 13:19:00,2026-02-19 13:43:00,0 days 00:24:00,03943_19-02-2026-12.37,32.9,37.0,43.75,62.75,
03993,78400,04104,Renfe,AVE,2026-02-19 13:19:00,2026-02-19 13:43:00,0 days 00:24:00,03993_19-02-2026-12.37,37.0,41.1,49.2,68.2,
03943,78400,71801,Renfe,AVE,2026-02-19 13:19:00,2026-02-19 14:25:00,0 days 01:06:00,03943_19-02-2026-12.37,46.65,52.45,62.05,81.05,
03993,78400,71801,Renfe,AVE,2026-02-19 13:19:00,2026-02-19 14:25:00,0 days 01:06:00,03993_19-02-2026-12.37,52.45,58.3,69.8,88.8,
03113,78400,04104,Renfe,AVE,2026-02-19 13:37:00,2026-02-19 14:04:00,0 days 00:27:00,03113_19-02-2026-11.27,24.65,28.75,32.8,51.8,
34813,78400,04104,Renfe,AVANT,2026-02-19 13:37:00,2026-02-19 14:04:00,0 days 00:27:00,34813_19-02-2026-13.37,,,,,15.0
03113,78400,71801,Renfe,AVE,2026-02-19 13:37:00,2026-02-19 14:46:00,0 days 01:09:00,03113_19-02-2026-11.27,35.0,40.8,46.5,65.5,
34813,78400,71801,Renfe,AVANT,2026-02-19 13:37:00,2026-02-19 14:46:00,0 days 01:09:00,34813_19-02-2026-13.37,,,,,31.5
09725,04007,71801,Renfe,AVE INT,2026-02-19 13:43:00,2026-02-19 16:19:00,0 days 02:36:00,09725_19-02-2026-13.15,55.8,66.95,89.05,108.05,
09725,04007,04104,Renfe,AVE INT,2026-02-19 13:43:00,2026-02-19 15:37:00,0 days 01:54:00,09725_19-02-2026-13.15,49.8,59.75,79.5,98.5,
09725,04007,04040,Renfe,AVE INT,2026-02-19 13:43:00,2026-02-19 14:40:00,0 days 00:57:00,09725_19-02-2026-13.15,41.0,47.8,72.65,91.65,
03943,04104,71801,Renfe,AVE,2026-02-19 13:45:00,2026-02-19 14:25:00,0 days 00:40:00,03943_19-02-2026-12.37,35.6,40.05,47.35,66.35,
03993,04104,71801,Renfe,AVE,2026-02-19 13:45:00,2026-02-19 14:25:00,0 days 00:40:00,03993_19-02-2026-12.37,40.05,44.5,53.25,72.25,
02591,04040,78400,Renfe,AVE,2026-02-19 13:46:00,2026-02-19 14:29:00,0 days 00:43:00,02591_19-02-2026-12.27,25.7,30.85,41.0,60.0,
02591,04040,71801,Renfe,AVE,2026-02-19 13:46:00,2026-02-19 15:44:00,0 days 01:58:00,02591_19-02-2026-12.27,32.05,40.05,53.25,72.25,
03141,60000,71801,Renfe,AVE,2026-02-19 13:57:00,2026-02-19 16:34:00,0 days 02:37:00,03141_19-02-2026-13.57,41.95,55.95,74.45,93.45,
03113,04104,71801,Renfe,AVE,2026-02-19 14:06:00,2026-02-19 14:46:00,0 days 00:40:00,03113_19-02-2026-11.27,26.7,31.15,35.5,54.5,
34813,04104,71801,Renfe,AVANT,2026-02-19 14:06:00,2026-02-19 14:46:00,0 days 00:40:00,34813_19-02-2026-13.37,,,,,18.5
03143,60000,71801,Renfe,AVE,2026-02-19 14:27:00,2026-02-19 17:24:00,0 days 02:57:00,03143_19-02-2026-14.27,94.9,106.75,126.2,145.2,
03143,60000,04040,Renfe,AVE,2026-02-19 14:27:00,2026-02-19 15:51:00,0 days 01:24:00,03143_19-02-2026-14.27,70.2,78.0,93.35,112.35,
34823,78400,71801,Renfe,AVANT,2026-02-19 14:31:00,2026-02-19 15:44:00,0 days 01:13:00,34823_19-02-2026-14.31,,,,,31.5
02591,78400,71801,Renfe,AVE,2026-02-19 14:31:00,2026-02-19 15:44:00,0 days 01:13:00,02591_19-02-2026-12.27,29.15,35.0,46.5,65.5,
09725,04040,71801,Renfe,AVE INT,2026-02-19 14:43:00,2026-02-19 16:19:00,0 days 01:36:00,09725_19-02-2026-13.15,48.05,56.05,85.25,104.25,
09725,04040,04104,Renfe,AVE INT,2026-02-19 14:43:00,2026-02-19 15:37:00,0 days 00:54:00,09725_19-02-2026-13.15,25.9,32.4,43.1,62.1,
00609,60000,04007,Renfe,ALVIA,2026-02-19 14:47:00,2026-02-19 15:15:00,0 days 00:28:00,00609_19-02-2026-14.47,22.7,24.55,25.15,,
03151,60000,71801,Renfe,AVE,2026-02-19 14:57:00,2026-02-19 17:34:00,0 days 02:37:00,03151_19-02-2026-14.57,97.95,111.9,111.65,130.65,
03305,60000,04040,Renfe,AVE,2026-02-19 15:27:00,2026-02-19 16:50:00,0 days 01:23:00,03305_19-02-2026-15.27,78.0,85.8,83.0,102.0,
03305,60000,04104,Renfe,AVE,2026-02-19 15:27:00,2026-02-19 18:03:00,0 days 02:36:00,03305_19-02-2026-15.27,75.25,86.0,100.1,119.1,
03305,60000,71801,Renfe,AVE,2026-02-19 15:27:00,2026-02-19 18:46:00,0 days 03:19:00,03305_19-02-2026-15.27,83.0,94.9,110.4,129.4,
03305,60000,78400,Renfe,AVE,2026-02-19 15:27:00,2026-02-19 17:35:00,0 days 02:08:00,03305_19-02-2026-15.27,68.2,77.9,90.7,109.7,
03143,04040,71801,Renfe,AVE,2026-02-19 15:52:00,2026-02-19 17:24:00,0 days 01:32:00,03143_19-02-2026-14.27,48.05,56.05,95.9,114.9,
03161,60000,71801,Renfe,AVE,2026-02-19 15:57:00,2026-02-19 18:34:00,0 days 02:37:00,03161_19-02-2026-15.57,97.95,111.9,111.65,130.65,
03163,60000,04040,Renfe,AVE,2026-02-19 16:27:00,2026-02-19 17:45:00,0 days 01:18:00,03163_19-02-2026-16.27,78.0,85.8,93.35,112.35,
03163,60000,71801,Renfe,AVE,2026-02-19 16:27:00,2026-02-19 19:19:00,0 days 02:52:00,03163_19-02-2026-16.27,106.75,118.6,126.2,145.2,
03305,04040,04104,Renfe,AVE,2026-02-19 16:51:00,2026-02-19 18:03:00,0 days 01:12:00,03305_19-02-2026-15.27,58.3,64.8,68.95,87.95,
03305,04040,71801,Renfe,AVE,2026-02-19 16:51:00,2026-02-19 18:46:00,0 days 01:55:00,03305_19-02-2026-15.27,72.1,80.1,85.25,104.25,
03305,04040,78400,Renfe,AVE,2026-02-19 16:51:00,2026-02-19 17:35:00,0 days 00:44:00,03305_19-02-2026-15.27,46.25,51.4,54.7,73.7,
03171,60000,71801,Renfe,AVE,2026-02-19 16:57:00,2026-02-19 19:34:00,0 days 02:37:00,03171_19-02-2026-16.57,111.9,125.9,223.3,242.3,
03173,60000,04007,Renfe,AVE,2026-02-19 17:27:00,2026-02-19 17:53:00,0 days 00:26:00,03173_19-02-2026-17.27,49.55,53.35,60.8,79.8,
03173,60000,04040,Renfe,AVE,2026-02-19 17:27:00,2026-02-19 18:51:00,0 days 01:24:00,03173_19-02-2026-17.27,78.0,85.8,93.35,112.35,
03173,60000,78400,Renfe,AVE,2026-02-19 17:27:00,2026-02-19 19:35:00,0 days 02:08:00,03173_19-02-2026-17.27,97.4,107.15,116.6,135.6,
03173,60000,71801,Renfe,AVE,2026-02-19 17:27:00,2026-02-19 20:46:00,0 days 03:19:00,03173_19-02-2026-17.27,106.75,118.6,126.2,145.2,
03173,60000,04104,Renfe,AVE,2026-02-19 17:27:00,2026-02-19 20:04:00,0 days 02:37:00,03173_19-02-2026-17.27,107.5,118.25,128.7,147.7,
03305,78400,71801,Renfe,AVE,2026-02-19 17:37:00,2026-02-19 18:46:00,0 days 01:09:00,03305_19-02-2026-15.27,64.15,69.95,77.55,96.55,
03305,78400,04104,Renfe,AVE,2026-02-19 17:37:00,2026-02-19 18:03:00,0 days 00:26:00,03305_19-02-2026-15.27,45.2,49.3,54.65,73.65,
03163,04040,71801,Renfe,AVE,2026-02-19 17:46:00,2026-02-19 19:19:00,0 days 01:33:00,03163_19-02-2026-16.27,72.1,80.1,85.25,104.25,
03173,04007,71801,Renfe,AVE,2026-02-19 17:54:00,2026-02-19 20:46:00,0 days 02:52:00,03173_19-02-2026-17.27,100.45,111.6,118.75,137.75,
03173,04007,04104,Renfe,AVE,2026-02-19 17:54:00,2026-02-19 20:04:00,0 days 02:10:00,03173_19-02-2026-17.27,99.6,109.55,119.2,138.2,
03173,04007,78400,Renfe,AVE,2026-02-19 17:54:00,2026-02-19 19:35:00,0 days 01:41:00,03173_19-02-2026-17.27,88.9,97.8,106.4,125.4,
03173,04007,04040,Renfe,AVE,2026-02-19 17:54:00,2026-02-19 18:51:00,0 days 00:57:00,03173_19-02-2026-17.27,68.3,75.15,81.75,100.75,
02553,60000,71801,Renfe,AVE,2026-02-19 17:57:00,2026-02-19 20:34:00,0 days 02:37:00,02553_19-02-2026-17.57,71.15,83.0,94.65,113.65,
03305,04104,71801,Renfe,AVE,2026-02-19 18:05:00,2026-02-19 18:46:00,0 days 00:41:00,03305_19-02-2026-15.27,48.95,53.4,59.2,78.2,
03183,60000,71801,Renfe,AVE,2026-02-19 18:27:00,2026-02-19 21:24:00,0 days 02:57:00,03183_19-02-2026-18.27,106.75,118.6,141.95,160.95,
03183,60000,04040,Renfe,AVE,2026-02-19 18:27:00,2026-02-19 19:45:00,0 days 01:18:00,03183_19-02-2026-18.27,78.0,85.8,103.75,122.75,
03183,60000,04104,Renfe,AVE,2026-02-19 18:27:00,2026-02-19 20:44:00,0 days 02:17:00,03183_19-02-2026-18.27,96.75,107.5,128.7,147.7,
03173,04040,78400,Renfe,AVE,2026-02-19 18:52:00,2026-02-19 19:35:00,0 days 00:43:00,03173_19-02-2026-17.27,56.55,61.7,68.35,87.35,
03173,04040,04104,Renfe,AVE,2026-02-19 18:52:00,2026-02-19 20:04:00,0 days 01:12:00,03173_19-02-2026-17.27,71.3,77.75,86.2,105.2,
03173,04040,71801,Renfe,AVE,2026-02-19 18:52:00,2026-02-19 20:46:00,0 days 01:54:00,03173_19-02-2026-17.27,80.1,88.1,95.9,114.9,
03191,60000,71801,Renfe,AVE,2026-02-19 18:57:00,2026-02-19 21:34:00,0 days 02:37:00,03191_19-02-2026-18.57,126.0,140.0,204.8,223.8,
02861,60000,04040,Renfe,AVE,2026-02-19 19:00:00,2026-02-19 20:42:00,0 days 01:42:00,02861_19-02-2026-19.00,31.2,39.0,51.85,70.85,
02861,60000,04007,Renfe,AVE,2026-02-19 19:00:00,2026-02-19 19:28:00,0 days 00:28:00,02861_19-02-2026-19.00,45.7,49.55,60.8,79.8,
02861,04007,04040,Renfe,AVE,2026-02-19 19:29:00,2026-02-19 20:42:00,0 days 01:13:00,02861_19-02-2026-19.00,27.3,34.15,45.4,64.4,
03309,60000,04040,Renfe,AVE,2026-02-19 19:34:00,2026-02-19 21:02:00,0 days 01:28:00,03309_19-02-2026-19.34,62.4,70.2,62.25,81.25,
03309,60000,04104,Renfe,AVE,2026-02-19 19:34:00,2026-02-19 22:15:00,0 days 02:41:00,03309_19-02-2026-19.34,64.5,75.25,85.8,104.8,
03309,60000,71801,Renfe,AVE,2026-02-19 19:34:00,2026-02-19 22:55:00,0 days 03:21:00,03309_19-02-2026-19.34,71.15,83.0,94.65,113.65,
03309,60000,78400,Renfe,AVE,2026-02-19 19:34:00,2026-02-19 21:46:00,0 days 02:12:00,03309_19-02-2026-19.34,58.45,68.2,77.75,96.75,
03309,60000,04007,Renfe,AVE,2026-02-19 19:34:00,2026-02-19 20:00:00,0 days 00:26:00,03309_19-02-2026-19.34,53.35,57.15,60.8,79.8,
03173,78400,04104,Renfe,AVE,2026-02-19 19:37:00,2026-02-19 20:04:00,0 days 00:27:00,03173_19-02-2026-17.27,45.2,49.3,54.65,73.65,
03173,78400,71801,Renfe,AVE,2026-02-19 19:37:00,2026-02-19 20:46:00,0 days 01:09:00,03173_19-02-2026-17.27,64.15,69.95,77.55,96.55,
03183,04040,04104,Renfe,AVE,2026-02-19 19:46:00,2026-02-19 20:44:00,0 days 00:58:00,03183_19-02-2026-18.27,58.3,64.8,77.55,96.55,
03183,04040,71801,Renfe,AVE,2026-02-19 19:46:00,2026-02-19 21:24:00,0 days 01:38:00,03183_19-02-2026-18.27,72.1,80.1,95.9,114.9,
00437,04040,78400,Renfe,ALVIA,2026-02-19 19:52:00,2026-02-19 20:56:00,0 days 01:04:00,00437_19-02-2026-19.52,26.65,30.5,35.45,,
00437,04040,04104,Renfe,ALVIA,2026-02-19 19:52:00,2026-02-19 21:30:00,0 days 01:38:00,00437_19-02-2026-19.52,33.6,38.4,44.7,,
00437,04040,71801,Renfe,ALVIA,2026-02-19 19:52:00,2026-02-19 22:13:00,0 days 02:21:00,00437_19-02-2026-19.52,35.6,41.5,47.3,,
03309,04007,71801,Renfe,AVE,2026-02-19 20:01:00,2026-02-19 22:55:00,0 days 02:54:00,03309_19-02-2026-19.34,66.95,78.1,89.05,108.05,
03931,04040,04104,Renfe,AVE,2026-02-19 20:01:00,2026-02-19 21:16:00,0 days 01:15:00,03931_19-02-2026-20.01,58.3,64.8,77.55,96.55,
03309,04007,04104,Renfe,AVE,2026-02-19 20:01:00,2026-02-19 22:15:00,0 days 02:14:00,03309_19-02-2026-19.34,59.75,69.7,79.5,98.5,
03309,04007,04040,Renfe,AVE,2026-02-19 20:01:00,2026-02-19 21:02:00,0 days 01:01:00,03309_19-02-2026-19.34,54.65,61.45,72.65,91.65,
03309,04007,78400,Renfe,AVE,2026-02-19 20:01:00,2026-02-19 21:46:00,0 days 01:45:00,03309_19-02-2026-19.34,53.35,62.25,70.95,89.95,
03931,04040,78400,Renfe,AVE,2026-02-19 20:01:00,2026-02-19 20:48:00,0 days 00:47:00,03931_19-02-2026-20.01,46.25,51.4,61.55,80.55,
03931,04040,71801,Renfe,AVE,2026-02-19 20:01:00,2026-02-19 21:58:00,0 days 01:57:00,03931_19-02-2026-20.01,64.1,72.1,85.25,104.25,
03201,60000,71801,Renfe,AVE,2026-02-19 20:05:00,2026-02-19 22:42:00,0 days 02:37:00,03201_19-02-2026-20.05,55.95,69.95,74.45,93.45,
03173,04104,71801,Renfe,AVE,2026-02-19 20:06:00,2026-02-19 20:46:00,0 days 00:40:00,03173_19-02-2026-17.27,48.95,53.4,59.2,78.2,
03203,60000,04104,Renfe,AVE,2026-02-19 20:27:00,2026-02-19 23:07:00,0 days 02:40:00,03203_19-02-2026-20.27,53.75,64.5,71.5,90.5,
03203,60000,71801,Renfe,AVE,2026-02-19 20:27:00,2026-02-19 23:48:00,0 days 03:21:00,03203_19-02-2026-20.27,47.45,59.3,63.1,82.1,
03203,60000,04040,Renfe,AVE,2026-02-19 20:27:00,2026-02-19 21:57:00,0 days 01:30:00,03203_19-02-2026-20.27,39.0,46.8,51.85,70.85,
03203,60000,04007,Renfe,AVE,2026-02-19 20:27:00,2026-02-19 20:52:00,0 days 00:25:00,03203_19-02-2026-20.27,45.7,49.55,60.8,79.8,
03203,60000,78400,Renfe,AVE,2026-02-19 20:27:00,2026-02-19 22:40:00,0 days 02:13:00,03203_19-02-2026-20.27,48.7,58.45,64.75,83.75,
03991,04040,78400,Renfe,AVE,2026-02-19 20:38:00,2026-02-19 21:20:00,0 days 00:42:00,03991_19-02-2026-20.38,46.25,51.4,61.55,80.55,
03941,04040,78400,Renfe,AVE,2026-02-19 20:38:00,2026-02-19 21:20:00,0 days 00:42:00,03941_19-02-2026-20.38,41.1,46.25,54.7,73.7,
03941,04040,71801,Renfe,AVE,2026-02-19 20:38:00,2026-02-19 22:35:00,0 days 01:57:00,03941_19-02-2026-20.38,56.05,64.1,74.55,93.55,
03941,04040,04104,Renfe,AVE,2026-02-19 20:38:00,2026-02-19 21:51:00,0 days 01:13:00,03941_19-02-2026-20.38,51.85,58.3,68.95,87.95,
03991,04040,71801,Renfe,AVE,2026-02-19 20:38:00,2026-02-19 22:35:00,0 days 01:57:00,03991_19-02-2026-20.38,64.1,72.1,85.25,104.25,
03991,04040,04104,Renfe,AVE,2026-02-19 20:38:00,2026-02-19 21:51:00,0 days 01:13:00,03991_19-02-2026-20.38,58.3,64.8,77.55,96.55,
03183,04104,71801,Renfe,AVE,2026-02-19 20:46:00,2026-02-19 21:24:00,0 days 00:38:00,03183_19-02-2026-18.27,40.05,44.5,53.25,72.25,
03931,78400,71801,Renfe,AVE,2026-02-19 20:50:00,2026-02-19 21:58:00,0 days 01:08:00,03931_19-02-2026-20.01,52.45,58.3,69.8,88.8,
03931,78400,04104,Renfe,AVE,2026-02-19 20:50:00,2026-02-19 21:16:00,0 days 00:26:00,03931_19-02-2026-20.01,37.0,41.1,49.2,68.2,
03203,04007,71801,Renfe,AVE,2026-02-19 20:53:00,2026-02-19 23:48:00,0 days 02:55:00,03203_19-02-2026-20.27,44.65,55.8,59.35,78.35,
03203,04007,04040,Renfe,AVE,2026-02-19 20:53:00,2026-02-19 21:57:00,0 days 01:04:00,03203_19-02-2026-20.27,34.15,41.0,45.4,64.4,
03203,04007,04104,Renfe,AVE,2026-02-19 20:53:00,2026-02-19 23:07:00,0 days 02:14:00,03203_19-02-2026-20.27,49.8,59.75,66.25,85.25,
03203,04007,78400,Renfe,AVE,2026-02-19 20:53:00,2026-02-19 22:40:00,0 days 01:47:00,03203_19-02-2026-20.27,44.45,53.35,59.1,78.1,
00437,78400,71801,Renfe,ALVIA,2026-02-19 20:58:00,2026-02-19 22:13:00,0 days 01:15:00,00437_19-02-2026-19.52,30.25,34.55,40.2,,
00437,78400,04104,Renfe,ALVIA,2026-02-19 20:58:00,2026-02-19 21:30:00,0 days 00:32:00,00437_19-02-2026-19.52,21.35,24.4,28.4,,
03309,04040,04104,Renfe,AVE,2026-02-19 21:03:00,2026-02-19 22:15:00,0 days 01:12:00,03309_19-02-2026-19.34,51.85,58.3,68.95,87.95,
03309,04040,78400,Renfe,AVE,2026-02-19 21:03:00,2026-02-19 21:46:00,0 days 00:43:00,03309_19-02-2026-19.34,41.1,46.25,54.7,73.7,
03309,04040,71801,Renfe,AVE,2026-02-19 21:03:00,2026-02-19 22:55:00,0 days 01:52:00,03309_19-02-2026-19.34,64.1,72.1,85.25,104.25,
02883,60000,04040,Renfe,AVE,2026-02-19 21:07:00,2026-02-19 22:26:00,0 days 01:19:00,02883_19-02-2026-21.07,31.2,39.0,51.85,70.85,
02883,60000,71801,Renfe,AVE,2026-02-19 21:07:00,2026-02-19 23:59:00,0 days 02:52:00,02883_19-02-2026-21.07,35.6,47.45,63.1,82.1,
03931,04104,71801,Renfe,AVE,2026-02-19 21:18:00,2026-02-19 21:58:00,0 days 00:40:00,03931_19-02-2026-20.01,40.05,44.5,53.25,72.25,
03991,78400,71801,Renfe,AVE,2026-02-19 21:22:00,2026-02-19 22:35:00,0 days 01:13:00,03991_19-02-2026-20.38,52.45,58.3,69.8,88.8,
03991,78400,04104,Renfe,AVE,2026-02-19 21:22:00,2026-02-19 21:51:00,0 days 00:29:00,03991_19-02-2026-20.38,37.0,41.1,49.2,68.2,
03941,78400,04104,Renfe,AVE,2026-02-19 21:22:00,2026-02-19 21:51:00,0 days 00:29:00,03941_19-02-2026-20.38,32.9,37.0,43.75,62.75,
03941,78400,71801,Renfe,AVE,2026-02-19 21:22:00,2026-02-19 22:35:00,0 days 01:13:00,03941_19-02-2026-20.38,46.65,52.45,62.05,81.05,
00437,04104,71801,Renfe,ALVIA,2026-02-19 21:32:00,2026-02-19 22:13:00,0 days 00:41:00,00437_19-02-2026-19.52,23.1,26.4,30.7,,
03309,78400,71801,Renfe,AVE,2026-02-19 21:48:00,2026-02-19 22:55:00,0 days 01:07:00,03309_19-02-2026-19.34,58.3,64.15,69.8,88.8,
03309,78400,04104,Renfe,AVE,2026-02-19 21:48:00,2026-02-19 22:15:00,0 days 00:27:00,03309_19-02-2026-19.34,41.1,45.2,49.2,68.2,
03991,04104,71801,Renfe,AVE,2026-02-19 21:53:00,2026-02-19 22:35:00,0 days 00:42:00,03991_19-02-2026-20.38,40.05,44.5,53.25,72.25,
03941,04104,71801,Renfe,AVE,2026-02-19 21:53:00,2026-02-19 22:35:00,0 days 00:42:00,03941_19-02-2026-20.38,35.6,40.05,47.35,66.35,
03203,04040,04104,Renfe,AVE,2026-02-19 21:58:00,2026-02-19 23:07:00,0 days 01:09:00,03203_19-02-2026-20.27,38.9,45.35,51.7,70.7,
03203,04040,71801,Renfe,AVE,2026-02-19 21:58:00,2026-02-19 23:48:00,0 days 01:50:00,03203_19-02-2026-20.27,40.05,48.05,53.25,72.25,
03203,04040,78400,Renfe,AVE,2026-02-19 21:58:00,2026-02-19 22:40:00,0 days 00:42:00,03203_19-02-2026-20.27,30.85,36.0,41.0,60.0,
03309,04104,71801,Renfe,AVE,2026-02-19 22:17:00,2026-02-19 22:55:00,0 days 00:38:00,03309_19-02-2026-19.34,44.5,48.95,53.25,72.25,
02883,04040,71801,Renfe,AVE,2026-02-19 22:27:00,2026-02-19 23:59:00,0 days 01:32:00,02883_19-02-2026-21.07,24.05,32.05,53.25,72.25,
03203,78400,04104,Renfe,AVE,2026-02-19 22:42:00,2026-02-19 23:07:00,0 days 00:25:00,03203_19-02-2026-20.27,20.55,24.65,32.8,51.8,
03203,78400,71801,Renfe,AVE,2026-02-19 22:42:00,2026-02-19 23:48:00,0 days 01:06:00,03203_19-02-2026-20.27,29.15,35.0,46.5,65.5,
03203,04104,71801,Renfe,AVE,2026-02-19 23:09:00,2026-02-19 23:48:00,0 days 00:39:00,03203_19-02-2026-20.27,22.25,26.7,35.5,54.5,
03301,60000,71801,Renfe,AVE,2026-02-20 06:27:00,2026-02-20 09:25:00,0 days 02:58:00,03301_20-02-2026-06.27,166.05,177.9,189.3,208.3,
03301,60000,04040,Renfe,AVE,2026-02-20 06:27:00,2026-02-20 07:52:00,0 days 01:25:00,03301_20-02-2026-06.27,148.2,156.0,155.6,174.6,
03071,60000,71801,Renfe,AVE,2026-02-20 06:57:00,2026-02-20 09:34:00,0 days 02:37:00,03071_20-02-2026-06.57,41.95,55.95,74.45,93.45,
03073,60000,78400,Renfe,AVE,2026-02-20 07:27:00,2026-02-20 09:35:00,0 days 02:08:00,03073_20-02-2026-07.27,48.7,58.45,64.75,83.75,
03073,60000,04104,Renfe,AVE,2026-02-20 07:27:00,2026-02-20 10:04:00,0 days 02:37:00,03073_20-02-2026-07.27,53.75,64.5,71.5,90.5,
03073,60000,04007,Renfe,AVE,2026-02-20 07:27:00,2026-02-20 07:52:00,0 days 00:25:00,03073_20-02-2026-07.27,45.7,49.55,60.8,79.8,
03073,60000,04040,Renfe,AVE,2026-02-20 07:27:00,2026-02-20 08:51:00,0 days 01:24:00,03073_20-02-2026-07.27,39.0,46.8,51.85,70.85,
03073,60000,71801,Renfe,AVE,2026-02-20 07:27:00,2026-02-20 10:46:00,0 days 03:19:00,03073_20-02-2026-07.27,47.45,59.3,63.1,82.1,
03073,04007,04104,Renfe,AVE,2026-02-20 07:53:00,2026-02-20 10:04:00,0 days 02:11:00,03073_20-02-2026-07.27,49.8,59.75,66.25,85.25,
03073,04007,71801,Renfe,AVE,2026-02-20 07:53:00,2026-02-20 10:46:00,0 days 02:53:00,03073_20-02-2026-07.27,44.65,55.8,59.35,78.35,
03301,04040,71801,Renfe,AVE,2026-02-20 07:53:00,2026-02-20 09:25:00,0 days 01:32:00,03301_20-02-2026-06.27,112.15,120.15,127.85,146.85,
03073,04007,04040,Renfe,AVE,2026-02-20 07:53:00,2026-02-20 08:51:00,0 days 00:58:00,03073_20-02-2026-07.27,34.15,41.0,45.4,64.4,
03073,04007,78400,Renfe,AVE,2026-02-20 07:53:00,2026-02-20 09:35:00,0 days 01:42:00,03073_20-02-2026-07.27,44.45,53.35,59.1,78.1,
03081,60000,71801,Renfe,AVE,2026-02-20 07:57:00,2026-02-20 10:34:00,0 days 02:37:00,03081_20-02-2026-07.57,55.95,69.95,74.45,93.45,
03073,04040,04104,Renfe,AVE,2026-02-20 08:52:00,2026-02-20 10:04:00,0 days 01:12:00,03073_20-02-2026-07.27,38.9,45.35,51.7,70.7,
03073,04040,78400,Renfe,AVE,2026-02-20 08:52:00,2026-02-20 09:35:00,0 days 00:43:00,03073_20-02-2026-07.27,30.85,36.0,41.0,60.0,
03073,04040,71801,Renfe,AVE,2026-02-20 08:52:00,2026-02-20 10:46:00,0 days 01:54:00,03073_20-02-2026-07.27,40.05,48.05,53.25,72.25,
03091,60000,04104,Renfe,AVE,2026-02-20 08:57:00,2026-02-20 11:01:00,0 days 02:04:00,03091_20-02-2026-08.57,53.75,64.5,71.5,90.5,
03091,60000,71801,Renfe,AVE,2026-02-20 08:57:00,2026-02-20 11:41:00,0 days 02:44:00,03091_20-02-2026-08.57,55.95,69.95,74.45,93.45,
02561,60000,71801,Renfe,AVE,2026-02-20 09:27:00,2026-02-20 12:41:00,0 days 03:14:00,02561_20-02-2026-09.27,71.15,83.0,110.4,129.4,
02561,60000,04104,Renfe,AVE,2026-02-20 09:27:00,2026-02-20 12:00:00,0 days 02:33:00,02561_20-02-2026-09.27,75.25,86.0,114.4,133.4,
02561,60000,78400,Renfe,AVE,2026-02-20 09:27:00,2026-02-20 11:32:00,0 days 02:05:00,02561_20-02-2026-09.27,68.2,77.9,90.7,109.7,
02561,60000,04040,Renfe,AVE,2026-02-20 09:27:00,2026-02-20 10:46:00,0 days 01:19:00,02561_20-02-2026-09.27,54.6,62.4,72.6,91.6,
03073,78400,71801,Renfe,AVE,2026-02-20 09:37:00,2026-02-20 10:46:00,0 days 01:09:00,03073_20-02-2026-07.27,35.0,40.8,46.5,65.5,
03073,78400,04104,Renfe,AVE,2026-02-20 09:37:00,2026-02-20 10:04:00,0 days 00:27:00,03073_20-02-2026-07.27,24.65,28.75,32.8,51.8,
03073,04104,71801,Renfe,AVE,2026-02-20 10:06:00,2026-02-20 10:46:00,0 days 00:40:00,03073_20-02-2026-07.27,26.7,31.15,35.5,54.5,
03303,60000,71801,Renfe,AVE,2026-02-20 10:27:00,2026-02-20 13:19:00,0 days 02:52:00,03303_20-02-2026-10.27,71.15,83.0,94.65,113.65,
03303,60000,04040,Renfe,AVE,2026-02-20 10:27:00,2026-02-20 11:47:00,0 days 01:20:00,03303_20-02-2026-10.27,62.4,70.2,62.25,81.25,
00605,60000,04007,Renfe,ALVIA,2026-02-20 10:32:00,2026-02-20 10:59:00,0 days 00:27:00,00605_20-02-2026-10.32,26.45,28.35,30.15,,
02561,04040,04104,Renfe,AVE,2026-02-20 10:47:00,2026-02-20 12:00:00,0 days 01:13:00,02561_20-02-2026-09.27,51.85,58.3,77.55,96.55,
02561,04040,71801,Renfe,AVE,2026-02-20 10:47:00,2026-02-20 12:41:00,0 days 01:54:00,02561_20-02-2026-09.27,56.05,64.1,85.25,104.25,
02561,04040,78400,Renfe,AVE,2026-02-20 10:47:00,2026-02-20 11:32:00,0 days 00:45:00,02561_20-02-2026-09.27,41.1,46.25,54.7,73.7,
03091,04104,71801,Renfe,AVE,2026-02-20 11:03:00,2026-02-20 11:41:00,0 days 00:38:00,03091_20-02-2026-08.57,31.5,36.75,41.9,60.9,
00533,04040,04104,Renfe,ALVIA,2026-02-20 11:09:00,2026-02-20 12:31:00,0 days 01:22:00,00533_20-02-2026-11.09,57.6,62.4,70.2,,
00533,04040,78400,Renfe,ALVIA,2026-02-20 11:09:00,2026-02-20 11:58:00,0 days 00:49:00,00533_20-02-2026-11.09,38.1,41.9,55.75,,
00533,04040,71801,Renfe,ALVIA,2026-02-20 11:09:00,2026-02-20 13:09:00,0 days 02:00:00,00533_20-02-2026-11.09,65.25,71.15,78.85,,
03113,60000,78400,Renfe,AVE,2026-02-20 11:27:00,2026-02-20 13:35:00,0 days 02:08:00,03113_20-02-2026-11.27,87.65,97.4,103.65,122.65,
03113,60000,04104,Renfe,AVE,2026-02-20 11:27:00,2026-02-20 14:04:00,0 days 02:37:00,03113_20-02-2026-11.27,96.75,107.5,114.4,133.4,
03113,60000,71801,Renfe,AVE,2026-02-20 11:27:00,2026-02-20 14:46:00,0 days 03:19:00,03113_20-02-2026-11.27,94.9,106.75,110.4,129.4,
03113,60000,04040,Renfe,AVE,2026-02-20 11:27:00,2026-02-20 12:51:00,0 days 01:24:00,03113_20-02-2026-11.27,70.2,78.0,83.0,102.0,
02561,78400,71801,Renfe,AVE,2026-02-20 11:34:00,2026-02-20 12:41:00,0 days 01:07:00,02561_20-02-2026-09.27,46.65,52.45,69.8,88.8,
02561,78400,04104,Renfe,AVE,2026-02-20 11:34:00,2026-02-20 12:00:00,0 days 00:26:00,02561_20-02-2026-09.27,32.9,37.0,49.2,68.2,
03303,04040,71801,Renfe,AVE,2026-02-20 11:48:00,2026-02-20 13:19:00,0 days 01:31:00,03303_20-02-2026-10.27,64.1,72.1,85.25,104.25,
34433,78400,04104,Renfe,AVANT,2026-02-20 12:00:00,2026-02-20 12:31:00,0 days 00:31:00,34433_20-02-2026-12.00,,,,,15.0
34433,78400,71801,Renfe,AVANT,2026-02-20 12:00:00,2026-02-20 13:09:00,0 days 01:09:00,34433_20-02-2026-12.00,,,,,31.5
00533,78400,71801,Renfe,ALVIA,2026-02-20 12:00:00,2026-02-20 13:09:00,0 days 01:09:00,00533_20-02-2026-11.09,51.85,56.15,63.2,,
00533,78400,04104,Renfe,ALVIA,2026-02-20 12:00:00,2026-02-20 12:31:00,0 days 00:31:00,00533_20-02-2026-11.09,36.6,39.65,44.6,,
02561,04104,71801,Renfe,AVE,2026-02-20 12:02:00,2026-02-20 12:41:00,0 days 00:39:00,02561_20-02-2026-09.27,35.6,40.05,53.25,72.25,
02591,60000,71801,Renfe,AVE,2026-02-20 12:27:00,2026-02-20 15:44:00,0 days 03:17:00,02591_20-02-2026-12.27,59.3,71.15,78.85,97.85,
02591,60000,04040,Renfe,AVE,2026-02-20 12:27:00,2026-02-20 13:45:00,0 days 01:18:00,02591_20-02-2026-12.27,46.8,54.6,62.25,81.25,
02591,60000,78400,Renfe,AVE,2026-02-20 12:27:00,2026-02-20 14:29:00,0 days 02:02:00,02591_20-02-2026-12.27,58.45,68.2,77.75,96.75,
00533,04104,71801,Renfe,ALVIA,2026-02-20 12:33:00,2026-02-20 13:09:00,0 days 00:36:00,00533_20-02-2026-11.09,36.3,39.6,43.9,,
34433,04104,71801,Renfe,AVANT,2026-02-20 12:33:00,2026-02-20 13:09:00,0 days 00:36:00,34433_20-02-2026-12.00,,,,,18.5
03943,04040,71801,Renfe,AVE,2026-02-20 12:37:00,2026-02-20 14:25:00,0 days 01:48:00,03943_20-02-2026-12.37,56.05,64.1,74.55,93.55,
03943,04040,78400,Renfe,AVE,2026-02-20 12:37:00,2026-02-20 13:17:00,0 days 00:40:00,03943_20-02-2026-12.37,41.1,46.25,54.7,73.7,
03993,04040,71801,Renfe,AVE,2026-02-20 12:37:00,2026-02-20 14:25:00,0 days 01:48:00,03993_20-02-2026-12.37,64.1,72.1,85.25,104.25,
03993,04040,78400,Renfe,AVE,2026-02-20 12:37:00,2026-02-20 13:17:00,0 days 00:40:00,03993_20-02-2026-12.37,46.25,51.4,61.55,80.55,
03943,04040,04104,Renfe,AVE,2026-02-20 12:37:00,2026-02-20 13:43:00,0 days 01:06:00,03943_20-02-2026-12.37,51.85,58.3,68.95,87.95,
03993,04040,04104,Renfe,AVE,2026-02-20 12:37:00,2026-02-20 13:43:00,0 days 01:06:00,03993_20-02-2026-12.37,58.3,64.8,77.55,96.55,
03113,04040,04104,Renfe,AVE,2026-02-20 12:52:00,2026-02-20 14:04:00,0 days 01:12:00,03113_20-02-2026-11.27,58.3,64.8,68.95,87.95,
03113,04040,71801,Renfe,AVE,2026-02-20 12:52:00,2026-02-20 14:46:00,0 days 01:54:00,03113_20-02-2026-11.27,64.1,72.1,74.55,93.55,
03113,04040,78400,Renfe,AVE,2026-02-20 12:52:00,2026-02-20 13:35:00,0 days 00:43:00,03113_20-02-2026-11.27,46.25,51.4,54.7,73.7,
09725,60000,71801,Renfe,AVE INT,2026-02-20 13:15:00,2026-02-20 16:19:00,0 days 03:04:00,09725_20-02-2026-13.15,71.15,83.0,126.2,145.2,
09725,60000,04104,Renfe,AVE INT,2026-02-20 13:15:00,2026-02-20 15:37:00,0 days 02:22:00,09725_20-02-2026-13.15,64.5,75.25,114.4,133.4,
03943,78400,71801,Renfe,AVE,2026-02-20 13:19:00,2026-02-20 14:25:00,0 days 01:06:00,03943_20-02-2026-12.37,46.65,52.45,62.05,81.05,
03943,78400,04104,Renfe,AVE,2026-02-20 13:19:00,2026-02-20 13:43:00,0 days 00:24:00,03943_20-02-2026-12.37,32.9,37.0,43.75,62.75,
03993,78400,71801,Renfe,AVE,2026-02-20 13:19:00,2026-02-20 14:25:00,0 days 01:06:00,03993_20-02-2026-12.37,52.45,58.3,69.8,88.8,
03993,78400,04104,Renfe,AVE,2026-02-20 13:19:00,2026-02-20 13:43:00,0 days 00:24:00,03993_20-02-2026-12.37,37.0,41.1,49.2,68.2,
03113,78400,04104,Renfe,AVE,2026-02-20 13:37:00,2026-02-20 14:04:00,0 days 00:27:00,03113_20-02-2026-11.27,37.0,41.1,43.75,62.75,
34813,78400,04104,Renfe,AVANT,2026-02-20 13:37:00,2026-02-20 14:04:00,0 days 00:27:00,34813_20-02-2026-13.37,,,,,15.0
34813,78400,71801,Renfe,AVANT,2026-02-20 13:37:00,2026-02-20 14:46:00,0 days 01:09:00,34813_20-02-2026-13.37,,,,,31.5
03113,78400,71801,Renfe,AVE,2026-02-20 13:37:00,2026-02-20 14:46:00,0 days 01:09:00,03113_20-02-2026-11.27,52.45,58.3,62.05,81.05,
09725,04007,04104,Renfe,AVE INT,2026-02-20 13:43:00,2026-02-20 15:37:00,0 days 01:54:00,09725_20-02-2026-13.15,59.75,69.7,105.95,124.95,
09725,04007,71801,Renfe,AVE INT,2026-02-20 13:43:00,2026-02-20 16:19:00,0 days 02:36:00,09725_20-02-2026-13.15,66.95,78.1,118.75,137.75,
03943,04104,71801,Renfe,AVE,2026-02-20 13:45:00,2026-02-20 14:25:00,0 days 00:40:00,03943_20-02-2026-12.37,35.6,40.05,47.35,66.35,
03993,04104,71801,Renfe,AVE,2026-02-20 13:45:00,2026-02-20 14:25:00,0 days 00:40:00,03993_20-02-2026-12.37,40.05,44.5,53.25,72.25,
02591,04040,78400,Renfe,AVE,2026-02-20 13:46:00,2026-02-20 14:29:00,0 days 00:43:00,02591_20-02-2026-12.27,36.0,41.1,47.85,66.85,
02591,04040,71801,Renfe,AVE,2026-02-20 13:46:00,2026-02-20 15:44:00,0 days 01:58:00,02591_20-02-2026-12.27,48.05,56.05,63.9,82.9,
03141,60000,71801,Renfe,AVE,2026-02-20 13:57:00,2026-02-20 16:34:00,0 days 02:37:00,03141_20-02-2026-13.57,111.9,125.9,148.85,167.85,
34813,04104,71801,Renfe,AVANT,2026-02-20 14:06:00,2026-02-20 14:46:00,0 days 00:40:00,34813_20-02-2026-13.37,,,,,18.5
03113,04104,71801,Renfe,AVE,2026-02-20 14:06:00,2026-02-20 14:46:00,0 days 00:40:00,03113_20-02-2026-11.27,40.05,44.5,47.35,66.35,
03143,60000,04040,Renfe,AVE,2026-02-20 14:27:00,2026-02-20 15:51:00,0 days 01:24:00,03143_20-02-2026-14.27,78.0,85.8,114.1,133.1,
03143,60000,71801,Renfe,AVE,2026-02-20 14:27:00,2026-02-20 17:24:00,0 days 02:57:00,03143_20-02-2026-14.27,106.75,118.6,157.75,176.75,
02591,78400,71801,Renfe,AVE,2026-02-20 14:31:00,2026-02-20 15:44:00,0 days 01:13:00,02591_20-02-2026-12.27,40.8,46.65,54.3,73.3,
34823,78400,71801,Renfe,AVANT,2026-02-20 14:31:00,2026-02-20 15:44:00,0 days 01:13:00,34823_20-02-2026-14.31,,,,,31.5
00609,60000,04007,Renfe,ALVIA,2026-02-20 14:47:00,2026-02-20 15:15:00,0 days 00:28:00,00609_20-02-2026-14.47,26.45,28.35,30.15,,
03151,60000,71801,Renfe,AVE,2026-02-20 14:57:00,2026-02-20 17:34:00,0 days 02:37:00,03151_20-02-2026-14.57,97.95,111.9,111.65,130.65,
03305,60000,71801,Renfe,AVE,2026-02-20 15:27:00,2026-02-20 18:46:00,0 days 03:19:00,03305_20-02-2026-15.27,130.45,142.3,157.75,176.75,
03305,60000,04040,Renfe,AVE,2026-02-20 15:27:00,2026-02-20 16:50:00,0 days 01:23:00,03305_20-02-2026-15.27,128.7,136.5,114.1,133.1,
03305,60000,04104,Renfe,AVE,2026-02-20 15:27:00,2026-02-20 18:03:00,0 days 02:36:00,03305_20-02-2026-15.27,118.25,129.0,143.0,162.0,
03305,60000,78400,Renfe,AVE,2026-02-20 15:27:00,2026-02-20 17:35:00,0 days 02:08:00,03305_20-02-2026-15.27,107.15,116.9,129.55,148.55,
03143,04040,71801,Renfe,AVE,2026-02-20 15:52:00,2026-02-20 17:24:00,0 days 01:32:00,03143_20-02-2026-14.27,48.05,56.05,117.2,136.2,
03161,60000,71801,Renfe,AVE,2026-02-20 15:57:00,2026-02-20 18:34:00,0 days 02:37:00,03161_20-02-2026-15.57,97.95,111.9,111.65,130.65,
03363,60000,04040,Renfe,AVE,2026-02-20 16:02:00,2026-02-20 17:26:00,0 days 01:24:00,03363_20-02-2026-16.02,78.0,85.8,93.35,112.35,
03163,60000,04040,Renfe,AVE,2026-02-20 16:27:00,2026-02-20 17:45:00,0 days 01:18:00,03163_20-02-2026-16.27,78.0,85.8,93.35,112.35,
03163,60000,71801,Renfe,AVE,2026-02-20 16:27:00,2026-02-20 19:19:00,0 days 02:52:00,03163_20-02-2026-16.27,106.75,118.6,126.2,145.2,
03305,04040,78400,Renfe,AVE,2026-02-20 16:51:00,2026-02-20 17:35:00,0 days 00:44:00,03305_20-02-2026-15.27,71.95,77.1,82.05,101.05,
03305,04040,71801,Renfe,AVE,2026-02-20 16:51:00,2026-02-20 18:46:00,0 days 01:55:00,03305_20-02-2026-15.27,112.15,120.15,127.85,146.85,
03305,04040,04104,Renfe,AVE,2026-02-20 16:51:00,2026-02-20 18:03:00,0 days 01:12:00,03305_20-02-2026-15.27,90.7,97.2,103.4,122.4,
03171,60000,71801,Renfe,AVE,2026-02-20 16:57:00,2026-02-20 19:34:00,0 days 02:37:00,03171_20-02-2026-16.57,111.9,125.9,130.25,149.25,
03373,60000,04040,Renfe,AVE,2026-02-20 17:27:00,2026-02-20 18:51:00,0 days 01:24:00,03373_20-02-2026-17.27,148.2,156.0,155.6,174.6,
03373,60000,78400,Renfe,AVE,2026-02-20 17:27:00,2026-02-20 19:35:00,0 days 02:08:00,03373_20-02-2026-17.27,136.35,146.1,155.45,174.45,
03373,60000,04104,Renfe,AVE,2026-02-20 17:27:00,2026-02-20 20:04:00,0 days 02:37:00,03373_20-02-2026-17.27,150.5,161.25,171.55,190.55,
03373,60000,04007,Renfe,AVE,2026-02-20 17:27:00,2026-02-20 17:53:00,0 days 00:26:00,03373_20-02-2026-17.27,53.35,57.15,60.8,79.8,
03373,60000,71801,Renfe,AVE,2026-02-20 17:27:00,2026-02-20 20:46:00,0 days 03:19:00,03373_20-02-2026-17.27,166.05,177.9,189.3,208.3,
03305,78400,04104,Renfe,AVE,2026-02-20 17:37:00,2026-02-20 18:03:00,0 days 00:26:00,03305_20-02-2026-15.27,57.55,61.65,65.6,84.6,
03305,78400,71801,Renfe,AVE,2026-02-20 17:37:00,2026-02-20 18:46:00,0 days 01:09:00,03305_20-02-2026-15.27,81.6,87.45,93.05,112.05,
03163,04040,71801,Renfe,AVE,2026-02-20 17:46:00,2026-02-20 19:19:00,0 days 01:33:00,03163_20-02-2026-16.27,72.1,80.1,85.25,104.25,
03373,04007,71801,Renfe,AVE,2026-02-20 17:54:00,2026-02-20 20:46:00,0 days 02:52:00,03373_20-02-2026-17.27,156.25,167.4,178.1,197.1,
03373,04007,04040,Renfe,AVE,2026-02-20 17:54:00,2026-02-20 18:51:00,0 days 00:57:00,03373_20-02-2026-17.27,95.6,102.45,109.0,128.0,
03373,04007,78400,Renfe,AVE,2026-02-20 17:54:00,2026-02-20 19:35:00,0 days 01:41:00,03373_20-02-2026-17.27,124.45,133.35,141.9,160.9,
03373,04007,04104,Renfe,AVE,2026-02-20 17:54:00,2026-02-20 20:04:00,0 days 02:10:00,03373_20-02-2026-17.27,139.45,149.4,158.95,177.95,
02553,60000,71801,Renfe,AVE,2026-02-20 17:57:00,2026-02-20 20:34:00,0 days 02:37:00,02553_20-02-2026-17.57,71.15,83.0,94.65,113.65,
03305,04104,71801,Renfe,AVE,2026-02-20 18:05:00,2026-02-20 18:46:00,0 days 00:41:00,03305_20-02-2026-15.27,62.3,66.75,71.0,90.0,
03183,60000,04040,Renfe,AVE,2026-02-20 18:27:00,2026-02-20 19:45:00,0 days 01:18:00,03183_20-02-2026-18.27,78.0,85.8,93.35,112.35,
03183,60000,71801,Renfe,AVE,2026-02-20 18:27:00,2026-02-20 21:24:00,0 days 02:57:00,03183_20-02-2026-18.27,106.75,118.6,126.2,145.2,
03183,60000,04104,Renfe,AVE,2026-02-20 18:27:00,2026-02-20 20:44:00,0 days 02:17:00,03183_20-02-2026-18.27,96.75,107.5,114.4,133.4,
03373,04040,71801,Renfe,AVE,2026-02-20 18:52:00,2026-02-20 20:46:00,0 days 01:54:00,03373_20-02-2026-17.27,112.15,120.15,127.85,146.85,
03373,04040,04104,Renfe,AVE,2026-02-20 18:52:00,2026-02-20 20:04:00,0 days 01:12:00,03373_20-02-2026-17.27,90.7,97.2,103.4,122.4,
03373,04040,78400,Renfe,AVE,2026-02-20 18:52:00,2026-02-20 19:35:00,0 days 00:43:00,03373_20-02-2026-17.27,71.95,77.1,82.05,101.05,
03191,60000,71801,Renfe,AVE,2026-02-20 18:57:00,2026-02-20 21:34:00,0 days 02:37:00,03191_20-02-2026-18.57,84.0,98.0,111.7,130.7,
02861,60000,04007,Renfe,AVE,2026-02-20 19:00:00,2026-02-20 19:28:00,0 days 00:28:00,02861_20-02-2026-19.00,45.7,49.55,60.8,79.8,
02861,60000,04040,Renfe,AVE,2026-02-20 19:00:00,2026-02-20 20:42:00,0 days 01:42:00,02861_20-02-2026-19.00,39.0,46.8,51.85,70.85,
02861,04007,04040,Renfe,AVE,2026-02-20 19:29:00,2026-02-20 20:42:00,0 days 01:13:00,02861_20-02-2026-19.00,34.15,41.0,45.4,64.4,
03309,60000,78400,Renfe,AVE,2026-02-20 19:34:00,2026-02-20 21:46:00,0 days 02:12:00,03309_20-02-2026-19.34,68.2,77.9,90.7,109.7,
03309,60000,71801,Renfe,AVE,2026-02-20 19:34:00,2026-02-20 22:55:00,0 days 03:21:00,03309_20-02-2026-19.34,83.0,94.9,110.4,129.4,
03309,60000,04007,Renfe,AVE,2026-02-20 19:34:00,2026-02-20 20:00:00,0 days 00:26:00,03309_20-02-2026-19.34,53.35,57.15,60.8,79.8,
03309,60000,04040,Renfe,AVE,2026-02-20 19:34:00,2026-02-20 21:02:00,0 days 01:28:00,03309_20-02-2026-19.34,78.0,85.8,83.0,102.0,
03309,60000,04104,Renfe,AVE,2026-02-20 19:34:00,2026-02-20 22:15:00,0 days 02:41:00,03309_20-02-2026-19.34,75.25,86.0,100.1,119.1,
03373,78400,04104,Renfe,AVE,2026-02-20 19:37:00,2026-02-20 20:04:00,0 days 00:27:00,03373_20-02-2026-17.27,57.55,61.65,65.6,84.6,
03373,78400,71801,Renfe,AVE,2026-02-20 19:37:00,2026-02-20 20:46:00,0 days 01:09:00,03373_20-02-2026-17.27,81.6,87.45,93.05,112.05,
03183,04040,71801,Renfe,AVE,2026-02-20 19:46:00,2026-02-20 21:24:00,0 days 01:38:00,03183_20-02-2026-18.27,72.1,80.1,85.25,104.25,
03183,04040,04104,Renfe,AVE,2026-02-20 19:46:00,2026-02-20 20:44:00,0 days 00:58:00,03183_20-02-2026-18.27,58.3,64.8,68.95,87.95,
00437,04040,04104,Renfe,ALVIA,2026-02-20 19:52:00,2026-02-20 21:30:00,0 days 01:38:00,00437_20-02-2026-19.52,33.6,38.4,57.45,,
00437,04040,78400,Renfe,ALVIA,2026-02-20 19:52:00,2026-02-20 20:56:00,0 days 01:04:00,00437_20-02-2026-19.52,26.65,30.5,45.6,,
00437,04040,71801,Renfe,ALVIA,2026-02-20 19:52:00,2026-02-20 22:13:00,0 days 02:21:00,00437_20-02-2026-19.52,35.6,41.5,63.1,,
03931,04040,78400,Renfe,AVE,2026-02-20 20:01:00,2026-02-20 20:48:00,0 days 00:47:00,03931_20-02-2026-20.01,51.4,56.55,61.55,80.55,
03309,04007,78400,Renfe,AVE,2026-02-20 20:01:00,2026-02-20 21:46:00,0 days 01:45:00,03309_20-02-2026-19.34,62.25,71.1,82.75,101.75,
03309,04007,04040,Renfe,AVE,2026-02-20 20:01:00,2026-02-20 21:02:00,0 days 01:01:00,03309_20-02-2026-19.34,68.3,75.15,81.75,100.75,
03931,04040,71801,Renfe,AVE,2026-02-20 20:01:00,2026-02-20 21:58:00,0 days 01:57:00,03931_20-02-2026-20.01,72.1,80.1,85.25,104.25,
03309,04007,04104,Renfe,AVE,2026-02-20 20:01:00,2026-02-20 22:15:00,0 days 02:14:00,03309_20-02-2026-19.34,69.7,79.7,92.75,111.75,
03931,04040,04104,Renfe,AVE,2026-02-20 20:01:00,2026-02-20 21:16:00,0 days 01:15:00,03931_20-02-2026-20.01,64.8,71.3,77.55,96.55,
03309,04007,71801,Renfe,AVE,2026-02-20 20:01:00,2026-02-20 22:55:00,0 days 02:54:00,03309_20-02-2026-19.34,78.1,89.3,103.9,122.9,
03201,60000,71801,Renfe,AVE,2026-02-20 20:05:00,2026-02-20 22:42:00,0 days 02:37:00,03201_20-02-2026-20.05,55.95,69.95,74.45,93.45,
03373,04104,71801,Renfe,AVE,2026-02-20 20:06:00,2026-02-20 20:46:00,0 days 00:40:00,03373_20-02-2026-17.27,62.3,66.75,71.0,90.0,
03203,60000,78400,Renfe,AVE,2026-02-20 20:27:00,2026-02-20 22:40:00,0 days 02:13:00,03203_20-02-2026-20.27,68.2,77.9,90.7,109.7,
03203,60000,04040,Renfe,AVE,2026-02-20 20:27:00,2026-02-20 21:57:00,0 days 01:30:00,03203_20-02-2026-20.27,54.6,62.4,72.6,91.6,
03203,60000,71801,Renfe,AVE,2026-02-20 20:27:00,2026-02-20 23:48:00,0 days 03:21:00,03203_20-02-2026-20.27,71.15,83.0,94.65,113.65,
03203,60000,04104,Renfe,AVE,2026-02-20 20:27:00,2026-02-20 23:07:00,0 days 02:40:00,03203_20-02-2026-20.27,75.25,86.0,100.1,119.1,
03203,60000,04007,Renfe,AVE,2026-02-20 20:27:00,2026-02-20 20:52:00,0 days 00:25:00,03203_20-02-2026-20.27,45.7,49.55,60.8,79.8,
03991,04040,71801,Renfe,AVE,2026-02-20 20:38:00,2026-02-20 22:35:00,0 days 01:57:00,03991_20-02-2026-20.38,64.1,72.1,85.25,104.25,
03941,04040,71801,Renfe,AVE,2026-02-20 20:38:00,2026-02-20 22:35:00,0 days 01:57:00,03941_20-02-2026-20.38,64.1,72.1,85.25,104.25,
03941,04040,04104,Renfe,AVE,2026-02-20 20:38:00,2026-02-20 21:51:00,0 days 01:13:00,03941_20-02-2026-20.38,58.3,64.8,77.55,96.55,
03991,04040,78400,Renfe,AVE,2026-02-20 20:38:00,2026-02-20 21:20:00,0 days 00:42:00,03991_20-02-2026-20.38,46.25,51.4,61.55,80.55,
03941,04040,78400,Renfe,AVE,2026-02-20 20:38:00,2026-02-20 21:20:00,0 days 00:42:00,03941_20-02-2026-20.38,46.25,51.4,61.55,80.55,
03991,04040,04104,Renfe,AVE,2026-02-20 20:38:00,2026-02-20 21:51:00,0 days 01:13:00,03991_20-02-2026-20.38,58.3,64.8,77.55,96.55,
03183,04104,71801,Renfe,AVE,2026-02-20 20:46:00,2026-02-20 21:24:00,0 days 00:38:00,03183_20-02-2026-18.27,40.05,44.5,47.35,66.35,
03931,78400,04104,Renfe,AVE,2026-02-20 20:50:00,2026-02-20 21:16:00,0 days 00:26:00,03931_20-02-2026-20.01,41.1,45.2,49.2,68.2,
03931,78400,71801,Renfe,AVE,2026-02-20 20:50:00,2026-02-20 21:58:00,0 days 01:08:00,03931_20-02-2026-20.01,58.3,64.15,69.8,88.8,
03203,04007,04040,Renfe,AVE,2026-02-20 20:53:00,2026-02-20 21:57:00,0 days 01:04:00,03203_20-02-2026-20.27,47.8,54.65,63.6,82.6,
03203,04007,04104,Renfe,AVE,2026-02-20 20:53:00,2026-02-20 23:07:00,0 days 02:14:00,03203_20-02-2026-20.27,69.7,79.7,92.75,111.75,
03203,04007,71801,Renfe,AVE,2026-02-20 20:53:00,2026-02-20 23:48:00,0 days 02:55:00,03203_20-02-2026-20.27,66.95,78.1,89.05,108.05,
03203,04007,78400,Renfe,AVE,2026-02-20 20:53:00,2026-02-20 22:40:00,0 days 01:47:00,03203_20-02-2026-20.27,62.25,71.1,82.75,101.75,
00437,78400,04104,Renfe,ALVIA,2026-02-20 20:58:00,2026-02-20 21:30:00,0 days 00:32:00,00437_20-02-2026-19.52,21.35,24.4,36.5,,
00437,78400,71801,Renfe,ALVIA,2026-02-20 20:58:00,2026-02-20 22:13:00,0 days 01:15:00,00437_20-02-2026-19.52,30.25,34.55,51.7,,
03309,04040,78400,Renfe,AVE,2026-02-20 21:03:00,2026-02-20 21:46:00,0 days 00:43:00,03309_20-02-2026-19.34,46.25,51.4,54.7,73.7,
03309,04040,04104,Renfe,AVE,2026-02-20 21:03:00,2026-02-20 22:15:00,0 days 01:12:00,03309_20-02-2026-19.34,58.3,64.8,68.95,87.95,
03309,04040,71801,Renfe,AVE,2026-02-20 21:03:00,2026-02-20 22:55:00,0 days 01:52:00,03309_20-02-2026-19.34,72.1,80.1,85.25,104.25,
02883,60000,71801,Renfe,AVE,2026-02-20 21:07:00,2026-02-20 23:59:00,0 days 02:52:00,02883_20-02-2026-21.07,59.3,71.15,78.85,97.85,
02883,60000,04040,Renfe,AVE,2026-02-20 21:07:00,2026-02-20 22:26:00,0 days 01:19:00,02883_20-02-2026-21.07,46.8,54.6,62.25,81.25,
03931,04104,71801,Renfe,AVE,2026-02-20 21:18:00,2026-02-20 21:58:00,0 days 00:40:00,03931_20-02-2026-20.01,44.5,48.95,53.25,72.25,
03991,78400,04104,Renfe,AVE,2026-02-20 21:22:00,2026-02-20 21:51:00,0 days 00:29:00,03991_20-02-2026-20.38,37.0,41.1,49.2,68.2,
03941,78400,71801,Renfe,AVE,2026-02-20 21:22:00,2026-02-20 22:35:00,0 days 01:13:00,03941_20-02-2026-20.38,52.45,58.3,69.8,88.8,
03991,78400,71801,Renfe,AVE,2026-02-20 21:22:00,2026-02-20 22:35:00,0 days 01:13:00,03991_20-02-2026-20.38,52.45,58.3,69.8,88.8,
03941,78400,04104,Renfe,AVE,2026-02-20 21:22:00,2026-02-20 21:51:00,0 days 00:29:00,03941_20-02-2026-20.38,37.0,41.1,49.2,68.2,
00437,04104,71801,Renfe,ALVIA,2026-02-20 21:32:00,2026-02-20 22:13:00,0 days 00:41:00,00437_20-02-2026-19.52,23.1,26.4,39.5,,
03309,78400,04104,Renfe,AVE,2026-02-20 21:48:00,2026-02-20 22:15:00,0 days 00:27:00,03309_20-02-2026-19.34,45.2,49.3,54.65,73.65,
03309,78400,71801,Renfe,AVE,2026-02-20 21:48:00,2026-02-20 22:55:00,0 days 01:07:00,03309_20-02-2026-19.34,64.15,69.95,77.55,96.55,
03941,04104,71801,Renfe,AVE,2026-02-20 21:53:00,2026-02-20 22:35:00,0 days 00:42:00,03941_20-02-2026-20.38,40.05,44.5,53.25,72.25,
03991,04104,71801,Renfe,AVE,2026-02-20 21:53:00,2026-02-20 22:35:00,0 days 00:42:00,03991_20-02-2026-20.38,40.05,44.5,53.25,72.25,
03203,04040,71801,Renfe,AVE,2026-02-20 21:58:00,2026-02-20 23:48:00,0 days 01:50:00,03203_20-02-2026-20.27,32.05,40.05,53.25,72.25,
03203,04040,04104,Renfe,AVE,2026-02-20 21:58:00,2026-02-20 23:07:00,0 days 01:09:00,03203_20-02-2026-20.27,32.4,38.9,51.7,70.7,
03203,04040,78400,Renfe,AVE,2026-02-20 21:58:00,2026-02-20 22:40:00,0 days 00:42:00,03203_20-02-2026-20.27,25.7,30.85,41.0,60.0,
03309,04104,71801,Renfe,AVE,2026-02-20 22:17:00,2026-02-20 22:55:00,0 days 00:38:00,03309_20-02-2026-19.34,48.95,53.4,59.2,78.2,
02883,04040,71801,Renfe,AVE,2026-02-20 22:27:00,2026-02-20 23:59:00,0 days 01:32:00,02883_20-02-2026-21.07,48.05,56.05,63.9,82.9,
03203,78400,04104,Renfe,AVE,2026-02-20 22:42:00,2026-02-20 23:07:00,0 days 00:25:00,03203_20-02-2026-20.27,20.55,24.65,32.8,51.8,
03203,78400,71801,Renfe,AVE,2026-02-20 22:42:00,2026-02-20 23:48:00,0 days 01:06:00,03203_20-02-2026-20.27,29.15,35.0,46.5,65.5,
03203,04104,71801,Renfe,AVE,2026-02-20 23:09:00,2026-02-20 23:48:00,0 days 00:39:00,03203_20-02-2026-20.27,22.25,26.7,35.5,54.5,
03301,60000,71801,Renfe,AVE,2026-02-21 06:27:00,2026-02-21 09:31:00,0 days 03:04:00,03301_21-02-2026-06.27,47.45,59.3,78.85,97.85,
03301,60000,04040,Renfe,AVE,2026-02-21 06:27:00,2026-02-21 07:52:00,0 days 01:25:00,03301_21-02-2026-06.27,39.0,46.8,41.5,60.5,
03301,60000,04104,Renfe,AVE,2026-02-21 06:27:00,2026-02-21 08:53:00,0 days 02:26:00,03301_21-02-2026-06.27,43.0,53.75,71.5,90.5,
03073,60000,04007,Renfe,AVE,2026-02-21 07:27:00,2026-02-21 07:52:00,0 days 00:25:00,03073_21-02-2026-07.27,45.7,49.55,60.8,79.8,
03073,60000,04104,Renfe,AVE,2026-02-21 07:27:00,2026-02-21 10:04:00,0 days 02:37:00,03073_21-02-2026-07.27,53.75,64.5,71.5,90.5,
03073,60000,78400,Renfe,AVE,2026-02-21 07:27:00,2026-02-21 09:35:00,0 days 02:08:00,03073_21-02-2026-07.27,48.7,58.45,64.75,83.75,
03073,60000,71801,Renfe,AVE,2026-02-21 07:27:00,2026-02-21 10:46:00,0 days 03:19:00,03073_21-02-2026-07.27,47.45,59.3,63.1,82.1,
03073,60000,04040,Renfe,AVE,2026-02-21 07:27:00,2026-02-21 08:51:00,0 days 01:24:00,03073_21-02-2026-07.27,39.0,46.8,51.85,70.85,
03073,04007,78400,Renfe,AVE,2026-02-21 07:53:00,2026-02-21 09:35:00,0 days 01:42:00,03073_21-02-2026-07.27,44.45,53.35,59.1,78.1,
03073,04007,04104,Renfe,AVE,2026-02-21 07:53:00,2026-02-21 10:04:00,0 days 02:11:00,03073_21-02-2026-07.27,49.8,59.75,66.25,85.25,
03301,04040,71801,Renfe,AVE,2026-02-21 07:53:00,2026-02-21 09:31:00,0 days 01:38:00,03301_21-02-2026-06.27,40.05,48.05,53.25,72.25,
03073,04007,71801,Renfe,AVE,2026-02-21 07:53:00,2026-02-21 10:46:00,0 days 02:53:00,03073_21-02-2026-07.27,44.65,55.8,59.35,78.35,
03073,04007,04040,Renfe,AVE,2026-02-21 07:53:00,2026-02-21 08:51:00,0 days 00:58:00,03073_21-02-2026-07.27,34.15,41.0,45.4,64.4,
03301,04040,04104,Renfe,AVE,2026-02-21 07:53:00,2026-02-21 08:53:00,0 days 01:00:00,03301_21-02-2026-06.27,32.4,38.9,43.1,62.1,
03083,60000,04040,Renfe,AVE,2026-02-21 08:27:00,2026-02-21 09:45:00,0 days 01:18:00,03083_21-02-2026-08.27,39.0,46.8,72.6,91.6,
03083,60000,71801,Renfe,AVE,2026-02-21 08:27:00,2026-02-21 11:19:00,0 days 02:52:00,03083_21-02-2026-08.27,47.45,59.3,94.65,113.65,
03073,04040,04104,Renfe,AVE,2026-02-21 08:52:00,2026-02-21 10:04:00,0 days 01:12:00,03073_21-02-2026-07.27,38.9,45.35,51.7,70.7,
03073,04040,71801,Renfe,AVE,2026-02-21 08:52:00,2026-02-21 10:46:00,0 days 01:54:00,03073_21-02-2026-07.27,40.05,48.05,53.25,72.25,
03073,04040,78400,Renfe,AVE,2026-02-21 08:52:00,2026-02-21 09:35:00,0 days 00:43:00,03073_21-02-2026-07.27,30.85,36.0,41.0,60.0,
03301,04104,71801,Renfe,AVE,2026-02-21 08:55:00,2026-02-21 09:31:00,0 days 00:36:00,03301_21-02-2026-06.27,26.7,31.15,35.5,54.5,
03091,60000,04104,Renfe,AVE,2026-02-21 08:57:00,2026-02-21 11:01:00,0 days 02:04:00,03091_21-02-2026-08.57,43.0,53.75,71.5,90.5,
03091,60000,71801,Renfe,AVE,2026-02-21 08:57:00,2026-02-21 11:41:00,0 days 02:44:00,03091_21-02-2026-08.57,41.95,55.95,74.45,93.45,
02561,60000,04040,Renfe,AVE,2026-02-21 09:27:00,2026-02-21 10:46:00,0 days 01:19:00,02561_21-02-2026-09.27,46.8,54.6,62.25,81.25,
02561,60000,71801,Renfe,AVE,2026-02-21 09:27:00,2026-02-21 12:41:00,0 days 03:14:00,02561_21-02-2026-09.27,59.3,71.15,78.85,97.85,
02561,60000,04104,Renfe,AVE,2026-02-21 09:27:00,2026-02-21 12:00:00,0 days 02:33:00,02561_21-02-2026-09.27,64.5,75.25,85.8,104.8,
02561,60000,78400,Renfe,AVE,2026-02-21 09:27:00,2026-02-21 11:32:00,0 days 02:05:00,02561_21-02-2026-09.27,58.45,68.2,77.75,96.75,
03073,78400,71801,Renfe,AVE,2026-02-21 09:37:00,2026-02-21 10:46:00,0 days 01:09:00,03073_21-02-2026-07.27,35.0,40.8,46.5,65.5,
03073,78400,04104,Renfe,AVE,2026-02-21 09:37:00,2026-02-21 10:04:00,0 days 00:27:00,03073_21-02-2026-07.27,24.65,28.75,32.8,51.8,
03083,04040,71801,Renfe,AVE,2026-02-21 09:46:00,2026-02-21 11:19:00,0 days 01:33:00,03083_21-02-2026-08.27,32.05,40.05,63.9,82.9,
03073,04104,71801,Renfe,AVE,2026-02-21 10:06:00,2026-02-21 10:46:00,0 days 00:40:00,03073_21-02-2026-07.27,26.7,31.15,35.5,54.5,
03303,60000,71801,Renfe,AVE,2026-02-21 10:27:00,2026-02-21 13:19:00,0 days 02:52:00,03303_21-02-2026-10.27,83.0,94.9,110.4,129.4,
03303,60000,04040,Renfe,AVE,2026-02-21 10:27:00,2026-02-21 11:47:00,0 days 01:20:00,03303_21-02-2026-10.27,78.0,85.8,83.0,102.0,
02561,04040,71801,Renfe,AVE,2026-02-21 10:47:00,2026-02-21 12:41:00,0 days 01:54:00,02561_21-02-2026-09.27,48.05,56.05,63.9,82.9,
02561,04040,78400,Renfe,AVE,2026-02-21 10:47:00,2026-02-21 11:32:00,0 days 00:45:00,02561_21-02-2026-09.27,36.0,41.1,47.85,66.85,
02561,04040,04104,Renfe,AVE,2026-02-21 10:47:00,2026-02-21 12:00:00,0 days 01:13:00,02561_21-02-2026-09.27,45.35,51.85,60.35,79.35,
03091,04104,71801,Renfe,AVE,2026-02-21 11:03:00,2026-02-21 11:41:00,0 days 00:38:00,03091_21-02-2026-08.57,26.25,31.5,41.9,60.9,
00533,04040,71801,Renfe,ALVIA,2026-02-21 11:09:00,2026-02-21 13:09:00,0 days 02:00:00,00533_21-02-2026-11.09,47.45,53.35,55.2,,
00533,04040,04104,Renfe,ALVIA,2026-02-21 11:09:00,2026-02-21 12:31:00,0 days 01:22:00,00533_21-02-2026-11.09,43.2,48.0,51.05,,
00533,04040,78400,Renfe,ALVIA,2026-02-21 11:09:00,2026-02-21 11:58:00,0 days 00:49:00,00533_21-02-2026-11.09,30.5,34.3,40.55,,
03113,60000,04040,Renfe,AVE,2026-02-21 11:27:00,2026-02-21 12:51:00,0 days 01:24:00,03113_21-02-2026-11.27,54.6,62.4,72.6,91.6,
03113,60000,78400,Renfe,AVE,2026-02-21 11:27:00,2026-02-21 13:35:00,0 days 02:08:00,03113_21-02-2026-11.27,68.2,77.9,90.7,109.7,
03113,60000,71801,Renfe,AVE,2026-02-21 11:27:00,2026-02-21 14:46:00,0 days 03:19:00,03113_21-02-2026-11.27,71.15,83.0,94.65,113.65,
03113,60000,04104,Renfe,AVE,2026-02-21 11:27:00,2026-02-21 14:04:00,0 days 02:37:00,03113_21-02-2026-11.27,75.25,86.0,100.1,119.1,
02561,78400,04104,Renfe,AVE,2026-02-21 11:34:00,2026-02-21 12:00:00,0 days 00:26:00,02561_21-02-2026-09.27,28.75,32.9,38.25,57.25,
02561,78400,71801,Renfe,AVE,2026-02-21 11:34:00,2026-02-21 12:41:00,0 days 01:07:00,02561_21-02-2026-09.27,40.8,46.65,54.3,73.3,
03303,04040,71801,Renfe,AVE,2026-02-21 11:48:00,2026-02-21 13:19:00,0 days 01:31:00,03303_21-02-2026-10.27,72.1,80.1,85.25,104.25,
00533,78400,71801,Renfe,ALVIA,2026-02-21 12:00:00,2026-02-21 13:09:00,0 days 01:09:00,00533_21-02-2026-11.09,34.55,38.9,45.95,,
34433,78400,71801,Renfe,AVANT,2026-02-21 12:00:00,2026-02-21 13:09:00,0 days 01:09:00,34433_21-02-2026-12.00,,,,,31.5
00533,78400,04104,Renfe,ALVIA,2026-02-21 12:00:00,2026-02-21 12:31:00,0 days 00:31:00,00533_21-02-2026-11.09,24.4,27.45,32.45,,
34433,78400,04104,Renfe,AVANT,2026-02-21 12:00:00,2026-02-21 12:31:00,0 days 00:31:00,34433_21-02-2026-12.00,,,,,15.0
02561,04104,71801,Renfe,AVE,2026-02-21 12:02:00,2026-02-21 12:41:00,0 days 00:39:00,02561_21-02-2026-09.27,31.15,35.6,41.45,60.45,
02591,60000,04040,Renfe,AVE,2026-02-21 12:27:00,2026-02-21 13:45:00,0 days 01:18:00,02591_21-02-2026-12.27,39.0,46.8,51.85,70.85,
02591,60000,71801,Renfe,AVE,2026-02-21 12:27:00,2026-02-21 15:44:00,0 days 03:17:00,02591_21-02-2026-12.27,47.45,59.3,63.1,82.1,
02591,60000,78400,Renfe,AVE,2026-02-21 12:27:00,2026-02-21 14:29:00,0 days 02:02:00,02591_21-02-2026-12.27,48.7,58.45,64.75,83.75,
34433,04104,71801,Renfe,AVANT,2026-02-21 12:33:00,2026-02-21 13:09:00,0 days 00:36:00,34433_21-02-2026-12.00,,,,,18.5
00533,04104,71801,Renfe,ALVIA,2026-02-21 12:33:00,2026-02-21 13:09:00,0 days 00:36:00,00533_21-02-2026-11.09,26.4,29.7,35.1,,
03943,04040,71801,Renfe,AVE,2026-02-21 12:37:00,2026-02-21 14:25:00,0 days 01:48:00,03943_21-02-2026-12.37,56.05,64.1,74.55,93.55,
03993,04040,71801,Renfe,AVE,2026-02-21 12:37:00,2026-02-21 14:25:00,0 days 01:48:00,03993_21-02-2026-12.37,80.1,88.1,95.9,114.9,
03943,04040,04104,Renfe,AVE,2026-02-21 12:37:00,2026-02-21 13:43:00,0 days 01:06:00,03943_21-02-2026-12.37,51.85,58.3,68.95,87.95,
03993,04040,04104,Renfe,AVE,2026-02-21 12:37:00,2026-02-21 13:43:00,0 days 01:06:00,03993_21-02-2026-12.37,71.3,77.75,86.2,105.2,
03943,04040,78400,Renfe,AVE,2026-02-21 12:37:00,2026-02-21 13:17:00,0 days 00:40:00,03943_21-02-2026-12.37,41.1,46.25,54.7,73.7,
03993,04040,78400,Renfe,AVE,2026-02-21 12:37:00,2026-02-21 13:17:00,0 days 00:40:00,03993_21-02-2026-12.37,56.55,61.7,68.35,87.35,
03113,04040,78400,Renfe,AVE,2026-02-21 12:52:00,2026-02-21 13:35:00,0 days 00:43:00,03113_21-02-2026-11.27,30.85,36.0,54.7,73.7,
03113,04040,71801,Renfe,AVE,2026-02-21 12:52:00,2026-02-21 14:46:00,0 days 01:54:00,03113_21-02-2026-11.27,40.05,48.05,74.55,93.55,
03113,04040,04104,Renfe,AVE,2026-02-21 12:52:00,2026-02-21 14:04:00,0 days 01:12:00,03113_21-02-2026-11.27,38.9,45.35,68.95,87.95,
09725,60000,04104,Renfe,AVE INT,2026-02-21 13:15:00,2026-02-21 15:37:00,0 days 02:22:00,09725_21-02-2026-13.15,53.75,64.5,114.4,133.4,
09725,60000,04040,Renfe,AVE INT,2026-02-21 13:15:00,2026-02-21 14:40:00,0 days 01:25:00,09725_21-02-2026-13.15,54.6,62.4,93.35,112.35,
09725,60000,71801,Renfe,AVE INT,2026-02-21 13:15:00,2026-02-21 16:19:00,0 days 03:04:00,09725_21-02-2026-13.15,59.3,71.15,126.2,145.2,
03943,78400,04104,Renfe,AVE,2026-02-21 13:19:00,2026-02-21 13:43:00,0 days 00:24:00,03943_21-02-2026-12.37,32.9,37.0,43.75,62.75,
03993,78400,71801,Renfe,AVE,2026-02-21 13:19:00,2026-02-21 14:25:00,0 days 01:06:00,03993_21-02-2026-12.37,52.45,58.3,69.8,88.8,
03943,78400,71801,Renfe,AVE,2026-02-21 13:19:00,2026-02-21 14:25:00,0 days 01:06:00,03943_21-02-2026-12.37,46.65,52.45,62.05,81.05,
03993,78400,04104,Renfe,AVE,2026-02-21 13:19:00,2026-02-21 13:43:00,0 days 00:24:00,03993_21-02-2026-12.37,37.0,41.1,49.2,68.2,
03113,78400,71801,Renfe,AVE,2026-02-21 13:37:00,2026-02-21 14:46:00,0 days 01:09:00,03113_21-02-2026-11.27,35.0,40.8,62.05,81.05,
34813,78400,71801,Renfe,AVANT,2026-02-21 13:37:00,2026-02-21 14:46:00,0 days 01:09:00,34813_21-02-2026-13.37,,,,,31.5
03113,78400,04104,Renfe,AVE,2026-02-21 13:37:00,2026-02-21 14:04:00,0 days 00:27:00,03113_21-02-2026-11.27,24.65,28.75,43.75,62.75,
34813,78400,04104,Renfe,AVANT,2026-02-21 13:37:00,2026-02-21 14:04:00,0 days 00:27:00,34813_21-02-2026-13.37,,,,,15.0
09725,04007,04040,Renfe,AVE INT,2026-02-21 13:43:00,2026-02-21 14:40:00,0 days 00:57:00,09725_21-02-2026-13.15,47.8,54.65,81.75,100.75,
09725,04007,04104,Renfe,AVE INT,2026-02-21 13:43:00,2026-02-21 15:37:00,0 days 01:54:00,09725_21-02-2026-13.15,49.8,59.75,92.75,111.75,
09725,04007,71801,Renfe,AVE INT,2026-02-21 13:43:00,2026-02-21 16:19:00,0 days 02:36:00,09725_21-02-2026-13.15,55.8,66.95,118.75,137.75,
03943,04104,71801,Renfe,AVE,2026-02-21 13:45:00,2026-02-21 14:25:00,0 days 00:40:00,03943_21-02-2026-12.37,35.6,40.05,47.35,66.35,
03993,04104,71801,Renfe,AVE,2026-02-21 13:45:00,2026-02-21 14:25:00,0 days 00:40:00,03993_21-02-2026-12.37,40.05,44.5,53.25,72.25,
02591,04040,71801,Renfe,AVE,2026-02-21 13:46:00,2026-02-21 15:44:00,0 days 01:58:00,02591_21-02-2026-12.27,40.05,48.05,53.25,72.25,
02591,04040,78400,Renfe,AVE,2026-02-21 13:46:00,2026-02-21 14:29:00,0 days 00:43:00,02591_21-02-2026-12.27,30.85,36.0,41.0,60.0,
03113,04104,71801,Renfe,AVE,2026-02-21 14:06:00,2026-02-21 14:46:00,0 days 00:40:00,03113_21-02-2026-11.27,26.7,31.15,47.35,66.35,
34813,04104,71801,Renfe,AVANT,2026-02-21 14:06:00,2026-02-21 14:46:00,0 days 00:40:00,34813_21-02-2026-13.37,,,,,18.5
02591,78400,71801,Renfe,AVE,2026-02-21 14:31:00,2026-02-21 15:44:00,0 days 01:13:00,02591_21-02-2026-12.27,35.0,40.8,46.5,65.5,
34823,78400,71801,Renfe,AVANT,2026-02-21 14:31:00,2026-02-21 15:44:00,0 days 01:13:00,34823_21-02-2026-14.31,,,,,31.5
09725,04040,04104,Renfe,AVE INT,2026-02-21 14:43:00,2026-02-21 15:37:00,0 days 00:54:00,09725_21-02-2026-13.15,32.4,38.9,51.7,70.7,
09725,04040,71801,Renfe,AVE INT,2026-02-21 14:43:00,2026-02-21 16:19:00,0 days 01:36:00,09725_21-02-2026-13.15,56.05,64.1,95.9,114.9,
03305,60000,71801,Renfe,AVE,2026-02-21 15:27:00,2026-02-21 18:46:00,0 days 03:19:00,03305_21-02-2026-15.27,83.0,94.9,110.4,129.4,
03305,60000,04104,Renfe,AVE,2026-02-21 15:27:00,2026-02-21 18:03:00,0 days 02:36:00,03305_21-02-2026-15.27,75.25,86.0,100.1,119.1,
03305,60000,04040,Renfe,AVE,2026-02-21 15:27:00,2026-02-21 16:50:00,0 days 01:23:00,03305_21-02-2026-15.27,78.0,85.8,83.0,102.0,
03305,60000,78400,Renfe,AVE,2026-02-21 15:27:00,2026-02-21 17:35:00,0 days 02:08:00,03305_21-02-2026-15.27,68.2,77.9,90.7,109.7,
03163,60000,71801,Renfe,AVE,2026-02-21 16:27:00,2026-02-21 19:19:00,0 days 02:52:00,03163_21-02-2026-16.27,71.15,83.0,94.65,113.65,
03163,60000,04040,Renfe,AVE,2026-02-21 16:27:00,2026-02-21 17:45:00,0 days 01:18:00,03163_21-02-2026-16.27,54.6,62.4,72.6,91.6,
03305,04040,71801,Renfe,AVE,2026-02-21 16:51:00,2026-02-21 18:46:00,0 days 01:55:00,03305_21-02-2026-15.27,72.1,80.1,85.25,104.25,
03305,04040,04104,Renfe,AVE,2026-02-21 16:51:00,2026-02-21 18:03:00,0 days 01:12:00,03305_21-02-2026-15.27,58.3,64.8,68.95,87.95,
03305,04040,78400,Renfe,AVE,2026-02-21 16:51:00,2026-02-21 17:35:00,0 days 00:44:00,03305_21-02-2026-15.27,46.25,51.4,54.7,73.7,
03373,60000,04040,Renfe,AVE,2026-02-21 17:27:00,2026-02-21 18:51:00,0 days 01:24:00,03373_21-02-2026-17.27,78.0,85.8,83.0,102.0,
03373,60000,04104,Renfe,AVE,2026-02-21 17:27:00,2026-02-21 20:04:00,0 days 02:37:00,03373_21-02-2026-17.27,75.25,86.0,100.1,119.1,
03373,60000,78400,Renfe,AVE,2026-02-21 17:27:00,2026-02-21 19:35:00,0 days 02:08:00,03373_21-02-2026-17.27,68.2,77.9,90.7,109.7,
03373,60000,71801,Renfe,AVE,2026-02-21 17:27:00,2026-02-21 20:46:00,0 days 03:19:00,03373_21-02-2026-17.27,83.0,94.9,110.4,129.4,
03305,78400,04104,Renfe,AVE,2026-02-21 17:37:00,2026-02-21 18:03:00,0 days 00:26:00,03305_21-02-2026-15.27,45.2,49.3,54.65,73.65,
03305,78400,71801,Renfe,AVE,2026-02-21 17:37:00,2026-02-21 18:46:00,0 days 01:09:00,03305_21-02-2026-15.27,64.15,69.95,77.55,96.55,
03163,04040,71801,Renfe,AVE,2026-02-21 17:46:00,2026-02-21 19:19:00,0 days 01:33:00,03163_21-02-2026-16.27,48.05,56.05,63.9,82.9,
03373,04007,78400,Renfe,AVE,2026-02-21 17:54:00,2026-02-21 19:35:00,0 days 01:41:00,03373_21-02-2026-17.27,62.25,71.1,82.75,101.75,
03373,04007,71801,Renfe,AVE,2026-02-21 17:54:00,2026-02-21 20:46:00,0 days 02:52:00,03373_21-02-2026-17.27,78.1,89.3,103.9,122.9,
03373,04007,04040,Renfe,AVE,2026-02-21 17:54:00,2026-02-21 18:51:00,0 days 00:57:00,03373_21-02-2026-17.27,68.3,75.15,81.75,100.75,
03373,04007,04104,Renfe,AVE,2026-02-21 17:54:00,2026-02-21 20:04:00,0 days 02:10:00,03373_21-02-2026-17.27,69.7,79.7,92.75,111.75,
03305,04104,71801,Renfe,AVE,2026-02-21 18:05:00,2026-02-21 18:46:00,0 days 00:41:00,03305_21-02-2026-15.27,48.95,53.4,59.2,78.2,
03183,60000,04104,Renfe,AVE,2026-02-21 18:27:00,2026-02-21 20:44:00,0 days 02:17:00,03183_21-02-2026-18.27,64.5,75.25,85.8,104.8,
03183,60000,04040,Renfe,AVE,2026-02-21 18:27:00,2026-02-21 19:45:00,0 days 01:18:00,03183_21-02-2026-18.27,54.6,62.4,72.6,91.6,
03183,60000,71801,Renfe,AVE,2026-02-21 18:27:00,2026-02-21 21:24:00,0 days 02:57:00,03183_21-02-2026-18.27,71.15,83.0,94.65,113.65,
03373,04040,71801,Renfe,AVE,2026-02-21 18:52:00,2026-02-21 20:46:00,0 days 01:54:00,03373_21-02-2026-17.27,72.1,80.1,85.25,104.25,
03373,04040,04104,Renfe,AVE,2026-02-21 18:52:00,2026-02-21 20:04:00,0 days 01:12:00,03373_21-02-2026-17.27,58.3,64.8,68.95,87.95,
03373,04040,78400,Renfe,AVE,2026-02-21 18:52:00,2026-02-21 19:35:00,0 days 00:43:00,03373_21-02-2026-17.27,46.25,51.4,54.7,73.7,
02861,60000,04007,Renfe,AVE,2026-02-21 19:00:00,2026-02-21 19:28:00,0 days 00:28:00,02861_21-02-2026-19.00,45.7,49.55,60.8,79.8,
02861,60000,04040,Renfe,AVE,2026-02-21 19:00:00,2026-02-21 20:42:00,0 days 01:42:00,02861_21-02-2026-19.00,31.2,39.0,51.85,70.85,
02861,04007,04040,Renfe,AVE,2026-02-21 19:29:00,2026-02-21 20:42:00,0 days 01:13:00,02861_21-02-2026-19.00,27.3,34.15,45.4,64.4,
03309,60000,04040,Renfe,AVE,2026-02-21 19:34:00,2026-02-21 21:02:00,0 days 01:28:00,03309_21-02-2026-19.34,39.0,46.8,41.5,60.5,
03309,60000,78400,Renfe,AVE,2026-02-21 19:34:00,2026-02-21 21:46:00,0 days 02:12:00,03309_21-02-2026-19.34,38.95,48.7,64.75,83.75,
03309,60000,04007,Renfe,AVE,2026-02-21 19:34:00,2026-02-21 20:00:00,0 days 00:26:00,03309_21-02-2026-19.34,41.9,45.7,50.65,69.65,
03309,60000,04104,Renfe,AVE,2026-02-21 19:34:00,2026-02-21 22:15:00,0 days 02:41:00,03309_21-02-2026-19.34,43.0,53.75,71.5,90.5,
03309,60000,71801,Renfe,AVE,2026-02-21 19:34:00,2026-02-21 22:55:00,0 days 03:21:00,03309_21-02-2026-19.34,47.45,59.3,78.85,97.85,
03373,78400,04104,Renfe,AVE,2026-02-21 19:37:00,2026-02-21 20:04:00,0 days 00:27:00,03373_21-02-2026-17.27,45.2,49.3,54.65,73.65,
03373,78400,71801,Renfe,AVE,2026-02-21 19:37:00,2026-02-21 20:46:00,0 days 01:09:00,03373_21-02-2026-17.27,64.15,69.95,77.55,96.55,
03183,04040,71801,Renfe,AVE,2026-02-21 19:46:00,2026-02-21 21:24:00,0 days 01:38:00,03183_21-02-2026-18.27,40.05,48.05,53.25,72.25,
03183,04040,04104,Renfe,AVE,2026-02-21 19:46:00,2026-02-21 20:44:00,0 days 00:58:00,03183_21-02-2026-18.27,32.4,38.9,43.1,62.1,
00437,04040,78400,Renfe,ALVIA,2026-02-21 19:52:00,2026-02-21 20:56:00,0 days 01:04:00,00437_21-02-2026-19.52,26.65,30.5,45.6,,
00437,04040,71801,Renfe,ALVIA,2026-02-21 19:52:00,2026-02-21 22:13:00,0 days 02:21:00,00437_21-02-2026-19.52,35.6,41.5,63.1,,
00437,04040,04104,Renfe,ALVIA,2026-02-21 19:52:00,2026-02-21 21:30:00,0 days 01:38:00,00437_21-02-2026-19.52,33.6,38.4,57.45,,
03931,04040,71801,Renfe,AVE,2026-02-21 20:01:00,2026-02-21 21:58:00,0 days 01:57:00,03931_21-02-2026-20.01,56.05,64.1,74.55,93.55,
03309,04007,78400,Renfe,AVE,2026-02-21 20:01:00,2026-02-21 21:46:00,0 days 01:45:00,03309_21-02-2026-19.34,35.55,44.45,59.1,78.1,
03309,04007,71801,Renfe,AVE,2026-02-21 20:01:00,2026-02-21 22:55:00,0 days 02:54:00,03309_21-02-2026-19.34,44.65,55.8,74.2,93.2,
03931,04040,78400,Renfe,AVE,2026-02-21 20:01:00,2026-02-21 20:48:00,0 days 00:47:00,03931_21-02-2026-20.01,41.1,46.25,54.7,73.7,
03931,04040,04104,Renfe,AVE,2026-02-21 20:01:00,2026-02-21 21:16:00,0 days 01:15:00,03931_21-02-2026-20.01,51.85,58.3,68.95,87.95,
03309,04007,04104,Renfe,AVE,2026-02-21 20:01:00,2026-02-21 22:15:00,0 days 02:14:00,03309_21-02-2026-19.34,39.85,49.8,66.25,85.25,
03309,04007,04040,Renfe,AVE,2026-02-21 20:01:00,2026-02-21 21:02:00,0 days 01:01:00,03309_21-02-2026-19.34,34.15,41.0,45.4,64.4,
03373,04104,71801,Renfe,AVE,2026-02-21 20:06:00,2026-02-21 20:46:00,0 days 00:40:00,03373_21-02-2026-17.27,48.95,53.4,59.2,78.2,
03203,60000,71801,Renfe,AVE,2026-02-21 20:27:00,2026-02-21 23:48:00,0 days 03:21:00,03203_21-02-2026-20.27,47.45,59.3,63.1,82.1,
03203,60000,04104,Renfe,AVE,2026-02-21 20:27:00,2026-02-21 23:07:00,0 days 02:40:00,03203_21-02-2026-20.27,53.75,64.5,71.5,90.5,
03203,60000,04007,Renfe,AVE,2026-02-21 20:27:00,2026-02-21 20:52:00,0 days 00:25:00,03203_21-02-2026-20.27,45.7,49.55,60.8,79.8,
03203,60000,78400,Renfe,AVE,2026-02-21 20:27:00,2026-02-21 22:40:00,0 days 02:13:00,03203_21-02-2026-20.27,48.7,58.45,64.75,83.75,
03203,60000,04040,Renfe,AVE,2026-02-21 20:27:00,2026-02-21 21:57:00,0 days 01:30:00,03203_21-02-2026-20.27,39.0,46.8,51.85,70.85,
03941,04040,71801,Renfe,AVE,2026-02-21 20:38:00,2026-02-21 22:35:00,0 days 01:57:00,03941_21-02-2026-20.38,56.05,64.1,74.55,93.55,
03991,04040,71801,Renfe,AVE,2026-02-21 20:38:00,2026-02-21 22:35:00,0 days 01:57:00,03991_21-02-2026-20.38,48.05,56.05,63.9,82.9,
03991,04040,04104,Renfe,AVE,2026-02-21 20:38:00,2026-02-21 21:51:00,0 days 01:13:00,03991_21-02-2026-20.38,45.35,51.85,60.35,79.35,
03941,04040,04104,Renfe,AVE,2026-02-21 20:38:00,2026-02-21 21:51:00,0 days 01:13:00,03941_21-02-2026-20.38,51.85,58.3,68.95,87.95,
03991,04040,78400,Renfe,AVE,2026-02-21 20:38:00,2026-02-21 21:20:00,0 days 00:42:00,03991_21-02-2026-20.38,36.0,41.1,47.85,66.85,
03941,04040,78400,Renfe,AVE,2026-02-21 20:38:00,2026-02-21 21:20:00,0 days 00:42:00,03941_21-02-2026-20.38,41.1,46.25,54.7,73.7,
03183,04104,71801,Renfe,AVE,2026-02-21 20:46:00,2026-02-21 21:24:00,0 days 00:38:00,03183_21-02-2026-18.27,22.25,26.7,29.6,48.6,
03931,78400,04104,Renfe,AVE,2026-02-21 20:50:00,2026-02-21 21:16:00,0 days 00:26:00,03931_21-02-2026-20.01,32.9,37.0,43.75,62.75,
03931,78400,71801,Renfe,AVE,2026-02-21 20:50:00,2026-02-21 21:58:00,0 days 01:08:00,03931_21-02-2026-20.01,46.65,52.45,62.05,81.05,
03203,04007,04104,Renfe,AVE,2026-02-21 20:53:00,2026-02-21 23:07:00,0 days 02:14:00,03203_21-02-2026-20.27,49.8,59.75,66.25,85.25,
03203,04007,78400,Renfe,AVE,2026-02-21 20:53:00,2026-02-21 22:40:00,0 days 01:47:00,03203_21-02-2026-20.27,44.45,53.35,59.1,78.1,
03203,04007,71801,Renfe,AVE,2026-02-21 20:53:00,2026-02-21 23:48:00,0 days 02:55:00,03203_21-02-2026-20.27,44.65,55.8,59.35,78.35,
03203,04007,04040,Renfe,AVE,2026-02-21 20:53:00,2026-02-21 21:57:00,0 days 01:04:00,03203_21-02-2026-20.27,34.15,41.0,45.4,64.4,
00437,78400,04104,Renfe,ALVIA,2026-02-21 20:58:00,2026-02-21 21:30:00,0 days 00:32:00,00437_21-02-2026-19.52,21.35,24.4,36.5,,
00437,78400,71801,Renfe,ALVIA,2026-02-21 20:58:00,2026-02-21 22:13:00,0 days 01:15:00,00437_21-02-2026-19.52,30.25,34.55,51.7,,
03309,04040,78400,Renfe,AVE,2026-02-21 21:03:00,2026-02-21 21:46:00,0 days 00:43:00,03309_21-02-2026-19.34,25.7,30.85,34.2,53.2,
03309,04040,04104,Renfe,AVE,2026-02-21 21:03:00,2026-02-21 22:15:00,0 days 01:12:00,03309_21-02-2026-19.34,32.4,38.9,43.1,62.1,
03309,04040,71801,Renfe,AVE,2026-02-21 21:03:00,2026-02-21 22:55:00,0 days 01:52:00,03309_21-02-2026-19.34,40.05,48.05,53.25,72.25,
03931,04104,71801,Renfe,AVE,2026-02-21 21:18:00,2026-02-21 21:58:00,0 days 00:40:00,03931_21-02-2026-20.01,35.6,40.05,47.35,66.35,
03941,78400,71801,Renfe,AVE,2026-02-21 21:22:00,2026-02-21 22:35:00,0 days 01:13:00,03941_21-02-2026-20.38,46.65,52.45,62.05,81.05,
03991,78400,71801,Renfe,AVE,2026-02-21 21:22:00,2026-02-21 22:35:00,0 days 01:13:00,03991_21-02-2026-20.38,40.8,46.65,54.3,73.3,
03991,78400,04104,Renfe,AVE,2026-02-21 21:22:00,2026-02-21 21:51:00,0 days 00:29:00,03991_21-02-2026-20.38,28.75,32.9,38.25,57.25,
03941,78400,04104,Renfe,AVE,2026-02-21 21:22:00,2026-02-21 21:51:00,0 days 00:29:00,03941_21-02-2026-20.38,32.9,37.0,43.75,62.75,
00437,04104,71801,Renfe,ALVIA,2026-02-21 21:32:00,2026-02-21 22:13:00,0 days 00:41:00,00437_21-02-2026-19.52,23.1,26.4,39.5,,
03309,78400,71801,Renfe,AVE,2026-02-21 21:48:00,2026-02-21 22:55:00,0 days 01:07:00,03309_21-02-2026-19.34,35.0,40.8,46.5,65.5,
03309,78400,04104,Renfe,AVE,2026-02-21 21:48:00,2026-02-21 22:15:00,0 days 00:27:00,03309_21-02-2026-19.34,24.65,28.75,32.8,51.8,
03941,04104,71801,Renfe,AVE,2026-02-21 21:53:00,2026-02-21 22:35:00,0 days 00:42:00,03941_21-02-2026-20.38,35.6,40.05,47.35,66.35,
03991,04104,71801,Renfe,AVE,2026-02-21 21:53:00,2026-02-21 22:35:00,0 days 00:42:00,03991_21-02-2026-20.38,31.15,35.6,41.45,60.45,
03203,04040,78400,Renfe,AVE,2026-02-21 21:58:00,2026-02-21 22:40:00,0 days 00:42:00,03203_21-02-2026-20.27,30.85,36.0,41.0,60.0,
03203,04040,71801,Renfe,AVE,2026-02-21 21:58:00,2026-02-21 23:48:00,0 days 01:50:00,03203_21-02-2026-20.27,40.05,48.05,53.25,72.25,
03203,04040,04104,Renfe,AVE,2026-02-21 21:58:00,2026-02-21 23:07:00,0 days 01:09:00,03203_21-02-2026-20.27,38.9,45.35,51.7,70.7,
03309,04104,71801,Renfe,AVE,2026-02-21 22:17:00,2026-02-21 22:55:00,0 days 00:38:00,03309_21-02-2026-19.34,26.7,31.15,35.5,54.5,
03203,78400,04104,Renfe,AVE,2026-02-21 22:42:00,2026-02-21 23:07:00,0 days 00:25:00,03203_21-02-2026-20.27,24.65,28.75,32.8,51.8,
03203,78400,71801,Renfe,AVE,2026-02-21 22:42:00,2026-02-21 23:48:00,0 days 01:06:00,03203_21-02-2026-20.27,35.0,40.8,46.5,65.5,
03203,04104,71801,Renfe,AVE,2026-02-21 23:09:00,2026-02-21 23:48:00,0 days 00:39:00,03203_21-02-2026-20.27,26.7,31.15,35.5,54.5,
03301,60000,04104,Renfe,AVE,2026-02-22 06:27:00,2026-02-22 08:53:00,0 days 02:26:00,03301_22-02-2026-06.27,43.0,53.75,71.5,90.5,
03301,60000,71801,Renfe,AVE,2026-02-22 06:27:00,2026-02-22 09:31:00,0 days 03:04:00,03301_22-02-2026-06.27,47.45,59.3,78.85,97.85,
03301,60000,04040,Renfe,AVE,2026-02-22 06:27:00,2026-02-22 07:52:00,0 days 01:25:00,03301_22-02-2026-06.27,39.0,46.8,41.5,60.5,
03073,60000,71801,Renfe,AVE,2026-02-22 07:27:00,2026-02-22 10:46:00,0 days 03:19:00,03073_22-02-2026-07.27,47.45,59.3,63.1,82.1,
03073,60000,78400,Renfe,AVE,2026-02-22 07:27:00,2026-02-22 09:35:00,0 days 02:08:00,03073_22-02-2026-07.27,48.7,58.45,64.75,83.75,
03073,60000,04104,Renfe,AVE,2026-02-22 07:27:00,2026-02-22 10:04:00,0 days 02:37:00,03073_22-02-2026-07.27,53.75,64.5,71.5,90.5,
03073,60000,04040,Renfe,AVE,2026-02-22 07:27:00,2026-02-22 08:51:00,0 days 01:24:00,03073_22-02-2026-07.27,39.0,46.8,51.85,70.85,
03073,60000,04007,Renfe,AVE,2026-02-22 07:27:00,2026-02-22 07:52:00,0 days 00:25:00,03073_22-02-2026-07.27,45.7,49.55,60.8,79.8,
03073,04007,04104,Renfe,AVE,2026-02-22 07:53:00,2026-02-22 10:04:00,0 days 02:11:00,03073_22-02-2026-07.27,49.8,59.75,66.25,85.25,
03301,04040,71801,Renfe,AVE,2026-02-22 07:53:00,2026-02-22 09:31:00,0 days 01:38:00,03301_22-02-2026-06.27,40.05,48.05,53.25,72.25,
03301,04040,04104,Renfe,AVE,2026-02-22 07:53:00,2026-02-22 08:53:00,0 days 01:00:00,03301_22-02-2026-06.27,32.4,38.9,43.1,62.1,
03073,04007,78400,Renfe,AVE,2026-02-22 07:53:00,2026-02-22 09:35:00,0 days 01:42:00,03073_22-02-2026-07.27,44.45,53.35,59.1,78.1,
03073,04007,71801,Renfe,AVE,2026-02-22 07:53:00,2026-02-22 10:46:00,0 days 02:53:00,03073_22-02-2026-07.27,44.65,55.8,59.35,78.35,
03073,04007,04040,Renfe,AVE,2026-02-22 07:53:00,2026-02-22 08:51:00,0 days 00:58:00,03073_22-02-2026-07.27,34.15,41.0,45.4,64.4,
03083,60000,04040,Renfe,AVE,2026-02-22 08:27:00,2026-02-22 09:45:00,0 days 01:18:00,03083_22-02-2026-08.27,39.0,46.8,51.85,70.85,
03083,60000,71801,Renfe,AVE,2026-02-22 08:27:00,2026-02-22 11:19:00,0 days 02:52:00,03083_22-02-2026-08.27,47.45,59.3,63.1,82.1,
03073,04040,78400,Renfe,AVE,2026-02-22 08:52:00,2026-02-22 09:35:00,0 days 00:43:00,03073_22-02-2026-07.27,30.85,36.0,41.0,60.0,
03073,04040,71801,Renfe,AVE,2026-02-22 08:52:00,2026-02-22 10:46:00,0 days 01:54:00,03073_22-02-2026-07.27,40.05,48.05,53.25,72.25,
03073,04040,04104,Renfe,AVE,2026-02-22 08:52:00,2026-02-22 10:04:00,0 days 01:12:00,03073_22-02-2026-07.27,38.9,45.35,51.7,70.7,
03301,04104,71801,Renfe,AVE,2026-02-22 08:55:00,2026-02-22 09:31:00,0 days 00:36:00,03301_22-02-2026-06.27,26.7,31.15,35.5,54.5,
02561,60000,04040,Renfe,AVE,2026-02-22 09:27:00,2026-02-22 10:46:00,0 days 01:19:00,02561_22-02-2026-09.27,54.6,62.4,72.6,91.6,
02561,60000,71801,Renfe,AVE,2026-02-22 09:27:00,2026-02-22 12:41:00,0 days 03:14:00,02561_22-02-2026-09.27,71.15,83.0,94.65,113.65,
02561,60000,78400,Renfe,AVE,2026-02-22 09:27:00,2026-02-22 11:32:00,0 days 02:05:00,02561_22-02-2026-09.27,68.2,77.9,90.7,109.7,
02561,60000,04104,Renfe,AVE,2026-02-22 09:27:00,2026-02-22 12:00:00,0 days 02:33:00,02561_22-02-2026-09.27,75.25,86.0,100.1,119.1,
03073,78400,04104,Renfe,AVE,2026-02-22 09:37:00,2026-02-22 10:04:00,0 days 00:27:00,03073_22-02-2026-07.27,20.55,24.65,32.8,51.8,
03073,78400,71801,Renfe,AVE,2026-02-22 09:37:00,2026-02-22 10:46:00,0 days 01:09:00,03073_22-02-2026-07.27,29.15,35.0,46.5,65.5,
03083,04040,71801,Renfe,AVE,2026-02-22 09:46:00,2026-02-22 11:19:00,0 days 01:33:00,03083_22-02-2026-08.27,32.05,40.05,42.6,61.6,
03073,04104,71801,Renfe,AVE,2026-02-22 10:06:00,2026-02-22 10:46:00,0 days 00:40:00,03073_22-02-2026-07.27,22.25,26.7,35.5,54.5,
03303,60000,04040,Renfe,AVE,2026-02-22 10:27:00,2026-02-22 11:47:00,0 days 01:20:00,03303_22-02-2026-10.27,93.6,101.4,93.35,112.35,
03303,60000,71801,Renfe,AVE,2026-02-22 10:27:00,2026-02-22 13:19:00,0 days 02:52:00,03303_22-02-2026-10.27,94.9,106.75,126.2,145.2,
02561,04040,78400,Renfe,AVE,2026-02-22 10:47:00,2026-02-22 11:32:00,0 days 00:45:00,02561_22-02-2026-09.27,41.1,46.25,54.7,73.7,
02561,04040,04104,Renfe,AVE,2026-02-22 10:47:00,2026-02-22 12:00:00,0 days 01:13:00,02561_22-02-2026-09.27,51.85,58.3,68.95,87.95,
02561,04040,71801,Renfe,AVE,2026-02-22 10:47:00,2026-02-22 12:41:00,0 days 01:54:00,02561_22-02-2026-09.27,56.05,64.1,74.55,93.55,
00533,04040,04104,Renfe,ALVIA,2026-02-22 11:09:00,2026-02-22 12:31:00,0 days 01:22:00,00533_22-02-2026-11.09,52.8,57.6,63.85,,
00533,04040,71801,Renfe,ALVIA,2026-02-22 11:09:00,2026-02-22 13:09:00,0 days 02:00:00,00533_22-02-2026-11.09,59.3,65.25,71.0,,
00533,04040,78400,Renfe,ALVIA,2026-02-22 11:09:00,2026-02-22 11:58:00,0 days 00:49:00,00533_22-02-2026-11.09,41.9,45.7,50.65,,
03113,60000,71801,Renfe,AVE,2026-02-22 11:27:00,2026-02-22 14:46:00,0 days 03:19:00,03113_22-02-2026-11.27,83.0,94.9,94.65,113.65,
03113,60000,04104,Renfe,AVE,2026-02-22 11:27:00,2026-02-22 14:04:00,0 days 02:37:00,03113_22-02-2026-11.27,86.0,96.75,100.1,119.1,
03113,60000,04040,Renfe,AVE,2026-02-22 11:27:00,2026-02-22 12:51:00,0 days 01:24:00,03113_22-02-2026-11.27,62.4,70.2,72.6,91.6,
03113,60000,78400,Renfe,AVE,2026-02-22 11:27:00,2026-02-22 13:35:00,0 days 02:08:00,03113_22-02-2026-11.27,77.9,87.65,90.7,109.7,
02561,78400,71801,Renfe,AVE,2026-02-22 11:34:00,2026-02-22 12:41:00,0 days 01:07:00,02561_22-02-2026-09.27,46.65,52.45,62.05,81.05,
02561,78400,04104,Renfe,AVE,2026-02-22 11:34:00,2026-02-22 12:00:00,0 days 00:26:00,02561_22-02-2026-09.27,32.9,37.0,43.75,62.75,
03303,04040,71801,Renfe,AVE,2026-02-22 11:48:00,2026-02-22 13:19:00,0 days 01:31:00,03303_22-02-2026-10.27,88.1,96.1,106.55,125.55,
00533,78400,71801,Renfe,ALVIA,2026-02-22 12:00:00,2026-02-22 13:09:00,0 days 01:09:00,00533_22-02-2026-11.09,47.5,51.85,57.45,,
00533,78400,04104,Renfe,ALVIA,2026-02-22 12:00:00,2026-02-22 12:31:00,0 days 00:31:00,00533_22-02-2026-11.09,33.55,36.6,40.55,,
02561,04104,71801,Renfe,AVE,2026-02-22 12:02:00,2026-02-22 12:41:00,0 days 00:39:00,02561_22-02-2026-09.27,35.6,40.05,47.35,66.35,
02591,60000,78400,Renfe,AVE,2026-02-22 12:27:00,2026-02-22 14:29:00,0 days 02:02:00,02591_22-02-2026-12.27,58.45,68.2,77.75,96.75,
02591,60000,04040,Renfe,AVE,2026-02-22 12:27:00,2026-02-22 13:45:00,0 days 01:18:00,02591_22-02-2026-12.27,46.8,54.6,62.25,81.25,
02591,60000,71801,Renfe,AVE,2026-02-22 12:27:00,2026-02-22 15:44:00,0 days 03:17:00,02591_22-02-2026-12.27,59.3,71.15,78.85,97.85,
00533,04104,71801,Renfe,ALVIA,2026-02-22 12:33:00,2026-02-22 13:09:00,0 days 00:36:00,00533_22-02-2026-11.09,36.3,39.6,43.9,,
03993,04040,78400,Renfe,AVE,2026-02-22 12:37:00,2026-02-22 13:17:00,0 days 00:40:00,03993_22-02-2026-12.37,71.95,77.1,82.05,101.05,
03943,04040,04104,Renfe,AVE,2026-02-22 12:37:00,2026-02-22 13:43:00,0 days 01:06:00,03943_22-02-2026-12.37,64.8,71.3,86.2,105.2,
03943,04040,78400,Renfe,AVE,2026-02-22 12:37:00,2026-02-22 13:17:00,0 days 00:40:00,03943_22-02-2026-12.37,51.4,56.55,68.35,87.35,
03993,04040,71801,Renfe,AVE,2026-02-22 12:37:00,2026-02-22 14:25:00,0 days 01:48:00,03993_22-02-2026-12.37,112.15,120.15,127.85,146.85,
03993,04040,04104,Renfe,AVE,2026-02-22 12:37:00,2026-02-22 13:43:00,0 days 01:06:00,03993_22-02-2026-12.37,90.7,97.2,103.4,122.4,
03943,04040,71801,Renfe,AVE,2026-02-22 12:37:00,2026-02-22 14:25:00,0 days 01:48:00,03943_22-02-2026-12.37,72.1,80.1,95.9,114.9,
03113,04040,78400,Renfe,AVE,2026-02-22 12:52:00,2026-02-22 13:35:00,0 days 00:43:00,03113_22-02-2026-11.27,30.85,36.0,54.7,73.7,
03113,04040,71801,Renfe,AVE,2026-02-22 12:52:00,2026-02-22 14:46:00,0 days 01:54:00,03113_22-02-2026-11.27,64.1,72.1,74.55,93.55,
03113,04040,04104,Renfe,AVE,2026-02-22 12:52:00,2026-02-22 14:04:00,0 days 01:12:00,03113_22-02-2026-11.27,58.3,64.8,68.95,87.95,
09725,60000,71801,Renfe,AVE INT,2026-02-22 13:15:00,2026-02-22 16:19:00,0 days 03:04:00,09725_22-02-2026-13.15,59.3,71.15,110.4,129.4,
09725,60000,04104,Renfe,AVE INT,2026-02-22 13:15:00,2026-02-22 15:37:00,0 days 02:22:00,09725_22-02-2026-13.15,53.75,64.5,100.1,119.1,
03943,78400,71801,Renfe,AVE,2026-02-22 13:19:00,2026-02-22 14:25:00,0 days 01:06:00,03943_22-02-2026-12.37,58.3,64.15,69.8,88.8,
03943,78400,04104,Renfe,AVE,2026-02-22 13:19:00,2026-02-22 13:43:00,0 days 00:24:00,03943_22-02-2026-12.37,41.1,45.2,49.2,68.2,
03993,78400,04104,Renfe,AVE,2026-02-22 13:19:00,2026-02-22 13:43:00,0 days 00:24:00,03993_22-02-2026-12.37,24.65,28.75,32.8,51.8,
03993,78400,71801,Renfe,AVE,2026-02-22 13:19:00,2026-02-22 14:25:00,0 days 01:06:00,03993_22-02-2026-12.37,35.0,40.8,46.5,65.5,
03113,78400,04104,Renfe,AVE,2026-02-22 13:37:00,2026-02-22 14:04:00,0 days 00:27:00,03113_22-02-2026-11.27,37.0,41.1,43.75,62.75,
34813,78400,04104,Renfe,AVANT,2026-02-22 13:37:00,2026-02-22 14:04:00,0 days 00:27:00,34813_22-02-2026-13.37,,,,,15.0
03113,78400,71801,Renfe,AVE,2026-02-22 13:37:00,2026-02-22 14:46:00,0 days 01:09:00,03113_22-02-2026-11.27,52.45,58.3,62.05,81.05,
34813,78400,71801,Renfe,AVANT,2026-02-22 13:37:00,2026-02-22 14:46:00,0 days 01:09:00,34813_22-02-2026-13.37,,,,,31.5
09725,04007,71801,Renfe,AVE INT,2026-02-22 13:43:00,2026-02-22 16:19:00,0 days 02:36:00,09725_22-02-2026-13.15,55.8,66.95,103.9,122.9,
09725,04007,04104,Renfe,AVE INT,2026-02-22 13:43:00,2026-02-22 15:37:00,0 days 01:54:00,09725_22-02-2026-13.15,49.8,59.75,92.75,111.75,
03993,04104,71801,Renfe,AVE,2026-02-22 13:45:00,2026-02-22 14:25:00,0 days 00:40:00,03993_22-02-2026-12.37,26.7,31.15,35.5,54.5,
03943,04104,71801,Renfe,AVE,2026-02-22 13:45:00,2026-02-22 14:25:00,0 days 00:40:00,03943_22-02-2026-12.37,44.5,48.95,53.25,72.25,
02591,04040,78400,Renfe,AVE,2026-02-22 13:46:00,2026-02-22 14:29:00,0 days 00:43:00,02591_22-02-2026-12.27,25.7,30.85,41.0,60.0,
02591,04040,71801,Renfe,AVE,2026-02-22 13:46:00,2026-02-22 15:44:00,0 days 01:58:00,02591_22-02-2026-12.27,32.05,40.05,53.25,72.25,
03141,60000,71801,Renfe,AVE,2026-02-22 13:57:00,2026-02-22 16:34:00,0 days 02:37:00,03141_22-02-2026-13.57,153.9,167.9,223.3,242.3,
03113,04104,71801,Renfe,AVE,2026-02-22 14:06:00,2026-02-22 14:46:00,0 days 00:40:00,03113_22-02-2026-11.27,40.05,44.5,47.35,66.35,
34813,04104,71801,Renfe,AVANT,2026-02-22 14:06:00,2026-02-22 14:46:00,0 days 00:40:00,34813_22-02-2026-13.37,,,,,18.5
03143,60000,04040,Renfe,AVE,2026-02-22 14:27:00,2026-02-22 15:51:00,0 days 01:24:00,03143_22-02-2026-14.27,70.2,78.0,93.35,112.35,
03143,60000,71801,Renfe,AVE,2026-02-22 14:27:00,2026-02-22 17:24:00,0 days 02:57:00,03143_22-02-2026-14.27,106.75,118.6,126.2,145.2,
34823,78400,71801,Renfe,AVANT,2026-02-22 14:31:00,2026-02-22 15:44:00,0 days 01:13:00,34823_22-02-2026-14.31,,,,,31.5
02591,78400,71801,Renfe,AVE,2026-02-22 14:31:00,2026-02-22 15:44:00,0 days 01:13:00,02591_22-02-2026-12.27,29.15,35.0,46.5,65.5,
03305,60000,71801,Renfe,AVE,2026-02-22 15:27:00,2026-02-22 18:46:00,0 days 03:19:00,03305_22-02-2026-15.27,118.6,130.45,141.95,160.95,
03305,60000,78400,Renfe,AVE,2026-02-22 15:27:00,2026-02-22 17:35:00,0 days 02:08:00,03305_22-02-2026-15.27,97.4,107.15,116.6,135.6,
03305,60000,04040,Renfe,AVE,2026-02-22 15:27:00,2026-02-22 16:50:00,0 days 01:23:00,03305_22-02-2026-15.27,109.2,117.0,103.75,122.75,
03305,60000,04104,Renfe,AVE,2026-02-22 15:27:00,2026-02-22 18:03:00,0 days 02:36:00,03305_22-02-2026-15.27,107.5,118.25,128.7,147.7,
09725,04104,71801,Renfe,AVE INT,2026-02-22 15:39:00,2026-02-22 16:19:00,0 days 00:40:00,09725_22-02-2026-13.15,22.25,26.7,,,
03143,04040,71801,Renfe,AVE,2026-02-22 15:52:00,2026-02-22 17:24:00,0 days 01:32:00,03143_22-02-2026-14.27,48.05,56.05,95.9,114.9,
03161,60000,71801,Renfe,AVE,2026-02-22 15:57:00,2026-02-22 18:34:00,0 days 02:37:00,03161_22-02-2026-15.57,69.95,83.95,93.05,112.05,
03363,60000,04040,Renfe,AVE,2026-02-22 16:02:00,2026-02-22 17:26:00,0 days 01:24:00,03363_22-02-2026-16.02,62.4,70.2,83.0,102.0,
03163,60000,71801,Renfe,AVE,2026-02-22 16:27:00,2026-02-22 19:19:00,0 days 02:52:00,03163_22-02-2026-16.27,106.75,118.6,126.2,145.2,
03163,60000,04040,Renfe,AVE,2026-02-22 16:27:00,2026-02-22 17:45:00,0 days 01:18:00,03163_22-02-2026-16.27,78.0,85.8,93.35,112.35,
03305,04040,78400,Renfe,AVE,2026-02-22 16:51:00,2026-02-22 17:35:00,0 days 00:44:00,03305_22-02-2026-15.27,71.95,77.1,75.2,94.2,
03305,04040,71801,Renfe,AVE,2026-02-22 16:51:00,2026-02-22 18:46:00,0 days 01:55:00,03305_22-02-2026-15.27,112.15,120.15,117.2,136.2,
03305,04040,04104,Renfe,AVE,2026-02-22 16:51:00,2026-02-22 18:03:00,0 days 01:12:00,03305_22-02-2026-15.27,90.7,97.2,94.8,113.8,
03171,60000,71801,Renfe,AVE,2026-02-22 16:57:00,2026-02-22 19:34:00,0 days 02:37:00,03171_22-02-2026-16.57,97.95,111.9,111.65,130.65,
03373,60000,04040,Renfe,AVE,2026-02-22 17:27:00,2026-02-22 18:51:00,0 days 01:24:00,03373_22-02-2026-17.27,109.2,117.0,103.75,122.75,
03373,60000,04104,Renfe,AVE,2026-02-22 17:27:00,2026-02-22 20:04:00,0 days 02:37:00,03373_22-02-2026-17.27,107.5,118.25,128.7,147.7,
03373,60000,71801,Renfe,AVE,2026-02-22 17:27:00,2026-02-22 20:46:00,0 days 03:19:00,03373_22-02-2026-17.27,118.6,130.45,141.95,160.95,
03373,60000,78400,Renfe,AVE,2026-02-22 17:27:00,2026-02-22 19:35:00,0 days 02:08:00,03373_22-02-2026-17.27,97.4,107.15,116.6,135.6,
03305,78400,04104,Renfe,AVE,2026-02-22 17:37:00,2026-02-22 18:03:00,0 days 00:26:00,03305_22-02-2026-15.27,57.55,61.65,65.6,84.6,
03305,78400,71801,Renfe,AVE,2026-02-22 17:37:00,2026-02-22 18:46:00,0 days 01:09:00,03305_22-02-2026-15.27,81.6,87.45,93.05,112.05,
03163,04040,71801,Renfe,AVE,2026-02-22 17:46:00,2026-02-22 19:19:00,0 days 01:33:00,03163_22-02-2026-16.27,72.1,80.1,85.25,104.25,
03373,04007,04104,Renfe,AVE,2026-02-22 17:54:00,2026-02-22 20:04:00,0 days 02:10:00,03373_22-02-2026-17.27,99.6,109.55,119.2,138.2,
03373,04007,04040,Renfe,AVE,2026-02-22 17:54:00,2026-02-22 18:51:00,0 days 00:57:00,03373_22-02-2026-17.27,81.95,88.8,90.85,109.85,
03373,04007,71801,Renfe,AVE,2026-02-22 17:54:00,2026-02-22 20:46:00,0 days 02:52:00,03373_22-02-2026-17.27,111.6,122.75,133.6,152.6,
03373,04007,78400,Renfe,AVE,2026-02-22 17:54:00,2026-02-22 19:35:00,0 days 01:41:00,03373_22-02-2026-17.27,88.9,97.8,106.4,125.4,
02553,60000,71801,Renfe,AVE,2026-02-22 17:57:00,2026-02-22 20:34:00,0 days 02:37:00,02553_22-02-2026-17.57,83.0,94.9,94.65,113.65,
03305,04104,71801,Renfe,AVE,2026-02-22 18:05:00,2026-02-22 18:46:00,0 days 00:41:00,03305_22-02-2026-15.27,62.3,66.75,71.0,90.0,
03183,60000,71801,Renfe,AVE,2026-02-22 18:27:00,2026-02-22 21:24:00,0 days 02:57:00,03183_22-02-2026-18.27,106.75,118.6,141.95,160.95,
03183,60000,04104,Renfe,AVE,2026-02-22 18:27:00,2026-02-22 20:44:00,0 days 02:17:00,03183_22-02-2026-18.27,96.75,107.5,128.7,147.7,
03183,60000,04040,Renfe,AVE,2026-02-22 18:27:00,2026-02-22 19:45:00,0 days 01:18:00,03183_22-02-2026-18.27,78.0,85.8,103.75,122.75,
03373,04040,71801,Renfe,AVE,2026-02-22 18:52:00,2026-02-22 20:46:00,0 days 01:54:00,03373_22-02-2026-17.27,112.15,120.15,117.2,136.2,
03373,04040,78400,Renfe,AVE,2026-02-22 18:52:00,2026-02-22 19:35:00,0 days 00:43:00,03373_22-02-2026-17.27,71.95,77.1,75.2,94.2,
03373,04040,04104,Renfe,AVE,2026-02-22 18:52:00,2026-02-22 20:04:00,0 days 01:12:00,03373_22-02-2026-17.27,90.7,97.2,94.8,113.8,
03191,60000,71801,Renfe,AVE,2026-02-22 18:57:00,2026-02-22 21:34:00,0 days 02:37:00,03191_22-02-2026-18.57,126.0,140.0,148.95,167.95,
02861,60000,04040,Renfe,AVE,2026-02-22 19:00:00,2026-02-22 20:42:00,0 days 01:42:00,02861_22-02-2026-19.00,46.8,54.6,51.85,70.85,
02861,60000,04007,Renfe,AVE,2026-02-22 19:00:00,2026-02-22 19:28:00,0 days 00:28:00,02861_22-02-2026-19.00,45.7,49.55,60.8,79.8,
02861,04007,04040,Renfe,AVE,2026-02-22 19:29:00,2026-02-22 20:42:00,0 days 01:13:00,02861_22-02-2026-19.00,41.0,47.8,45.4,64.4,
03309,60000,04040,Renfe,AVE,2026-02-22 19:34:00,2026-02-22 21:02:00,0 days 01:28:00,03309_22-02-2026-19.34,109.2,117.0,103.75,122.75,
03309,60000,04104,Renfe,AVE,2026-02-22 19:34:00,2026-02-22 22:15:00,0 days 02:41:00,03309_22-02-2026-19.34,107.5,118.25,128.7,147.7,
03309,60000,78400,Renfe,AVE,2026-02-22 19:34:00,2026-02-22 21:46:00,0 days 02:12:00,03309_22-02-2026-19.34,97.4,107.15,116.6,135.6,
03309,60000,71801,Renfe,AVE,2026-02-22 19:34:00,2026-02-22 22:55:00,0 days 03:21:00,03309_22-02-2026-19.34,118.6,130.45,141.95,160.95,
03183,04040,71801,Renfe,AVE,2026-02-22 19:46:00,2026-02-22 21:24:00,0 days 01:38:00,03183_22-02-2026-18.27,72.1,80.1,95.9,114.9,
03183,04040,04104,Renfe,AVE,2026-02-22 19:46:00,2026-02-22 20:44:00,0 days 00:58:00,03183_22-02-2026-18.27,58.3,64.8,77.55,96.55,
00437,04040,04104,Renfe,ALVIA,2026-02-22 19:52:00,2026-02-22 21:30:00,0 days 01:38:00,00437_22-02-2026-19.52,33.6,38.4,70.2,,
00437,04040,78400,Renfe,ALVIA,2026-02-22 19:52:00,2026-02-22 20:56:00,0 days 01:04:00,00437_22-02-2026-19.52,26.65,30.5,55.75,,
00437,04040,71801,Renfe,ALVIA,2026-02-22 19:52:00,2026-02-22 22:13:00,0 days 02:21:00,00437_22-02-2026-19.52,35.6,41.5,78.85,,
03931,04040,04104,Renfe,AVE,2026-02-22 20:01:00,2026-02-22 21:16:00,0 days 01:15:00,03931_22-02-2026-20.01,64.8,71.3,77.55,96.55,
03931,04040,78400,Renfe,AVE,2026-02-22 20:01:00,2026-02-22 20:48:00,0 days 00:47:00,03931_22-02-2026-20.01,51.4,56.55,61.55,80.55,
03309,04007,04040,Renfe,AVE,2026-02-22 20:01:00,2026-02-22 21:02:00,0 days 01:01:00,03309_22-02-2026-19.34,81.95,88.8,90.85,109.85,
03931,04040,71801,Renfe,AVE,2026-02-22 20:01:00,2026-02-22 21:58:00,0 days 01:57:00,03931_22-02-2026-20.01,72.1,80.1,85.25,104.25,
03309,04007,71801,Renfe,AVE,2026-02-22 20:01:00,2026-02-22 22:55:00,0 days 02:54:00,03309_22-02-2026-19.34,111.6,122.75,133.6,152.6,
03309,04007,04104,Renfe,AVE,2026-02-22 20:01:00,2026-02-22 22:15:00,0 days 02:14:00,03309_22-02-2026-19.34,99.6,109.55,119.2,138.2,
03309,04007,78400,Renfe,AVE,2026-02-22 20:01:00,2026-02-22 21:46:00,0 days 01:45:00,03309_22-02-2026-19.34,88.9,97.8,106.4,125.4,
03201,60000,71801,Renfe,AVE,2026-02-22 20:05:00,2026-02-22 22:42:00,0 days 02:37:00,03201_22-02-2026-20.05,83.95,97.95,111.65,130.65,
03203,60000,04007,Renfe,AVE,2026-02-22 20:27:00,2026-02-22 20:52:00,0 days 00:25:00,03203_22-02-2026-20.27,45.7,49.55,60.8,79.8,
03203,60000,78400,Renfe,AVE,2026-02-22 20:27:00,2026-02-22 22:40:00,0 days 02:13:00,03203_22-02-2026-20.27,77.9,87.65,90.7,109.7,
03203,60000,71801,Renfe,AVE,2026-02-22 20:27:00,2026-02-22 23:48:00,0 days 03:21:00,03203_22-02-2026-20.27,83.0,94.9,94.65,113.65,
03203,60000,04104,Renfe,AVE,2026-02-22 20:27:00,2026-02-22 23:07:00,0 days 02:40:00,03203_22-02-2026-20.27,86.0,96.75,100.1,119.1,
03203,60000,04040,Renfe,AVE,2026-02-22 20:27:00,2026-02-22 21:57:00,0 days 01:30:00,03203_22-02-2026-20.27,62.4,70.2,72.6,91.6,
03941,04040,04104,Renfe,AVE,2026-02-22 20:38:00,2026-02-22 21:51:00,0 days 01:13:00,03941_22-02-2026-20.38,71.3,77.75,86.2,105.2,
03991,04040,71801,Renfe,AVE,2026-02-22 20:38:00,2026-02-22 22:35:00,0 days 01:57:00,03991_22-02-2026-20.38,88.1,96.1,106.55,125.55,
03941,04040,78400,Renfe,AVE,2026-02-22 20:38:00,2026-02-22 21:20:00,0 days 00:42:00,03941_22-02-2026-20.38,56.55,61.7,68.35,87.35,
03991,04040,78400,Renfe,AVE,2026-02-22 20:38:00,2026-02-22 21:20:00,0 days 00:42:00,03991_22-02-2026-20.38,61.7,66.8,75.2,94.2,
03991,04040,04104,Renfe,AVE,2026-02-22 20:38:00,2026-02-22 21:51:00,0 days 01:13:00,03991_22-02-2026-20.38,77.75,84.25,94.8,113.8,
03941,04040,71801,Renfe,AVE,2026-02-22 20:38:00,2026-02-22 22:35:00,0 days 01:57:00,03941_22-02-2026-20.38,80.1,88.1,95.9,114.9,
03183,04104,71801,Renfe,AVE,2026-02-22 20:46:00,2026-02-22 21:24:00,0 days 00:38:00,03183_22-02-2026-18.27,40.05,44.5,53.25,72.25,
03931,78400,71801,Renfe,AVE,2026-02-22 20:50:00,2026-02-22 21:58:00,0 days 01:08:00,03931_22-02-2026-20.01,58.3,64.15,69.8,88.8,
03931,78400,04104,Renfe,AVE,2026-02-22 20:50:00,2026-02-22 21:16:00,0 days 00:26:00,03931_22-02-2026-20.01,41.1,45.2,49.2,68.2,
03203,04007,78400,Renfe,AVE,2026-02-22 20:53:00,2026-02-22 22:40:00,0 days 01:47:00,03203_22-02-2026-20.27,71.1,80.0,82.75,101.75,
03203,04007,04040,Renfe,AVE,2026-02-22 20:53:00,2026-02-22 21:57:00,0 days 01:04:00,03203_22-02-2026-20.27,54.65,61.45,63.6,82.6,
03203,04007,04104,Renfe,AVE,2026-02-22 20:53:00,2026-02-22 23:07:00,0 days 02:14:00,03203_22-02-2026-20.27,79.7,89.65,92.75,111.75,
03203,04007,71801,Renfe,AVE,2026-02-22 20:53:00,2026-02-22 23:48:00,0 days 02:55:00,03203_22-02-2026-20.27,78.1,89.3,89.05,108.05,
00437,78400,04104,Renfe,ALVIA,2026-02-22 20:58:00,2026-02-22 21:30:00,0 days 00:32:00,00437_22-02-2026-19.52,21.35,24.4,44.6,,
00437,78400,71801,Renfe,ALVIA,2026-02-22 20:58:00,2026-02-22 22:13:00,0 days 01:15:00,00437_22-02-2026-19.52,30.25,34.55,63.2,,
03309,04040,78400,Renfe,AVE,2026-02-22 21:03:00,2026-02-22 21:46:00,0 days 00:43:00,03309_22-02-2026-19.34,71.95,77.1,75.2,94.2,
03309,04040,04104,Renfe,AVE,2026-02-22 21:03:00,2026-02-22 22:15:00,0 days 01:12:00,03309_22-02-2026-19.34,90.7,97.2,94.8,113.8,
03309,04040,71801,Renfe,AVE,2026-02-22 21:03:00,2026-02-22 22:55:00,0 days 01:52:00,03309_22-02-2026-19.34,112.15,120.15,117.2,136.2,
02883,60000,71801,Renfe,AVE,2026-02-22 21:07:00,2026-02-22 23:59:00,0 days 02:52:00,02883_22-02-2026-21.07,83.0,94.9,110.4,129.4,
02883,60000,04040,Renfe,AVE,2026-02-22 21:07:00,2026-02-22 22:26:00,0 days 01:19:00,02883_22-02-2026-21.07,62.4,70.2,83.0,102.0,
03931,04104,71801,Renfe,AVE,2026-02-22 21:18:00,2026-02-22 21:58:00,0 days 00:40:00,03931_22-02-2026-20.01,44.5,48.95,53.25,72.25,
03941,78400,71801,Renfe,AVE,2026-02-22 21:22:00,2026-02-22 22:35:00,0 days 01:13:00,03941_22-02-2026-20.38,64.15,69.95,77.55,96.55,
03941,78400,04104,Renfe,AVE,2026-02-22 21:22:00,2026-02-22 21:51:00,0 days 00:29:00,03941_22-02-2026-20.38,45.2,49.3,54.65,73.65,
03991,78400,04104,Renfe,AVE,2026-02-22 21:22:00,2026-02-22 21:51:00,0 days 00:29:00,03991_22-02-2026-20.38,45.2,49.3,54.65,73.65,
03991,78400,71801,Renfe,AVE,2026-02-22 21:22:00,2026-02-22 22:35:00,0 days 01:13:00,03991_22-02-2026-20.38,64.15,69.95,77.55,96.55,
00437,04104,71801,Renfe,ALVIA,2026-02-22 21:32:00,2026-02-22 22:13:00,0 days 00:41:00,00437_22-02-2026-19.52,23.1,26.4,48.3,,
03991,04104,71801,Renfe,AVE,2026-02-22 21:53:00,2026-02-22 22:35:00,0 days 00:42:00,03991_22-02-2026-20.38,48.95,53.4,59.2,78.2,
03941,04104,71801,Renfe,AVE,2026-02-22 21:53:00,2026-02-22 22:35:00,0 days 00:42:00,03941_22-02-2026-20.38,48.95,53.4,59.2,78.2,
03203,04040,78400,Renfe,AVE,2026-02-22 21:58:00,2026-02-22 22:40:00,0 days 00:42:00,03203_22-02-2026-20.27,46.25,51.4,54.7,73.7,
03203,04040,04104,Renfe,AVE,2026-02-22 21:58:00,2026-02-22 23:07:00,0 days 01:09:00,03203_22-02-2026-20.27,58.3,64.8,68.95,87.95,
03203,04040,71801,Renfe,AVE,2026-02-22 21:58:00,2026-02-22 23:48:00,0 days 01:50:00,03203_22-02-2026-20.27,64.1,72.1,74.55,93.55,
02883,04040,71801,Renfe,AVE,2026-02-22 22:27:00,2026-02-22 23:59:00,0 days 01:32:00,02883_22-02-2026-21.07,64.1,72.1,85.25,104.25,
03203,78400,04104,Renfe,AVE,2026-02-22 22:42:00,2026-02-22 23:07:00,0 days 00:25:00,03203_22-02-2026-20.27,32.9,37.0,43.75,62.75,
03203,78400,71801,Renfe,AVE,2026-02-22 22:42:00,2026-02-22 23:48:00,0 days 01:06:00,03203_22-02-2026-20.27,46.65,52.45,62.05,81.05,
03203,04104,71801,Renfe,AVE,2026-02-22 23:09:00,2026-02-22 23:48:00,0 days 00:39:00,03203_22-02-2026-20.27,35.6,40.05,47.35,66.35,
03301,60000,71801,Renfe,AVE,2026-02-23 06:16:00,2026-02-23 09:05:00,0 days 02:49:00,03301_23-02-2026-06.16,71.15,83.0,94.65,113.65,
03301,60000,04104,Renfe,AVE,2026-02-23 06:16:00,2026-02-23 08:21:00,0 days 02:05:00,03301_23-02-2026-06.16,64.5,75.25,85.8,104.8,
03063,60000,71801,Renfe,AVE,2026-02-23 06:27:00,2026-02-23 09:25:00,0 days 02:58:00,03063_23-02-2026-06.27,47.45,59.3,63.1,82.1,
03063,60000,04040,Renfe,AVE,2026-02-23 06:27:00,2026-02-23 07:52:00,0 days 01:25:00,03063_23-02-2026-06.27,39.0,46.8,51.85,70.85,
03071,60000,71801,Renfe,AVE,2026-02-23 06:57:00,2026-02-23 09:34:00,0 days 02:37:00,03071_23-02-2026-06.57,125.9,139.9,186.05,205.05,
03073,60000,71801,Renfe,AVE,2026-02-23 07:27:00,2026-02-23 10:46:00,0 days 03:19:00,03073_23-02-2026-07.27,94.9,106.75,141.95,160.95,
03073,60000,04104,Renfe,AVE,2026-02-23 07:27:00,2026-02-23 10:04:00,0 days 02:37:00,03073_23-02-2026-07.27,96.75,107.5,143.0,162.0,
03073,60000,78400,Renfe,AVE,2026-02-23 07:27:00,2026-02-23 09:35:00,0 days 02:08:00,03073_23-02-2026-07.27,87.65,97.4,129.55,148.55,
03073,60000,04040,Renfe,AVE,2026-02-23 07:27:00,2026-02-23 08:51:00,0 days 01:24:00,03073_23-02-2026-07.27,70.2,78.0,103.75,122.75,
03073,60000,04007,Renfe,AVE,2026-02-23 07:27:00,2026-02-23 07:52:00,0 days 00:25:00,03073_23-02-2026-07.27,45.7,49.55,60.8,79.8,
03073,04007,04040,Renfe,AVE,2026-02-23 07:53:00,2026-02-23 08:51:00,0 days 00:58:00,03073_23-02-2026-07.27,61.45,68.3,90.85,109.85,
03073,04007,78400,Renfe,AVE,2026-02-23 07:53:00,2026-02-23 09:35:00,0 days 01:42:00,03073_23-02-2026-07.27,80.0,88.9,118.25,137.25,
03073,04007,04104,Renfe,AVE,2026-02-23 07:53:00,2026-02-23 10:04:00,0 days 02:11:00,03073_23-02-2026-07.27,89.65,99.6,132.45,151.45,
03063,04040,71801,Renfe,AVE,2026-02-23 07:53:00,2026-02-23 09:25:00,0 days 01:32:00,03063_23-02-2026-06.27,40.05,48.05,53.25,72.25,
03073,04007,71801,Renfe,AVE,2026-02-23 07:53:00,2026-02-23 10:46:00,0 days 02:53:00,03073_23-02-2026-07.27,89.3,100.45,133.6,152.6,
03081,60000,71801,Renfe,AVE,2026-02-23 07:57:00,2026-02-23 10:34:00,0 days 02:37:00,03081_23-02-2026-07.57,41.95,55.95,74.45,93.45,
03301,04104,71801,Renfe,AVE,2026-02-23 08:23:00,2026-02-23 09:05:00,0 days 00:42:00,03301_23-02-2026-06.16,26.7,31.15,35.5,54.5,
03083,60000,71801,Renfe,AVE,2026-02-23 08:27:00,2026-02-23 11:19:00,0 days 02:52:00,03083_23-02-2026-08.27,47.45,59.3,63.1,82.1,
03083,60000,04040,Renfe,AVE,2026-02-23 08:27:00,2026-02-23 09:45:00,0 days 01:18:00,03083_23-02-2026-08.27,39.0,46.8,51.85,70.85,
03073,04040,71801,Renfe,AVE,2026-02-23 08:52:00,2026-02-23 10:46:00,0 days 01:54:00,03073_23-02-2026-07.27,72.1,80.1,106.55,125.55,
03073,04040,04104,Renfe,AVE,2026-02-23 08:52:00,2026-02-23 10:04:00,0 days 01:12:00,03073_23-02-2026-07.27,64.8,71.3,94.8,113.8,
03073,04040,78400,Renfe,AVE,2026-02-23 08:52:00,2026-02-23 09:35:00,0 days 00:43:00,03073_23-02-2026-07.27,51.4,56.55,75.2,94.2,
03091,60000,71801,Renfe,AVE,2026-02-23 08:57:00,2026-02-23 11:41:00,0 days 02:44:00,03091_23-02-2026-08.57,125.9,139.9,148.85,167.85,
03091,60000,04104,Renfe,AVE,2026-02-23 08:57:00,2026-02-23 11:01:00,0 days 02:04:00,03091_23-02-2026-08.57,107.5,118.25,128.7,147.7,
02561,60000,71801,Renfe,AVE,2026-02-23 09:27:00,2026-02-23 12:41:00,0 days 03:14:00,02561_23-02-2026-09.27,59.3,71.15,78.85,97.85,
02561,60000,78400,Renfe,AVE,2026-02-23 09:27:00,2026-02-23 11:32:00,0 days 02:05:00,02561_23-02-2026-09.27,58.45,68.2,77.75,96.75,
02561,60000,04040,Renfe,AVE,2026-02-23 09:27:00,2026-02-23 10:46:00,0 days 01:19:00,02561_23-02-2026-09.27,46.8,54.6,62.25,81.25,
02561,60000,04104,Renfe,AVE,2026-02-23 09:27:00,2026-02-23 12:00:00,0 days 02:33:00,02561_23-02-2026-09.27,64.5,75.25,85.8,104.8,
03073,78400,04104,Renfe,AVE,2026-02-23 09:37:00,2026-02-23 10:04:00,0 days 00:27:00,03073_23-02-2026-07.27,41.1,45.2,60.15,79.15,
03073,78400,71801,Renfe,AVE,2026-02-23 09:37:00,2026-02-23 10:46:00,0 days 01:09:00,03073_23-02-2026-07.27,58.3,64.15,85.3,104.3,
03083,04040,71801,Renfe,AVE,2026-02-23 09:46:00,2026-02-23 11:19:00,0 days 01:33:00,03083_23-02-2026-08.27,32.05,40.05,42.6,61.6,
03073,04104,71801,Renfe,AVE,2026-02-23 10:06:00,2026-02-23 10:46:00,0 days 00:40:00,03073_23-02-2026-07.27,44.5,48.95,65.1,84.1,
03303,60000,04040,Renfe,AVE,2026-02-23 10:27:00,2026-02-23 11:47:00,0 days 01:20:00,03303_23-02-2026-10.27,62.4,70.2,62.25,81.25,
03303,60000,71801,Renfe,AVE,2026-02-23 10:27:00,2026-02-23 13:19:00,0 days 02:52:00,03303_23-02-2026-10.27,71.15,83.0,94.65,113.65,
00605,60000,04007,Renfe,ALVIA,2026-02-23 10:32:00,2026-02-23 10:59:00,0 days 00:27:00,00605_23-02-2026-10.32,22.7,24.55,25.15,,
02561,04040,78400,Renfe,AVE,2026-02-23 10:47:00,2026-02-23 11:32:00,0 days 00:45:00,02561_23-02-2026-09.27,36.0,41.1,47.85,66.85,
02561,04040,04104,Renfe,AVE,2026-02-23 10:47:00,2026-02-23 12:00:00,0 days 01:13:00,02561_23-02-2026-09.27,45.35,51.85,60.35,79.35,
02561,04040,71801,Renfe,AVE,2026-02-23 10:47:00,2026-02-23 12:41:00,0 days 01:54:00,02561_23-02-2026-09.27,48.05,56.05,63.9,82.9,
03091,04104,71801,Renfe,AVE,2026-02-23 11:03:00,2026-02-23 11:41:00,0 days 00:38:00,03091_23-02-2026-08.57,57.75,63.0,69.85,88.85,
00533,04040,71801,Renfe,ALVIA,2026-02-23 11:09:00,2026-02-23 13:09:00,0 days 02:00:00,00533_23-02-2026-11.09,59.3,65.25,71.0,,
00533,04040,78400,Renfe,ALVIA,2026-02-23 11:09:00,2026-02-23 11:58:00,0 days 00:49:00,00533_23-02-2026-11.09,41.9,45.7,50.65,,
00533,04040,04104,Renfe,ALVIA,2026-02-23 11:09:00,2026-02-23 12:31:00,0 days 01:22:00,00533_23-02-2026-11.09,52.8,57.6,63.85,,
03113,60000,04040,Renfe,AVE,2026-02-23 11:27:00,2026-02-23 12:51:00,0 days 01:24:00,03113_23-02-2026-11.27,93.6,101.4,103.75,122.75,
03113,60000,04104,Renfe,AVE,2026-02-23 11:27:00,2026-02-23 14:04:00,0 days 02:37:00,03113_23-02-2026-11.27,118.25,129.0,143.0,162.0,
03113,60000,71801,Renfe,AVE,2026-02-23 11:27:00,2026-02-23 14:46:00,0 days 03:19:00,03113_23-02-2026-11.27,118.6,130.45,141.95,160.95,
03113,60000,78400,Renfe,AVE,2026-02-23 11:27:00,2026-02-23 13:35:00,0 days 02:08:00,03113_23-02-2026-11.27,107.15,116.9,129.55,148.55,
02561,78400,04104,Renfe,AVE,2026-02-23 11:34:00,2026-02-23 12:00:00,0 days 00:26:00,02561_23-02-2026-09.27,28.75,32.9,38.25,57.25,
02561,78400,71801,Renfe,AVE,2026-02-23 11:34:00,2026-02-23 12:41:00,0 days 01:07:00,02561_23-02-2026-09.27,40.8,46.65,54.3,73.3,
03303,04040,71801,Renfe,AVE,2026-02-23 11:48:00,2026-02-23 13:19:00,0 days 01:31:00,03303_23-02-2026-10.27,64.1,72.1,85.25,104.25,
00533,78400,04104,Renfe,ALVIA,2026-02-23 12:00:00,2026-02-23 12:31:00,0 days 00:31:00,00533_23-02-2026-11.09,33.55,36.6,40.55,,
34433,78400,71801,Renfe,AVANT,2026-02-23 12:00:00,2026-02-23 13:09:00,0 days 01:09:00,34433_23-02-2026-12.00,,,,,31.5
34433,78400,04104,Renfe,AVANT,2026-02-23 12:00:00,2026-02-23 12:31:00,0 days 00:31:00,34433_23-02-2026-12.00,,,,,15.0
00533,78400,71801,Renfe,ALVIA,2026-02-23 12:00:00,2026-02-23 13:09:00,0 days 01:09:00,00533_23-02-2026-11.09,47.5,51.85,57.45,,
02561,04104,71801,Renfe,AVE,2026-02-23 12:02:00,2026-02-23 12:41:00,0 days 00:39:00,02561_23-02-2026-09.27,31.15,35.6,41.45,60.45,
02591,60000,04040,Renfe,AVE,2026-02-23 12:27:00,2026-02-23 13:45:00,0 days 01:18:00,02591_23-02-2026-12.27,39.0,46.8,51.85,70.85,
02591,60000,71801,Renfe,AVE,2026-02-23 12:27:00,2026-02-23 15:44:00,0 days 03:17:00,02591_23-02-2026-12.27,47.45,59.3,63.1,82.1,
02591,60000,78400,Renfe,AVE,2026-02-23 12:27:00,2026-02-23 14:29:00,0 days 02:02:00,02591_23-02-2026-12.27,48.7,58.45,64.75,83.75,
00533,04104,71801,Renfe,ALVIA,2026-02-23 12:33:00,2026-02-23 13:09:00,0 days 00:36:00,00533_23-02-2026-11.09,36.3,39.6,43.9,,
34433,04104,71801,Renfe,AVANT,2026-02-23 12:33:00,2026-02-23 13:09:00,0 days 00:36:00,34433_23-02-2026-12.00,,,,,18.5
03943,04040,78400,Renfe,AVE,2026-02-23 12:37:00,2026-02-23 13:17:00,0 days 00:40:00,03943_23-02-2026-12.37,46.25,51.4,54.7,73.7,
03943,04040,04104,Renfe,AVE,2026-02-23 12:37:00,2026-02-23 13:43:00,0 days 01:06:00,03943_23-02-2026-12.37,58.3,64.8,68.95,87.95,
03993,04040,78400,Renfe,AVE,2026-02-23 12:37:00,2026-02-23 13:17:00,0 days 00:40:00,03993_23-02-2026-12.37,46.25,51.4,54.7,73.7,
03943,04040,71801,Renfe,AVE,2026-02-23 12:37:00,2026-02-23 14:25:00,0 days 01:48:00,03943_23-02-2026-12.37,64.1,72.1,74.55,93.55,
03993,04040,71801,Renfe,AVE,2026-02-23 12:37:00,2026-02-23 14:25:00,0 days 01:48:00,03993_23-02-2026-12.37,64.1,72.1,74.55,93.55,
03993,04040,04104,Renfe,AVE,2026-02-23 12:37:00,2026-02-23 13:43:00,0 days 01:06:00,03993_23-02-2026-12.37,58.3,64.8,68.95,87.95,
03113,04040,78400,Renfe,AVE,2026-02-23 12:52:00,2026-02-23 13:35:00,0 days 00:43:00,03113_23-02-2026-11.27,61.7,66.8,75.2,94.2,
03113,04040,71801,Renfe,AVE,2026-02-23 12:52:00,2026-02-23 14:46:00,0 days 01:54:00,03113_23-02-2026-11.27,88.1,96.1,106.55,125.55,
03113,04040,04104,Renfe,AVE,2026-02-23 12:52:00,2026-02-23 14:04:00,0 days 01:12:00,03113_23-02-2026-11.27,77.75,84.25,94.8,113.8,
09725,60000,71801,Renfe,AVE INT,2026-02-23 13:15:00,2026-02-23 16:19:00,0 days 03:04:00,09725_23-02-2026-13.15,59.3,71.15,110.4,129.4,
09725,60000,04104,Renfe,AVE INT,2026-02-23 13:15:00,2026-02-23 15:37:00,0 days 02:22:00,09725_23-02-2026-13.15,43.0,53.75,100.1,119.1,
09725,60000,04040,Renfe,AVE INT,2026-02-23 13:15:00,2026-02-23 14:40:00,0 days 01:25:00,09725_23-02-2026-13.15,46.8,54.6,83.0,102.0,
09725,60000,04007,Renfe,AVE INT,2026-02-23 13:15:00,2026-02-23 13:41:00,0 days 00:26:00,09725_23-02-2026-13.15,15.25,19.05,25.35,44.35,
03943,78400,71801,Renfe,AVE,2026-02-23 13:19:00,2026-02-23 14:25:00,0 days 01:06:00,03943_23-02-2026-12.37,52.45,58.3,62.05,81.05,
03993,78400,71801,Renfe,AVE,2026-02-23 13:19:00,2026-02-23 14:25:00,0 days 01:06:00,03993_23-02-2026-12.37,52.45,58.3,62.05,81.05,
03943,78400,04104,Renfe,AVE,2026-02-23 13:19:00,2026-02-23 13:43:00,0 days 00:24:00,03943_23-02-2026-12.37,37.0,41.1,43.75,62.75,
03993,78400,04104,Renfe,AVE,2026-02-23 13:19:00,2026-02-23 13:43:00,0 days 00:24:00,03993_23-02-2026-12.37,37.0,41.1,43.75,62.75,
03113,78400,04104,Renfe,AVE,2026-02-23 13:37:00,2026-02-23 14:04:00,0 days 00:27:00,03113_23-02-2026-11.27,49.3,53.45,60.15,79.15,
34813,78400,71801,Renfe,AVANT,2026-02-23 13:37:00,2026-02-23 14:46:00,0 days 01:09:00,34813_23-02-2026-13.37,,,,,31.5
03113,78400,71801,Renfe,AVE,2026-02-23 13:37:00,2026-02-23 14:46:00,0 days 01:09:00,03113_23-02-2026-11.27,69.95,75.8,85.3,104.3,
34813,78400,04104,Renfe,AVANT,2026-02-23 13:37:00,2026-02-23 14:04:00,0 days 00:27:00,34813_23-02-2026-13.37,,,,,15.0
09725,04007,04104,Renfe,AVE INT,2026-02-23 13:43:00,2026-02-23 15:37:00,0 days 01:54:00,09725_23-02-2026-13.15,39.85,49.8,92.75,111.75,
09725,04007,04040,Renfe,AVE INT,2026-02-23 13:43:00,2026-02-23 14:40:00,0 days 00:57:00,09725_23-02-2026-13.15,41.0,47.8,72.65,91.65,
09725,04007,71801,Renfe,AVE INT,2026-02-23 13:43:00,2026-02-23 16:19:00,0 days 02:36:00,09725_23-02-2026-13.15,44.65,55.8,103.9,122.9,
03943,04104,71801,Renfe,AVE,2026-02-23 13:45:00,2026-02-23 14:25:00,0 days 00:40:00,03943_23-02-2026-12.37,40.05,44.5,47.35,66.35,
03993,04104,71801,Renfe,AVE,2026-02-23 13:45:00,2026-02-23 14:25:00,0 days 00:40:00,03993_23-02-2026-12.37,40.05,44.5,47.35,66.35,
02591,04040,78400,Renfe,AVE,2026-02-23 13:46:00,2026-02-23 14:29:00,0 days 00:43:00,02591_23-02-2026-12.27,30.85,36.0,41.0,60.0,
02591,04040,71801,Renfe,AVE,2026-02-23 13:46:00,2026-02-23 15:44:00,0 days 01:58:00,02591_23-02-2026-12.27,40.05,48.05,53.25,72.25,
03141,60000,71801,Renfe,AVE,2026-02-23 13:57:00,2026-02-23 16:34:00,0 days 02:37:00,03141_23-02-2026-13.57,153.9,167.9,223.3,242.3,
03113,04104,71801,Renfe,AVE,2026-02-23 14:06:00,2026-02-23 14:46:00,0 days 00:40:00,03113_23-02-2026-11.27,53.4,57.85,65.1,84.1,
34813,04104,71801,Renfe,AVANT,2026-02-23 14:06:00,2026-02-23 14:46:00,0 days 00:40:00,34813_23-02-2026-13.37,,,,,18.5
03143,60000,04040,Renfe,AVE,2026-02-23 14:27:00,2026-02-23 15:51:00,0 days 01:24:00,03143_23-02-2026-14.27,62.4,70.2,103.75,122.75,
03143,60000,71801,Renfe,AVE,2026-02-23 14:27:00,2026-02-23 17:24:00,0 days 02:57:00,03143_23-02-2026-14.27,83.0,94.9,141.95,160.95,
02591,78400,71801,Renfe,AVE,2026-02-23 14:31:00,2026-02-23 15:44:00,0 days 01:13:00,02591_23-02-2026-12.27,35.0,40.8,46.5,65.5,
34823,78400,71801,Renfe,AVANT,2026-02-23 14:31:00,2026-02-23 15:44:00,0 days 01:13:00,34823_23-02-2026-14.31,,,,,31.5
09725,04040,04104,Renfe,AVE INT,2026-02-23 14:43:00,2026-02-23 15:37:00,0 days 00:54:00,09725_23-02-2026-13.15,25.9,32.4,43.1,62.1,
09725,04040,71801,Renfe,AVE INT,2026-02-23 14:43:00,2026-02-23 16:19:00,0 days 01:36:00,09725_23-02-2026-13.15,48.05,56.05,85.25,104.25,
00609,60000,04007,Renfe,ALVIA,2026-02-23 14:47:00,2026-02-23 15:15:00,0 days 00:28:00,00609_23-02-2026-14.47,26.45,28.35,30.15,,
03151,60000,71801,Renfe,AVE,2026-02-23 14:57:00,2026-02-23 17:34:00,0 days 02:37:00,03151_23-02-2026-14.57,55.95,69.95,74.45,93.45,
03305,60000,78400,Renfe,AVE,2026-02-23 15:27:00,2026-02-23 17:35:00,0 days 02:08:00,03305_23-02-2026-15.27,48.7,58.45,64.75,83.75,
03305,60000,71801,Renfe,AVE,2026-02-23 15:27:00,2026-02-23 18:46:00,0 days 03:19:00,03305_23-02-2026-15.27,59.3,71.15,78.85,97.85,
03305,60000,04104,Renfe,AVE,2026-02-23 15:27:00,2026-02-23 18:03:00,0 days 02:36:00,03305_23-02-2026-15.27,53.75,64.5,71.5,90.5,
03305,60000,04040,Renfe,AVE,2026-02-23 15:27:00,2026-02-23 16:50:00,0 days 01:23:00,03305_23-02-2026-15.27,54.6,62.4,62.25,81.25,
09725,04104,71801,Renfe,AVE INT,2026-02-23 15:39:00,2026-02-23 16:19:00,0 days 00:40:00,09725_23-02-2026-13.15,17.8,22.25,29.6,48.6,
03143,04040,71801,Renfe,AVE,2026-02-23 15:52:00,2026-02-23 17:24:00,0 days 01:32:00,03143_23-02-2026-14.27,48.05,56.05,106.55,125.55,
03161,60000,71801,Renfe,AVE,2026-02-23 15:57:00,2026-02-23 18:34:00,0 days 02:37:00,03161_23-02-2026-15.57,35.0,41.95,74.45,93.45,
03163,60000,71801,Renfe,AVE,2026-02-23 16:27:00,2026-02-23 19:19:00,0 days 02:52:00,03163_23-02-2026-16.27,71.15,83.0,94.65,113.65,
03163,60000,04040,Renfe,AVE,2026-02-23 16:27:00,2026-02-23 17:45:00,0 days 01:18:00,03163_23-02-2026-16.27,54.6,62.4,72.6,91.6,
03305,04040,04104,Renfe,AVE,2026-02-23 16:51:00,2026-02-23 18:03:00,0 days 01:12:00,03305_23-02-2026-15.27,38.9,45.35,51.7,70.7,
03305,04040,78400,Renfe,AVE,2026-02-23 16:51:00,2026-02-23 17:35:00,0 days 00:44:00,03305_23-02-2026-15.27,30.85,36.0,41.0,60.0,
03305,04040,71801,Renfe,AVE,2026-02-23 16:51:00,2026-02-23 18:46:00,0 days 01:55:00,03305_23-02-2026-15.27,48.05,56.05,63.9,82.9,
03171,60000,71801,Renfe,AVE,2026-02-23 16:57:00,2026-02-23 19:34:00,0 days 02:37:00,03171_23-02-2026-16.57,41.95,55.95,74.45,93.45,
03173,60000,71801,Renfe,AVE,2026-02-23 17:27:00,2026-02-23 20:46:00,0 days 03:19:00,03173_23-02-2026-17.27,106.75,118.6,126.2,145.2,
03173,60000,04040,Renfe,AVE,2026-02-23 17:27:00,2026-02-23 18:51:00,0 days 01:24:00,03173_23-02-2026-17.27,78.0,85.8,93.35,112.35,
03173,60000,78400,Renfe,AVE,2026-02-23 17:27:00,2026-02-23 19:35:00,0 days 02:08:00,03173_23-02-2026-17.27,97.4,107.15,116.6,135.6,
03173,60000,04007,Renfe,AVE,2026-02-23 17:27:00,2026-02-23 17:53:00,0 days 00:26:00,03173_23-02-2026-17.27,49.55,53.35,60.8,79.8,
03173,60000,04104,Renfe,AVE,2026-02-23 17:27:00,2026-02-23 20:04:00,0 days 02:37:00,03173_23-02-2026-17.27,107.5,118.25,128.7,147.7,
03305,78400,71801,Renfe,AVE,2026-02-23 17:37:00,2026-02-23 18:46:00,0 days 01:09:00,03305_23-02-2026-15.27,40.8,46.65,54.3,73.3,
03305,78400,04104,Renfe,AVE,2026-02-23 17:37:00,2026-02-23 18:03:00,0 days 00:26:00,03305_23-02-2026-15.27,28.75,32.9,38.25,57.25,
03163,04040,71801,Renfe,AVE,2026-02-23 17:46:00,2026-02-23 19:19:00,0 days 01:33:00,03163_23-02-2026-16.27,48.05,56.05,63.9,82.9,
03173,04007,71801,Renfe,AVE,2026-02-23 17:54:00,2026-02-23 20:46:00,0 days 02:52:00,03173_23-02-2026-17.27,100.45,111.6,118.75,137.75,
03173,04007,04104,Renfe,AVE,2026-02-23 17:54:00,2026-02-23 20:04:00,0 days 02:10:00,03173_23-02-2026-17.27,99.6,109.55,119.2,138.2,
03173,04007,78400,Renfe,AVE,2026-02-23 17:54:00,2026-02-23 19:35:00,0 days 01:41:00,03173_23-02-2026-17.27,88.9,97.8,106.4,125.4,
03173,04007,04040,Renfe,AVE,2026-02-23 17:54:00,2026-02-23 18:51:00,0 days 00:57:00,03173_23-02-2026-17.27,68.3,75.15,81.75,100.75,
02553,60000,71801,Renfe,AVE,2026-02-23 17:57:00,2026-02-23 20:34:00,0 days 02:37:00,02553_23-02-2026-17.57,35.6,47.45,78.85,97.85,
03305,04104,71801,Renfe,AVE,2026-02-23 18:05:00,2026-02-23 18:46:00,0 days 00:41:00,03305_23-02-2026-15.27,31.15,35.6,41.45,60.45,
03183,60000,71801,Renfe,AVE,2026-02-23 18:27:00,2026-02-23 21:24:00,0 days 02:57:00,03183_23-02-2026-18.27,83.0,94.9,94.65,113.65,
03183,60000,04104,Renfe,AVE,2026-02-23 18:27:00,2026-02-23 20:44:00,0 days 02:17:00,03183_23-02-2026-18.27,75.25,86.0,85.8,104.8,
03183,60000,04040,Renfe,AVE,2026-02-23 18:27:00,2026-02-23 19:45:00,0 days 01:18:00,03183_23-02-2026-18.27,62.4,70.2,72.6,91.6,
03173,04040,04104,Renfe,AVE,2026-02-23 18:52:00,2026-02-23 20:04:00,0 days 01:12:00,03173_23-02-2026-17.27,71.3,77.75,86.2,105.2,
03173,04040,78400,Renfe,AVE,2026-02-23 18:52:00,2026-02-23 19:35:00,0 days 00:43:00,03173_23-02-2026-17.27,56.55,61.7,68.35,87.35,
03173,04040,71801,Renfe,AVE,2026-02-23 18:52:00,2026-02-23 20:46:00,0 days 01:54:00,03173_23-02-2026-17.27,80.1,88.1,95.9,114.9,
03191,60000,71801,Renfe,AVE,2026-02-23 18:57:00,2026-02-23 21:34:00,0 days 02:37:00,03191_23-02-2026-18.57,56.0,70.0,74.5,93.5,
02861,60000,04007,Renfe,AVE,2026-02-23 19:00:00,2026-02-23 19:28:00,0 days 00:28:00,02861_23-02-2026-19.00,45.7,49.55,60.8,79.8,
02861,60000,04040,Renfe,AVE,2026-02-23 19:00:00,2026-02-23 20:42:00,0 days 01:42:00,02861_23-02-2026-19.00,31.2,39.0,51.85,70.85,
02861,04007,04040,Renfe,AVE,2026-02-23 19:29:00,2026-02-23 20:42:00,0 days 01:13:00,02861_23-02-2026-19.00,27.3,34.15,45.4,64.4,
03309,60000,04007,Renfe,AVE,2026-02-23 19:34:00,2026-02-23 20:00:00,0 days 00:26:00,03309_23-02-2026-19.34,41.9,45.7,50.65,69.65,
03309,60000,71801,Renfe,AVE,2026-02-23 19:34:00,2026-02-23 22:55:00,0 days 03:21:00,03309_23-02-2026-19.34,47.45,59.3,78.85,97.85,
03309,60000,04040,Renfe,AVE,2026-02-23 19:34:00,2026-02-23 21:02:00,0 days 01:28:00,03309_23-02-2026-19.34,39.0,46.8,41.5,60.5,
03309,60000,04104,Renfe,AVE,2026-02-23 19:34:00,2026-02-23 22:15:00,0 days 02:41:00,03309_23-02-2026-19.34,43.0,53.75,71.5,90.5,
03309,60000,78400,Renfe,AVE,2026-02-23 19:34:00,2026-02-23 21:46:00,0 days 02:12:00,03309_23-02-2026-19.34,38.95,48.7,64.75,83.75,
03173,78400,04104,Renfe,AVE,2026-02-23 19:37:00,2026-02-23 20:04:00,0 days 00:27:00,03173_23-02-2026-17.27,45.2,49.3,54.65,73.65,
03173,78400,71801,Renfe,AVE,2026-02-23 19:37:00,2026-02-23 20:46:00,0 days 01:09:00,03173_23-02-2026-17.27,64.15,69.95,77.55,96.55,
03183,04040,04104,Renfe,AVE,2026-02-23 19:46:00,2026-02-23 20:44:00,0 days 00:58:00,03183_23-02-2026-18.27,45.35,51.85,51.7,70.7,
03183,04040,71801,Renfe,AVE,2026-02-23 19:46:00,2026-02-23 21:24:00,0 days 01:38:00,03183_23-02-2026-18.27,56.05,64.1,63.9,82.9,
00437,04040,04104,Renfe,ALVIA,2026-02-23 19:52:00,2026-02-23 21:30:00,0 days 01:38:00,00437_23-02-2026-19.52,33.6,38.4,57.45,,
00437,04040,78400,Renfe,ALVIA,2026-02-23 19:52:00,2026-02-23 20:56:00,0 days 01:04:00,00437_23-02-2026-19.52,26.65,30.5,45.6,,
00437,04040,71801,Renfe,ALVIA,2026-02-23 19:52:00,2026-02-23 22:13:00,0 days 02:21:00,00437_23-02-2026-19.52,35.6,41.5,63.1,,
03309,04007,04040,Renfe,AVE,2026-02-23 20:01:00,2026-02-23 21:02:00,0 days 01:01:00,03309_23-02-2026-19.34,34.15,41.0,45.4,64.4,
03309,04007,04104,Renfe,AVE,2026-02-23 20:01:00,2026-02-23 22:15:00,0 days 02:14:00,03309_23-02-2026-19.34,39.85,49.8,66.25,85.25,
03931,04040,04104,Renfe,AVE,2026-02-23 20:01:00,2026-02-23 21:16:00,0 days 01:15:00,03931_23-02-2026-20.01,58.3,64.8,68.95,87.95,
03931,04040,71801,Renfe,AVE,2026-02-23 20:01:00,2026-02-23 21:58:00,0 days 01:57:00,03931_23-02-2026-20.01,64.1,72.1,74.55,93.55,
03309,04007,78400,Renfe,AVE,2026-02-23 20:01:00,2026-02-23 21:46:00,0 days 01:45:00,03309_23-02-2026-19.34,35.55,44.45,59.1,78.1,
03931,04040,78400,Renfe,AVE,2026-02-23 20:01:00,2026-02-23 20:48:00,0 days 00:47:00,03931_23-02-2026-20.01,46.25,51.4,54.7,73.7,
03309,04007,71801,Renfe,AVE,2026-02-23 20:01:00,2026-02-23 22:55:00,0 days 02:54:00,03309_23-02-2026-19.34,44.65,55.8,74.2,93.2,
03173,04104,71801,Renfe,AVE,2026-02-23 20:06:00,2026-02-23 20:46:00,0 days 00:40:00,03173_23-02-2026-17.27,48.95,53.4,59.2,78.2,
03203,60000,04104,Renfe,AVE,2026-02-23 20:27:00,2026-02-23 23:07:00,0 days 02:40:00,03203_23-02-2026-20.27,43.0,53.75,71.5,90.5,
03203,60000,04040,Renfe,AVE,2026-02-23 20:27:00,2026-02-23 21:57:00,0 days 01:30:00,03203_23-02-2026-20.27,31.2,39.0,51.85,70.85,
03203,60000,71801,Renfe,AVE,2026-02-23 20:27:00,2026-02-23 23:48:00,0 days 03:21:00,03203_23-02-2026-20.27,35.6,47.45,63.1,82.1,
03203,60000,78400,Renfe,AVE,2026-02-23 20:27:00,2026-02-23 22:40:00,0 days 02:13:00,03203_23-02-2026-20.27,38.95,48.7,64.75,83.75,
03203,60000,04007,Renfe,AVE,2026-02-23 20:27:00,2026-02-23 20:52:00,0 days 00:25:00,03203_23-02-2026-20.27,45.7,49.55,60.8,79.8,
03941,04040,78400,Renfe,AVE,2026-02-23 20:38:00,2026-02-23 21:20:00,0 days 00:42:00,03941_23-02-2026-20.38,41.1,46.25,54.7,73.7,
03991,04040,04104,Renfe,AVE,2026-02-23 20:38:00,2026-02-23 21:51:00,0 days 01:13:00,03991_23-02-2026-20.38,45.35,51.85,60.35,79.35,
03941,04040,04104,Renfe,AVE,2026-02-23 20:38:00,2026-02-23 21:51:00,0 days 01:13:00,03941_23-02-2026-20.38,51.85,58.3,68.95,87.95,
03991,04040,78400,Renfe,AVE,2026-02-23 20:38:00,2026-02-23 21:20:00,0 days 00:42:00,03991_23-02-2026-20.38,36.0,41.1,47.85,66.85,
03941,04040,71801,Renfe,AVE,2026-02-23 20:38:00,2026-02-23 22:35:00,0 days 01:57:00,03941_23-02-2026-20.38,56.05,64.1,74.55,93.55,
03991,04040,71801,Renfe,AVE,2026-02-23 20:38:00,2026-02-23 22:35:00,0 days 01:57:00,03991_23-02-2026-20.38,48.05,56.05,63.9,82.9,
03183,04104,71801,Renfe,AVE,2026-02-23 20:46:00,2026-02-23 21:24:00,0 days 00:38:00,03183_23-02-2026-18.27,31.15,35.6,35.5,54.5,
03931,78400,04104,Renfe,AVE,2026-02-23 20:50:00,2026-02-23 21:16:00,0 days 00:26:00,03931_23-02-2026-20.01,37.0,41.1,43.75,62.75,
03931,78400,71801,Renfe,AVE,2026-02-23 20:50:00,2026-02-23 21:58:00,0 days 01:08:00,03931_23-02-2026-20.01,52.45,58.3,62.05,81.05,
03203,04007,04040,Renfe,AVE,2026-02-23 20:53:00,2026-02-23 21:57:00,0 days 01:04:00,03203_23-02-2026-20.27,27.3,34.15,45.4,64.4,
03203,04007,04104,Renfe,AVE,2026-02-23 20:53:00,2026-02-23 23:07:00,0 days 02:14:00,03203_23-02-2026-20.27,39.85,49.8,66.25,85.25,
03203,04007,71801,Renfe,AVE,2026-02-23 20:53:00,2026-02-23 23:48:00,0 days 02:55:00,03203_23-02-2026-20.27,33.5,44.65,59.35,78.35,
03203,04007,78400,Renfe,AVE,2026-02-23 20:53:00,2026-02-23 22:40:00,0 days 01:47:00,03203_23-02-2026-20.27,35.55,44.45,59.1,78.1,
00437,78400,04104,Renfe,ALVIA,2026-02-23 20:58:00,2026-02-23 21:30:00,0 days 00:32:00,00437_23-02-2026-19.52,21.35,24.4,36.5,,
00437,78400,71801,Renfe,ALVIA,2026-02-23 20:58:00,2026-02-23 22:13:00,0 days 01:15:00,00437_23-02-2026-19.52,30.25,34.55,51.7,,
03309,04040,71801,Renfe,AVE,2026-02-23 21:03:00,2026-02-23 22:55:00,0 days 01:52:00,03309_23-02-2026-19.34,40.05,48.05,53.25,72.25,
03309,04040,04104,Renfe,AVE,2026-02-23 21:03:00,2026-02-23 22:15:00,0 days 01:12:00,03309_23-02-2026-19.34,32.4,38.9,43.1,62.1,
03309,04040,78400,Renfe,AVE,2026-02-23 21:03:00,2026-02-23 21:46:00,0 days 00:43:00,03309_23-02-2026-19.34,25.7,30.85,34.2,53.2,
03931,04104,71801,Renfe,AVE,2026-02-23 21:18:00,2026-02-23 21:58:00,0 days 00:40:00,03931_23-02-2026-20.01,40.05,44.5,47.35,66.35,
03941,78400,71801,Renfe,AVE,2026-02-23 21:22:00,2026-02-23 22:35:00,0 days 01:13:00,03941_23-02-2026-20.38,46.65,52.45,62.05,81.05,
03941,78400,04104,Renfe,AVE,2026-02-23 21:22:00,2026-02-23 21:51:00,0 days 00:29:00,03941_23-02-2026-20.38,32.9,37.0,43.75,62.75,
03991,78400,04104,Renfe,AVE,2026-02-23 21:22:00,2026-02-23 21:51:00,0 days 00:29:00,03991_23-02-2026-20.38,28.75,32.9,38.25,57.25,
03991,78400,71801,Renfe,AVE,2026-02-23 21:22:00,2026-02-23 22:35:00,0 days 01:13:00,03991_23-02-2026-20.38,40.8,46.65,54.3,73.3,
00437,04104,71801,Renfe,ALVIA,2026-02-23 21:32:00,2026-02-23 22:13:00,0 days 00:41:00,00437_23-02-2026-19.52,23.1,26.4,39.5,,
03309,78400,71801,Renfe,AVE,2026-02-23 21:48:00,2026-02-23 22:55:00,0 days 01:07:00,03309_23-02-2026-19.34,35.0,40.8,46.5,65.5,
03309,78400,04104,Renfe,AVE,2026-02-23 21:48:00,2026-02-23 22:15:00,0 days 00:27:00,03309_23-02-2026-19.34,24.65,28.75,32.8,51.8,
03941,04104,71801,Renfe,AVE,2026-02-23 21:53:00,2026-02-23 22:35:00,0 days 00:42:00,03941_23-02-2026-20.38,35.6,40.05,47.35,66.35,
03991,04104,71801,Renfe,AVE,2026-02-23 21:53:00,2026-02-23 22:35:00,0 days 00:42:00,03991_23-02-2026-20.38,31.15,35.6,41.45,60.45,
03203,04040,71801,Renfe,AVE,2026-02-23 21:58:00,2026-02-23 23:48:00,0 days 01:50:00,03203_23-02-2026-20.27,32.05,40.05,53.25,72.25,
03203,04040,78400,Renfe,AVE,2026-02-23 21:58:00,2026-02-23 22:40:00,0 days 00:42:00,03203_23-02-2026-20.27,25.7,30.85,41.0,60.0,
03203,04040,04104,Renfe,AVE,2026-02-23 21:58:00,2026-02-23 23:07:00,0 days 01:09:00,03203_23-02-2026-20.27,32.4,38.9,51.7,70.7,
03309,04104,71801,Renfe,AVE,2026-02-23 22:17:00,2026-02-23 22:55:00,0 days 00:38:00,03309_23-02-2026-19.34,26.7,31.15,35.5,54.5,
03203,78400,71801,Renfe,AVE,2026-02-23 22:42:00,2026-02-23 23:48:00,0 days 01:06:00,03203_23-02-2026-20.27,29.15,35.0,46.5,65.5,
03203,78400,04104,Renfe,AVE,2026-02-23 22:42:00,2026-02-23 23:07:00,0 days 00:25:00,03203_23-02-2026-20.27,20.55,24.65,32.8,51.8,
03203,04104,71801,Renfe,AVE,2026-02-23 23:09:00,2026-02-23 23:48:00,0 days 00:39:00,03203_23-02-2026-20.27,22.25,26.7,35.5,54.5,
03301,60000,71801,Renfe,AVE,2026-02-24 06:16:00,2026-02-24 09:05:00,0 days 02:49:00,03301_24-02-2026-06.16,47.45,59.3,78.85,97.85,
03301,60000,04104,Renfe,AVE,2026-02-24 06:16:00,2026-02-24 08:21:00,0 days 02:05:00,03301_24-02-2026-06.16,43.0,53.75,71.5,90.5,
03063,60000,04040,Renfe,AVE,2026-02-24 06:27:00,2026-02-24 07:52:00,0 days 01:25:00,03063_24-02-2026-06.27,31.2,39.0,51.85,70.85,
03063,60000,71801,Renfe,AVE,2026-02-24 06:27:00,2026-02-24 09:25:00,0 days 02:58:00,03063_24-02-2026-06.27,35.6,47.45,63.1,82.1,
03071,60000,71801,Renfe,AVE,2026-02-24 06:57:00,2026-02-24 09:34:00,0 days 02:37:00,03071_24-02-2026-06.57,55.95,69.95,223.3,242.3,
03073,60000,04007,Renfe,AVE,2026-02-24 07:27:00,2026-02-24 07:52:00,0 days 00:25:00,03073_24-02-2026-07.27,45.7,49.55,60.8,79.8,
03073,60000,71801,Renfe,AVE,2026-02-24 07:27:00,2026-02-24 10:46:00,0 days 03:19:00,03073_24-02-2026-07.27,47.45,59.3,63.1,82.1,
03073,60000,04040,Renfe,AVE,2026-02-24 07:27:00,2026-02-24 08:51:00,0 days 01:24:00,03073_24-02-2026-07.27,39.0,46.8,51.85,70.85,
03073,60000,04104,Renfe,AVE,2026-02-24 07:27:00,2026-02-24 10:04:00,0 days 02:37:00,03073_24-02-2026-07.27,53.75,64.5,71.5,90.5,
03073,60000,78400,Renfe,AVE,2026-02-24 07:27:00,2026-02-24 09:35:00,0 days 02:08:00,03073_24-02-2026-07.27,48.7,58.45,64.75,83.75,
03073,04007,04040,Renfe,AVE,2026-02-24 07:53:00,2026-02-24 08:51:00,0 days 00:58:00,03073_24-02-2026-07.27,34.15,41.0,45.4,64.4,
03073,04007,71801,Renfe,AVE,2026-02-24 07:53:00,2026-02-24 10:46:00,0 days 02:53:00,03073_24-02-2026-07.27,44.65,55.8,59.35,78.35,
03063,04040,71801,Renfe,AVE,2026-02-24 07:53:00,2026-02-24 09:25:00,0 days 01:32:00,03063_24-02-2026-06.27,32.05,40.05,53.25,72.25,
03073,04007,04104,Renfe,AVE,2026-02-24 07:53:00,2026-02-24 10:04:00,0 days 02:11:00,03073_24-02-2026-07.27,49.8,59.75,66.25,85.25,
03073,04007,78400,Renfe,AVE,2026-02-24 07:53:00,2026-02-24 09:35:00,0 days 01:42:00,03073_24-02-2026-07.27,44.45,53.35,59.1,78.1,
03081,60000,71801,Renfe,AVE,2026-02-24 07:57:00,2026-02-24 10:34:00,0 days 02:37:00,03081_24-02-2026-07.57,41.95,55.95,186.05,205.05,
03301,04104,71801,Renfe,AVE,2026-02-24 08:23:00,2026-02-24 09:05:00,0 days 00:42:00,03301_24-02-2026-06.16,17.8,22.25,29.6,48.6,
03083,60000,71801,Renfe,AVE,2026-02-24 08:27:00,2026-02-24 11:19:00,0 days 02:52:00,03083_24-02-2026-08.27,47.45,59.3,63.1,82.1,
03083,60000,04040,Renfe,AVE,2026-02-24 08:27:00,2026-02-24 09:45:00,0 days 01:18:00,03083_24-02-2026-08.27,39.0,46.8,51.85,70.85,
03073,04040,04104,Renfe,AVE,2026-02-24 08:52:00,2026-02-24 10:04:00,0 days 01:12:00,03073_24-02-2026-07.27,38.9,45.35,51.7,70.7,
03073,04040,78400,Renfe,AVE,2026-02-24 08:52:00,2026-02-24 09:35:00,0 days 00:43:00,03073_24-02-2026-07.27,30.85,36.0,41.0,60.0,
03073,04040,71801,Renfe,AVE,2026-02-24 08:52:00,2026-02-24 10:46:00,0 days 01:54:00,03073_24-02-2026-07.27,40.05,48.05,53.25,72.25,
03091,60000,04104,Renfe,AVE,2026-02-24 08:57:00,2026-02-24 11:01:00,0 days 02:04:00,03091_24-02-2026-08.57,43.0,53.75,128.7,147.7,
03091,60000,71801,Renfe,AVE,2026-02-24 08:57:00,2026-02-24 11:41:00,0 days 02:44:00,03091_24-02-2026-08.57,41.95,55.95,148.85,167.85,
02561,60000,04104,Renfe,AVE,2026-02-24 09:27:00,2026-02-24 12:00:00,0 days 02:33:00,02561_24-02-2026-09.27,64.5,75.25,100.1,119.1,
02561,60000,71801,Renfe,AVE,2026-02-24 09:27:00,2026-02-24 12:41:00,0 days 03:14:00,02561_24-02-2026-09.27,59.3,71.15,94.65,113.65,
02561,60000,04040,Renfe,AVE,2026-02-24 09:27:00,2026-02-24 10:46:00,0 days 01:19:00,02561_24-02-2026-09.27,46.8,54.6,72.6,91.6,
02561,60000,78400,Renfe,AVE,2026-02-24 09:27:00,2026-02-24 11:32:00,0 days 02:05:00,02561_24-02-2026-09.27,58.45,68.2,90.7,109.7,
03073,78400,71801,Renfe,AVE,2026-02-24 09:37:00,2026-02-24 10:46:00,0 days 01:09:00,03073_24-02-2026-07.27,35.0,40.8,46.5,65.5,
03073,78400,04104,Renfe,AVE,2026-02-24 09:37:00,2026-02-24 10:04:00,0 days 00:27:00,03073_24-02-2026-07.27,24.65,28.75,32.8,51.8,
03083,04040,71801,Renfe,AVE,2026-02-24 09:46:00,2026-02-24 11:19:00,0 days 01:33:00,03083_24-02-2026-08.27,32.05,40.05,42.6,61.6,
03073,04104,71801,Renfe,AVE,2026-02-24 10:06:00,2026-02-24 10:46:00,0 days 00:40:00,03073_24-02-2026-07.27,26.7,31.15,35.5,54.5,
03303,60000,71801,Renfe,AVE,2026-02-24 10:27:00,2026-02-24 13:19:00,0 days 02:52:00,03303_24-02-2026-10.27,47.45,59.3,78.85,97.85,
03303,60000,04040,Renfe,AVE,2026-02-24 10:27:00,2026-02-24 11:47:00,0 days 01:20:00,03303_24-02-2026-10.27,39.0,46.8,41.5,60.5,
00605,60000,04007,Renfe,ALVIA,2026-02-24 10:32:00,2026-02-24 10:59:00,0 days 00:27:00,00605_24-02-2026-10.32,17.0,18.9,20.1,,
02561,04040,71801,Renfe,AVE,2026-02-24 10:47:00,2026-02-24 12:41:00,0 days 01:54:00,02561_24-02-2026-09.27,48.05,56.05,74.55,93.55,
02561,04040,78400,Renfe,AVE,2026-02-24 10:47:00,2026-02-24 11:32:00,0 days 00:45:00,02561_24-02-2026-09.27,36.0,41.1,54.7,73.7,
02561,04040,04104,Renfe,AVE,2026-02-24 10:47:00,2026-02-24 12:00:00,0 days 01:13:00,02561_24-02-2026-09.27,45.35,51.85,68.95,87.95,
03091,04104,71801,Renfe,AVE,2026-02-24 11:03:00,2026-02-24 11:41:00,0 days 00:38:00,03091_24-02-2026-08.57,26.25,31.5,69.85,88.85,
00533,04040,78400,Renfe,ALVIA,2026-02-24 11:09:00,2026-02-24 11:58:00,0 days 00:49:00,00533_24-02-2026-11.09,30.5,34.3,40.55,,
00533,04040,71801,Renfe,ALVIA,2026-02-24 11:09:00,2026-02-24 13:09:00,0 days 02:00:00,00533_24-02-2026-11.09,47.45,53.35,55.2,,
00533,04040,04104,Renfe,ALVIA,2026-02-24 11:09:00,2026-02-24 12:31:00,0 days 01:22:00,00533_24-02-2026-11.09,43.2,48.0,51.05,,
03113,60000,71801,Renfe,AVE,2026-02-24 11:27:00,2026-02-24 14:46:00,0 days 03:19:00,03113_24-02-2026-11.27,47.45,59.3,63.1,82.1,
03113,60000,78400,Renfe,AVE,2026-02-24 11:27:00,2026-02-24 13:35:00,0 days 02:08:00,03113_24-02-2026-11.27,48.7,58.45,64.75,83.75,
03113,60000,04104,Renfe,AVE,2026-02-24 11:27:00,2026-02-24 14:04:00,0 days 02:37:00,03113_24-02-2026-11.27,53.75,64.5,71.5,90.5,
03113,60000,04040,Renfe,AVE,2026-02-24 11:27:00,2026-02-24 12:51:00,0 days 01:24:00,03113_24-02-2026-11.27,39.0,46.8,51.85,70.85,
02561,78400,04104,Renfe,AVE,2026-02-24 11:34:00,2026-02-24 12:00:00,0 days 00:26:00,02561_24-02-2026-09.27,28.75,32.9,43.75,62.75,
02561,78400,71801,Renfe,AVE,2026-02-24 11:34:00,2026-02-24 12:41:00,0 days 01:07:00,02561_24-02-2026-09.27,40.8,46.65,62.05,81.05,
03303,04040,71801,Renfe,AVE,2026-02-24 11:48:00,2026-02-24 13:19:00,0 days 01:31:00,03303_24-02-2026-10.27,40.05,48.05,53.25,72.25,
34433,78400,04104,Renfe,AVANT,2026-02-24 12:00:00,2026-02-24 12:31:00,0 days 00:31:00,34433_24-02-2026-12.00,,,,,15.0
34433,78400,71801,Renfe,AVANT,2026-02-24 12:00:00,2026-02-24 13:09:00,0 days 01:09:00,34433_24-02-2026-12.00,,,,,31.5
00533,78400,71801,Renfe,ALVIA,2026-02-24 12:00:00,2026-02-24 13:09:00,0 days 01:09:00,00533_24-02-2026-11.09,38.9,43.2,45.95,,
00533,78400,04104,Renfe,ALVIA,2026-02-24 12:00:00,2026-02-24 12:31:00,0 days 00:31:00,00533_24-02-2026-11.09,27.45,30.5,32.45,,
02561,04104,71801,Renfe,AVE,2026-02-24 12:02:00,2026-02-24 12:41:00,0 days 00:39:00,02561_24-02-2026-09.27,31.15,35.6,47.35,66.35,
02591,60000,04040,Renfe,AVE,2026-02-24 12:27:00,2026-02-24 13:45:00,0 days 01:18:00,02591_24-02-2026-12.27,31.2,39.0,51.85,70.85,
02591,60000,71801,Renfe,AVE,2026-02-24 12:27:00,2026-02-24 15:44:00,0 days 03:17:00,02591_24-02-2026-12.27,35.6,47.45,63.1,82.1,
02591,60000,78400,Renfe,AVE,2026-02-24 12:27:00,2026-02-24 14:29:00,0 days 02:02:00,02591_24-02-2026-12.27,38.95,48.7,64.75,83.75,
00533,04104,71801,Renfe,ALVIA,2026-02-24 12:33:00,2026-02-24 13:09:00,0 days 00:36:00,00533_24-02-2026-11.09,29.7,33.0,35.1,,
34433,04104,71801,Renfe,AVANT,2026-02-24 12:33:00,2026-02-24 13:09:00,0 days 00:36:00,34433_24-02-2026-12.00,,,,,18.5
03943,04040,78400,Renfe,AVE,2026-02-24 12:37:00,2026-02-24 13:17:00,0 days 00:40:00,03943_24-02-2026-12.37,36.0,41.1,47.85,66.85,
03993,04040,78400,Renfe,AVE,2026-02-24 12:37:00,2026-02-24 13:17:00,0 days 00:40:00,03993_24-02-2026-12.37,41.1,46.25,54.7,73.7,
03993,04040,71801,Renfe,AVE,2026-02-24 12:37:00,2026-02-24 14:25:00,0 days 01:48:00,03993_24-02-2026-12.37,56.05,64.1,74.55,93.55,
03943,04040,71801,Renfe,AVE,2026-02-24 12:37:00,2026-02-24 14:25:00,0 days 01:48:00,03943_24-02-2026-12.37,48.05,56.05,63.9,82.9,
03943,04040,04104,Renfe,AVE,2026-02-24 12:37:00,2026-02-24 13:43:00,0 days 01:06:00,03943_24-02-2026-12.37,45.35,51.85,60.35,79.35,
03993,04040,04104,Renfe,AVE,2026-02-24 12:37:00,2026-02-24 13:43:00,0 days 01:06:00,03993_24-02-2026-12.37,51.85,58.3,68.95,87.95,
03113,04040,04104,Renfe,AVE,2026-02-24 12:52:00,2026-02-24 14:04:00,0 days 01:12:00,03113_24-02-2026-11.27,38.9,45.35,51.7,70.7,
03113,04040,78400,Renfe,AVE,2026-02-24 12:52:00,2026-02-24 13:35:00,0 days 00:43:00,03113_24-02-2026-11.27,30.85,36.0,41.0,60.0,
03113,04040,71801,Renfe,AVE,2026-02-24 12:52:00,2026-02-24 14:46:00,0 days 01:54:00,03113_24-02-2026-11.27,40.05,48.05,53.25,72.25,
09725,60000,04040,Renfe,AVE INT,2026-02-24 13:15:00,2026-02-24 14:40:00,0 days 01:25:00,09725_24-02-2026-13.15,46.8,54.6,83.0,102.0,
09725,60000,04104,Renfe,AVE INT,2026-02-24 13:15:00,2026-02-24 15:37:00,0 days 02:22:00,09725_24-02-2026-13.15,43.0,53.75,85.8,104.8,
09725,60000,71801,Renfe,AVE INT,2026-02-24 13:15:00,2026-02-24 16:19:00,0 days 03:04:00,09725_24-02-2026-13.15,59.3,71.15,94.65,113.65,
03993,78400,71801,Renfe,AVE,2026-02-24 13:19:00,2026-02-24 14:25:00,0 days 01:06:00,03993_24-02-2026-12.37,46.65,52.45,62.05,81.05,
03943,78400,04104,Renfe,AVE,2026-02-24 13:19:00,2026-02-24 13:43:00,0 days 00:24:00,03943_24-02-2026-12.37,28.75,32.9,38.25,57.25,
03943,78400,71801,Renfe,AVE,2026-02-24 13:19:00,2026-02-24 14:25:00,0 days 01:06:00,03943_24-02-2026-12.37,40.8,46.65,54.3,73.3,
03993,78400,04104,Renfe,AVE,2026-02-24 13:19:00,2026-02-24 13:43:00,0 days 00:24:00,03993_24-02-2026-12.37,32.9,37.0,43.75,62.75,
03113,78400,04104,Renfe,AVE,2026-02-24 13:37:00,2026-02-24 14:04:00,0 days 00:27:00,03113_24-02-2026-11.27,24.65,28.75,32.8,51.8,
03113,78400,71801,Renfe,AVE,2026-02-24 13:37:00,2026-02-24 14:46:00,0 days 01:09:00,03113_24-02-2026-11.27,35.0,40.8,46.5,65.5,
34813,78400,71801,Renfe,AVANT,2026-02-24 13:37:00,2026-02-24 14:46:00,0 days 01:09:00,34813_24-02-2026-13.37,,,,,31.5
34813,78400,04104,Renfe,AVANT,2026-02-24 13:37:00,2026-02-24 14:04:00,0 days 00:27:00,34813_24-02-2026-13.37,,,,,15.0
09725,04007,04104,Renfe,AVE INT,2026-02-24 13:43:00,2026-02-24 15:37:00,0 days 01:54:00,09725_24-02-2026-13.15,39.85,49.8,79.5,98.5,
09725,04007,04040,Renfe,AVE INT,2026-02-24 13:43:00,2026-02-24 14:40:00,0 days 00:57:00,09725_24-02-2026-13.15,41.0,47.8,72.65,91.65,
09725,04007,71801,Renfe,AVE INT,2026-02-24 13:43:00,2026-02-24 16:19:00,0 days 02:36:00,09725_24-02-2026-13.15,44.65,55.8,89.05,108.05,
03993,04104,71801,Renfe,AVE,2026-02-24 13:45:00,2026-02-24 14:25:00,0 days 00:40:00,03993_24-02-2026-12.37,35.6,40.05,47.35,66.35,
03943,04104,71801,Renfe,AVE,2026-02-24 13:45:00,2026-02-24 14:25:00,0 days 00:40:00,03943_24-02-2026-12.37,31.15,35.6,41.45,60.45,
02591,04040,78400,Renfe,AVE,2026-02-24 13:46:00,2026-02-24 14:29:00,0 days 00:43:00,02591_24-02-2026-12.27,20.55,25.7,41.0,60.0,
02591,04040,71801,Renfe,AVE,2026-02-24 13:46:00,2026-02-24 15:44:00,0 days 01:58:00,02591_24-02-2026-12.27,24.05,32.05,53.25,72.25,
03141,60000,71801,Renfe,AVE,2026-02-24 13:57:00,2026-02-24 16:34:00,0 days 02:37:00,03141_24-02-2026-13.57,153.9,167.9,223.3,242.3,
03113,04104,71801,Renfe,AVE,2026-02-24 14:06:00,2026-02-24 14:46:00,0 days 00:40:00,03113_24-02-2026-11.27,26.7,31.15,35.5,54.5,
34813,04104,71801,Renfe,AVANT,2026-02-24 14:06:00,2026-02-24 14:46:00,0 days 00:40:00,34813_24-02-2026-13.37,,,,,18.5
03143,60000,04040,Renfe,AVE,2026-02-24 14:27:00,2026-02-24 15:51:00,0 days 01:24:00,03143_24-02-2026-14.27,62.4,70.2,83.0,102.0,
03143,60000,71801,Renfe,AVE,2026-02-24 14:27:00,2026-02-24 17:24:00,0 days 02:57:00,03143_24-02-2026-14.27,83.0,94.9,110.4,129.4,
34823,78400,71801,Renfe,AVANT,2026-02-24 14:31:00,2026-02-24 15:44:00,0 days 01:13:00,34823_24-02-2026-14.31,,,,,31.5
02591,78400,71801,Renfe,AVE,2026-02-24 14:31:00,2026-02-24 15:44:00,0 days 01:13:00,02591_24-02-2026-12.27,23.3,29.15,46.5,65.5,
09725,04040,04104,Renfe,AVE INT,2026-02-24 14:43:00,2026-02-24 15:37:00,0 days 00:54:00,09725_24-02-2026-13.15,25.9,32.4,43.1,62.1,
09725,04040,71801,Renfe,AVE INT,2026-02-24 14:43:00,2026-02-24 16:19:00,0 days 01:36:00,09725_24-02-2026-13.15,48.05,56.05,85.25,104.25,
00609,60000,04007,Renfe,ALVIA,2026-02-24 14:47:00,2026-02-24 15:15:00,0 days 00:28:00,00609_24-02-2026-14.47,17.0,18.9,20.1,,
03151,60000,71801,Renfe,AVE,2026-02-24 14:57:00,2026-02-24 17:34:00,0 days 02:37:00,03151_24-02-2026-14.57,41.95,55.95,74.45,93.45,
03305,60000,04104,Renfe,AVE,2026-02-24 15:27:00,2026-02-24 18:03:00,0 days 02:36:00,03305_24-02-2026-15.27,43.0,53.75,71.5,90.5,
03305,60000,04040,Renfe,AVE,2026-02-24 15:27:00,2026-02-24 16:50:00,0 days 01:23:00,03305_24-02-2026-15.27,39.0,46.8,41.5,60.5,
03305,60000,78400,Renfe,AVE,2026-02-24 15:27:00,2026-02-24 17:35:00,0 days 02:08:00,03305_24-02-2026-15.27,38.95,48.7,64.75,83.75,
03305,60000,71801,Renfe,AVE,2026-02-24 15:27:00,2026-02-24 18:46:00,0 days 03:19:00,03305_24-02-2026-15.27,47.45,59.3,78.85,97.85,
03143,04040,71801,Renfe,AVE,2026-02-24 15:52:00,2026-02-24 17:24:00,0 days 01:32:00,03143_24-02-2026-14.27,48.05,56.05,85.25,104.25,
03161,60000,71801,Renfe,AVE,2026-02-24 15:57:00,2026-02-24 18:34:00,0 days 02:37:00,03161_24-02-2026-15.57,41.95,55.95,167.45,186.45,
03163,60000,71801,Renfe,AVE,2026-02-24 16:27:00,2026-02-24 19:19:00,0 days 02:52:00,03163_24-02-2026-16.27,83.0,94.9,94.65,113.65,
03163,60000,04040,Renfe,AVE,2026-02-24 16:27:00,2026-02-24 17:45:00,0 days 01:18:00,03163_24-02-2026-16.27,62.4,70.2,72.6,91.6,
03305,04040,04104,Renfe,AVE,2026-02-24 16:51:00,2026-02-24 18:03:00,0 days 01:12:00,03305_24-02-2026-15.27,32.4,38.9,43.1,62.1,
03305,04040,71801,Renfe,AVE,2026-02-24 16:51:00,2026-02-24 18:46:00,0 days 01:55:00,03305_24-02-2026-15.27,40.05,48.05,53.25,72.25,
03305,04040,78400,Renfe,AVE,2026-02-24 16:51:00,2026-02-24 17:35:00,0 days 00:44:00,03305_24-02-2026-15.27,25.7,30.85,34.2,53.2,
03171,60000,71801,Renfe,AVE,2026-02-24 16:57:00,2026-02-24 19:34:00,0 days 02:37:00,03171_24-02-2026-16.57,125.9,139.9,148.85,167.85,
03173,60000,78400,Renfe,AVE,2026-02-24 17:27:00,2026-02-24 19:35:00,0 days 02:08:00,03173_24-02-2026-17.27,77.9,87.65,90.7,109.7,
03173,60000,04104,Renfe,AVE,2026-02-24 17:27:00,2026-02-24 20:04:00,0 days 02:37:00,03173_24-02-2026-17.27,86.0,96.75,100.1,119.1,
03173,60000,04040,Renfe,AVE,2026-02-24 17:27:00,2026-02-24 18:51:00,0 days 01:24:00,03173_24-02-2026-17.27,62.4,70.2,72.6,91.6,
03173,60000,71801,Renfe,AVE,2026-02-24 17:27:00,2026-02-24 20:46:00,0 days 03:19:00,03173_24-02-2026-17.27,83.0,94.9,94.65,113.65,
03173,60000,04007,Renfe,AVE,2026-02-24 17:27:00,2026-02-24 17:53:00,0 days 00:26:00,03173_24-02-2026-17.27,45.7,49.55,60.8,79.8,
03305,78400,71801,Renfe,AVE,2026-02-24 17:37:00,2026-02-24 18:46:00,0 days 01:09:00,03305_24-02-2026-15.27,35.0,40.8,46.5,65.5,
03305,78400,04104,Renfe,AVE,2026-02-24 17:37:00,2026-02-24 18:03:00,0 days 00:26:00,03305_24-02-2026-15.27,24.65,28.75,32.8,51.8,
03163,04040,71801,Renfe,AVE,2026-02-24 17:46:00,2026-02-24 19:19:00,0 days 01:33:00,03163_24-02-2026-16.27,56.05,64.1,63.9,82.9,
03173,04007,71801,Renfe,AVE,2026-02-24 17:54:00,2026-02-24 20:46:00,0 days 02:52:00,03173_24-02-2026-17.27,78.1,89.3,89.05,108.05,
03173,04007,04104,Renfe,AVE,2026-02-24 17:54:00,2026-02-24 20:04:00,0 days 02:10:00,03173_24-02-2026-17.27,79.7,89.65,92.75,111.75,
03173,04007,78400,Renfe,AVE,2026-02-24 17:54:00,2026-02-24 19:35:00,0 days 01:41:00,03173_24-02-2026-17.27,71.1,80.0,82.75,101.75,
03173,04007,04040,Renfe,AVE,2026-02-24 17:54:00,2026-02-24 18:51:00,0 days 00:57:00,03173_24-02-2026-17.27,54.65,61.45,63.6,82.6,
02553,60000,71801,Renfe,AVE,2026-02-24 17:57:00,2026-02-24 20:34:00,0 days 02:37:00,02553_24-02-2026-17.57,130.45,142.3,157.75,176.75,
03305,04104,71801,Renfe,AVE,2026-02-24 18:05:00,2026-02-24 18:46:00,0 days 00:41:00,03305_24-02-2026-15.27,26.7,31.15,35.5,54.5,
03183,60000,04040,Renfe,AVE,2026-02-24 18:27:00,2026-02-24 19:45:00,0 days 01:18:00,03183_24-02-2026-18.27,54.6,62.4,72.6,91.6,
03183,60000,71801,Renfe,AVE,2026-02-24 18:27:00,2026-02-24 21:24:00,0 days 02:57:00,03183_24-02-2026-18.27,71.15,83.0,94.65,113.65,
03183,60000,04104,Renfe,AVE,2026-02-24 18:27:00,2026-02-24 20:44:00,0 days 02:17:00,03183_24-02-2026-18.27,64.5,75.25,85.8,104.8,
03173,04040,78400,Renfe,AVE,2026-02-24 18:52:00,2026-02-24 19:35:00,0 days 00:43:00,03173_24-02-2026-17.27,46.25,51.4,54.7,73.7,
03173,04040,04104,Renfe,AVE,2026-02-24 18:52:00,2026-02-24 20:04:00,0 days 01:12:00,03173_24-02-2026-17.27,58.3,64.8,68.95,87.95,
03173,04040,71801,Renfe,AVE,2026-02-24 18:52:00,2026-02-24 20:46:00,0 days 01:54:00,03173_24-02-2026-17.27,64.1,72.1,74.55,93.55,
03191,60000,71801,Renfe,AVE,2026-02-24 18:57:00,2026-02-24 21:34:00,0 days 02:37:00,03191_24-02-2026-18.57,56.0,70.0,74.5,93.5,
02861,60000,04040,Renfe,AVE,2026-02-24 19:00:00,2026-02-24 20:42:00,0 days 01:42:00,02861_24-02-2026-19.00,23.4,31.2,51.85,70.85,
02861,60000,04007,Renfe,AVE,2026-02-24 19:00:00,2026-02-24 19:28:00,0 days 00:28:00,02861_24-02-2026-19.00,45.7,49.55,60.8,79.8,
02861,04007,04040,Renfe,AVE,2026-02-24 19:29:00,2026-02-24 20:42:00,0 days 01:13:00,02861_24-02-2026-19.00,20.5,27.3,45.4,64.4,
03309,60000,78400,Renfe,AVE,2026-02-24 19:34:00,2026-02-24 21:46:00,0 days 02:12:00,03309_24-02-2026-19.34,29.2,38.95,51.8,70.8,
03309,60000,04040,Renfe,AVE,2026-02-24 19:34:00,2026-02-24 21:02:00,0 days 01:28:00,03309_24-02-2026-19.34,31.2,39.0,41.5,60.5,
03309,60000,71801,Renfe,AVE,2026-02-24 19:34:00,2026-02-24 22:55:00,0 days 03:21:00,03309_24-02-2026-19.34,35.6,47.45,63.1,82.1,
03309,60000,04007,Renfe,AVE,2026-02-24 19:34:00,2026-02-24 20:00:00,0 days 00:26:00,03309_24-02-2026-19.34,38.1,41.9,45.6,64.6,
03309,60000,04104,Renfe,AVE,2026-02-24 19:34:00,2026-02-24 22:15:00,0 days 02:41:00,03309_24-02-2026-19.34,32.25,43.0,57.2,76.2,
03173,78400,04104,Renfe,AVE,2026-02-24 19:37:00,2026-02-24 20:04:00,0 days 00:27:00,03173_24-02-2026-17.27,37.0,41.1,43.75,62.75,
03173,78400,71801,Renfe,AVE,2026-02-24 19:37:00,2026-02-24 20:46:00,0 days 01:09:00,03173_24-02-2026-17.27,52.45,58.3,62.05,81.05,
03183,04040,04104,Renfe,AVE,2026-02-24 19:46:00,2026-02-24 20:44:00,0 days 00:58:00,03183_24-02-2026-18.27,38.9,45.35,51.7,70.7,
03183,04040,71801,Renfe,AVE,2026-02-24 19:46:00,2026-02-24 21:24:00,0 days 01:38:00,03183_24-02-2026-18.27,48.05,56.05,63.9,82.9,
00437,04040,71801,Renfe,ALVIA,2026-02-24 19:52:00,2026-02-24 22:13:00,0 days 02:21:00,00437_24-02-2026-19.52,35.6,41.5,47.3,,
00437,04040,04104,Renfe,ALVIA,2026-02-24 19:52:00,2026-02-24 21:30:00,0 days 01:38:00,00437_24-02-2026-19.52,33.6,38.4,44.7,,
00437,04040,78400,Renfe,ALVIA,2026-02-24 19:52:00,2026-02-24 20:56:00,0 days 01:04:00,00437_24-02-2026-19.52,26.65,30.5,35.45,,
03931,04040,71801,Renfe,AVE,2026-02-24 20:01:00,2026-02-24 21:58:00,0 days 01:57:00,03931_24-02-2026-20.01,48.05,56.05,63.9,82.9,
03931,04040,78400,Renfe,AVE,2026-02-24 20:01:00,2026-02-24 20:48:00,0 days 00:47:00,03931_24-02-2026-20.01,36.0,41.1,47.85,66.85,
03309,04007,04040,Renfe,AVE,2026-02-24 20:01:00,2026-02-24 21:02:00,0 days 01:01:00,03309_24-02-2026-19.34,27.3,34.15,45.4,64.4,
03309,04007,04104,Renfe,AVE,2026-02-24 20:01:00,2026-02-24 22:15:00,0 days 02:14:00,03309_24-02-2026-19.34,29.9,39.85,53.0,72.0,
03931,04040,04104,Renfe,AVE,2026-02-24 20:01:00,2026-02-24 21:16:00,0 days 01:15:00,03931_24-02-2026-20.01,45.35,51.85,60.35,79.35,
03309,04007,71801,Renfe,AVE,2026-02-24 20:01:00,2026-02-24 22:55:00,0 days 02:54:00,03309_24-02-2026-19.34,33.5,44.65,59.35,78.35,
03309,04007,78400,Renfe,AVE,2026-02-24 20:01:00,2026-02-24 21:46:00,0 days 01:45:00,03309_24-02-2026-19.34,26.65,35.55,47.3,66.3,
03173,04104,71801,Renfe,AVE,2026-02-24 20:06:00,2026-02-24 20:46:00,0 days 00:40:00,03173_24-02-2026-17.27,40.05,44.5,47.35,66.35,
03203,60000,71801,Renfe,AVE,2026-02-24 20:27:00,2026-02-24 23:48:00,0 days 03:21:00,03203_24-02-2026-20.27,47.45,59.3,63.1,82.1,
03203,60000,04040,Renfe,AVE,2026-02-24 20:27:00,2026-02-24 21:57:00,0 days 01:30:00,03203_24-02-2026-20.27,39.0,46.8,51.85,70.85,
03203,60000,04007,Renfe,AVE,2026-02-24 20:27:00,2026-02-24 20:52:00,0 days 00:25:00,03203_24-02-2026-20.27,45.7,49.55,60.8,79.8,
03203,60000,78400,Renfe,AVE,2026-02-24 20:27:00,2026-02-24 22:40:00,0 days 02:13:00,03203_24-02-2026-20.27,48.7,58.45,64.75,83.75,
03203,60000,04104,Renfe,AVE,2026-02-24 20:27:00,2026-02-24 23:07:00,0 days 02:40:00,03203_24-02-2026-20.27,53.75,64.5,71.5,90.5,
03991,04040,04104,Renfe,AVE,2026-02-24 20:38:00,2026-02-24 21:51:00,0 days 01:13:00,03991_24-02-2026-20.38,38.9,45.35,51.7,70.7,
03941,04040,04104,Renfe,AVE,2026-02-24 20:38:00,2026-02-24 21:51:00,0 days 01:13:00,03941_24-02-2026-20.38,38.9,45.35,51.7,70.7,
03991,04040,78400,Renfe,AVE,2026-02-24 20:38:00,2026-02-24 21:20:00,0 days 00:42:00,03991_24-02-2026-20.38,30.85,36.0,41.0,60.0,
03991,04040,71801,Renfe,AVE,2026-02-24 20:38:00,2026-02-24 22:35:00,0 days 01:57:00,03991_24-02-2026-20.38,40.05,48.05,53.25,72.25,
03941,04040,71801,Renfe,AVE,2026-02-24 20:38:00,2026-02-24 22:35:00,0 days 01:57:00,03941_24-02-2026-20.38,40.05,48.05,53.25,72.25,
03941,04040,78400,Renfe,AVE,2026-02-24 20:38:00,2026-02-24 21:20:00,0 days 00:42:00,03941_24-02-2026-20.38,30.85,36.0,41.0,60.0,
03183,04104,71801,Renfe,AVE,2026-02-24 20:46:00,2026-02-24 21:24:00,0 days 00:38:00,03183_24-02-2026-18.27,26.7,31.15,35.5,54.5,
03931,78400,71801,Renfe,AVE,2026-02-24 20:50:00,2026-02-24 21:58:00,0 days 01:08:00,03931_24-02-2026-20.01,40.8,46.65,54.3,73.3,
03931,78400,04104,Renfe,AVE,2026-02-24 20:50:00,2026-02-24 21:16:00,0 days 00:26:00,03931_24-02-2026-20.01,28.75,32.9,38.25,57.25,
03203,04007,71801,Renfe,AVE,2026-02-24 20:53:00,2026-02-24 23:48:00,0 days 02:55:00,03203_24-02-2026-20.27,44.65,55.8,59.35,78.35,
03203,04007,78400,Renfe,AVE,2026-02-24 20:53:00,2026-02-24 22:40:00,0 days 01:47:00,03203_24-02-2026-20.27,44.45,53.35,59.1,78.1,
03203,04007,04040,Renfe,AVE,2026-02-24 20:53:00,2026-02-24 21:57:00,0 days 01:04:00,03203_24-02-2026-20.27,34.15,41.0,45.4,64.4,
03203,04007,04104,Renfe,AVE,2026-02-24 20:53:00,2026-02-24 23:07:00,0 days 02:14:00,03203_24-02-2026-20.27,49.8,59.75,66.25,85.25,
00437,78400,04104,Renfe,ALVIA,2026-02-24 20:58:00,2026-02-24 21:30:00,0 days 00:32:00,00437_24-02-2026-19.52,21.35,24.4,28.4,,
00437,78400,71801,Renfe,ALVIA,2026-02-24 20:58:00,2026-02-24 22:13:00,0 days 01:15:00,00437_24-02-2026-19.52,30.25,34.55,40.2,,
03309,04040,71801,Renfe,AVE,2026-02-24 21:03:00,2026-02-24 22:55:00,0 days 01:52:00,03309_24-02-2026-19.34,32.05,40.05,53.25,72.25,
03309,04040,04104,Renfe,AVE,2026-02-24 21:03:00,2026-02-24 22:15:00,0 days 01:12:00,03309_24-02-2026-19.34,25.9,32.4,43.1,62.1,
03309,04040,78400,Renfe,AVE,2026-02-24 21:03:00,2026-02-24 21:46:00,0 days 00:43:00,03309_24-02-2026-19.34,20.55,25.7,34.2,53.2,
03931,04104,71801,Renfe,AVE,2026-02-24 21:18:00,2026-02-24 21:58:00,0 days 00:40:00,03931_24-02-2026-20.01,31.15,35.6,41.45,60.45,
03941,78400,04104,Renfe,AVE,2026-02-24 21:22:00,2026-02-24 21:51:00,0 days 00:29:00,03941_24-02-2026-20.38,24.65,28.75,32.8,51.8,
03941,78400,71801,Renfe,AVE,2026-02-24 21:22:00,2026-02-24 22:35:00,0 days 01:13:00,03941_24-02-2026-20.38,35.0,40.8,46.5,65.5,
03991,78400,71801,Renfe,AVE,2026-02-24 21:22:00,2026-02-24 22:35:00,0 days 01:13:00,03991_24-02-2026-20.38,35.0,40.8,46.5,65.5,
03991,78400,04104,Renfe,AVE,2026-02-24 21:22:00,2026-02-24 21:51:00,0 days 00:29:00,03991_24-02-2026-20.38,24.65,28.75,32.8,51.8,
00437,04104,71801,Renfe,ALVIA,2026-02-24 21:32:00,2026-02-24 22:13:00,0 days 00:41:00,00437_24-02-2026-19.52,23.1,26.4,30.7,,
03309,78400,04104,Renfe,AVE,2026-02-24 21:48:00,2026-02-24 22:15:00,0 days 00:27:00,03309_24-02-2026-19.34,20.55,24.65,27.35,46.35,
03309,78400,71801,Renfe,AVE,2026-02-24 21:48:00,2026-02-24 22:55:00,0 days 01:07:00,03309_24-02-2026-19.34,29.15,35.0,38.75,57.75,
03991,04104,71801,Renfe,AVE,2026-02-24 21:53:00,2026-02-24 22:35:00,0 days 00:42:00,03991_24-02-2026-20.38,26.7,31.15,35.5,54.5,
03941,04104,71801,Renfe,AVE,2026-02-24 21:53:00,2026-02-24 22:35:00,0 days 00:42:00,03941_24-02-2026-20.38,26.7,31.15,35.5,54.5,
03203,04040,78400,Renfe,AVE,2026-02-24 21:58:00,2026-02-24 22:40:00,0 days 00:42:00,03203_24-02-2026-20.27,30.85,36.0,41.0,60.0,
03203,04040,71801,Renfe,AVE,2026-02-24 21:58:00,2026-02-24 23:48:00,0 days 01:50:00,03203_24-02-2026-20.27,40.05,48.05,53.25,72.25,
03203,04040,04104,Renfe,AVE,2026-02-24 21:58:00,2026-02-24 23:07:00,0 days 01:09:00,03203_24-02-2026-20.27,38.9,45.35,51.7,70.7,
03309,04104,71801,Renfe,AVE,2026-02-24 22:17:00,2026-02-24 22:55:00,0 days 00:38:00,03309_24-02-2026-19.34,22.25,26.7,29.6,48.6,
03203,78400,04104,Renfe,AVE,2026-02-24 22:42:00,2026-02-24 23:07:00,0 days 00:25:00,03203_24-02-2026-20.27,24.65,28.75,32.8,51.8,
03203,78400,71801,Renfe,AVE,2026-02-24 22:42:00,2026-02-24 23:48:00,0 days 01:06:00,03203_24-02-2026-20.27,35.0,40.8,46.5,65.5,
03203,04104,71801,Renfe,AVE,2026-02-24 23:09:00,2026-02-24 23:48:00,0 days 00:39:00,03203_24-02-2026-20.27,26.7,31.15,35.5,54.5,
03301,60000,04104,Renfe,AVE,2026-02-25 06:16:00,2026-02-25 08:21:00,0 days 02:05:00,03301_25-02-2026-06.16,43.0,53.75,71.5,90.5,
03301,60000,71801,Renfe,AVE,2026-02-25 06:16:00,2026-02-25 09:05:00,0 days 02:49:00,03301_25-02-2026-06.16,47.45,59.3,78.85,97.85,
03063,60000,04040,Renfe,AVE,2026-02-25 06:27:00,2026-02-25 07:52:00,0 days 01:25:00,03063_25-02-2026-06.27,31.2,39.0,51.85,70.85,
03063,60000,71801,Renfe,AVE,2026-02-25 06:27:00,2026-02-25 09:25:00,0 days 02:58:00,03063_25-02-2026-06.27,35.6,47.45,63.1,82.1,
03071,60000,71801,Renfe,AVE,2026-02-25 06:57:00,2026-02-25 09:34:00,0 days 02:37:00,03071_25-02-2026-06.57,83.95,97.95,223.3,242.3,
03073,60000,04104,Renfe,AVE,2026-02-25 07:27:00,2026-02-25 10:04:00,0 days 02:37:00,03073_25-02-2026-07.27,86.0,96.75,100.1,119.1,
03073,60000,71801,Renfe,AVE,2026-02-25 07:27:00,2026-02-25 10:46:00,0 days 03:19:00,03073_25-02-2026-07.27,83.0,94.9,94.65,113.65,
03073,60000,04040,Renfe,AVE,2026-02-25 07:27:00,2026-02-25 08:51:00,0 days 01:24:00,03073_25-02-2026-07.27,62.4,70.2,72.6,91.6,
03073,60000,78400,Renfe,AVE,2026-02-25 07:27:00,2026-02-25 09:35:00,0 days 02:08:00,03073_25-02-2026-07.27,77.9,87.65,90.7,109.7,
03073,60000,04007,Renfe,AVE,2026-02-25 07:27:00,2026-02-25 07:52:00,0 days 00:25:00,03073_25-02-2026-07.27,45.7,49.55,60.8,79.8,
03073,04007,04104,Renfe,AVE,2026-02-25 07:53:00,2026-02-25 10:04:00,0 days 02:11:00,03073_25-02-2026-07.27,79.7,89.65,92.75,111.75,
03063,04040,71801,Renfe,AVE,2026-02-25 07:53:00,2026-02-25 09:25:00,0 days 01:32:00,03063_25-02-2026-06.27,32.05,40.05,53.25,72.25,
03073,04007,04040,Renfe,AVE,2026-02-25 07:53:00,2026-02-25 08:51:00,0 days 00:58:00,03073_25-02-2026-07.27,54.65,61.45,63.6,82.6,
03073,04007,71801,Renfe,AVE,2026-02-25 07:53:00,2026-02-25 10:46:00,0 days 02:53:00,03073_25-02-2026-07.27,78.1,89.3,89.05,108.05,
03073,04007,78400,Renfe,AVE,2026-02-25 07:53:00,2026-02-25 09:35:00,0 days 01:42:00,03073_25-02-2026-07.27,71.1,80.0,82.75,101.75,
03081,60000,71801,Renfe,AVE,2026-02-25 07:57:00,2026-02-25 10:34:00,0 days 02:37:00,03081_25-02-2026-07.57,55.95,69.95,74.45,93.45,
03301,04104,71801,Renfe,AVE,2026-02-25 08:23:00,2026-02-25 09:05:00,0 days 00:42:00,03301_25-02-2026-06.16,17.8,22.25,29.6,48.6,
03083,60000,71801,Renfe,AVE,2026-02-25 08:27:00,2026-02-25 11:19:00,0 days 02:52:00,03083_25-02-2026-08.27,47.45,59.3,63.1,82.1,
03083,60000,04040,Renfe,AVE,2026-02-25 08:27:00,2026-02-25 09:45:00,0 days 01:18:00,03083_25-02-2026-08.27,39.0,46.8,51.85,70.85,
03073,04040,04104,Renfe,AVE,2026-02-25 08:52:00,2026-02-25 10:04:00,0 days 01:12:00,03073_25-02-2026-07.27,58.3,64.8,68.95,87.95,
03073,04040,78400,Renfe,AVE,2026-02-25 08:52:00,2026-02-25 09:35:00,0 days 00:43:00,03073_25-02-2026-07.27,46.25,51.4,54.7,73.7,
03073,04040,71801,Renfe,AVE,2026-02-25 08:52:00,2026-02-25 10:46:00,0 days 01:54:00,03073_25-02-2026-07.27,64.1,72.1,74.55,93.55,
03091,60000,04104,Renfe,AVE,2026-02-25 08:57:00,2026-02-25 11:01:00,0 days 02:04:00,03091_25-02-2026-08.57,43.0,53.75,71.5,90.5,
03091,60000,71801,Renfe,AVE,2026-02-25 08:57:00,2026-02-25 11:41:00,0 days 02:44:00,03091_25-02-2026-08.57,41.95,55.95,74.45,93.45,
02561,60000,78400,Renfe,AVE,2026-02-25 09:27:00,2026-02-25 11:32:00,0 days 02:05:00,02561_25-02-2026-09.27,68.2,77.9,90.7,109.7,
02561,60000,71801,Renfe,AVE,2026-02-25 09:27:00,2026-02-25 12:41:00,0 days 03:14:00,02561_25-02-2026-09.27,71.15,83.0,94.65,113.65,
02561,60000,04104,Renfe,AVE,2026-02-25 09:27:00,2026-02-25 12:00:00,0 days 02:33:00,02561_25-02-2026-09.27,75.25,86.0,100.1,119.1,
02561,60000,04040,Renfe,AVE,2026-02-25 09:27:00,2026-02-25 10:46:00,0 days 01:19:00,02561_25-02-2026-09.27,54.6,62.4,72.6,91.6,
03073,78400,71801,Renfe,AVE,2026-02-25 09:37:00,2026-02-25 10:46:00,0 days 01:09:00,03073_25-02-2026-07.27,52.45,58.3,62.05,81.05,
03073,78400,04104,Renfe,AVE,2026-02-25 09:37:00,2026-02-25 10:04:00,0 days 00:27:00,03073_25-02-2026-07.27,37.0,41.1,43.75,62.75,
03083,04040,71801,Renfe,AVE,2026-02-25 09:46:00,2026-02-25 11:19:00,0 days 01:33:00,03083_25-02-2026-08.27,32.05,40.05,42.6,61.6,
03073,04104,71801,Renfe,AVE,2026-02-25 10:06:00,2026-02-25 10:46:00,0 days 00:40:00,03073_25-02-2026-07.27,40.05,44.5,47.35,66.35,
03303,60000,71801,Renfe,AVE,2026-02-25 10:27:00,2026-02-25 13:19:00,0 days 02:52:00,03303_25-02-2026-10.27,47.45,59.3,78.85,97.85,
03303,60000,04040,Renfe,AVE,2026-02-25 10:27:00,2026-02-25 11:47:00,0 days 01:20:00,03303_25-02-2026-10.27,39.0,46.8,41.5,60.5,
00605,60000,04007,Renfe,ALVIA,2026-02-25 10:32:00,2026-02-25 10:59:00,0 days 00:27:00,00605_25-02-2026-10.32,22.7,24.55,25.15,,
02561,04040,78400,Renfe,AVE,2026-02-25 10:47:00,2026-02-25 11:32:00,0 days 00:45:00,02561_25-02-2026-09.27,41.1,46.25,54.7,73.7,
02561,04040,04104,Renfe,AVE,2026-02-25 10:47:00,2026-02-25 12:00:00,0 days 01:13:00,02561_25-02-2026-09.27,51.85,58.3,68.95,87.95,
02561,04040,71801,Renfe,AVE,2026-02-25 10:47:00,2026-02-25 12:41:00,0 days 01:54:00,02561_25-02-2026-09.27,56.05,64.1,74.55,93.55,
03091,04104,71801,Renfe,AVE,2026-02-25 11:03:00,2026-02-25 11:41:00,0 days 00:38:00,03091_25-02-2026-08.57,26.25,31.5,41.9,60.9,
00533,04040,78400,Renfe,ALVIA,2026-02-25 11:09:00,2026-02-25 11:58:00,0 days 00:49:00,00533_25-02-2026-11.09,26.65,30.5,35.45,,
00533,04040,04104,Renfe,ALVIA,2026-02-25 11:09:00,2026-02-25 12:31:00,0 days 01:22:00,00533_25-02-2026-11.09,33.6,38.4,44.7,,
00533,04040,71801,Renfe,ALVIA,2026-02-25 11:09:00,2026-02-25 13:09:00,0 days 02:00:00,00533_25-02-2026-11.09,35.6,41.5,47.3,,
03113,60000,71801,Renfe,AVE,2026-02-25 11:27:00,2026-02-25 14:46:00,0 days 03:19:00,03113_25-02-2026-11.27,47.45,59.3,63.1,82.1,
03113,60000,04104,Renfe,AVE,2026-02-25 11:27:00,2026-02-25 14:04:00,0 days 02:37:00,03113_25-02-2026-11.27,53.75,64.5,71.5,90.5,
03113,60000,04040,Renfe,AVE,2026-02-25 11:27:00,2026-02-25 12:51:00,0 days 01:24:00,03113_25-02-2026-11.27,39.0,46.8,51.85,70.85,
03113,60000,78400,Renfe,AVE,2026-02-25 11:27:00,2026-02-25 13:35:00,0 days 02:08:00,03113_25-02-2026-11.27,48.7,58.45,64.75,83.75,
02561,78400,71801,Renfe,AVE,2026-02-25 11:34:00,2026-02-25 12:41:00,0 days 01:07:00,02561_25-02-2026-09.27,46.65,52.45,62.05,81.05,
02561,78400,04104,Renfe,AVE,2026-02-25 11:34:00,2026-02-25 12:00:00,0 days 00:26:00,02561_25-02-2026-09.27,32.9,37.0,43.75,62.75,
03303,04040,71801,Renfe,AVE,2026-02-25 11:48:00,2026-02-25 13:19:00,0 days 01:31:00,03303_25-02-2026-10.27,40.05,48.05,53.25,72.25,
00533,78400,04104,Renfe,ALVIA,2026-02-25 12:00:00,2026-02-25 12:31:00,0 days 00:31:00,00533_25-02-2026-11.09,21.35,24.4,28.4,,
34433,78400,71801,Renfe,AVANT,2026-02-25 12:00:00,2026-02-25 13:09:00,0 days 01:09:00,34433_25-02-2026-12.00,,,,,31.5
00533,78400,71801,Renfe,ALVIA,2026-02-25 12:00:00,2026-02-25 13:09:00,0 days 01:09:00,00533_25-02-2026-11.09,30.25,34.55,40.2,,
34433,78400,04104,Renfe,AVANT,2026-02-25 12:00:00,2026-02-25 12:31:00,0 days 00:31:00,34433_25-02-2026-12.00,,,,,15.0
02561,04104,71801,Renfe,AVE,2026-02-25 12:02:00,2026-02-25 12:41:00,0 days 00:39:00,02561_25-02-2026-09.27,35.6,40.05,47.35,66.35,
02591,60000,71801,Renfe,AVE,2026-02-25 12:27:00,2026-02-25 15:44:00,0 days 03:17:00,02591_25-02-2026-12.27,35.6,47.45,63.1,82.1,
02591,60000,04040,Renfe,AVE,2026-02-25 12:27:00,2026-02-25 13:45:00,0 days 01:18:00,02591_25-02-2026-12.27,31.2,39.0,51.85,70.85,
02591,60000,78400,Renfe,AVE,2026-02-25 12:27:00,2026-02-25 14:29:00,0 days 02:02:00,02591_25-02-2026-12.27,38.95,48.7,64.75,83.75,
00533,04104,71801,Renfe,ALVIA,2026-02-25 12:33:00,2026-02-25 13:09:00,0 days 00:36:00,00533_25-02-2026-11.09,23.1,26.4,30.7,,
34433,04104,71801,Renfe,AVANT,2026-02-25 12:33:00,2026-02-25 13:09:00,0 days 00:36:00,34433_25-02-2026-12.00,,,,,18.5
03993,04040,04104,Renfe,AVE,2026-02-25 12:37:00,2026-02-25 13:43:00,0 days 01:06:00,03993_25-02-2026-12.37,58.3,64.8,77.55,96.55,
03943,04040,04104,Renfe,AVE,2026-02-25 12:37:00,2026-02-25 13:43:00,0 days 01:06:00,03943_25-02-2026-12.37,45.35,51.85,60.35,79.35,
03993,04040,78400,Renfe,AVE,2026-02-25 12:37:00,2026-02-25 13:17:00,0 days 00:40:00,03993_25-02-2026-12.37,46.25,51.4,61.55,80.55,
03943,04040,78400,Renfe,AVE,2026-02-25 12:37:00,2026-02-25 13:17:00,0 days 00:40:00,03943_25-02-2026-12.37,36.0,41.1,47.85,66.85,
03943,04040,71801,Renfe,AVE,2026-02-25 12:37:00,2026-02-25 14:25:00,0 days 01:48:00,03943_25-02-2026-12.37,48.05,56.05,63.9,82.9,
03993,04040,71801,Renfe,AVE,2026-02-25 12:37:00,2026-02-25 14:25:00,0 days 01:48:00,03993_25-02-2026-12.37,64.1,72.1,85.25,104.25,
03113,04040,04104,Renfe,AVE,2026-02-25 12:52:00,2026-02-25 14:04:00,0 days 01:12:00,03113_25-02-2026-11.27,38.9,45.35,51.7,70.7,
03113,04040,78400,Renfe,AVE,2026-02-25 12:52:00,2026-02-25 13:35:00,0 days 00:43:00,03113_25-02-2026-11.27,30.85,36.0,41.0,60.0,
03113,04040,71801,Renfe,AVE,2026-02-25 12:52:00,2026-02-25 14:46:00,0 days 01:54:00,03113_25-02-2026-11.27,40.05,48.05,53.25,72.25,
09725,60000,04104,Renfe,AVE INT,2026-02-25 13:15:00,2026-02-25 15:37:00,0 days 02:22:00,09725_25-02-2026-13.15,43.0,53.75,85.8,104.8,
09725,60000,71801,Renfe,AVE INT,2026-02-25 13:15:00,2026-02-25 16:19:00,0 days 03:04:00,09725_25-02-2026-13.15,47.45,59.3,94.65,113.65,
09725,60000,04040,Renfe,AVE INT,2026-02-25 13:15:00,2026-02-25 14:40:00,0 days 01:25:00,09725_25-02-2026-13.15,46.8,54.6,83.0,102.0,
03993,78400,71801,Renfe,AVE,2026-02-25 13:19:00,2026-02-25 14:25:00,0 days 01:06:00,03993_25-02-2026-12.37,52.45,58.3,69.8,88.8,
03943,78400,71801,Renfe,AVE,2026-02-25 13:19:00,2026-02-25 14:25:00,0 days 01:06:00,03943_25-02-2026-12.37,40.8,46.65,54.3,73.3,
03943,78400,04104,Renfe,AVE,2026-02-25 13:19:00,2026-02-25 13:43:00,0 days 00:24:00,03943_25-02-2026-12.37,28.75,32.9,38.25,57.25,
03993,78400,04104,Renfe,AVE,2026-02-25 13:19:00,2026-02-25 13:43:00,0 days 00:24:00,03993_25-02-2026-12.37,37.0,41.1,49.2,68.2,
03113,78400,71801,Renfe,AVE,2026-02-25 13:37:00,2026-02-25 14:46:00,0 days 01:09:00,03113_25-02-2026-11.27,35.0,40.8,46.5,65.5,
03113,78400,04104,Renfe,AVE,2026-02-25 13:37:00,2026-02-25 14:04:00,0 days 00:27:00,03113_25-02-2026-11.27,24.65,28.75,32.8,51.8,
34813,78400,04104,Renfe,AVANT,2026-02-25 13:37:00,2026-02-25 14:04:00,0 days 00:27:00,34813_25-02-2026-13.37,,,,,15.0
34813,78400,71801,Renfe,AVANT,2026-02-25 13:37:00,2026-02-25 14:46:00,0 days 01:09:00,34813_25-02-2026-13.37,,,,,31.5
09725,04007,71801,Renfe,AVE INT,2026-02-25 13:43:00,2026-02-25 16:19:00,0 days 02:36:00,09725_25-02-2026-13.15,44.65,55.8,89.05,108.05,
09725,04007,04104,Renfe,AVE INT,2026-02-25 13:43:00,2026-02-25 15:37:00,0 days 01:54:00,09725_25-02-2026-13.15,39.85,49.8,79.5,98.5,
09725,04007,04040,Renfe,AVE INT,2026-02-25 13:43:00,2026-02-25 14:40:00,0 days 00:57:00,09725_25-02-2026-13.15,41.0,47.8,72.65,91.65,
03993,04104,71801,Renfe,AVE,2026-02-25 13:45:00,2026-02-25 14:25:00,0 days 00:40:00,03993_25-02-2026-12.37,40.05,44.5,53.25,72.25,
03943,04104,71801,Renfe,AVE,2026-02-25 13:45:00,2026-02-25 14:25:00,0 days 00:40:00,03943_25-02-2026-12.37,31.15,35.6,41.45,60.45,
02591,04040,78400,Renfe,AVE,2026-02-25 13:46:00,2026-02-25 14:29:00,0 days 00:43:00,02591_25-02-2026-12.27,25.7,30.85,41.0,60.0,
02591,04040,71801,Renfe,AVE,2026-02-25 13:46:00,2026-02-25 15:44:00,0 days 01:58:00,02591_25-02-2026-12.27,32.05,40.05,53.25,72.25,
03141,60000,71801,Renfe,AVE,2026-02-25 13:57:00,2026-02-25 16:34:00,0 days 02:37:00,03141_25-02-2026-13.57,153.9,167.9,223.3,242.3,
03113,04104,71801,Renfe,AVE,2026-02-25 14:06:00,2026-02-25 14:46:00,0 days 00:40:00,03113_25-02-2026-11.27,26.7,31.15,35.5,54.5,
34813,04104,71801,Renfe,AVANT,2026-02-25 14:06:00,2026-02-25 14:46:00,0 days 00:40:00,34813_25-02-2026-13.37,,,,,18.5
03143,60000,04040,Renfe,AVE,2026-02-25 14:27:00,2026-02-25 15:51:00,0 days 01:24:00,03143_25-02-2026-14.27,70.2,78.0,93.35,112.35,
03143,60000,71801,Renfe,AVE,2026-02-25 14:27:00,2026-02-25 17:24:00,0 days 02:57:00,03143_25-02-2026-14.27,94.9,106.75,126.2,145.2,
02591,78400,71801,Renfe,AVE,2026-02-25 14:31:00,2026-02-25 15:44:00,0 days 01:13:00,02591_25-02-2026-12.27,29.15,35.0,46.5,65.5,
34823,78400,71801,Renfe,AVANT,2026-02-25 14:31:00,2026-02-25 15:44:00,0 days 01:13:00,34823_25-02-2026-14.31,,,,,31.5
09725,04040,71801,Renfe,AVE INT,2026-02-25 14:43:00,2026-02-25 16:19:00,0 days 01:36:00,09725_25-02-2026-13.15,48.05,56.05,85.25,104.25,
09725,04040,04104,Renfe,AVE INT,2026-02-25 14:43:00,2026-02-25 15:37:00,0 days 00:54:00,09725_25-02-2026-13.15,25.9,32.4,43.1,62.1,
00609,60000,04007,Renfe,ALVIA,2026-02-25 14:47:00,2026-02-25 15:15:00,0 days 00:28:00,00609_25-02-2026-14.47,22.7,24.55,25.15,,
03151,60000,71801,Renfe,AVE,2026-02-25 14:57:00,2026-02-25 17:34:00,0 days 02:37:00,03151_25-02-2026-14.57,83.95,97.95,111.65,130.65,
03305,60000,71801,Renfe,AVE,2026-02-25 15:27:00,2026-02-25 18:46:00,0 days 03:19:00,03305_25-02-2026-15.27,71.15,83.0,94.65,113.65,
03305,60000,04104,Renfe,AVE,2026-02-25 15:27:00,2026-02-25 18:03:00,0 days 02:36:00,03305_25-02-2026-15.27,64.5,75.25,85.8,104.8,
03305,60000,04040,Renfe,AVE,2026-02-25 15:27:00,2026-02-25 16:50:00,0 days 01:23:00,03305_25-02-2026-15.27,62.4,70.2,62.25,81.25,
03305,60000,78400,Renfe,AVE,2026-02-25 15:27:00,2026-02-25 17:35:00,0 days 02:08:00,03305_25-02-2026-15.27,58.45,68.2,77.75,96.75,
03143,04040,71801,Renfe,AVE,2026-02-25 15:52:00,2026-02-25 17:24:00,0 days 01:32:00,03143_25-02-2026-14.27,48.05,56.05,95.9,114.9,
03161,60000,71801,Renfe,AVE,2026-02-25 15:57:00,2026-02-25 18:34:00,0 days 02:37:00,03161_25-02-2026-15.57,83.95,97.95,111.65,130.65,
03163,60000,71801,Renfe,AVE,2026-02-25 16:27:00,2026-02-25 19:19:00,0 days 02:52:00,03163_25-02-2026-16.27,94.9,106.75,110.4,129.4,
03163,60000,04040,Renfe,AVE,2026-02-25 16:27:00,2026-02-25 17:45:00,0 days 01:18:00,03163_25-02-2026-16.27,70.2,78.0,83.0,102.0,
03305,04040,71801,Renfe,AVE,2026-02-25 16:51:00,2026-02-25 18:46:00,0 days 01:55:00,03305_25-02-2026-15.27,64.1,72.1,85.25,104.25,
03305,04040,04104,Renfe,AVE,2026-02-25 16:51:00,2026-02-25 18:03:00,0 days 01:12:00,03305_25-02-2026-15.27,51.85,58.3,68.95,87.95,
03305,04040,78400,Renfe,AVE,2026-02-25 16:51:00,2026-02-25 17:35:00,0 days 00:44:00,03305_25-02-2026-15.27,41.1,46.25,54.7,73.7,
03171,60000,71801,Renfe,AVE,2026-02-25 16:57:00,2026-02-25 19:34:00,0 days 02:37:00,03171_25-02-2026-16.57,97.95,111.9,111.65,130.65,
03173,60000,04040,Renfe,AVE,2026-02-25 17:27:00,2026-02-25 18:51:00,0 days 01:24:00,03173_25-02-2026-17.27,62.4,70.2,72.6,91.6,
03173,60000,78400,Renfe,AVE,2026-02-25 17:27:00,2026-02-25 19:35:00,0 days 02:08:00,03173_25-02-2026-17.27,77.9,87.65,90.7,109.7,
03173,60000,04104,Renfe,AVE,2026-02-25 17:27:00,2026-02-25 20:04:00,0 days 02:37:00,03173_25-02-2026-17.27,86.0,96.75,100.1,119.1,
03173,60000,71801,Renfe,AVE,2026-02-25 17:27:00,2026-02-25 20:46:00,0 days 03:19:00,03173_25-02-2026-17.27,83.0,94.9,94.65,113.65,
03173,60000,04007,Renfe,AVE,2026-02-25 17:27:00,2026-02-25 17:53:00,0 days 00:26:00,03173_25-02-2026-17.27,45.7,49.55,60.8,79.8,
03305,78400,04104,Renfe,AVE,2026-02-25 17:37:00,2026-02-25 18:03:00,0 days 00:26:00,03305_25-02-2026-15.27,41.1,45.2,49.2,68.2,
03305,78400,71801,Renfe,AVE,2026-02-25 17:37:00,2026-02-25 18:46:00,0 days 01:09:00,03305_25-02-2026-15.27,58.3,64.15,69.8,88.8,
03163,04040,71801,Renfe,AVE,2026-02-25 17:46:00,2026-02-25 19:19:00,0 days 01:33:00,03163_25-02-2026-16.27,64.1,72.1,74.55,93.55,
03173,04007,71801,Renfe,AVE,2026-02-25 17:54:00,2026-02-25 20:46:00,0 days 02:52:00,03173_25-02-2026-17.27,78.1,89.3,89.05,108.05,
03173,04007,78400,Renfe,AVE,2026-02-25 17:54:00,2026-02-25 19:35:00,0 days 01:41:00,03173_25-02-2026-17.27,71.1,80.0,82.75,101.75,
03173,04007,04104,Renfe,AVE,2026-02-25 17:54:00,2026-02-25 20:04:00,0 days 02:10:00,03173_25-02-2026-17.27,79.7,89.65,92.75,111.75,
03173,04007,04040,Renfe,AVE,2026-02-25 17:54:00,2026-02-25 18:51:00,0 days 00:57:00,03173_25-02-2026-17.27,54.65,61.45,63.6,82.6,
02553,60000,71801,Renfe,AVE,2026-02-25 17:57:00,2026-02-25 20:34:00,0 days 02:37:00,02553_25-02-2026-17.57,71.15,83.0,94.65,113.65,
03305,04104,71801,Renfe,AVE,2026-02-25 18:05:00,2026-02-25 18:46:00,0 days 00:41:00,03305_25-02-2026-15.27,44.5,48.95,53.25,72.25,
03183,60000,71801,Renfe,AVE,2026-02-25 18:27:00,2026-02-25 21:24:00,0 days 02:57:00,03183_25-02-2026-18.27,106.75,118.6,141.95,160.95,
03183,60000,04104,Renfe,AVE,2026-02-25 18:27:00,2026-02-25 20:44:00,0 days 02:17:00,03183_25-02-2026-18.27,96.75,107.5,128.7,147.7,
03183,60000,04040,Renfe,AVE,2026-02-25 18:27:00,2026-02-25 19:45:00,0 days 01:18:00,03183_25-02-2026-18.27,78.0,85.8,103.75,122.75,
03173,04040,78400,Renfe,AVE,2026-02-25 18:52:00,2026-02-25 19:35:00,0 days 00:43:00,03173_25-02-2026-17.27,46.25,51.4,54.7,73.7,
03173,04040,71801,Renfe,AVE,2026-02-25 18:52:00,2026-02-25 20:46:00,0 days 01:54:00,03173_25-02-2026-17.27,64.1,72.1,74.55,93.55,
03173,04040,04104,Renfe,AVE,2026-02-25 18:52:00,2026-02-25 20:04:00,0 days 01:12:00,03173_25-02-2026-17.27,58.3,64.8,68.95,87.95,
03191,60000,71801,Renfe,AVE,2026-02-25 18:57:00,2026-02-25 21:34:00,0 days 02:37:00,03191_25-02-2026-18.57,126.0,140.0,148.95,167.95,
02861,60000,04007,Renfe,AVE,2026-02-25 19:00:00,2026-02-25 19:28:00,0 days 00:28:00,02861_25-02-2026-19.00,45.7,49.55,60.8,79.8,
02861,60000,04040,Renfe,AVE,2026-02-25 19:00:00,2026-02-25 20:42:00,0 days 01:42:00,02861_25-02-2026-19.00,23.4,31.2,51.85,70.85,
02861,04007,04040,Renfe,AVE,2026-02-25 19:29:00,2026-02-25 20:42:00,0 days 01:13:00,02861_25-02-2026-19.00,20.5,27.3,45.4,64.4,
03309,60000,04104,Renfe,AVE,2026-02-25 19:34:00,2026-02-25 22:15:00,0 days 02:41:00,03309_25-02-2026-19.34,75.25,86.0,100.1,119.1,
03309,60000,71801,Renfe,AVE,2026-02-25 19:34:00,2026-02-25 22:55:00,0 days 03:21:00,03309_25-02-2026-19.34,83.0,94.9,110.4,129.4,
03309,60000,78400,Renfe,AVE,2026-02-25 19:34:00,2026-02-25 21:46:00,0 days 02:12:00,03309_25-02-2026-19.34,68.2,77.9,90.7,109.7,
03309,60000,04007,Renfe,AVE,2026-02-25 19:34:00,2026-02-25 20:00:00,0 days 00:26:00,03309_25-02-2026-19.34,53.35,57.15,60.8,79.8,
03309,60000,04040,Renfe,AVE,2026-02-25 19:34:00,2026-02-25 21:02:00,0 days 01:28:00,03309_25-02-2026-19.34,78.0,85.8,83.0,102.0,
03173,78400,04104,Renfe,AVE,2026-02-25 19:37:00,2026-02-25 20:04:00,0 days 00:27:00,03173_25-02-2026-17.27,37.0,41.1,43.75,62.75,
03173,78400,71801,Renfe,AVE,2026-02-25 19:37:00,2026-02-25 20:46:00,0 days 01:09:00,03173_25-02-2026-17.27,52.45,58.3,62.05,81.05,
03183,04040,04104,Renfe,AVE,2026-02-25 19:46:00,2026-02-25 20:44:00,0 days 00:58:00,03183_25-02-2026-18.27,58.3,64.8,77.55,96.55,
03183,04040,71801,Renfe,AVE,2026-02-25 19:46:00,2026-02-25 21:24:00,0 days 01:38:00,03183_25-02-2026-18.27,72.1,80.1,95.9,114.9,
00437,04040,04104,Renfe,ALVIA,2026-02-25 19:52:00,2026-02-25 21:30:00,0 days 01:38:00,00437_25-02-2026-19.52,33.6,38.4,44.7,,
00437,04040,71801,Renfe,ALVIA,2026-02-25 19:52:00,2026-02-25 22:13:00,0 days 02:21:00,00437_25-02-2026-19.52,35.6,41.5,47.3,,
00437,04040,78400,Renfe,ALVIA,2026-02-25 19:52:00,2026-02-25 20:56:00,0 days 01:04:00,00437_25-02-2026-19.52,26.65,30.5,35.45,,
03931,04040,71801,Renfe,AVE,2026-02-25 20:01:00,2026-02-25 21:58:00,0 days 01:57:00,03931_25-02-2026-20.01,48.05,56.05,63.9,82.9,
03309,04007,71801,Renfe,AVE,2026-02-25 20:01:00,2026-02-25 22:55:00,0 days 02:54:00,03309_25-02-2026-19.34,78.1,89.3,103.9,122.9,
03309,04007,04040,Renfe,AVE,2026-02-25 20:01:00,2026-02-25 21:02:00,0 days 01:01:00,03309_25-02-2026-19.34,68.3,75.15,81.75,100.75,
03309,04007,78400,Renfe,AVE,2026-02-25 20:01:00,2026-02-25 21:46:00,0 days 01:45:00,03309_25-02-2026-19.34,62.25,71.1,82.75,101.75,
03309,04007,04104,Renfe,AVE,2026-02-25 20:01:00,2026-02-25 22:15:00,0 days 02:14:00,03309_25-02-2026-19.34,69.7,79.7,92.75,111.75,
03931,04040,78400,Renfe,AVE,2026-02-25 20:01:00,2026-02-25 20:48:00,0 days 00:47:00,03931_25-02-2026-20.01,36.0,41.1,47.85,66.85,
03931,04040,04104,Renfe,AVE,2026-02-25 20:01:00,2026-02-25 21:16:00,0 days 01:15:00,03931_25-02-2026-20.01,45.35,51.85,60.35,79.35,
03201,60000,71801,Renfe,AVE,2026-02-25 20:05:00,2026-02-25 22:42:00,0 days 02:37:00,03201_25-02-2026-20.05,41.95,55.95,74.45,93.45,
03173,04104,71801,Renfe,AVE,2026-02-25 20:06:00,2026-02-25 20:46:00,0 days 00:40:00,03173_25-02-2026-17.27,40.05,44.5,47.35,66.35,
03203,60000,04104,Renfe,AVE,2026-02-25 20:27:00,2026-02-25 23:07:00,0 days 02:40:00,03203_25-02-2026-20.27,43.0,53.75,71.5,90.5,
03203,60000,04040,Renfe,AVE,2026-02-25 20:27:00,2026-02-25 21:57:00,0 days 01:30:00,03203_25-02-2026-20.27,31.2,39.0,51.85,70.85,
03203,60000,04007,Renfe,AVE,2026-02-25 20:27:00,2026-02-25 20:52:00,0 days 00:25:00,03203_25-02-2026-20.27,45.7,49.55,60.8,79.8,
03203,60000,71801,Renfe,AVE,2026-02-25 20:27:00,2026-02-25 23:48:00,0 days 03:21:00,03203_25-02-2026-20.27,35.6,47.45,63.1,82.1,
03203,60000,78400,Renfe,AVE,2026-02-25 20:27:00,2026-02-25 22:40:00,0 days 02:13:00,03203_25-02-2026-20.27,38.95,48.7,64.75,83.75,
03941,04040,04104,Renfe,AVE,2026-02-25 20:38:00,2026-02-25 21:51:00,0 days 01:13:00,03941_25-02-2026-20.38,45.35,51.85,60.35,79.35,
03991,04040,04104,Renfe,AVE,2026-02-25 20:38:00,2026-02-25 21:51:00,0 days 01:13:00,03991_25-02-2026-20.38,38.9,45.35,51.7,70.7,
03991,04040,78400,Renfe,AVE,2026-02-25 20:38:00,2026-02-25 21:20:00,0 days 00:42:00,03991_25-02-2026-20.38,30.85,36.0,41.0,60.0,
03941,04040,71801,Renfe,AVE,2026-02-25 20:38:00,2026-02-25 22:35:00,0 days 01:57:00,03941_25-02-2026-20.38,48.05,56.05,63.9,82.9,
03991,04040,71801,Renfe,AVE,2026-02-25 20:38:00,2026-02-25 22:35:00,0 days 01:57:00,03991_25-02-2026-20.38,40.05,48.05,53.25,72.25,
03941,04040,78400,Renfe,AVE,2026-02-25 20:38:00,2026-02-25 21:20:00,0 days 00:42:00,03941_25-02-2026-20.38,36.0,41.1,47.85,66.85,
03183,04104,71801,Renfe,AVE,2026-02-25 20:46:00,2026-02-25 21:24:00,0 days 00:38:00,03183_25-02-2026-18.27,40.05,44.5,53.25,72.25,
03931,78400,71801,Renfe,AVE,2026-02-25 20:50:00,2026-02-25 21:58:00,0 days 01:08:00,03931_25-02-2026-20.01,40.8,46.65,54.3,73.3,
03931,78400,04104,Renfe,AVE,2026-02-25 20:50:00,2026-02-25 21:16:00,0 days 00:26:00,03931_25-02-2026-20.01,28.75,32.9,38.25,57.25,
03203,04007,04104,Renfe,AVE,2026-02-25 20:53:00,2026-02-25 23:07:00,0 days 02:14:00,03203_25-02-2026-20.27,39.85,49.8,66.25,85.25,
03203,04007,78400,Renfe,AVE,2026-02-25 20:53:00,2026-02-25 22:40:00,0 days 01:47:00,03203_25-02-2026-20.27,35.55,44.45,59.1,78.1,
03203,04007,04040,Renfe,AVE,2026-02-25 20:53:00,2026-02-25 21:57:00,0 days 01:04:00,03203_25-02-2026-20.27,27.3,34.15,45.4,64.4,
03203,04007,71801,Renfe,AVE,2026-02-25 20:53:00,2026-02-25 23:48:00,0 days 02:55:00,03203_25-02-2026-20.27,33.5,44.65,59.35,78.35,
00437,78400,71801,Renfe,ALVIA,2026-02-25 20:58:00,2026-02-25 22:13:00,0 days 01:15:00,00437_25-02-2026-19.52,30.25,34.55,40.2,,
00437,78400,04104,Renfe,ALVIA,2026-02-25 20:58:00,2026-02-25 21:30:00,0 days 00:32:00,00437_25-02-2026-19.52,21.35,24.4,28.4,,
03309,04040,04104,Renfe,AVE,2026-02-25 21:03:00,2026-02-25 22:15:00,0 days 01:12:00,03309_25-02-2026-19.34,58.3,64.8,68.95,87.95,
03309,04040,71801,Renfe,AVE,2026-02-25 21:03:00,2026-02-25 22:55:00,0 days 01:52:00,03309_25-02-2026-19.34,72.1,80.1,85.25,104.25,
03309,04040,78400,Renfe,AVE,2026-02-25 21:03:00,2026-02-25 21:46:00,0 days 00:43:00,03309_25-02-2026-19.34,46.25,51.4,54.7,73.7,
02883,60000,04040,Renfe,AVE,2026-02-25 21:07:00,2026-02-25 22:26:00,0 days 01:19:00,02883_25-02-2026-21.07,31.2,39.0,51.85,70.85,
02883,60000,71801,Renfe,AVE,2026-02-25 21:07:00,2026-02-25 23:59:00,0 days 02:52:00,02883_25-02-2026-21.07,35.6,47.45,63.1,82.1,
03931,04104,71801,Renfe,AVE,2026-02-25 21:18:00,2026-02-25 21:58:00,0 days 00:40:00,03931_25-02-2026-20.01,31.15,35.6,41.45,60.45,
03941,78400,71801,Renfe,AVE,2026-02-25 21:22:00,2026-02-25 22:35:00,0 days 01:13:00,03941_25-02-2026-20.38,40.8,46.65,54.3,73.3,
03991,78400,71801,Renfe,AVE,2026-02-25 21:22:00,2026-02-25 22:35:00,0 days 01:13:00,03991_25-02-2026-20.38,35.0,40.8,46.5,65.5,
03991,78400,04104,Renfe,AVE,2026-02-25 21:22:00,2026-02-25 21:51:00,0 days 00:29:00,03991_25-02-2026-20.38,24.65,28.75,32.8,51.8,
03941,78400,04104,Renfe,AVE,2026-02-25 21:22:00,2026-02-25 21:51:00,0 days 00:29:00,03941_25-02-2026-20.38,28.75,32.9,38.25,57.25,
00437,04104,71801,Renfe,ALVIA,2026-02-25 21:32:00,2026-02-25 22:13:00,0 days 00:41:00,00437_25-02-2026-19.52,23.1,26.4,30.7,,
03309,78400,71801,Renfe,AVE,2026-02-25 21:48:00,2026-02-25 22:55:00,0 days 01:07:00,03309_25-02-2026-19.34,64.15,69.95,77.55,96.55,
03309,78400,04104,Renfe,AVE,2026-02-25 21:48:00,2026-02-25 22:15:00,0 days 00:27:00,03309_25-02-2026-19.34,45.2,49.3,54.65,73.65,
03991,04104,71801,Renfe,AVE,2026-02-25 21:53:00,2026-02-25 22:35:00,0 days 00:42:00,03991_25-02-2026-20.38,26.7,31.15,35.5,54.5,
03941,04104,71801,Renfe,AVE,2026-02-25 21:53:00,2026-02-25 22:35:00,0 days 00:42:00,03941_25-02-2026-20.38,31.15,35.6,41.45,60.45,
03203,04040,04104,Renfe,AVE,2026-02-25 21:58:00,2026-02-25 23:07:00,0 days 01:09:00,03203_25-02-2026-20.27,32.4,38.9,51.7,70.7,
03203,04040,78400,Renfe,AVE,2026-02-25 21:58:00,2026-02-25 22:40:00,0 days 00:42:00,03203_25-02-2026-20.27,25.7,30.85,41.0,60.0,
03203,04040,71801,Renfe,AVE,2026-02-25 21:58:00,2026-02-25 23:48:00,0 days 01:50:00,03203_25-02-2026-20.27,32.05,40.05,53.25,72.25,
03309,04104,71801,Renfe,AVE,2026-02-25 22:17:00,2026-02-25 22:55:00,0 days 00:38:00,03309_25-02-2026-19.34,48.95,53.4,59.2,78.2,
02883,04040,71801,Renfe,AVE,2026-02-25 22:27:00,2026-02-25 23:59:00,0 days 01:32:00,02883_25-02-2026-21.07,24.05,32.05,53.25,72.25,
03203,78400,04104,Renfe,AVE,2026-02-25 22:42:00,2026-02-25 23:07:00,0 days 00:25:00,03203_25-02-2026-20.27,20.55,24.65,32.8,51.8,
03203,78400,71801,Renfe,AVE,2026-02-25 22:42:00,2026-02-25 23:48:00,0 days 01:06:00,03203_25-02-2026-20.27,29.15,35.0,46.5,65.5,
03203,04104,71801,Renfe,AVE,2026-02-25 23:09:00,2026-02-25 23:48:00,0 days 00:39:00,03203_25-02-2026-20.27,22.25,26.7,35.5,54.5,
03301,60000,71801,Renfe,AVE,2026-02-26 06:16:00,2026-02-26 09:05:00,0 days 02:49:00,03301_26-02-2026-06.16,47.45,59.3,78.85,97.85,
03301,60000,04104,Renfe,AVE,2026-02-26 06:16:00,2026-02-26 08:21:00,0 days 02:05:00,03301_26-02-2026-06.16,43.0,53.75,71.5,90.5,
03063,60000,71801,Renfe,AVE,2026-02-26 06:27:00,2026-02-26 09:25:00,0 days 02:58:00,03063_26-02-2026-06.27,35.6,47.45,63.1,82.1,
03063,60000,04040,Renfe,AVE,2026-02-26 06:27:00,2026-02-26 07:52:00,0 days 01:25:00,03063_26-02-2026-06.27,31.2,39.0,51.85,70.85,
03071,60000,71801,Renfe,AVE,2026-02-26 06:57:00,2026-02-26 09:34:00,0 days 02:37:00,03071_26-02-2026-06.57,97.95,111.9,111.65,130.65,
03073,60000,04104,Renfe,AVE,2026-02-26 07:27:00,2026-02-26 10:04:00,0 days 02:37:00,03073_26-02-2026-07.27,86.0,96.75,100.1,119.1,
03073,60000,78400,Renfe,AVE,2026-02-26 07:27:00,2026-02-26 09:35:00,0 days 02:08:00,03073_26-02-2026-07.27,77.9,87.65,90.7,109.7,
03073,60000,71801,Renfe,AVE,2026-02-26 07:27:00,2026-02-26 10:46:00,0 days 03:19:00,03073_26-02-2026-07.27,83.0,94.9,94.65,113.65,
03073,60000,04007,Renfe,AVE,2026-02-26 07:27:00,2026-02-26 07:52:00,0 days 00:25:00,03073_26-02-2026-07.27,45.7,49.55,60.8,79.8,
03073,60000,04040,Renfe,AVE,2026-02-26 07:27:00,2026-02-26 08:51:00,0 days 01:24:00,03073_26-02-2026-07.27,62.4,70.2,72.6,91.6,
03063,04040,71801,Renfe,AVE,2026-02-26 07:53:00,2026-02-26 09:25:00,0 days 01:32:00,03063_26-02-2026-06.27,32.05,40.05,53.25,72.25,
03073,04007,71801,Renfe,AVE,2026-02-26 07:53:00,2026-02-26 10:46:00,0 days 02:53:00,03073_26-02-2026-07.27,78.1,89.3,89.05,108.05,
03073,04007,04104,Renfe,AVE,2026-02-26 07:53:00,2026-02-26 10:04:00,0 days 02:11:00,03073_26-02-2026-07.27,79.7,89.65,92.75,111.75,
03073,04007,78400,Renfe,AVE,2026-02-26 07:53:00,2026-02-26 09:35:00,0 days 01:42:00,03073_26-02-2026-07.27,71.1,80.0,82.75,101.75,
03073,04007,04040,Renfe,AVE,2026-02-26 07:53:00,2026-02-26 08:51:00,0 days 00:58:00,03073_26-02-2026-07.27,54.65,61.45,63.6,82.6,
03081,60000,71801,Renfe,AVE,2026-02-26 07:57:00,2026-02-26 10:34:00,0 days 02:37:00,03081_26-02-2026-07.57,55.95,69.95,74.45,93.45,
03301,04104,71801,Renfe,AVE,2026-02-26 08:23:00,2026-02-26 09:05:00,0 days 00:42:00,03301_26-02-2026-06.16,17.8,22.25,29.6,48.6,
03083,60000,71801,Renfe,AVE,2026-02-26 08:27:00,2026-02-26 11:19:00,0 days 02:52:00,03083_26-02-2026-08.27,59.3,71.15,110.4,129.4,
03083,60000,04040,Renfe,AVE,2026-02-26 08:27:00,2026-02-26 09:45:00,0 days 01:18:00,03083_26-02-2026-08.27,46.8,54.6,83.0,102.0,
03073,04040,78400,Renfe,AVE,2026-02-26 08:52:00,2026-02-26 09:35:00,0 days 00:43:00,03073_26-02-2026-07.27,46.25,51.4,54.7,73.7,
03073,04040,04104,Renfe,AVE,2026-02-26 08:52:00,2026-02-26 10:04:00,0 days 01:12:00,03073_26-02-2026-07.27,58.3,64.8,68.95,87.95,
03073,04040,71801,Renfe,AVE,2026-02-26 08:52:00,2026-02-26 10:46:00,0 days 01:54:00,03073_26-02-2026-07.27,64.1,72.1,74.55,93.55,
03091,60000,71801,Renfe,AVE,2026-02-26 08:57:00,2026-02-26 11:41:00,0 days 02:44:00,03091_26-02-2026-08.57,41.95,55.95,74.45,93.45,
03091,60000,04104,Renfe,AVE,2026-02-26 08:57:00,2026-02-26 11:01:00,0 days 02:04:00,03091_26-02-2026-08.57,43.0,53.75,71.5,90.5,
02561,60000,04040,Renfe,AVE,2026-02-26 09:27:00,2026-02-26 10:46:00,0 days 01:19:00,02561_26-02-2026-09.27,54.6,62.4,72.6,91.6,
02561,60000,78400,Renfe,AVE,2026-02-26 09:27:00,2026-02-26 11:32:00,0 days 02:05:00,02561_26-02-2026-09.27,68.2,77.9,90.7,109.7,
02561,60000,04104,Renfe,AVE,2026-02-26 09:27:00,2026-02-26 12:00:00,0 days 02:33:00,02561_26-02-2026-09.27,75.25,86.0,100.1,119.1,
02561,60000,71801,Renfe,AVE,2026-02-26 09:27:00,2026-02-26 12:41:00,0 days 03:14:00,02561_26-02-2026-09.27,71.15,83.0,94.65,113.65,
03073,78400,04104,Renfe,AVE,2026-02-26 09:37:00,2026-02-26 10:04:00,0 days 00:27:00,03073_26-02-2026-07.27,37.0,41.1,43.75,62.75,
03073,78400,71801,Renfe,AVE,2026-02-26 09:37:00,2026-02-26 10:46:00,0 days 01:09:00,03073_26-02-2026-07.27,52.45,58.3,62.05,81.05,
03083,04040,71801,Renfe,AVE,2026-02-26 09:46:00,2026-02-26 11:19:00,0 days 01:33:00,03083_26-02-2026-08.27,40.05,48.05,74.55,93.55,
03073,04104,71801,Renfe,AVE,2026-02-26 10:06:00,2026-02-26 10:46:00,0 days 00:40:00,03073_26-02-2026-07.27,40.05,44.5,47.35,66.35,
03303,60000,71801,Renfe,AVE,2026-02-26 10:27:00,2026-02-26 13:19:00,0 days 02:52:00,03303_26-02-2026-10.27,71.15,83.0,94.65,113.65,
03303,60000,04040,Renfe,AVE,2026-02-26 10:27:00,2026-02-26 11:47:00,0 days 01:20:00,03303_26-02-2026-10.27,62.4,70.2,62.25,81.25,
00605,60000,04007,Renfe,ALVIA,2026-02-26 10:32:00,2026-02-26 10:59:00,0 days 00:27:00,00605_26-02-2026-10.32,26.45,28.35,30.15,,
02561,04040,71801,Renfe,AVE,2026-02-26 10:47:00,2026-02-26 12:41:00,0 days 01:54:00,02561_26-02-2026-09.27,56.05,64.1,74.55,93.55,
02561,04040,04104,Renfe,AVE,2026-02-26 10:47:00,2026-02-26 12:00:00,0 days 01:13:00,02561_26-02-2026-09.27,51.85,58.3,68.95,87.95,
02561,04040,78400,Renfe,AVE,2026-02-26 10:47:00,2026-02-26 11:32:00,0 days 00:45:00,02561_26-02-2026-09.27,41.1,46.25,54.7,73.7,
03091,04104,71801,Renfe,AVE,2026-02-26 11:03:00,2026-02-26 11:41:00,0 days 00:38:00,03091_26-02-2026-08.57,26.25,31.5,41.9,60.9,
00533,04040,78400,Renfe,ALVIA,2026-02-26 11:09:00,2026-02-26 11:58:00,0 days 00:49:00,00533_26-02-2026-11.09,30.5,34.3,40.55,,
00533,04040,04104,Renfe,ALVIA,2026-02-26 11:09:00,2026-02-26 12:31:00,0 days 01:22:00,00533_26-02-2026-11.09,38.4,43.2,51.05,,
00533,04040,71801,Renfe,ALVIA,2026-02-26 11:09:00,2026-02-26 13:09:00,0 days 02:00:00,00533_26-02-2026-11.09,41.5,47.45,55.2,,
03113,60000,04040,Renfe,AVE,2026-02-26 11:27:00,2026-02-26 12:51:00,0 days 01:24:00,03113_26-02-2026-11.27,39.0,46.8,51.85,70.85,
03113,60000,04104,Renfe,AVE,2026-02-26 11:27:00,2026-02-26 14:04:00,0 days 02:37:00,03113_26-02-2026-11.27,53.75,64.5,71.5,90.5,
03113,60000,71801,Renfe,AVE,2026-02-26 11:27:00,2026-02-26 14:46:00,0 days 03:19:00,03113_26-02-2026-11.27,47.45,59.3,63.1,82.1,
03113,60000,78400,Renfe,AVE,2026-02-26 11:27:00,2026-02-26 13:35:00,0 days 02:08:00,03113_26-02-2026-11.27,48.7,58.45,64.75,83.75,
02561,78400,04104,Renfe,AVE,2026-02-26 11:34:00,2026-02-26 12:00:00,0 days 00:26:00,02561_26-02-2026-09.27,32.9,37.0,43.75,62.75,
02561,78400,71801,Renfe,AVE,2026-02-26 11:34:00,2026-02-26 12:41:00,0 days 01:07:00,02561_26-02-2026-09.27,46.65,52.45,62.05,81.05,
03303,04040,71801,Renfe,AVE,2026-02-26 11:48:00,2026-02-26 13:19:00,0 days 01:31:00,03303_26-02-2026-10.27,64.1,72.1,85.25,104.25,
34433,78400,71801,Renfe,AVANT,2026-02-26 12:00:00,2026-02-26 13:09:00,0 days 01:09:00,34433_26-02-2026-12.00,,,,,31.5
34433,78400,04104,Renfe,AVANT,2026-02-26 12:00:00,2026-02-26 12:31:00,0 days 00:31:00,34433_26-02-2026-12.00,,,,,15.0
00533,78400,71801,Renfe,ALVIA,2026-02-26 12:00:00,2026-02-26 13:09:00,0 days 01:09:00,00533_26-02-2026-11.09,34.55,38.9,45.95,,
00533,78400,04104,Renfe,ALVIA,2026-02-26 12:00:00,2026-02-26 12:31:00,0 days 00:31:00,00533_26-02-2026-11.09,24.4,27.45,32.45,,
02561,04104,71801,Renfe,AVE,2026-02-26 12:02:00,2026-02-26 12:41:00,0 days 00:39:00,02561_26-02-2026-09.27,35.6,40.05,47.35,66.35,
02591,60000,04040,Renfe,AVE,2026-02-26 12:27:00,2026-02-26 13:45:00,0 days 01:18:00,02591_26-02-2026-12.27,31.2,39.0,51.85,70.85,
02591,60000,78400,Renfe,AVE,2026-02-26 12:27:00,2026-02-26 14:29:00,0 days 02:02:00,02591_26-02-2026-12.27,38.95,48.7,64.75,83.75,
02591,60000,71801,Renfe,AVE,2026-02-26 12:27:00,2026-02-26 15:44:00,0 days 03:17:00,02591_26-02-2026-12.27,35.6,47.45,63.1,82.1,
34433,04104,71801,Renfe,AVANT,2026-02-26 12:33:00,2026-02-26 13:09:00,0 days 00:36:00,34433_26-02-2026-12.00,,,,,18.5
00533,04104,71801,Renfe,ALVIA,2026-02-26 12:33:00,2026-02-26 13:09:00,0 days 00:36:00,00533_26-02-2026-11.09,26.4,29.7,35.1,,
03993,04040,78400,Renfe,AVE,2026-02-26 12:37:00,2026-02-26 13:17:00,0 days 00:40:00,03993_26-02-2026-12.37,51.4,56.55,61.55,80.55,
03943,04040,71801,Renfe,AVE,2026-02-26 12:37:00,2026-02-26 14:25:00,0 days 01:48:00,03943_26-02-2026-12.37,56.05,64.1,74.55,93.55,
03993,04040,71801,Renfe,AVE,2026-02-26 12:37:00,2026-02-26 14:25:00,0 days 01:48:00,03993_26-02-2026-12.37,72.1,80.1,85.25,104.25,
03993,04040,04104,Renfe,AVE,2026-02-26 12:37:00,2026-02-26 13:43:00,0 days 01:06:00,03993_26-02-2026-12.37,64.8,71.3,77.55,96.55,
03943,04040,04104,Renfe,AVE,2026-02-26 12:37:00,2026-02-26 13:43:00,0 days 01:06:00,03943_26-02-2026-12.37,51.85,58.3,68.95,87.95,
03943,04040,78400,Renfe,AVE,2026-02-26 12:37:00,2026-02-26 13:17:00,0 days 00:40:00,03943_26-02-2026-12.37,41.1,46.25,54.7,73.7,
03113,04040,71801,Renfe,AVE,2026-02-26 12:52:00,2026-02-26 14:46:00,0 days 01:54:00,03113_26-02-2026-11.27,40.05,48.05,53.25,72.25,
03113,04040,78400,Renfe,AVE,2026-02-26 12:52:00,2026-02-26 13:35:00,0 days 00:43:00,03113_26-02-2026-11.27,30.85,36.0,41.0,60.0,
03113,04040,04104,Renfe,AVE,2026-02-26 12:52:00,2026-02-26 14:04:00,0 days 01:12:00,03113_26-02-2026-11.27,38.9,45.35,51.7,70.7,
09725,60000,71801,Renfe,AVE INT,2026-02-26 13:15:00,2026-02-26 16:19:00,0 days 03:04:00,09725_26-02-2026-13.15,47.45,59.3,94.65,113.65,
09725,60000,04104,Renfe,AVE INT,2026-02-26 13:15:00,2026-02-26 15:37:00,0 days 02:22:00,09725_26-02-2026-13.15,43.0,53.75,85.8,104.8,
09725,60000,04007,Renfe,AVE INT,2026-02-26 13:15:00,2026-02-26 13:41:00,0 days 00:26:00,09725_26-02-2026-13.15,15.25,19.05,25.35,44.35,
09725,60000,04040,Renfe,AVE INT,2026-02-26 13:15:00,2026-02-26 14:40:00,0 days 01:25:00,09725_26-02-2026-13.15,46.8,54.6,83.0,102.0,
03993,78400,04104,Renfe,AVE,2026-02-26 13:19:00,2026-02-26 13:43:00,0 days 00:24:00,03993_26-02-2026-12.37,41.1,45.2,49.2,68.2,
03993,78400,71801,Renfe,AVE,2026-02-26 13:19:00,2026-02-26 14:25:00,0 days 01:06:00,03993_26-02-2026-12.37,58.3,64.15,69.8,88.8,
03943,78400,71801,Renfe,AVE,2026-02-26 13:19:00,2026-02-26 14:25:00,0 days 01:06:00,03943_26-02-2026-12.37,46.65,52.45,62.05,81.05,
03943,78400,04104,Renfe,AVE,2026-02-26 13:19:00,2026-02-26 13:43:00,0 days 00:24:00,03943_26-02-2026-12.37,32.9,37.0,43.75,62.75,
34813,78400,04104,Renfe,AVANT,2026-02-26 13:37:00,2026-02-26 14:04:00,0 days 00:27:00,34813_26-02-2026-13.37,,,,,15.0
34813,78400,71801,Renfe,AVANT,2026-02-26 13:37:00,2026-02-26 14:46:00,0 days 01:09:00,34813_26-02-2026-13.37,,,,,31.5
03113,78400,04104,Renfe,AVE,2026-02-26 13:37:00,2026-02-26 14:04:00,0 days 00:27:00,03113_26-02-2026-11.27,24.65,28.75,32.8,51.8,
03113,78400,71801,Renfe,AVE,2026-02-26 13:37:00,2026-02-26 14:46:00,0 days 01:09:00,03113_26-02-2026-11.27,35.0,40.8,46.5,65.5,
09725,04007,04040,Renfe,AVE INT,2026-02-26 13:43:00,2026-02-26 14:40:00,0 days 00:57:00,09725_26-02-2026-13.15,41.0,47.8,72.65,91.65,
09725,04007,04104,Renfe,AVE INT,2026-02-26 13:43:00,2026-02-26 15:37:00,0 days 01:54:00,09725_26-02-2026-13.15,39.85,49.8,79.5,98.5,
09725,04007,71801,Renfe,AVE INT,2026-02-26 13:43:00,2026-02-26 16:19:00,0 days 02:36:00,09725_26-02-2026-13.15,44.65,55.8,89.05,108.05,
03943,04104,71801,Renfe,AVE,2026-02-26 13:45:00,2026-02-26 14:25:00,0 days 00:40:00,03943_26-02-2026-12.37,35.6,40.05,47.35,66.35,
03993,04104,71801,Renfe,AVE,2026-02-26 13:45:00,2026-02-26 14:25:00,0 days 00:40:00,03993_26-02-2026-12.37,44.5,48.95,53.25,72.25,
02591,04040,78400,Renfe,AVE,2026-02-26 13:46:00,2026-02-26 14:29:00,0 days 00:43:00,02591_26-02-2026-12.27,20.55,25.7,41.0,60.0,
02591,04040,71801,Renfe,AVE,2026-02-26 13:46:00,2026-02-26 15:44:00,0 days 01:58:00,02591_26-02-2026-12.27,32.05,40.05,53.25,72.25,
03141,60000,71801,Renfe,AVE,2026-02-26 13:57:00,2026-02-26 16:34:00,0 days 02:37:00,03141_26-02-2026-13.57,41.95,55.95,74.45,93.45,
34813,04104,71801,Renfe,AVANT,2026-02-26 14:06:00,2026-02-26 14:46:00,0 days 00:40:00,34813_26-02-2026-13.37,,,,,18.5
03113,04104,71801,Renfe,AVE,2026-02-26 14:06:00,2026-02-26 14:46:00,0 days 00:40:00,03113_26-02-2026-11.27,26.7,31.15,35.5,54.5,
03143,60000,04040,Renfe,AVE,2026-02-26 14:27:00,2026-02-26 15:51:00,0 days 01:24:00,03143_26-02-2026-14.27,70.2,78.0,93.35,112.35,
03143,60000,71801,Renfe,AVE,2026-02-26 14:27:00,2026-02-26 17:24:00,0 days 02:57:00,03143_26-02-2026-14.27,94.9,106.75,126.2,145.2,
34823,78400,71801,Renfe,AVANT,2026-02-26 14:31:00,2026-02-26 15:44:00,0 days 01:13:00,34823_26-02-2026-14.31,,,,,31.5
02591,78400,71801,Renfe,AVE,2026-02-26 14:31:00,2026-02-26 15:44:00,0 days 01:13:00,02591_26-02-2026-12.27,29.15,35.0,46.5,65.5,
09725,04040,71801,Renfe,AVE INT,2026-02-26 14:43:00,2026-02-26 16:19:00,0 days 01:36:00,09725_26-02-2026-13.15,48.05,56.05,85.25,104.25,
09725,04040,04104,Renfe,AVE INT,2026-02-26 14:43:00,2026-02-26 15:37:00,0 days 00:54:00,09725_26-02-2026-13.15,25.9,32.4,43.1,62.1,
00609,60000,04007,Renfe,ALVIA,2026-02-26 14:47:00,2026-02-26 15:15:00,0 days 00:28:00,00609_26-02-2026-14.47,26.45,28.35,30.15,,
03151,60000,71801,Renfe,AVE,2026-02-26 14:57:00,2026-02-26 17:34:00,0 days 02:37:00,03151_26-02-2026-14.57,97.95,111.9,111.65,130.65,
03305,60000,78400,Renfe,AVE,2026-02-26 15:27:00,2026-02-26 17:35:00,0 days 02:08:00,03305_26-02-2026-15.27,68.2,77.9,90.7,109.7,
03305,60000,04040,Renfe,AVE,2026-02-26 15:27:00,2026-02-26 16:50:00,0 days 01:23:00,03305_26-02-2026-15.27,78.0,85.8,83.0,102.0,
03305,60000,04104,Renfe,AVE,2026-02-26 15:27:00,2026-02-26 18:03:00,0 days 02:36:00,03305_26-02-2026-15.27,75.25,86.0,100.1,119.1,
03305,60000,71801,Renfe,AVE,2026-02-26 15:27:00,2026-02-26 18:46:00,0 days 03:19:00,03305_26-02-2026-15.27,83.0,94.9,110.4,129.4,
09725,04104,71801,Renfe,AVE INT,2026-02-26 15:39:00,2026-02-26 16:19:00,0 days 00:40:00,09725_26-02-2026-13.15,17.8,22.25,29.6,48.6,
03143,04040,71801,Renfe,AVE,2026-02-26 15:52:00,2026-02-26 17:24:00,0 days 01:32:00,03143_26-02-2026-14.27,48.05,56.05,95.9,114.9,
03161,60000,71801,Renfe,AVE,2026-02-26 15:57:00,2026-02-26 18:34:00,0 days 02:37:00,03161_26-02-2026-15.57,97.95,111.9,111.65,130.65,
03163,60000,71801,Renfe,AVE,2026-02-26 16:27:00,2026-02-26 19:19:00,0 days 02:52:00,03163_26-02-2026-16.27,106.75,118.6,126.2,145.2,
03163,60000,04040,Renfe,AVE,2026-02-26 16:27:00,2026-02-26 17:45:00,0 days 01:18:00,03163_26-02-2026-16.27,78.0,85.8,93.35,112.35,
03305,04040,71801,Renfe,AVE,2026-02-26 16:51:00,2026-02-26 18:46:00,0 days 01:55:00,03305_26-02-2026-15.27,72.1,80.1,85.25,104.25,
03305,04040,04104,Renfe,AVE,2026-02-26 16:51:00,2026-02-26 18:03:00,0 days 01:12:00,03305_26-02-2026-15.27,58.3,64.8,68.95,87.95,
03305,04040,78400,Renfe,AVE,2026-02-26 16:51:00,2026-02-26 17:35:00,0 days 00:44:00,03305_26-02-2026-15.27,46.25,51.4,54.7,73.7,
03171,60000,71801,Renfe,AVE,2026-02-26 16:57:00,2026-02-26 19:34:00,0 days 02:37:00,03171_26-02-2026-16.57,111.9,125.9,223.3,242.3,
03173,60000,04104,Renfe,AVE,2026-02-26 17:27:00,2026-02-26 20:04:00,0 days 02:37:00,03173_26-02-2026-17.27,107.5,118.25,128.7,147.7,
03173,60000,71801,Renfe,AVE,2026-02-26 17:27:00,2026-02-26 20:46:00,0 days 03:19:00,03173_26-02-2026-17.27,106.75,118.6,126.2,145.2,
03173,60000,04007,Renfe,AVE,2026-02-26 17:27:00,2026-02-26 17:53:00,0 days 00:26:00,03173_26-02-2026-17.27,49.55,53.35,60.8,79.8,
03173,60000,78400,Renfe,AVE,2026-02-26 17:27:00,2026-02-26 19:35:00,0 days 02:08:00,03173_26-02-2026-17.27,97.4,107.15,116.6,135.6,
03173,60000,04040,Renfe,AVE,2026-02-26 17:27:00,2026-02-26 18:51:00,0 days 01:24:00,03173_26-02-2026-17.27,78.0,85.8,93.35,112.35,
03305,78400,04104,Renfe,AVE,2026-02-26 17:37:00,2026-02-26 18:03:00,0 days 00:26:00,03305_26-02-2026-15.27,45.2,49.3,54.65,73.65,
03305,78400,71801,Renfe,AVE,2026-02-26 17:37:00,2026-02-26 18:46:00,0 days 01:09:00,03305_26-02-2026-15.27,64.15,69.95,77.55,96.55,
03163,04040,71801,Renfe,AVE,2026-02-26 17:46:00,2026-02-26 19:19:00,0 days 01:33:00,03163_26-02-2026-16.27,72.1,80.1,85.25,104.25,
03173,04007,04040,Renfe,AVE,2026-02-26 17:54:00,2026-02-26 18:51:00,0 days 00:57:00,03173_26-02-2026-17.27,68.3,75.15,81.75,100.75,
03173,04007,04104,Renfe,AVE,2026-02-26 17:54:00,2026-02-26 20:04:00,0 days 02:10:00,03173_26-02-2026-17.27,99.6,109.55,119.2,138.2,
03173,04007,78400,Renfe,AVE,2026-02-26 17:54:00,2026-02-26 19:35:00,0 days 01:41:00,03173_26-02-2026-17.27,88.9,97.8,106.4,125.4,
03173,04007,71801,Renfe,AVE,2026-02-26 17:54:00,2026-02-26 20:46:00,0 days 02:52:00,03173_26-02-2026-17.27,100.45,111.6,118.75,137.75,
02553,60000,71801,Renfe,AVE,2026-02-26 17:57:00,2026-02-26 20:34:00,0 days 02:37:00,02553_26-02-2026-17.57,71.15,83.0,94.65,113.65,
03305,04104,71801,Renfe,AVE,2026-02-26 18:05:00,2026-02-26 18:46:00,0 days 00:41:00,03305_26-02-2026-15.27,48.95,53.4,59.2,78.2,
03183,60000,04040,Renfe,AVE,2026-02-26 18:27:00,2026-02-26 19:45:00,0 days 01:18:00,03183_26-02-2026-18.27,78.0,85.8,103.75,122.75,
03183,60000,71801,Renfe,AVE,2026-02-26 18:27:00,2026-02-26 21:24:00,0 days 02:57:00,03183_26-02-2026-18.27,106.75,118.6,141.95,160.95,
03183,60000,04104,Renfe,AVE,2026-02-26 18:27:00,2026-02-26 20:44:00,0 days 02:17:00,03183_26-02-2026-18.27,96.75,107.5,128.7,147.7,
03173,04040,71801,Renfe,AVE,2026-02-26 18:52:00,2026-02-26 20:46:00,0 days 01:54:00,03173_26-02-2026-17.27,80.1,88.1,95.9,114.9,
03173,04040,04104,Renfe,AVE,2026-02-26 18:52:00,2026-02-26 20:04:00,0 days 01:12:00,03173_26-02-2026-17.27,71.3,77.75,86.2,105.2,
03173,04040,78400,Renfe,AVE,2026-02-26 18:52:00,2026-02-26 19:35:00,0 days 00:43:00,03173_26-02-2026-17.27,56.55,61.7,68.35,87.35,
03191,60000,71801,Renfe,AVE,2026-02-26 18:57:00,2026-02-26 21:34:00,0 days 02:37:00,03191_26-02-2026-18.57,126.0,140.0,204.8,223.8,
02861,60000,04040,Renfe,AVE,2026-02-26 19:00:00,2026-02-26 20:42:00,0 days 01:42:00,02861_26-02-2026-19.00,23.4,31.2,51.85,70.85,
02861,60000,04007,Renfe,AVE,2026-02-26 19:00:00,2026-02-26 19:28:00,0 days 00:28:00,02861_26-02-2026-19.00,45.7,49.55,60.8,79.8,
02861,04007,04040,Renfe,AVE,2026-02-26 19:29:00,2026-02-26 20:42:00,0 days 01:13:00,02861_26-02-2026-19.00,20.5,27.3,45.4,64.4,
03309,60000,04104,Renfe,AVE,2026-02-26 19:34:00,2026-02-26 22:15:00,0 days 02:41:00,03309_26-02-2026-19.34,75.25,86.0,100.1,119.1,
03309,60000,78400,Renfe,AVE,2026-02-26 19:34:00,2026-02-26 21:46:00,0 days 02:12:00,03309_26-02-2026-19.34,68.2,77.9,90.7,109.7,
03309,60000,04040,Renfe,AVE,2026-02-26 19:34:00,2026-02-26 21:02:00,0 days 01:28:00,03309_26-02-2026-19.34,78.0,85.8,83.0,102.0,
03309,60000,04007,Renfe,AVE,2026-02-26 19:34:00,2026-02-26 20:00:00,0 days 00:26:00,03309_26-02-2026-19.34,53.35,57.15,60.8,79.8,
03309,60000,71801,Renfe,AVE,2026-02-26 19:34:00,2026-02-26 22:55:00,0 days 03:21:00,03309_26-02-2026-19.34,83.0,94.9,110.4,129.4,
03173,78400,04104,Renfe,AVE,2026-02-26 19:37:00,2026-02-26 20:04:00,0 days 00:27:00,03173_26-02-2026-17.27,45.2,49.3,54.65,73.65,
03173,78400,71801,Renfe,AVE,2026-02-26 19:37:00,2026-02-26 20:46:00,0 days 01:09:00,03173_26-02-2026-17.27,64.15,69.95,77.55,96.55,
03183,04040,04104,Renfe,AVE,2026-02-26 19:46:00,2026-02-26 20:44:00,0 days 00:58:00,03183_26-02-2026-18.27,58.3,64.8,77.55,96.55,
03183,04040,71801,Renfe,AVE,2026-02-26 19:46:00,2026-02-26 21:24:00,0 days 01:38:00,03183_26-02-2026-18.27,72.1,80.1,95.9,114.9,
00437,04040,04104,Renfe,ALVIA,2026-02-26 19:52:00,2026-02-26 21:30:00,0 days 01:38:00,00437_26-02-2026-19.52,33.6,38.4,51.05,,
00437,04040,71801,Renfe,ALVIA,2026-02-26 19:52:00,2026-02-26 22:13:00,0 days 02:21:00,00437_26-02-2026-19.52,35.6,41.5,55.2,,
00437,04040,78400,Renfe,ALVIA,2026-02-26 19:52:00,2026-02-26 20:56:00,0 days 01:04:00,00437_26-02-2026-19.52,26.65,30.5,40.55,,
03309,04007,78400,Renfe,AVE,2026-02-26 20:01:00,2026-02-26 21:46:00,0 days 01:45:00,03309_26-02-2026-19.34,62.25,71.1,82.75,101.75,
03931,04040,78400,Renfe,AVE,2026-02-26 20:01:00,2026-02-26 20:48:00,0 days 00:47:00,03931_26-02-2026-20.01,51.4,56.55,61.55,80.55,
03309,04007,04040,Renfe,AVE,2026-02-26 20:01:00,2026-02-26 21:02:00,0 days 01:01:00,03309_26-02-2026-19.34,68.3,75.15,81.75,100.75,
03309,04007,04104,Renfe,AVE,2026-02-26 20:01:00,2026-02-26 22:15:00,0 days 02:14:00,03309_26-02-2026-19.34,69.7,79.7,92.75,111.75,
03931,04040,71801,Renfe,AVE,2026-02-26 20:01:00,2026-02-26 21:58:00,0 days 01:57:00,03931_26-02-2026-20.01,72.1,80.1,85.25,104.25,
03309,04007,71801,Renfe,AVE,2026-02-26 20:01:00,2026-02-26 22:55:00,0 days 02:54:00,03309_26-02-2026-19.34,78.1,89.3,103.9,122.9,
03931,04040,04104,Renfe,AVE,2026-02-26 20:01:00,2026-02-26 21:16:00,0 days 01:15:00,03931_26-02-2026-20.01,64.8,71.3,77.55,96.55,
03201,60000,71801,Renfe,AVE,2026-02-26 20:05:00,2026-02-26 22:42:00,0 days 02:37:00,03201_26-02-2026-20.05,55.95,69.95,74.45,93.45,
03173,04104,71801,Renfe,AVE,2026-02-26 20:06:00,2026-02-26 20:46:00,0 days 00:40:00,03173_26-02-2026-17.27,48.95,53.4,59.2,78.2,
03203,60000,78400,Renfe,AVE,2026-02-26 20:27:00,2026-02-26 22:40:00,0 days 02:13:00,03203_26-02-2026-20.27,48.7,58.45,64.75,83.75,
03203,60000,04040,Renfe,AVE,2026-02-26 20:27:00,2026-02-26 21:57:00,0 days 01:30:00,03203_26-02-2026-20.27,39.0,46.8,51.85,70.85,
03203,60000,04007,Renfe,AVE,2026-02-26 20:27:00,2026-02-26 20:52:00,0 days 00:25:00,03203_26-02-2026-20.27,45.7,49.55,60.8,79.8,
03203,60000,71801,Renfe,AVE,2026-02-26 20:27:00,2026-02-26 23:48:00,0 days 03:21:00,03203_26-02-2026-20.27,47.45,59.3,63.1,82.1,
03203,60000,04104,Renfe,AVE,2026-02-26 20:27:00,2026-02-26 23:07:00,0 days 02:40:00,03203_26-02-2026-20.27,53.75,64.5,71.5,90.5,
03991,04040,04104,Renfe,AVE,2026-02-26 20:38:00,2026-02-26 21:51:00,0 days 01:13:00,03991_26-02-2026-20.38,58.3,64.8,68.95,87.95,
03991,04040,71801,Renfe,AVE,2026-02-26 20:38:00,2026-02-26 22:35:00,0 days 01:57:00,03991_26-02-2026-20.38,64.1,72.1,74.55,93.55,
03941,04040,71801,Renfe,AVE,2026-02-26 20:38:00,2026-02-26 22:35:00,0 days 01:57:00,03941_26-02-2026-20.38,64.1,72.1,74.55,93.55,
03941,04040,04104,Renfe,AVE,2026-02-26 20:38:00,2026-02-26 21:51:00,0 days 01:13:00,03941_26-02-2026-20.38,58.3,64.8,68.95,87.95,
03991,04040,78400,Renfe,AVE,2026-02-26 20:38:00,2026-02-26 21:20:00,0 days 00:42:00,03991_26-02-2026-20.38,46.25,51.4,54.7,73.7,
03941,04040,78400,Renfe,AVE,2026-02-26 20:38:00,2026-02-26 21:20:00,0 days 00:42:00,03941_26-02-2026-20.38,46.25,51.4,54.7,73.7,
03183,04104,71801,Renfe,AVE,2026-02-26 20:46:00,2026-02-26 21:24:00,0 days 00:38:00,03183_26-02-2026-18.27,40.05,44.5,53.25,72.25,
03931,78400,71801,Renfe,AVE,2026-02-26 20:50:00,2026-02-26 21:58:00,0 days 01:08:00,03931_26-02-2026-20.01,58.3,64.15,69.8,88.8,
03931,78400,04104,Renfe,AVE,2026-02-26 20:50:00,2026-02-26 21:16:00,0 days 00:26:00,03931_26-02-2026-20.01,41.1,45.2,49.2,68.2,
03203,04007,78400,Renfe,AVE,2026-02-26 20:53:00,2026-02-26 22:40:00,0 days 01:47:00,03203_26-02-2026-20.27,44.45,53.35,59.1,78.1,
03203,04007,71801,Renfe,AVE,2026-02-26 20:53:00,2026-02-26 23:48:00,0 days 02:55:00,03203_26-02-2026-20.27,44.65,55.8,59.35,78.35,
03203,04007,04104,Renfe,AVE,2026-02-26 20:53:00,2026-02-26 23:07:00,0 days 02:14:00,03203_26-02-2026-20.27,49.8,59.75,66.25,85.25,
03203,04007,04040,Renfe,AVE,2026-02-26 20:53:00,2026-02-26 21:57:00,0 days 01:04:00,03203_26-02-2026-20.27,34.15,41.0,45.4,64.4,
00437,78400,04104,Renfe,ALVIA,2026-02-26 20:58:00,2026-02-26 21:30:00,0 days 00:32:00,00437_26-02-2026-19.52,21.35,24.4,28.4,,
00437,78400,71801,Renfe,ALVIA,2026-02-26 20:58:00,2026-02-26 22:13:00,0 days 01:15:00,00437_26-02-2026-19.52,30.25,34.55,40.2,,
03309,04040,04104,Renfe,AVE,2026-02-26 21:03:00,2026-02-26 22:15:00,0 days 01:12:00,03309_26-02-2026-19.34,58.3,64.8,68.95,87.95,
03309,04040,71801,Renfe,AVE,2026-02-26 21:03:00,2026-02-26 22:55:00,0 days 01:52:00,03309_26-02-2026-19.34,72.1,80.1,85.25,104.25,
03309,04040,78400,Renfe,AVE,2026-02-26 21:03:00,2026-02-26 21:46:00,0 days 00:43:00,03309_26-02-2026-19.34,46.25,51.4,54.7,73.7,
02883,60000,04040,Renfe,AVE,2026-02-26 21:07:00,2026-02-26 22:26:00,0 days 01:19:00,02883_26-02-2026-21.07,31.2,39.0,51.85,70.85,
02883,60000,71801,Renfe,AVE,2026-02-26 21:07:00,2026-02-26 23:59:00,0 days 02:52:00,02883_26-02-2026-21.07,35.6,47.45,63.1,82.1,
03931,04104,71801,Renfe,AVE,2026-02-26 21:18:00,2026-02-26 21:58:00,0 days 00:40:00,03931_26-02-2026-20.01,44.5,48.95,53.25,72.25,
03941,78400,04104,Renfe,AVE,2026-02-26 21:22:00,2026-02-26 21:51:00,0 days 00:29:00,03941_26-02-2026-20.38,37.0,41.1,43.75,62.75,
03991,78400,04104,Renfe,AVE,2026-02-26 21:22:00,2026-02-26 21:51:00,0 days 00:29:00,03991_26-02-2026-20.38,37.0,41.1,43.75,62.75,
03941,78400,71801,Renfe,AVE,2026-02-26 21:22:00,2026-02-26 22:35:00,0 days 01:13:00,03941_26-02-2026-20.38,52.45,58.3,62.05,81.05,
03991,78400,71801,Renfe,AVE,2026-02-26 21:22:00,2026-02-26 22:35:00,0 days 01:13:00,03991_26-02-2026-20.38,52.45,58.3,62.05,81.05,
00437,04104,71801,Renfe,ALVIA,2026-02-26 21:32:00,2026-02-26 22:13:00,0 days 00:41:00,00437_26-02-2026-19.52,23.1,26.4,30.7,,
03309,78400,04104,Renfe,AVE,2026-02-26 21:48:00,2026-02-26 22:15:00,0 days 00:27:00,03309_26-02-2026-19.34,45.2,49.3,54.65,73.65,
03309,78400,71801,Renfe,AVE,2026-02-26 21:48:00,2026-02-26 22:55:00,0 days 01:07:00,03309_26-02-2026-19.34,64.15,69.95,77.55,96.55,
03941,04104,71801,Renfe,AVE,2026-02-26 21:53:00,2026-02-26 22:35:00,0 days 00:42:00,03941_26-02-2026-20.38,40.05,44.5,47.35,66.35,
03991,04104,71801,Renfe,AVE,2026-02-26 21:53:00,2026-02-26 22:35:00,0 days 00:42:00,03991_26-02-2026-20.38,40.05,44.5,47.35,66.35,
03203,04040,04104,Renfe,AVE,2026-02-26 21:58:00,2026-02-26 23:07:00,0 days 01:09:00,03203_26-02-2026-20.27,38.9,45.35,51.7,70.7,
03203,04040,78400,Renfe,AVE,2026-02-26 21:58:00,2026-02-26 22:40:00,0 days 00:42:00,03203_26-02-2026-20.27,30.85,36.0,41.0,60.0,
03203,04040,71801,Renfe,AVE,2026-02-26 21:58:00,2026-02-26 23:48:00,0 days 01:50:00,03203_26-02-2026-20.27,40.05,48.05,53.25,72.25,
03309,04104,71801,Renfe,AVE,2026-02-26 22:17:00,2026-02-26 22:55:00,0 days 00:38:00,03309_26-02-2026-19.34,48.95,53.4,59.2,78.2,
02883,04040,71801,Renfe,AVE,2026-02-26 22:27:00,2026-02-26 23:59:00,0 days 01:32:00,02883_26-02-2026-21.07,24.05,32.05,53.25,72.25,
03203,78400,71801,Renfe,AVE,2026-02-26 22:42:00,2026-02-26 23:48:00,0 days 01:06:00,03203_26-02-2026-20.27,35.0,40.8,46.5,65.5,
03203,78400,04104,Renfe,AVE,2026-02-26 22:42:00,2026-02-26 23:07:00,0 days 00:25:00,03203_26-02-2026-20.27,24.65,28.75,32.8,51.8,
03203,04104,71801,Renfe,AVE,2026-02-26 23:09:00,2026-02-26 23:48:00,0 days 00:39:00,03203_26-02-2026-20.27,22.25,26.7,35.5,54.5,
03301,60000,71801,Renfe,AVE,2026-02-27 06:27:00,2026-02-27 09:25:00,0 days 02:58:00,03301_27-02-2026-06.27,166.05,177.9,189.3,208.3,
03301,60000,04040,Renfe,AVE,2026-02-27 06:27:00,2026-02-27 07:52:00,0 days 01:25:00,03301_27-02-2026-06.27,148.2,156.0,155.6,174.6,
03071,60000,71801,Renfe,AVE,2026-02-27 06:57:00,2026-02-27 09:34:00,0 days 02:37:00,03071_27-02-2026-06.57,41.95,55.95,74.45,93.45,
03073,60000,04040,Renfe,AVE,2026-02-27 07:27:00,2026-02-27 08:51:00,0 days 01:24:00,03073_27-02-2026-07.27,39.0,46.8,51.85,70.85,
03073,60000,04007,Renfe,AVE,2026-02-27 07:27:00,2026-02-27 07:52:00,0 days 00:25:00,03073_27-02-2026-07.27,45.7,49.55,60.8,79.8,
03073,60000,04104,Renfe,AVE,2026-02-27 07:27:00,2026-02-27 10:04:00,0 days 02:37:00,03073_27-02-2026-07.27,53.75,64.5,71.5,90.5,
03073,60000,78400,Renfe,AVE,2026-02-27 07:27:00,2026-02-27 09:35:00,0 days 02:08:00,03073_27-02-2026-07.27,48.7,58.45,64.75,83.75,
03073,60000,71801,Renfe,AVE,2026-02-27 07:27:00,2026-02-27 10:46:00,0 days 03:19:00,03073_27-02-2026-07.27,47.45,59.3,63.1,82.1,
03073,04007,71801,Renfe,AVE,2026-02-27 07:53:00,2026-02-27 10:46:00,0 days 02:53:00,03073_27-02-2026-07.27,44.65,55.8,59.35,78.35,
03073,04007,04040,Renfe,AVE,2026-02-27 07:53:00,2026-02-27 08:51:00,0 days 00:58:00,03073_27-02-2026-07.27,34.15,41.0,45.4,64.4,
03073,04007,04104,Renfe,AVE,2026-02-27 07:53:00,2026-02-27 10:04:00,0 days 02:11:00,03073_27-02-2026-07.27,49.8,59.75,66.25,85.25,
03301,04040,71801,Renfe,AVE,2026-02-27 07:53:00,2026-02-27 09:25:00,0 days 01:32:00,03301_27-02-2026-06.27,112.15,120.15,127.85,146.85,
03073,04007,78400,Renfe,AVE,2026-02-27 07:53:00,2026-02-27 09:35:00,0 days 01:42:00,03073_27-02-2026-07.27,44.45,53.35,59.1,78.1,
03081,60000,71801,Renfe,AVE,2026-02-27 07:57:00,2026-02-27 10:34:00,0 days 02:37:00,03081_27-02-2026-07.57,41.95,55.95,74.45,93.45,
03073,04040,04104,Renfe,AVE,2026-02-27 08:52:00,2026-02-27 10:04:00,0 days 01:12:00,03073_27-02-2026-07.27,38.9,45.35,51.7,70.7,
03073,04040,78400,Renfe,AVE,2026-02-27 08:52:00,2026-02-27 09:35:00,0 days 00:43:00,03073_27-02-2026-07.27,30.85,36.0,41.0,60.0,
03073,04040,71801,Renfe,AVE,2026-02-27 08:52:00,2026-02-27 10:46:00,0 days 01:54:00,03073_27-02-2026-07.27,40.05,48.05,53.25,72.25,
03091,60000,71801,Renfe,AVE,2026-02-27 08:57:00,2026-02-27 11:41:00,0 days 02:44:00,03091_27-02-2026-08.57,41.95,55.95,74.45,93.45,
03091,60000,04104,Renfe,AVE,2026-02-27 08:57:00,2026-02-27 11:01:00,0 days 02:04:00,03091_27-02-2026-08.57,43.0,53.75,71.5,90.5,
02561,60000,04040,Renfe,AVE,2026-02-27 09:27:00,2026-02-27 10:46:00,0 days 01:19:00,02561_27-02-2026-09.27,54.6,62.4,83.0,102.0,
02561,60000,78400,Renfe,AVE,2026-02-27 09:27:00,2026-02-27 11:32:00,0 days 02:05:00,02561_27-02-2026-09.27,68.2,77.9,103.65,122.65,
02561,60000,04104,Renfe,AVE,2026-02-27 09:27:00,2026-02-27 12:00:00,0 days 02:33:00,02561_27-02-2026-09.27,75.25,86.0,114.4,133.4,
02561,60000,71801,Renfe,AVE,2026-02-27 09:27:00,2026-02-27 12:41:00,0 days 03:14:00,02561_27-02-2026-09.27,71.15,83.0,110.4,129.4,
03073,78400,71801,Renfe,AVE,2026-02-27 09:37:00,2026-02-27 10:46:00,0 days 01:09:00,03073_27-02-2026-07.27,35.0,40.8,46.5,65.5,
03073,78400,04104,Renfe,AVE,2026-02-27 09:37:00,2026-02-27 10:04:00,0 days 00:27:00,03073_27-02-2026-07.27,24.65,28.75,32.8,51.8,
03073,04104,71801,Renfe,AVE,2026-02-27 10:06:00,2026-02-27 10:46:00,0 days 00:40:00,03073_27-02-2026-07.27,26.7,31.15,35.5,54.5,
03303,60000,04040,Renfe,AVE,2026-02-27 10:27:00,2026-02-27 11:47:00,0 days 01:20:00,03303_27-02-2026-10.27,62.4,70.2,62.25,81.25,
03303,60000,71801,Renfe,AVE,2026-02-27 10:27:00,2026-02-27 13:19:00,0 days 02:52:00,03303_27-02-2026-10.27,71.15,83.0,94.65,113.65,
00605,60000,04007,Renfe,ALVIA,2026-02-27 10:32:00,2026-02-27 10:59:00,0 days 00:27:00,00605_27-02-2026-10.32,26.45,28.35,30.15,,
02561,04040,04104,Renfe,AVE,2026-02-27 10:47:00,2026-02-27 12:00:00,0 days 01:13:00,02561_27-02-2026-09.27,51.85,58.3,77.55,96.55,
02561,04040,78400,Renfe,AVE,2026-02-27 10:47:00,2026-02-27 11:32:00,0 days 00:45:00,02561_27-02-2026-09.27,41.1,46.25,61.55,80.55,
02561,04040,71801,Renfe,AVE,2026-02-27 10:47:00,2026-02-27 12:41:00,0 days 01:54:00,02561_27-02-2026-09.27,56.05,64.1,85.25,104.25,
03091,04104,71801,Renfe,AVE,2026-02-27 11:03:00,2026-02-27 11:41:00,0 days 00:38:00,03091_27-02-2026-08.57,26.25,31.5,41.9,60.9,
00533,04040,78400,Renfe,ALVIA,2026-02-27 11:09:00,2026-02-27 11:58:00,0 days 00:49:00,00533_27-02-2026-11.09,38.1,41.9,45.6,,
00533,04040,04104,Renfe,ALVIA,2026-02-27 11:09:00,2026-02-27 12:31:00,0 days 01:22:00,00533_27-02-2026-11.09,48.0,52.8,57.45,,
00533,04040,71801,Renfe,ALVIA,2026-02-27 11:09:00,2026-02-27 13:09:00,0 days 02:00:00,00533_27-02-2026-11.09,53.35,59.3,63.1,,
03113,60000,04040,Renfe,AVE,2026-02-27 11:27:00,2026-02-27 12:51:00,0 days 01:24:00,03113_27-02-2026-11.27,62.4,70.2,72.6,91.6,
03113,60000,71801,Renfe,AVE,2026-02-27 11:27:00,2026-02-27 14:46:00,0 days 03:19:00,03113_27-02-2026-11.27,83.0,94.9,94.65,113.65,
03113,60000,04104,Renfe,AVE,2026-02-27 11:27:00,2026-02-27 14:04:00,0 days 02:37:00,03113_27-02-2026-11.27,86.0,96.75,100.1,119.1,
03113,60000,78400,Renfe,AVE,2026-02-27 11:27:00,2026-02-27 13:35:00,0 days 02:08:00,03113_27-02-2026-11.27,77.9,87.65,90.7,109.7,
02561,78400,04104,Renfe,AVE,2026-02-27 11:34:00,2026-02-27 12:00:00,0 days 00:26:00,02561_27-02-2026-09.27,32.9,37.0,49.2,68.2,
02561,78400,71801,Renfe,AVE,2026-02-27 11:34:00,2026-02-27 12:41:00,0 days 01:07:00,02561_27-02-2026-09.27,46.65,52.45,69.8,88.8,
03303,04040,71801,Renfe,AVE,2026-02-27 11:48:00,2026-02-27 13:19:00,0 days 01:31:00,03303_27-02-2026-10.27,64.1,72.1,85.25,104.25,
34433,78400,71801,Renfe,AVANT,2026-02-27 12:00:00,2026-02-27 13:09:00,0 days 01:09:00,34433_27-02-2026-12.00,,,,,31.5
00533,78400,71801,Renfe,ALVIA,2026-02-27 12:00:00,2026-02-27 13:09:00,0 days 01:09:00,00533_27-02-2026-11.09,43.2,47.5,51.7,,
00533,78400,04104,Renfe,ALVIA,2026-02-27 12:00:00,2026-02-27 12:31:00,0 days 00:31:00,00533_27-02-2026-11.09,30.5,33.55,36.5,,
34433,78400,04104,Renfe,AVANT,2026-02-27 12:00:00,2026-02-27 12:31:00,0 days 00:31:00,34433_27-02-2026-12.00,,,,,15.0
02561,04104,71801,Renfe,AVE,2026-02-27 12:02:00,2026-02-27 12:41:00,0 days 00:39:00,02561_27-02-2026-09.27,35.6,40.05,53.25,72.25,
02591,60000,78400,Renfe,AVE,2026-02-27 12:27:00,2026-02-27 14:29:00,0 days 02:02:00,02591_27-02-2026-12.27,48.7,58.45,64.75,83.75,
02591,60000,71801,Renfe,AVE,2026-02-27 12:27:00,2026-02-27 15:44:00,0 days 03:17:00,02591_27-02-2026-12.27,47.45,59.3,63.1,82.1,
02591,60000,04040,Renfe,AVE,2026-02-27 12:27:00,2026-02-27 13:45:00,0 days 01:18:00,02591_27-02-2026-12.27,39.0,46.8,51.85,70.85,
00533,04104,71801,Renfe,ALVIA,2026-02-27 12:33:00,2026-02-27 13:09:00,0 days 00:36:00,00533_27-02-2026-11.09,33.0,36.3,39.5,,
34433,04104,71801,Renfe,AVANT,2026-02-27 12:33:00,2026-02-27 13:09:00,0 days 00:36:00,34433_27-02-2026-12.00,,,,,18.5
03993,04040,78400,Renfe,AVE,2026-02-27 12:37:00,2026-02-27 13:17:00,0 days 00:40:00,03993_27-02-2026-12.37,61.7,66.8,75.2,94.2,
03943,04040,04104,Renfe,AVE,2026-02-27 12:37:00,2026-02-27 13:43:00,0 days 01:06:00,03943_27-02-2026-12.37,77.75,84.25,94.8,113.8,
03943,04040,78400,Renfe,AVE,2026-02-27 12:37:00,2026-02-27 13:17:00,0 days 00:40:00,03943_27-02-2026-12.37,61.7,66.8,75.2,94.2,
03943,04040,71801,Renfe,AVE,2026-02-27 12:37:00,2026-02-27 14:25:00,0 days 01:48:00,03943_27-02-2026-12.37,88.1,96.1,106.55,125.55,
03993,04040,71801,Renfe,AVE,2026-02-27 12:37:00,2026-02-27 14:25:00,0 days 01:48:00,03993_27-02-2026-12.37,88.1,96.1,106.55,125.55,
03993,04040,04104,Renfe,AVE,2026-02-27 12:37:00,2026-02-27 13:43:00,0 days 01:06:00,03993_27-02-2026-12.37,77.75,84.25,94.8,113.8,
03113,04040,71801,Renfe,AVE,2026-02-27 12:52:00,2026-02-27 14:46:00,0 days 01:54:00,03113_27-02-2026-11.27,56.05,64.1,74.55,93.55,
03113,04040,04104,Renfe,AVE,2026-02-27 12:52:00,2026-02-27 14:04:00,0 days 01:12:00,03113_27-02-2026-11.27,51.85,58.3,68.95,87.95,
03113,04040,78400,Renfe,AVE,2026-02-27 12:52:00,2026-02-27 13:35:00,0 days 00:43:00,03113_27-02-2026-11.27,41.1,46.25,54.7,73.7,
09725,60000,71801,Renfe,AVE INT,2026-02-27 13:15:00,2026-02-27 16:19:00,0 days 03:04:00,09725_27-02-2026-13.15,71.15,83.0,126.2,145.2,
09725,60000,04040,Renfe,AVE INT,2026-02-27 13:15:00,2026-02-27 14:40:00,0 days 01:25:00,09725_27-02-2026-13.15,54.6,62.4,93.35,112.35,
09725,60000,04104,Renfe,AVE INT,2026-02-27 13:15:00,2026-02-27 15:37:00,0 days 02:22:00,09725_27-02-2026-13.15,64.5,75.25,114.4,133.4,
03993,78400,71801,Renfe,AVE,2026-02-27 13:19:00,2026-02-27 14:25:00,0 days 01:06:00,03993_27-02-2026-12.37,69.95,75.8,85.3,104.3,
03943,78400,71801,Renfe,AVE,2026-02-27 13:19:00,2026-02-27 14:25:00,0 days 01:06:00,03943_27-02-2026-12.37,69.95,75.8,85.3,104.3,
03993,78400,04104,Renfe,AVE,2026-02-27 13:19:00,2026-02-27 13:43:00,0 days 00:24:00,03993_27-02-2026-12.37,49.3,53.45,60.15,79.15,
03943,78400,04104,Renfe,AVE,2026-02-27 13:19:00,2026-02-27 13:43:00,0 days 00:24:00,03943_27-02-2026-12.37,49.3,53.45,60.15,79.15,
03113,78400,71801,Renfe,AVE,2026-02-27 13:37:00,2026-02-27 14:46:00,0 days 01:09:00,03113_27-02-2026-11.27,46.65,52.45,62.05,81.05,
34813,78400,04104,Renfe,AVANT,2026-02-27 13:37:00,2026-02-27 14:04:00,0 days 00:27:00,34813_27-02-2026-13.37,,,,,15.0
03113,78400,04104,Renfe,AVE,2026-02-27 13:37:00,2026-02-27 14:04:00,0 days 00:27:00,03113_27-02-2026-11.27,32.9,37.0,43.75,62.75,
34813,78400,71801,Renfe,AVANT,2026-02-27 13:37:00,2026-02-27 14:46:00,0 days 01:09:00,34813_27-02-2026-13.37,,,,,31.5
09725,04007,71801,Renfe,AVE INT,2026-02-27 13:43:00,2026-02-27 16:19:00,0 days 02:36:00,09725_27-02-2026-13.15,55.8,66.95,103.9,122.9,
09725,04007,04104,Renfe,AVE INT,2026-02-27 13:43:00,2026-02-27 15:37:00,0 days 01:54:00,09725_27-02-2026-13.15,49.8,59.75,92.75,111.75,
09725,04007,04040,Renfe,AVE INT,2026-02-27 13:43:00,2026-02-27 14:40:00,0 days 00:57:00,09725_27-02-2026-13.15,47.8,54.65,81.75,100.75,
03993,04104,71801,Renfe,AVE,2026-02-27 13:45:00,2026-02-27 14:25:00,0 days 00:40:00,03993_27-02-2026-12.37,53.4,57.85,65.1,84.1,
03943,04104,71801,Renfe,AVE,2026-02-27 13:45:00,2026-02-27 14:25:00,0 days 00:40:00,03943_27-02-2026-12.37,53.4,57.85,65.1,84.1,
02591,04040,78400,Renfe,AVE,2026-02-27 13:46:00,2026-02-27 14:29:00,0 days 00:43:00,02591_27-02-2026-12.27,25.7,30.85,41.0,60.0,
02591,04040,71801,Renfe,AVE,2026-02-27 13:46:00,2026-02-27 15:44:00,0 days 01:58:00,02591_27-02-2026-12.27,32.05,40.05,53.25,72.25,
03141,60000,71801,Renfe,AVE,2026-02-27 13:57:00,2026-02-27 16:34:00,0 days 02:37:00,03141_27-02-2026-13.57,83.95,97.95,111.65,130.65,
34813,04104,71801,Renfe,AVANT,2026-02-27 14:06:00,2026-02-27 14:46:00,0 days 00:40:00,34813_27-02-2026-13.37,,,,,18.5
03113,04104,71801,Renfe,AVE,2026-02-27 14:06:00,2026-02-27 14:46:00,0 days 00:40:00,03113_27-02-2026-11.27,35.6,40.05,47.35,66.35,
03143,60000,04040,Renfe,AVE,2026-02-27 14:27:00,2026-02-27 15:51:00,0 days 01:24:00,03143_27-02-2026-14.27,70.2,78.0,93.35,112.35,
03143,60000,71801,Renfe,AVE,2026-02-27 14:27:00,2026-02-27 17:24:00,0 days 02:57:00,03143_27-02-2026-14.27,106.75,118.6,157.75,176.75,
34823,78400,71801,Renfe,AVANT,2026-02-27 14:31:00,2026-02-27 15:44:00,0 days 01:13:00,34823_27-02-2026-14.31,,,,,31.5
02591,78400,71801,Renfe,AVE,2026-02-27 14:31:00,2026-02-27 15:44:00,0 days 01:13:00,02591_27-02-2026-12.27,29.15,35.0,46.5,65.5,
00609,60000,04007,Renfe,ALVIA,2026-02-27 14:47:00,2026-02-27 15:15:00,0 days 00:28:00,00609_27-02-2026-14.47,26.45,28.35,30.15,,
03151,60000,71801,Renfe,AVE,2026-02-27 14:57:00,2026-02-27 17:34:00,0 days 02:37:00,03151_27-02-2026-14.57,111.9,125.9,130.25,149.25,
03305,60000,71801,Renfe,AVE,2026-02-27 15:27:00,2026-02-27 18:46:00,0 days 03:19:00,03305_27-02-2026-15.27,130.45,142.3,157.75,176.75,
03305,60000,04104,Renfe,AVE,2026-02-27 15:27:00,2026-02-27 18:03:00,0 days 02:36:00,03305_27-02-2026-15.27,118.25,129.0,143.0,162.0,
03305,60000,78400,Renfe,AVE,2026-02-27 15:27:00,2026-02-27 17:35:00,0 days 02:08:00,03305_27-02-2026-15.27,107.15,116.9,129.55,148.55,
03305,60000,04040,Renfe,AVE,2026-02-27 15:27:00,2026-02-27 16:50:00,0 days 01:23:00,03305_27-02-2026-15.27,128.7,136.5,114.1,133.1,
03143,04040,71801,Renfe,AVE,2026-02-27 15:52:00,2026-02-27 17:24:00,0 days 01:32:00,03143_27-02-2026-14.27,80.1,88.1,117.2,136.2,
03161,60000,71801,Renfe,AVE,2026-02-27 15:57:00,2026-02-27 18:34:00,0 days 02:37:00,03161_27-02-2026-15.57,111.9,125.9,130.25,149.25,
03363,60000,04040,Renfe,AVE,2026-02-27 16:02:00,2026-02-27 17:26:00,0 days 01:24:00,03363_27-02-2026-16.02,78.0,85.8,93.35,112.35,
03163,60000,04040,Renfe,AVE,2026-02-27 16:27:00,2026-02-27 17:45:00,0 days 01:18:00,03163_27-02-2026-16.27,62.4,70.2,72.6,91.6,
03163,60000,71801,Renfe,AVE,2026-02-27 16:27:00,2026-02-27 19:19:00,0 days 02:52:00,03163_27-02-2026-16.27,83.0,94.9,94.65,113.65,
03305,04040,04104,Renfe,AVE,2026-02-27 16:51:00,2026-02-27 18:03:00,0 days 01:12:00,03305_27-02-2026-15.27,90.7,97.2,103.4,122.4,
03305,04040,71801,Renfe,AVE,2026-02-27 16:51:00,2026-02-27 18:46:00,0 days 01:55:00,03305_27-02-2026-15.27,112.15,120.15,127.85,146.85,
03305,04040,78400,Renfe,AVE,2026-02-27 16:51:00,2026-02-27 17:35:00,0 days 00:44:00,03305_27-02-2026-15.27,71.95,77.1,82.05,101.05,
03171,60000,71801,Renfe,AVE,2026-02-27 16:57:00,2026-02-27 19:34:00,0 days 02:37:00,03171_27-02-2026-16.57,111.9,125.9,130.25,149.25,
03373,60000,04040,Renfe,AVE,2026-02-27 17:27:00,2026-02-27 18:51:00,0 days 01:24:00,03373_27-02-2026-17.27,148.2,156.0,155.6,174.6,
03373,60000,71801,Renfe,AVE,2026-02-27 17:27:00,2026-02-27 20:46:00,0 days 03:19:00,03373_27-02-2026-17.27,166.05,177.9,189.3,208.3,
03373,60000,78400,Renfe,AVE,2026-02-27 17:27:00,2026-02-27 19:35:00,0 days 02:08:00,03373_27-02-2026-17.27,136.35,146.1,155.45,174.45,
03373,60000,04007,Renfe,AVE,2026-02-27 17:27:00,2026-02-27 17:53:00,0 days 00:26:00,03373_27-02-2026-17.27,53.35,57.15,60.8,79.8,
03373,60000,04104,Renfe,AVE,2026-02-27 17:27:00,2026-02-27 20:04:00,0 days 02:37:00,03373_27-02-2026-17.27,150.5,161.25,171.55,190.55,
03305,78400,71801,Renfe,AVE,2026-02-27 17:37:00,2026-02-27 18:46:00,0 days 01:09:00,03305_27-02-2026-15.27,81.6,87.45,93.05,112.05,
03305,78400,04104,Renfe,AVE,2026-02-27 17:37:00,2026-02-27 18:03:00,0 days 00:26:00,03305_27-02-2026-15.27,57.55,61.65,65.6,84.6,
03163,04040,71801,Renfe,AVE,2026-02-27 17:46:00,2026-02-27 19:19:00,0 days 01:33:00,03163_27-02-2026-16.27,56.05,64.1,63.9,82.9,
03373,04007,78400,Renfe,AVE,2026-02-27 17:54:00,2026-02-27 19:35:00,0 days 01:41:00,03373_27-02-2026-17.27,124.45,133.35,141.9,160.9,
03373,04007,71801,Renfe,AVE,2026-02-27 17:54:00,2026-02-27 20:46:00,0 days 02:52:00,03373_27-02-2026-17.27,156.25,167.4,178.1,197.1,
03373,04007,04104,Renfe,AVE,2026-02-27 17:54:00,2026-02-27 20:04:00,0 days 02:10:00,03373_27-02-2026-17.27,139.45,149.4,158.95,177.95,
03373,04007,04040,Renfe,AVE,2026-02-27 17:54:00,2026-02-27 18:51:00,0 days 00:57:00,03373_27-02-2026-17.27,95.6,102.45,109.0,128.0,
02553,60000,71801,Renfe,AVE,2026-02-27 17:57:00,2026-02-27 20:34:00,0 days 02:37:00,02553_27-02-2026-17.57,59.3,71.15,94.65,113.65,
03305,04104,71801,Renfe,AVE,2026-02-27 18:05:00,2026-02-27 18:46:00,0 days 00:41:00,03305_27-02-2026-15.27,62.3,66.75,71.0,90.0,
03183,60000,71801,Renfe,AVE,2026-02-27 18:27:00,2026-02-27 21:24:00,0 days 02:57:00,03183_27-02-2026-18.27,83.0,94.9,94.65,113.65,
03183,60000,04104,Renfe,AVE,2026-02-27 18:27:00,2026-02-27 20:44:00,0 days 02:17:00,03183_27-02-2026-18.27,75.25,86.0,85.8,104.8,
03183,60000,04040,Renfe,AVE,2026-02-27 18:27:00,2026-02-27 19:45:00,0 days 01:18:00,03183_27-02-2026-18.27,62.4,70.2,72.6,91.6,
03373,04040,71801,Renfe,AVE,2026-02-27 18:52:00,2026-02-27 20:46:00,0 days 01:54:00,03373_27-02-2026-17.27,112.15,120.15,127.85,146.85,
03373,04040,04104,Renfe,AVE,2026-02-27 18:52:00,2026-02-27 20:04:00,0 days 01:12:00,03373_27-02-2026-17.27,90.7,97.2,103.4,122.4,
03373,04040,78400,Renfe,AVE,2026-02-27 18:52:00,2026-02-27 19:35:00,0 days 00:43:00,03373_27-02-2026-17.27,71.95,77.1,82.05,101.05,
03191,60000,71801,Renfe,AVE,2026-02-27 18:57:00,2026-02-27 21:34:00,0 days 02:37:00,03191_27-02-2026-18.57,42.0,56.0,74.5,93.5,
02861,60000,04040,Renfe,AVE,2026-02-27 19:00:00,2026-02-27 20:42:00,0 days 01:42:00,02861_27-02-2026-19.00,31.2,39.0,51.85,70.85,
02861,60000,04007,Renfe,AVE,2026-02-27 19:00:00,2026-02-27 19:28:00,0 days 00:28:00,02861_27-02-2026-19.00,45.7,49.55,60.8,79.8,
02861,04007,04040,Renfe,AVE,2026-02-27 19:29:00,2026-02-27 20:42:00,0 days 01:13:00,02861_27-02-2026-19.00,27.3,34.15,45.4,64.4,
03309,60000,04040,Renfe,AVE,2026-02-27 19:34:00,2026-02-27 21:02:00,0 days 01:28:00,03309_27-02-2026-19.34,109.2,117.0,103.75,122.75,
03309,60000,04104,Renfe,AVE,2026-02-27 19:34:00,2026-02-27 22:15:00,0 days 02:41:00,03309_27-02-2026-19.34,96.75,107.5,114.4,133.4,
03309,60000,78400,Renfe,AVE,2026-02-27 19:34:00,2026-02-27 21:46:00,0 days 02:12:00,03309_27-02-2026-19.34,87.65,97.4,103.65,122.65,
03309,60000,71801,Renfe,AVE,2026-02-27 19:34:00,2026-02-27 22:55:00,0 days 03:21:00,03309_27-02-2026-19.34,106.75,118.6,126.2,145.2,
03309,60000,04007,Renfe,AVE,2026-02-27 19:34:00,2026-02-27 20:00:00,0 days 00:26:00,03309_27-02-2026-19.34,53.35,57.15,60.8,79.8,
03373,78400,71801,Renfe,AVE,2026-02-27 19:37:00,2026-02-27 20:46:00,0 days 01:09:00,03373_27-02-2026-17.27,81.6,87.45,93.05,112.05,
03373,78400,04104,Renfe,AVE,2026-02-27 19:37:00,2026-02-27 20:04:00,0 days 00:27:00,03373_27-02-2026-17.27,57.55,61.65,65.6,84.6,
03183,04040,71801,Renfe,AVE,2026-02-27 19:46:00,2026-02-27 21:24:00,0 days 01:38:00,03183_27-02-2026-18.27,56.05,64.1,63.9,82.9,
03183,04040,04104,Renfe,AVE,2026-02-27 19:46:00,2026-02-27 20:44:00,0 days 00:58:00,03183_27-02-2026-18.27,45.35,51.85,51.7,70.7,
00437,04040,71801,Renfe,ALVIA,2026-02-27 19:52:00,2026-02-27 22:13:00,0 days 02:21:00,00437_27-02-2026-19.52,35.6,41.5,63.1,,
00437,04040,78400,Renfe,ALVIA,2026-02-27 19:52:00,2026-02-27 20:56:00,0 days 01:04:00,00437_27-02-2026-19.52,26.65,30.5,45.6,,
00437,04040,04104,Renfe,ALVIA,2026-02-27 19:52:00,2026-02-27 21:30:00,0 days 01:38:00,00437_27-02-2026-19.52,33.6,38.4,57.45,,
03309,04007,04040,Renfe,AVE,2026-02-27 20:01:00,2026-02-27 21:02:00,0 days 01:01:00,03309_27-02-2026-19.34,81.95,88.8,90.85,109.85,
03931,04040,71801,Renfe,AVE,2026-02-27 20:01:00,2026-02-27 21:58:00,0 days 01:57:00,03931_27-02-2026-20.01,80.1,88.1,95.9,114.9,
03931,04040,78400,Renfe,AVE,2026-02-27 20:01:00,2026-02-27 20:48:00,0 days 00:47:00,03931_27-02-2026-20.01,56.55,61.7,68.35,87.35,
03309,04007,78400,Renfe,AVE,2026-02-27 20:01:00,2026-02-27 21:46:00,0 days 01:45:00,03309_27-02-2026-19.34,80.0,88.9,94.6,113.6,
03309,04007,71801,Renfe,AVE,2026-02-27 20:01:00,2026-02-27 22:55:00,0 days 02:54:00,03309_27-02-2026-19.34,100.45,111.6,118.75,137.75,
03309,04007,04104,Renfe,AVE,2026-02-27 20:01:00,2026-02-27 22:15:00,0 days 02:14:00,03309_27-02-2026-19.34,89.65,99.6,105.95,124.95,
03931,04040,04104,Renfe,AVE,2026-02-27 20:01:00,2026-02-27 21:16:00,0 days 01:15:00,03931_27-02-2026-20.01,71.3,77.75,86.2,105.2,
03201,60000,71801,Renfe,AVE,2026-02-27 20:05:00,2026-02-27 22:42:00,0 days 02:37:00,03201_27-02-2026-20.05,41.95,55.95,74.45,93.45,
03373,04104,71801,Renfe,AVE,2026-02-27 20:06:00,2026-02-27 20:46:00,0 days 00:40:00,03373_27-02-2026-17.27,62.3,66.75,71.0,90.0,
03203,60000,04104,Renfe,AVE,2026-02-27 20:27:00,2026-02-27 23:07:00,0 days 02:40:00,03203_27-02-2026-20.27,75.25,86.0,100.1,119.1,
03203,60000,04040,Renfe,AVE,2026-02-27 20:27:00,2026-02-27 21:57:00,0 days 01:30:00,03203_27-02-2026-20.27,54.6,62.4,72.6,91.6,
03203,60000,04007,Renfe,AVE,2026-02-27 20:27:00,2026-02-27 20:52:00,0 days 00:25:00,03203_27-02-2026-20.27,45.7,49.55,60.8,79.8,
03203,60000,78400,Renfe,AVE,2026-02-27 20:27:00,2026-02-27 22:40:00,0 days 02:13:00,03203_27-02-2026-20.27,68.2,77.9,90.7,109.7,
03203,60000,71801,Renfe,AVE,2026-02-27 20:27:00,2026-02-27 23:48:00,0 days 03:21:00,03203_27-02-2026-20.27,71.15,83.0,94.65,113.65,
03941,04040,71801,Renfe,AVE,2026-02-27 20:38:00,2026-02-27 22:35:00,0 days 01:57:00,03941_27-02-2026-20.38,80.1,88.1,95.9,114.9,
03991,04040,71801,Renfe,AVE,2026-02-27 20:38:00,2026-02-27 22:35:00,0 days 01:57:00,03991_27-02-2026-20.38,80.1,88.1,95.9,114.9,
03941,04040,78400,Renfe,AVE,2026-02-27 20:38:00,2026-02-27 21:20:00,0 days 00:42:00,03941_27-02-2026-20.38,56.55,61.7,68.35,87.35,
03991,04040,78400,Renfe,AVE,2026-02-27 20:38:00,2026-02-27 21:20:00,0 days 00:42:00,03991_27-02-2026-20.38,56.55,61.7,68.35,87.35,
03941,04040,04104,Renfe,AVE,2026-02-27 20:38:00,2026-02-27 21:51:00,0 days 01:13:00,03941_27-02-2026-20.38,71.3,77.75,86.2,105.2,
03991,04040,04104,Renfe,AVE,2026-02-27 20:38:00,2026-02-27 21:51:00,0 days 01:13:00,03991_27-02-2026-20.38,71.3,77.75,86.2,105.2,
03183,04104,71801,Renfe,AVE,2026-02-27 20:46:00,2026-02-27 21:24:00,0 days 00:38:00,03183_27-02-2026-18.27,31.15,35.6,35.5,54.5,
03931,78400,71801,Renfe,AVE,2026-02-27 20:50:00,2026-02-27 21:58:00,0 days 01:08:00,03931_27-02-2026-20.01,64.15,69.95,77.55,96.55,
03931,78400,04104,Renfe,AVE,2026-02-27 20:50:00,2026-02-27 21:16:00,0 days 00:26:00,03931_27-02-2026-20.01,45.2,49.3,54.65,73.65,
03203,04007,71801,Renfe,AVE,2026-02-27 20:53:00,2026-02-27 23:48:00,0 days 02:55:00,03203_27-02-2026-20.27,66.95,78.1,89.05,108.05,
03203,04007,04040,Renfe,AVE,2026-02-27 20:53:00,2026-02-27 21:57:00,0 days 01:04:00,03203_27-02-2026-20.27,47.8,54.65,63.6,82.6,
03203,04007,78400,Renfe,AVE,2026-02-27 20:53:00,2026-02-27 22:40:00,0 days 01:47:00,03203_27-02-2026-20.27,62.25,71.1,82.75,101.75,
03203,04007,04104,Renfe,AVE,2026-02-27 20:53:00,2026-02-27 23:07:00,0 days 02:14:00,03203_27-02-2026-20.27,69.7,79.7,92.75,111.75,
00437,78400,71801,Renfe,ALVIA,2026-02-27 20:58:00,2026-02-27 22:13:00,0 days 01:15:00,00437_27-02-2026-19.52,30.25,34.55,51.7,,
00437,78400,04104,Renfe,ALVIA,2026-02-27 20:58:00,2026-02-27 21:30:00,0 days 00:32:00,00437_27-02-2026-19.52,21.35,24.4,36.5,,
03309,04040,71801,Renfe,AVE,2026-02-27 21:03:00,2026-02-27 22:55:00,0 days 01:52:00,03309_27-02-2026-19.34,96.1,104.15,106.55,125.55,
03309,04040,78400,Renfe,AVE,2026-02-27 21:03:00,2026-02-27 21:46:00,0 days 00:43:00,03309_27-02-2026-19.34,61.7,66.8,68.35,87.35,
03309,04040,04104,Renfe,AVE,2026-02-27 21:03:00,2026-02-27 22:15:00,0 days 01:12:00,03309_27-02-2026-19.34,77.75,84.25,86.2,105.2,
02883,60000,71801,Renfe,AVE,2026-02-27 21:07:00,2026-02-27 23:59:00,0 days 02:52:00,02883_27-02-2026-21.07,59.3,71.15,78.85,97.85,
02883,60000,04040,Renfe,AVE,2026-02-27 21:07:00,2026-02-27 22:26:00,0 days 01:19:00,02883_27-02-2026-21.07,46.8,54.6,62.25,81.25,
03931,04104,71801,Renfe,AVE,2026-02-27 21:18:00,2026-02-27 21:58:00,0 days 00:40:00,03931_27-02-2026-20.01,48.95,53.4,59.2,78.2,
03941,78400,71801,Renfe,AVE,2026-02-27 21:22:00,2026-02-27 22:35:00,0 days 01:13:00,03941_27-02-2026-20.38,64.15,69.95,77.55,96.55,
03991,78400,71801,Renfe,AVE,2026-02-27 21:22:00,2026-02-27 22:35:00,0 days 01:13:00,03991_27-02-2026-20.38,64.15,69.95,77.55,96.55,
03991,78400,04104,Renfe,AVE,2026-02-27 21:22:00,2026-02-27 21:51:00,0 days 00:29:00,03991_27-02-2026-20.38,45.2,49.3,54.65,73.65,
03941,78400,04104,Renfe,AVE,2026-02-27 21:22:00,2026-02-27 21:51:00,0 days 00:29:00,03941_27-02-2026-20.38,45.2,49.3,54.65,73.65,
00437,04104,71801,Renfe,ALVIA,2026-02-27 21:32:00,2026-02-27 22:13:00,0 days 00:41:00,00437_27-02-2026-19.52,23.1,26.4,39.5,,
03309,78400,71801,Renfe,AVE,2026-02-27 21:48:00,2026-02-27 22:55:00,0 days 01:07:00,03309_27-02-2026-19.34,81.6,87.45,93.05,112.05,
03309,78400,04104,Renfe,AVE,2026-02-27 21:48:00,2026-02-27 22:15:00,0 days 00:27:00,03309_27-02-2026-19.34,57.55,61.65,65.6,84.6,
03991,04104,71801,Renfe,AVE,2026-02-27 21:53:00,2026-02-27 22:35:00,0 days 00:42:00,03991_27-02-2026-20.38,48.95,53.4,59.2,78.2,
03941,04104,71801,Renfe,AVE,2026-02-27 21:53:00,2026-02-27 22:35:00,0 days 00:42:00,03941_27-02-2026-20.38,48.95,53.4,59.2,78.2,
03203,04040,78400,Renfe,AVE,2026-02-27 21:58:00,2026-02-27 22:40:00,0 days 00:42:00,03203_27-02-2026-20.27,36.0,41.1,47.85,66.85,
03203,04040,71801,Renfe,AVE,2026-02-27 21:58:00,2026-02-27 23:48:00,0 days 01:50:00,03203_27-02-2026-20.27,48.05,56.05,63.9,82.9,
03203,04040,04104,Renfe,AVE,2026-02-27 21:58:00,2026-02-27 23:07:00,0 days 01:09:00,03203_27-02-2026-20.27,45.35,51.85,60.35,79.35,
03309,04104,71801,Renfe,AVE,2026-02-27 22:17:00,2026-02-27 22:55:00,0 days 00:38:00,03309_27-02-2026-19.34,62.3,66.75,71.0,90.0,
02883,04040,71801,Renfe,AVE,2026-02-27 22:27:00,2026-02-27 23:59:00,0 days 01:32:00,02883_27-02-2026-21.07,48.05,56.05,63.9,82.9,
03203,78400,71801,Renfe,AVE,2026-02-27 22:42:00,2026-02-27 23:48:00,0 days 01:06:00,03203_27-02-2026-20.27,35.0,40.8,46.5,65.5,
03203,78400,04104,Renfe,AVE,2026-02-27 22:42:00,2026-02-27 23:07:00,0 days 00:25:00,03203_27-02-2026-20.27,24.65,28.75,32.8,51.8,
03203,04104,71801,Renfe,AVE,2026-02-27 23:09:00,2026-02-27 23:48:00,0 days 00:39:00,03203_27-02-2026-20.27,26.7,31.15,35.5,54.5,
03301,60000,04104,Renfe,AVE,2026-02-28 06:27:00,2026-02-28 08:53:00,0 days 02:26:00,03301_28-02-2026-06.27,43.0,53.75,71.5,90.5,
03301,60000,71801,Renfe,AVE,2026-02-28 06:27:00,2026-02-28 09:31:00,0 days 03:04:00,03301_28-02-2026-06.27,47.45,59.3,78.85,97.85,
03301,60000,04040,Renfe,AVE,2026-02-28 06:27:00,2026-02-28 07:52:00,0 days 01:25:00,03301_28-02-2026-06.27,39.0,46.8,41.5,60.5,
03073,60000,04040,Renfe,AVE,2026-02-28 07:27:00,2026-02-28 08:51:00,0 days 01:24:00,03073_28-02-2026-07.27,39.0,46.8,93.35,112.35,
03073,60000,04104,Renfe,AVE,2026-02-28 07:27:00,2026-02-28 10:04:00,0 days 02:37:00,03073_28-02-2026-07.27,53.75,64.5,128.7,147.7,
03073,60000,04007,Renfe,AVE,2026-02-28 07:27:00,2026-02-28 07:52:00,0 days 00:25:00,03073_28-02-2026-07.27,45.7,49.55,60.8,79.8,
03073,60000,71801,Renfe,AVE,2026-02-28 07:27:00,2026-02-28 10:46:00,0 days 03:19:00,03073_28-02-2026-07.27,47.45,59.3,126.2,145.2,
03073,60000,78400,Renfe,AVE,2026-02-28 07:27:00,2026-02-28 09:35:00,0 days 02:08:00,03073_28-02-2026-07.27,48.7,58.45,116.6,135.6,
03301,04040,04104,Renfe,AVE,2026-02-28 07:53:00,2026-02-28 08:53:00,0 days 01:00:00,03301_28-02-2026-06.27,32.4,38.9,43.1,62.1,
03073,04007,78400,Renfe,AVE,2026-02-28 07:53:00,2026-02-28 09:35:00,0 days 01:42:00,03073_28-02-2026-07.27,44.45,53.35,106.4,125.4,
03073,04007,04104,Renfe,AVE,2026-02-28 07:53:00,2026-02-28 10:04:00,0 days 02:11:00,03073_28-02-2026-07.27,49.8,59.75,119.2,138.2,
03301,04040,71801,Renfe,AVE,2026-02-28 07:53:00,2026-02-28 09:31:00,0 days 01:38:00,03301_28-02-2026-06.27,40.05,48.05,53.25,72.25,
03073,04007,04040,Renfe,AVE,2026-02-28 07:53:00,2026-02-28 08:51:00,0 days 00:58:00,03073_28-02-2026-07.27,34.15,41.0,81.75,100.75,
03073,04007,71801,Renfe,AVE,2026-02-28 07:53:00,2026-02-28 10:46:00,0 days 02:53:00,03073_28-02-2026-07.27,44.65,55.8,118.75,137.75,
03083,60000,71801,Renfe,AVE,2026-02-28 08:27:00,2026-02-28 11:19:00,0 days 02:52:00,03083_28-02-2026-08.27,47.45,59.3,78.85,97.85,
03083,60000,04040,Renfe,AVE,2026-02-28 08:27:00,2026-02-28 09:45:00,0 days 01:18:00,03083_28-02-2026-08.27,39.0,46.8,62.25,81.25,
03073,04040,04104,Renfe,AVE,2026-02-28 08:52:00,2026-02-28 10:04:00,0 days 01:12:00,03073_28-02-2026-07.27,38.9,45.35,86.2,105.2,
03073,04040,71801,Renfe,AVE,2026-02-28 08:52:00,2026-02-28 10:46:00,0 days 01:54:00,03073_28-02-2026-07.27,40.05,48.05,95.9,114.9,
03073,04040,78400,Renfe,AVE,2026-02-28 08:52:00,2026-02-28 09:35:00,0 days 00:43:00,03073_28-02-2026-07.27,30.85,36.0,68.35,87.35,
03301,04104,71801,Renfe,AVE,2026-02-28 08:55:00,2026-02-28 09:31:00,0 days 00:36:00,03301_28-02-2026-06.27,26.7,31.15,35.5,54.5,
03091,60000,71801,Renfe,AVE,2026-02-28 08:57:00,2026-02-28 11:41:00,0 days 02:44:00,03091_28-02-2026-08.57,83.95,97.95,111.65,130.65,
03091,60000,04104,Renfe,AVE,2026-02-28 08:57:00,2026-02-28 11:01:00,0 days 02:04:00,03091_28-02-2026-08.57,75.25,86.0,100.1,119.1,
02561,60000,04040,Renfe,AVE,2026-02-28 09:27:00,2026-02-28 10:46:00,0 days 01:19:00,02561_28-02-2026-09.27,46.8,54.6,62.25,81.25,
02561,60000,04104,Renfe,AVE,2026-02-28 09:27:00,2026-02-28 12:00:00,0 days 02:33:00,02561_28-02-2026-09.27,64.5,75.25,85.8,104.8,
02561,60000,71801,Renfe,AVE,2026-02-28 09:27:00,2026-02-28 12:41:00,0 days 03:14:00,02561_28-02-2026-09.27,59.3,71.15,78.85,97.85,
02561,60000,78400,Renfe,AVE,2026-02-28 09:27:00,2026-02-28 11:32:00,0 days 02:05:00,02561_28-02-2026-09.27,58.45,68.2,77.75,96.75,
00603,60000,04007,Renfe,ALVIA,2026-02-28 09:32:00,2026-02-28 09:59:00,0 days 00:27:00,00603_28-02-2026-09.32,17.0,18.9,20.1,,
03073,78400,04104,Renfe,AVE,2026-02-28 09:37:00,2026-02-28 10:04:00,0 days 00:27:00,03073_28-02-2026-07.27,20.55,24.65,54.65,73.65,
03073,78400,71801,Renfe,AVE,2026-02-28 09:37:00,2026-02-28 10:46:00,0 days 01:09:00,03073_28-02-2026-07.27,29.15,35.0,77.55,96.55,
03083,04040,71801,Renfe,AVE,2026-02-28 09:46:00,2026-02-28 11:19:00,0 days 01:33:00,03083_28-02-2026-08.27,32.05,40.05,53.25,72.25,
03073,04104,71801,Renfe,AVE,2026-02-28 10:06:00,2026-02-28 10:46:00,0 days 00:40:00,03073_28-02-2026-07.27,22.25,26.7,59.2,78.2,
03303,60000,04040,Renfe,AVE,2026-02-28 10:27:00,2026-02-28 11:47:00,0 days 01:20:00,03303_28-02-2026-10.27,148.2,156.0,155.6,174.6,
03303,60000,71801,Renfe,AVE,2026-02-28 10:27:00,2026-02-28 13:19:00,0 days 02:52:00,03303_28-02-2026-10.27,166.05,177.9,189.3,208.3,
02561,04040,78400,Renfe,AVE,2026-02-28 10:47:00,2026-02-28 11:32:00,0 days 00:45:00,02561_28-02-2026-09.27,36.0,41.1,47.85,66.85,
02561,04040,71801,Renfe,AVE,2026-02-28 10:47:00,2026-02-28 12:41:00,0 days 01:54:00,02561_28-02-2026-09.27,48.05,56.05,63.9,82.9,
02561,04040,04104,Renfe,AVE,2026-02-28 10:47:00,2026-02-28 12:00:00,0 days 01:13:00,02561_28-02-2026-09.27,45.35,51.85,60.35,79.35,
03091,04104,71801,Renfe,AVE,2026-02-28 11:03:00,2026-02-28 11:41:00,0 days 00:38:00,03091_28-02-2026-08.57,42.0,47.25,55.85,74.85,
00533,04040,78400,Renfe,ALVIA,2026-02-28 11:09:00,2026-02-28 11:58:00,0 days 00:49:00,00533_28-02-2026-11.09,30.5,34.3,40.55,,
00533,04040,71801,Renfe,ALVIA,2026-02-28 11:09:00,2026-02-28 13:09:00,0 days 02:00:00,00533_28-02-2026-11.09,41.5,47.45,55.2,,
00533,04040,04104,Renfe,ALVIA,2026-02-28 11:09:00,2026-02-28 12:31:00,0 days 01:22:00,00533_28-02-2026-11.09,38.4,43.2,51.05,,
03113,60000,78400,Renfe,AVE,2026-02-28 11:27:00,2026-02-28 13:35:00,0 days 02:08:00,03113_28-02-2026-11.27,77.9,87.65,90.7,109.7,
03113,60000,71801,Renfe,AVE,2026-02-28 11:27:00,2026-02-28 14:46:00,0 days 03:19:00,03113_28-02-2026-11.27,83.0,94.9,94.65,113.65,
03113,60000,04104,Renfe,AVE,2026-02-28 11:27:00,2026-02-28 14:04:00,0 days 02:37:00,03113_28-02-2026-11.27,86.0,96.75,100.1,119.1,
03113,60000,04040,Renfe,AVE,2026-02-28 11:27:00,2026-02-28 12:51:00,0 days 01:24:00,03113_28-02-2026-11.27,62.4,70.2,72.6,91.6,
02561,78400,04104,Renfe,AVE,2026-02-28 11:34:00,2026-02-28 12:00:00,0 days 00:26:00,02561_28-02-2026-09.27,28.75,32.9,38.25,57.25,
02561,78400,71801,Renfe,AVE,2026-02-28 11:34:00,2026-02-28 12:41:00,0 days 01:07:00,02561_28-02-2026-09.27,40.8,46.65,54.3,73.3,
03303,04040,71801,Renfe,AVE,2026-02-28 11:48:00,2026-02-28 13:19:00,0 days 01:31:00,03303_28-02-2026-10.27,112.15,120.15,127.85,146.85,
00533,78400,04104,Renfe,ALVIA,2026-02-28 12:00:00,2026-02-28 12:31:00,0 days 00:31:00,00533_28-02-2026-11.09,24.4,27.45,32.45,,
00533,78400,71801,Renfe,ALVIA,2026-02-28 12:00:00,2026-02-28 13:09:00,0 days 01:09:00,00533_28-02-2026-11.09,34.55,38.9,45.95,,
34433,78400,71801,Renfe,AVANT,2026-02-28 12:00:00,2026-02-28 13:09:00,0 days 01:09:00,34433_28-02-2026-12.00,,,,,31.5
34433,78400,04104,Renfe,AVANT,2026-02-28 12:00:00,2026-02-28 12:31:00,0 days 00:31:00,34433_28-02-2026-12.00,,,,,15.0
02561,04104,71801,Renfe,AVE,2026-02-28 12:02:00,2026-02-28 12:41:00,0 days 00:39:00,02561_28-02-2026-09.27,31.15,35.6,41.45,60.45,
02591,60000,71801,Renfe,AVE,2026-02-28 12:27:00,2026-02-28 15:44:00,0 days 03:17:00,02591_28-02-2026-12.27,47.45,59.3,63.1,82.1,
02591,60000,04040,Renfe,AVE,2026-02-28 12:27:00,2026-02-28 13:45:00,0 days 01:18:00,02591_28-02-2026-12.27,31.2,39.0,51.85,70.85,
02591,60000,78400,Renfe,AVE,2026-02-28 12:27:00,2026-02-28 14:29:00,0 days 02:02:00,02591_28-02-2026-12.27,48.7,58.45,64.75,83.75,
00533,04104,71801,Renfe,ALVIA,2026-02-28 12:33:00,2026-02-28 13:09:00,0 days 00:36:00,00533_28-02-2026-11.09,26.4,29.7,35.1,,
34433,04104,71801,Renfe,AVANT,2026-02-28 12:33:00,2026-02-28 13:09:00,0 days 00:36:00,34433_28-02-2026-12.00,,,,,18.5
03943,04040,04104,Renfe,AVE,2026-02-28 12:37:00,2026-02-28 13:43:00,0 days 01:06:00,03943_28-02-2026-12.37,71.3,77.75,86.2,105.2,
03993,04040,04104,Renfe,AVE,2026-02-28 12:37:00,2026-02-28 13:43:00,0 days 01:06:00,03993_28-02-2026-12.37,71.3,77.75,86.2,105.2,
03993,04040,71801,Renfe,AVE,2026-02-28 12:37:00,2026-02-28 14:25:00,0 days 01:48:00,03993_28-02-2026-12.37,80.1,88.1,95.9,114.9,
03993,04040,78400,Renfe,AVE,2026-02-28 12:37:00,2026-02-28 13:17:00,0 days 00:40:00,03993_28-02-2026-12.37,56.55,61.7,68.35,87.35,
03943,04040,71801,Renfe,AVE,2026-02-28 12:37:00,2026-02-28 14:25:00,0 days 01:48:00,03943_28-02-2026-12.37,80.1,88.1,95.9,114.9,
03943,04040,78400,Renfe,AVE,2026-02-28 12:37:00,2026-02-28 13:17:00,0 days 00:40:00,03943_28-02-2026-12.37,56.55,61.7,68.35,87.35,
03113,04040,04104,Renfe,AVE,2026-02-28 12:52:00,2026-02-28 14:04:00,0 days 01:12:00,03113_28-02-2026-11.27,38.9,45.35,68.95,87.95,
03113,04040,71801,Renfe,AVE,2026-02-28 12:52:00,2026-02-28 14:46:00,0 days 01:54:00,03113_28-02-2026-11.27,40.05,48.05,74.55,93.55,
03113,04040,78400,Renfe,AVE,2026-02-28 12:52:00,2026-02-28 13:35:00,0 days 00:43:00,03113_28-02-2026-11.27,30.85,36.0,54.7,73.7,
09725,60000,04104,Renfe,AVE INT,2026-02-28 13:15:00,2026-02-28 15:37:00,0 days 02:22:00,09725_28-02-2026-13.15,53.75,64.5,114.4,133.4,
09725,60000,04007,Renfe,AVE INT,2026-02-28 13:15:00,2026-02-28 13:41:00,0 days 00:26:00,09725_28-02-2026-13.15,19.05,22.85,30.4,49.4,
09725,60000,04040,Renfe,AVE INT,2026-02-28 13:15:00,2026-02-28 14:40:00,0 days 01:25:00,09725_28-02-2026-13.15,54.6,62.4,93.35,112.35,
09725,60000,71801,Renfe,AVE INT,2026-02-28 13:15:00,2026-02-28 16:19:00,0 days 03:04:00,09725_28-02-2026-13.15,71.15,83.0,126.2,145.2,
03993,78400,71801,Renfe,AVE,2026-02-28 13:19:00,2026-02-28 14:25:00,0 days 01:06:00,03993_28-02-2026-12.37,64.15,69.95,77.55,96.55,
03943,78400,71801,Renfe,AVE,2026-02-28 13:19:00,2026-02-28 14:25:00,0 days 01:06:00,03943_28-02-2026-12.37,64.15,69.95,77.55,96.55,
03943,78400,04104,Renfe,AVE,2026-02-28 13:19:00,2026-02-28 13:43:00,0 days 00:24:00,03943_28-02-2026-12.37,45.2,49.3,54.65,73.65,
03993,78400,04104,Renfe,AVE,2026-02-28 13:19:00,2026-02-28 13:43:00,0 days 00:24:00,03993_28-02-2026-12.37,45.2,49.3,54.65,73.65,
03113,78400,04104,Renfe,AVE,2026-02-28 13:37:00,2026-02-28 14:04:00,0 days 00:27:00,03113_28-02-2026-11.27,24.65,28.75,43.75,62.75,
34813,78400,71801,Renfe,AVANT,2026-02-28 13:37:00,2026-02-28 14:46:00,0 days 01:09:00,34813_28-02-2026-13.37,,,,,31.5
34813,78400,04104,Renfe,AVANT,2026-02-28 13:37:00,2026-02-28 14:04:00,0 days 00:27:00,34813_28-02-2026-13.37,,,,,15.0
03113,78400,71801,Renfe,AVE,2026-02-28 13:37:00,2026-02-28 14:46:00,0 days 01:09:00,03113_28-02-2026-11.27,35.0,40.8,62.05,81.05,
09725,04007,04040,Renfe,AVE INT,2026-02-28 13:43:00,2026-02-28 14:40:00,0 days 00:57:00,09725_28-02-2026-13.15,47.8,54.65,81.75,100.75,
09725,04007,04104,Renfe,AVE INT,2026-02-28 13:43:00,2026-02-28 15:37:00,0 days 01:54:00,09725_28-02-2026-13.15,49.8,59.75,92.75,111.75,
09725,04007,71801,Renfe,AVE INT,2026-02-28 13:43:00,2026-02-28 16:19:00,0 days 02:36:00,09725_28-02-2026-13.15,55.8,66.95,118.75,137.75,
03943,04104,71801,Renfe,AVE,2026-02-28 13:45:00,2026-02-28 14:25:00,0 days 00:40:00,03943_28-02-2026-12.37,48.95,53.4,59.2,78.2,
03993,04104,71801,Renfe,AVE,2026-02-28 13:45:00,2026-02-28 14:25:00,0 days 00:40:00,03993_28-02-2026-12.37,48.95,53.4,59.2,78.2,
02591,04040,78400,Renfe,AVE,2026-02-28 13:46:00,2026-02-28 14:29:00,0 days 00:43:00,02591_28-02-2026-12.27,30.85,36.0,41.0,60.0,
02591,04040,71801,Renfe,AVE,2026-02-28 13:46:00,2026-02-28 15:44:00,0 days 01:58:00,02591_28-02-2026-12.27,40.05,48.05,53.25,72.25,
03113,04104,71801,Renfe,AVE,2026-02-28 14:06:00,2026-02-28 14:46:00,0 days 00:40:00,03113_28-02-2026-11.27,26.7,31.15,47.35,66.35,
34813,04104,71801,Renfe,AVANT,2026-02-28 14:06:00,2026-02-28 14:46:00,0 days 00:40:00,34813_28-02-2026-13.37,,,,,18.5
02591,78400,71801,Renfe,AVE,2026-02-28 14:31:00,2026-02-28 15:44:00,0 days 01:13:00,02591_28-02-2026-12.27,29.15,35.0,46.5,65.5,
34823,78400,71801,Renfe,AVANT,2026-02-28 14:31:00,2026-02-28 15:44:00,0 days 01:13:00,34823_28-02-2026-14.31,,,,,31.5
09725,04040,04104,Renfe,AVE INT,2026-02-28 14:43:00,2026-02-28 15:37:00,0 days 00:54:00,09725_28-02-2026-13.15,32.4,38.9,51.7,70.7,
09725,04040,71801,Renfe,AVE INT,2026-02-28 14:43:00,2026-02-28 16:19:00,0 days 01:36:00,09725_28-02-2026-13.15,56.05,64.1,95.9,114.9,
03305,60000,71801,Renfe,AVE,2026-02-28 15:27:00,2026-02-28 18:46:00,0 days 03:19:00,03305_28-02-2026-15.27,166.05,177.9,189.3,208.3,
03305,60000,04104,Renfe,AVE,2026-02-28 15:27:00,2026-02-28 18:03:00,0 days 02:36:00,03305_28-02-2026-15.27,150.5,161.25,171.55,190.55,
03305,60000,04040,Renfe,AVE,2026-02-28 15:27:00,2026-02-28 16:50:00,0 days 01:23:00,03305_28-02-2026-15.27,148.2,156.0,155.6,174.6,
03305,60000,78400,Renfe,AVE,2026-02-28 15:27:00,2026-02-28 17:35:00,0 days 02:08:00,03305_28-02-2026-15.27,136.35,146.1,155.45,174.45,
09725,04104,71801,Renfe,AVE INT,2026-02-28 15:39:00,2026-02-28 16:19:00,0 days 00:40:00,09725_28-02-2026-13.15,22.25,26.7,35.5,54.5,
03163,60000,71801,Renfe,AVE,2026-02-28 16:27:00,2026-02-28 19:19:00,0 days 02:52:00,03163_28-02-2026-16.27,83.0,94.9,94.65,113.65,
03163,60000,04040,Renfe,AVE,2026-02-28 16:27:00,2026-02-28 17:45:00,0 days 01:18:00,03163_28-02-2026-16.27,62.4,70.2,72.6,91.6,
03305,04040,04104,Renfe,AVE,2026-02-28 16:51:00,2026-02-28 18:03:00,0 days 01:12:00,03305_28-02-2026-15.27,90.7,97.2,103.4,122.4,
03305,04040,78400,Renfe,AVE,2026-02-28 16:51:00,2026-02-28 17:35:00,0 days 00:44:00,03305_28-02-2026-15.27,71.95,77.1,82.05,101.05,
03305,04040,71801,Renfe,AVE,2026-02-28 16:51:00,2026-02-28 18:46:00,0 days 01:55:00,03305_28-02-2026-15.27,112.15,120.15,127.85,146.85,
03373,60000,71801,Renfe,AVE,2026-02-28 17:27:00,2026-02-28 20:46:00,0 days 03:19:00,03373_28-02-2026-17.27,166.05,177.9,189.3,208.3,
03373,60000,04040,Renfe,AVE,2026-02-28 17:27:00,2026-02-28 18:51:00,0 days 01:24:00,03373_28-02-2026-17.27,148.2,156.0,155.6,174.6,
03373,60000,04104,Renfe,AVE,2026-02-28 17:27:00,2026-02-28 20:04:00,0 days 02:37:00,03373_28-02-2026-17.27,150.5,161.25,171.55,190.55,
03373,60000,78400,Renfe,AVE,2026-02-28 17:27:00,2026-02-28 19:35:00,0 days 02:08:00,03373_28-02-2026-17.27,136.35,146.1,155.45,174.45,
03373,60000,04007,Renfe,AVE,2026-02-28 17:27:00,2026-02-28 17:53:00,0 days 00:26:00,03373_28-02-2026-17.27,53.35,57.15,60.8,79.8,
03305,78400,04104,Renfe,AVE,2026-02-28 17:37:00,2026-02-28 18:03:00,0 days 00:26:00,03305_28-02-2026-15.27,57.55,61.65,65.6,84.6,
03305,78400,71801,Renfe,AVE,2026-02-28 17:37:00,2026-02-28 18:46:00,0 days 01:09:00,03305_28-02-2026-15.27,81.6,87.45,93.05,112.05,
03163,04040,71801,Renfe,AVE,2026-02-28 17:46:00,2026-02-28 19:19:00,0 days 01:33:00,03163_28-02-2026-16.27,56.05,64.1,63.9,82.9,
03373,04007,04040,Renfe,AVE,2026-02-28 17:54:00,2026-02-28 18:51:00,0 days 00:57:00,03373_28-02-2026-17.27,95.6,102.45,109.0,128.0,
03373,04007,04104,Renfe,AVE,2026-02-28 17:54:00,2026-02-28 20:04:00,0 days 02:10:00,03373_28-02-2026-17.27,139.45,149.4,158.95,177.95,
03373,04007,71801,Renfe,AVE,2026-02-28 17:54:00,2026-02-28 20:46:00,0 days 02:52:00,03373_28-02-2026-17.27,156.25,167.4,178.1,197.1,
03373,04007,78400,Renfe,AVE,2026-02-28 17:54:00,2026-02-28 19:35:00,0 days 01:41:00,03373_28-02-2026-17.27,124.45,133.35,141.9,160.9,
03305,04104,71801,Renfe,AVE,2026-02-28 18:05:00,2026-02-28 18:46:00,0 days 00:41:00,03305_28-02-2026-15.27,62.3,66.75,71.0,90.0,
03183,60000,04040,Renfe,AVE,2026-02-28 18:27:00,2026-02-28 19:45:00,0 days 01:18:00,03183_28-02-2026-18.27,62.4,70.2,72.6,91.6,
03183,60000,71801,Renfe,AVE,2026-02-28 18:27:00,2026-02-28 21:24:00,0 days 02:57:00,03183_28-02-2026-18.27,83.0,94.9,94.65,113.65,
03183,60000,04104,Renfe,AVE,2026-02-28 18:27:00,2026-02-28 20:44:00,0 days 02:17:00,03183_28-02-2026-18.27,75.25,86.0,85.8,104.8,
03373,04040,71801,Renfe,AVE,2026-02-28 18:52:00,2026-02-28 20:46:00,0 days 01:54:00,03373_28-02-2026-17.27,112.15,120.15,127.85,146.85,
03373,04040,78400,Renfe,AVE,2026-02-28 18:52:00,2026-02-28 19:35:00,0 days 00:43:00,03373_28-02-2026-17.27,71.95,77.1,82.05,101.05,
03373,04040,04104,Renfe,AVE,2026-02-28 18:52:00,2026-02-28 20:04:00,0 days 01:12:00,03373_28-02-2026-17.27,90.7,97.2,103.4,122.4,
02861,60000,04007,Renfe,AVE,2026-02-28 19:00:00,2026-02-28 19:28:00,0 days 00:28:00,02861_28-02-2026-19.00,45.7,49.55,60.8,79.8,
02861,60000,04040,Renfe,AVE,2026-02-28 19:00:00,2026-02-28 20:42:00,0 days 01:42:00,02861_28-02-2026-19.00,31.2,39.0,51.85,70.85,
02861,04007,04040,Renfe,AVE,2026-02-28 19:29:00,2026-02-28 20:42:00,0 days 01:13:00,02861_28-02-2026-19.00,27.3,34.15,45.4,64.4,
03309,60000,04007,Renfe,AVE,2026-02-28 19:34:00,2026-02-28 20:00:00,0 days 00:26:00,03309_28-02-2026-19.34,49.55,53.35,50.65,69.65,
03309,60000,04040,Renfe,AVE,2026-02-28 19:34:00,2026-02-28 21:02:00,0 days 01:28:00,03309_28-02-2026-19.34,54.6,62.4,62.25,81.25,
03309,60000,04104,Renfe,AVE,2026-02-28 19:34:00,2026-02-28 22:15:00,0 days 02:41:00,03309_28-02-2026-19.34,53.75,64.5,71.5,90.5,
03309,60000,78400,Renfe,AVE,2026-02-28 19:34:00,2026-02-28 21:46:00,0 days 02:12:00,03309_28-02-2026-19.34,48.7,58.45,64.75,83.75,
03309,60000,71801,Renfe,AVE,2026-02-28 19:34:00,2026-02-28 22:55:00,0 days 03:21:00,03309_28-02-2026-19.34,59.3,71.15,78.85,97.85,
03373,78400,04104,Renfe,AVE,2026-02-28 19:37:00,2026-02-28 20:04:00,0 days 00:27:00,03373_28-02-2026-17.27,57.55,61.65,65.6,84.6,
03373,78400,71801,Renfe,AVE,2026-02-28 19:37:00,2026-02-28 20:46:00,0 days 01:09:00,03373_28-02-2026-17.27,81.6,87.45,93.05,112.05,
03183,04040,04104,Renfe,AVE,2026-02-28 19:46:00,2026-02-28 20:44:00,0 days 00:58:00,03183_28-02-2026-18.27,45.35,51.85,51.7,70.7,
03183,04040,71801,Renfe,AVE,2026-02-28 19:46:00,2026-02-28 21:24:00,0 days 01:38:00,03183_28-02-2026-18.27,56.05,64.1,63.9,82.9,
00437,04040,71801,Renfe,ALVIA,2026-02-28 19:52:00,2026-02-28 22:13:00,0 days 02:21:00,00437_28-02-2026-19.52,35.6,41.5,63.1,,
00437,04040,78400,Renfe,ALVIA,2026-02-28 19:52:00,2026-02-28 20:56:00,0 days 01:04:00,00437_28-02-2026-19.52,26.65,30.5,45.6,,
00437,04040,04104,Renfe,ALVIA,2026-02-28 19:52:00,2026-02-28 21:30:00,0 days 01:38:00,00437_28-02-2026-19.52,33.6,38.4,57.45,,
03931,04040,04104,Renfe,AVE,2026-02-28 20:01:00,2026-02-28 21:16:00,0 days 01:15:00,03931_28-02-2026-20.01,58.3,64.8,68.95,87.95,
03931,04040,78400,Renfe,AVE,2026-02-28 20:01:00,2026-02-28 20:48:00,0 days 00:47:00,03931_28-02-2026-20.01,46.25,51.4,54.7,73.7,
03309,04007,04040,Renfe,AVE,2026-02-28 20:01:00,2026-02-28 21:02:00,0 days 01:01:00,03309_28-02-2026-19.34,47.8,54.65,63.6,82.6,
03309,04007,78400,Renfe,AVE,2026-02-28 20:01:00,2026-02-28 21:46:00,0 days 01:45:00,03309_28-02-2026-19.34,44.45,53.35,59.1,78.1,
03309,04007,71801,Renfe,AVE,2026-02-28 20:01:00,2026-02-28 22:55:00,0 days 02:54:00,03309_28-02-2026-19.34,55.8,66.95,74.2,93.2,
03309,04007,04104,Renfe,AVE,2026-02-28 20:01:00,2026-02-28 22:15:00,0 days 02:14:00,03309_28-02-2026-19.34,49.8,59.75,66.25,85.25,
03931,04040,71801,Renfe,AVE,2026-02-28 20:01:00,2026-02-28 21:58:00,0 days 01:57:00,03931_28-02-2026-20.01,64.1,72.1,74.55,93.55,
03373,04104,71801,Renfe,AVE,2026-02-28 20:06:00,2026-02-28 20:46:00,0 days 00:40:00,03373_28-02-2026-17.27,62.3,66.75,71.0,90.0,
03203,60000,04104,Renfe,AVE,2026-02-28 20:27:00,2026-02-28 23:07:00,0 days 02:40:00,03203_28-02-2026-20.27,53.75,64.5,71.5,90.5,
03203,60000,78400,Renfe,AVE,2026-02-28 20:27:00,2026-02-28 22:40:00,0 days 02:13:00,03203_28-02-2026-20.27,48.7,58.45,64.75,83.75,
03203,60000,04040,Renfe,AVE,2026-02-28 20:27:00,2026-02-28 21:57:00,0 days 01:30:00,03203_28-02-2026-20.27,39.0,46.8,51.85,70.85,
03203,60000,71801,Renfe,AVE,2026-02-28 20:27:00,2026-02-28 23:48:00,0 days 03:21:00,03203_28-02-2026-20.27,47.45,59.3,63.1,82.1,
03203,60000,04007,Renfe,AVE,2026-02-28 20:27:00,2026-02-28 20:52:00,0 days 00:25:00,03203_28-02-2026-20.27,45.7,49.55,60.8,79.8,
03941,04040,71801,Renfe,AVE,2026-02-28 20:38:00,2026-02-28 22:35:00,0 days 01:57:00,03941_28-02-2026-20.38,40.05,48.05,85.25,104.25,
03991,04040,78400,Renfe,AVE,2026-02-28 20:38:00,2026-02-28 21:20:00,0 days 00:42:00,03991_28-02-2026-20.38,51.4,56.55,61.55,80.55,
03991,04040,04104,Renfe,AVE,2026-02-28 20:38:00,2026-02-28 21:51:00,0 days 01:13:00,03991_28-02-2026-20.38,64.8,71.3,77.55,96.55,
03991,04040,71801,Renfe,AVE,2026-02-28 20:38:00,2026-02-28 22:35:00,0 days 01:57:00,03991_28-02-2026-20.38,72.1,80.1,85.25,104.25,
03941,04040,04104,Renfe,AVE,2026-02-28 20:38:00,2026-02-28 21:51:00,0 days 01:13:00,03941_28-02-2026-20.38,38.9,45.35,77.55,96.55,
03941,04040,78400,Renfe,AVE,2026-02-28 20:38:00,2026-02-28 21:20:00,0 days 00:42:00,03941_28-02-2026-20.38,30.85,36.0,61.55,80.55,
03183,04104,71801,Renfe,AVE,2026-02-28 20:46:00,2026-02-28 21:24:00,0 days 00:38:00,03183_28-02-2026-18.27,31.15,35.6,35.5,54.5,
03931,78400,71801,Renfe,AVE,2026-02-28 20:50:00,2026-02-28 21:58:00,0 days 01:08:00,03931_28-02-2026-20.01,52.45,58.3,62.05,81.05,
03931,78400,04104,Renfe,AVE,2026-02-28 20:50:00,2026-02-28 21:16:00,0 days 00:26:00,03931_28-02-2026-20.01,37.0,41.1,43.75,62.75,
03203,04007,04104,Renfe,AVE,2026-02-28 20:53:00,2026-02-28 23:07:00,0 days 02:14:00,03203_28-02-2026-20.27,49.8,59.75,66.25,85.25,
03203,04007,71801,Renfe,AVE,2026-02-28 20:53:00,2026-02-28 23:48:00,0 days 02:55:00,03203_28-02-2026-20.27,44.65,55.8,59.35,78.35,
03203,04007,78400,Renfe,AVE,2026-02-28 20:53:00,2026-02-28 22:40:00,0 days 01:47:00,03203_28-02-2026-20.27,44.45,53.35,59.1,78.1,
03203,04007,04040,Renfe,AVE,2026-02-28 20:53:00,2026-02-28 21:57:00,0 days 01:04:00,03203_28-02-2026-20.27,34.15,41.0,45.4,64.4,
00437,78400,71801,Renfe,ALVIA,2026-02-28 20:58:00,2026-02-28 22:13:00,0 days 01:15:00,00437_28-02-2026-19.52,30.25,34.55,51.7,,
00437,78400,04104,Renfe,ALVIA,2026-02-28 20:58:00,2026-02-28 21:30:00,0 days 00:32:00,00437_28-02-2026-19.52,21.35,24.4,36.5,,
03309,04040,04104,Renfe,AVE,2026-02-28 21:03:00,2026-02-28 22:15:00,0 days 01:12:00,03309_28-02-2026-19.34,38.9,45.35,51.7,70.7,
03309,04040,71801,Renfe,AVE,2026-02-28 21:03:00,2026-02-28 22:55:00,0 days 01:52:00,03309_28-02-2026-19.34,48.05,56.05,63.9,82.9,
03309,04040,78400,Renfe,AVE,2026-02-28 21:03:00,2026-02-28 21:46:00,0 days 00:43:00,03309_28-02-2026-19.34,30.85,36.0,41.0,60.0,
03931,04104,71801,Renfe,AVE,2026-02-28 21:18:00,2026-02-28 21:58:00,0 days 00:40:00,03931_28-02-2026-20.01,40.05,44.5,47.35,66.35,
03941,78400,71801,Renfe,AVE,2026-02-28 21:22:00,2026-02-28 22:35:00,0 days 01:13:00,03941_28-02-2026-20.38,35.0,40.8,69.8,88.8,
03941,78400,04104,Renfe,AVE,2026-02-28 21:22:00,2026-02-28 21:51:00,0 days 00:29:00,03941_28-02-2026-20.38,24.65,28.75,49.2,68.2,
03991,78400,04104,Renfe,AVE,2026-02-28 21:22:00,2026-02-28 21:51:00,0 days 00:29:00,03991_28-02-2026-20.38,41.1,45.2,49.2,68.2,
03991,78400,71801,Renfe,AVE,2026-02-28 21:22:00,2026-02-28 22:35:00,0 days 01:13:00,03991_28-02-2026-20.38,58.3,64.15,69.8,88.8,
00437,04104,71801,Renfe,ALVIA,2026-02-28 21:32:00,2026-02-28 22:13:00,0 days 00:41:00,00437_28-02-2026-19.52,23.1,26.4,39.5,,
03309,78400,71801,Renfe,AVE,2026-02-28 21:48:00,2026-02-28 22:55:00,0 days 01:07:00,03309_28-02-2026-19.34,40.8,46.65,54.3,73.3,
03309,78400,04104,Renfe,AVE,2026-02-28 21:48:00,2026-02-28 22:15:00,0 days 00:27:00,03309_28-02-2026-19.34,28.75,32.9,38.25,57.25,
03991,04104,71801,Renfe,AVE,2026-02-28 21:53:00,2026-02-28 22:35:00,0 days 00:42:00,03991_28-02-2026-20.38,44.5,48.95,53.25,72.25,
03941,04104,71801,Renfe,AVE,2026-02-28 21:53:00,2026-02-28 22:35:00,0 days 00:42:00,03941_28-02-2026-20.38,26.7,31.15,53.25,72.25,
03203,04040,71801,Renfe,AVE,2026-02-28 21:58:00,2026-02-28 23:48:00,0 days 01:50:00,03203_28-02-2026-20.27,40.05,48.05,53.25,72.25,
03203,04040,04104,Renfe,AVE,2026-02-28 21:58:00,2026-02-28 23:07:00,0 days 01:09:00,03203_28-02-2026-20.27,38.9,45.35,51.7,70.7,
03203,04040,78400,Renfe,AVE,2026-02-28 21:58:00,2026-02-28 22:40:00,0 days 00:42:00,03203_28-02-2026-20.27,30.85,36.0,41.0,60.0,
03309,04104,71801,Renfe,AVE,2026-02-28 22:17:00,2026-02-28 22:55:00,0 days 00:38:00,03309_28-02-2026-19.34,31.15,35.6,41.45,60.45,
03203,78400,71801,Renfe,AVE,2026-02-28 22:42:00,2026-02-28 23:48:00,0 days 01:06:00,03203_28-02-2026-20.27,35.0,40.8,46.5,65.5,
03203,78400,04104,Renfe,AVE,2026-02-28 22:42:00,2026-02-28 23:07:00,0 days 00:25:00,03203_28-02-2026-20.27,24.65,28.75,32.8,51.8,
03203,04104,71801,Renfe,AVE,2026-02-28 23:09:00,2026-02-28 23:48:00,0 days 00:39:00,03203_28-02-2026-20.27,26.7,31.15,35.5,54.5,
