service_id,stop_id,arrival,departure
03301_01-02-2026-06.27,60000,0,0
03301_01-02-2026-06.27,70600,59,60
03301_01-02-2026-06.27,04040,85,86
03301_01-02-2026-06.27,04104,146,148
03301_01-02-2026-06.27,71801,184,184
03073_01-02-2026-07.27,60000,0,0
03073_01-02-2026-07.27,04007,25,26
03073_01-02-2026-07.27,04040,84,85
03073_01-02-2026-07.27,78400,128,130
03073_01-02-2026-07.27,04104,157,159
03073_01-02-2026-07.27,71801,199,215
03073_01-02-2026-07.27,79206,255,257
03073_01-02-2026-07.27,04307,272,272
03083_01-02-2026-08.27,60000,0,0
03083_01-02-2026-08.27,04040,78,79
03083_01-02-2026-08.27,71801,172,172
02561_01-02-2026-09.27,51003,0,0
02561_01-02-2026-09.27,50500,46,48
02561_01-02-2026-09.27,37300,94,96
02561_01-02-2026-09.27,37200,108,110
02561_01-02-2026-09.27,60000,176,207
02561_01-02-2026-09.27,04040,286,287
02561_01-02-2026-09.27,78400,332,334
02561_01-02-2026-09.27,04104,360,362
02561_01-02-2026-09.27,71801,401,409
02561_01-02-2026-09.27,79206,450,452
02561_01-02-2026-09.27,04307,467,467
03303_01-02-2026-10.27,60000,0,0
03303_01-02-2026-10.27,04040,80,81
03303_01-02-2026-10.27,71801,172,172
03113_01-02-2026-11.27,60000,0,0
03113_01-02-2026-11.27,70600,58,59
03113_01-02-2026-11.27,04040,84,85
03113_01-02-2026-11.27,78400,128,130
03113_01-02-2026-11.27,04104,157,159
03113_01-02-2026-11.27,71801,199,199
02591_01-02-2026-12.27,51003,0,0
02591_01-02-2026-12.27,50500,41,43
02591_01-02-2026-12.27,60000,158,173
02591_01-02-2026-12.27,04040,251,252
02591_01-02-2026-12.27,78400,295,297
02591_01-02-2026-12.27,71801,370,380
02591_01-02-2026-12.27,79206,421,423
02591_01-02-2026-12.27,04307,438,438
09725_01-02-2026-13.15,60000,0,0
09725_01-02-2026-13.15,04007,26,28
09725_01-02-2026-13.15,04040,85,88
09725_01-02-2026-13.15,04104,142,144
09725_01-02-2026-13.15,71801,184,196
09725_01-02-2026-13.15,79206,237,240
09725_01-02-2026-13.15,04307,254,257
09725_01-02-2026-13.15,87374,280,290
09725_01-02-2026-13.15,87088,325,328
09725_01-02-2026-13.15,87173,390,399
09725_01-02-2026-13.15,87302,428,431
09725_01-02-2026-13.15,87814,457,460
09725_01-02-2026-13.15,87912,479,482
09725_01-02-2026-13.15,87089,495,495
03141_01-02-2026-13.57,60000,0,0
03141_01-02-2026-13.57,71801,157,157
03143_01-02-2026-14.27,60000,0,0
03143_01-02-2026-14.27,70600,58,59
03143_01-02-2026-14.27,04040,84,85
03143_01-02-2026-14.27,71801,177,187
03143_01-02-2026-14.27,79206,233,236
03143_01-02-2026-14.27,04307,252,252
03305_01-02-2026-15.27,60000,0,0
03305_01-02-2026-15.27,70600,58,59
03305_01-02-2026-15.27,04040,83,84
03305_01-02-2026-15.27,78400,128,130
03305_01-02-2026-15.27,04104,156,158
03305_01-02-2026-15.27,71801,199,199
03161_01-02-2026-15.57,60000,0,0
03161_01-02-2026-15.57,71801,157,157
03163_01-02-2026-16.27,60000,0,0
03163_01-02-2026-16.27,04040,78,79
03163_01-02-2026-16.27,71801,172,172
03171_01-02-2026-16.57,60000,0,0
03171_01-02-2026-16.57,71801,157,157
03373_01-02-2026-17.27,60000,0,0
03373_01-02-2026-17.27,04007,26,27
03373_01-02-2026-17.27,04040,84,85
03373_01-02-2026-17.27,78400,128,130
03373_01-02-2026-17.27,04104,157,159
03373_01-02-2026-17.27,71801,199,199
02553_01-02-2026-17.57,54413,0,0
02553_01-02-2026-17.57,50500,47,49
02553_01-02-2026-17.57,60000,165,181
02553_01-02-2026-17.57,71801,338,338
03183_01-02-2026-18.27,60000,0,0
03183_01-02-2026-18.27,04040,78,79
03183_01-02-2026-18.27,04104,137,139
03183_01-02-2026-18.27,71801,177,177
03191_01-02-2026-18.57,60000,0,0
03191_01-02-2026-18.57,71801,157,167
03191_01-02-2026-18.57,79206,208,210
03191_01-02-2026-18.57,04307,225,225
03309_01-02-2026-19.34,60000,0,0
03309_01-02-2026-19.34,04007,26,27
03309_01-02-2026-19.34,70600,62,63
03309_01-02-2026-19.34,04040,88,89
03309_01-02-2026-19.34,78400,132,134
03309_01-02-2026-19.34,04104,161,163
03309_01-02-2026-19.34,71801,201,211
03309_01-02-2026-19.34,79206,252,253
03309_01-02-2026-19.34,04307,268,268
03201_01-02-2026-20.05,60000,0,0
03201_01-02-2026-20.05,71801,157,157
03203_01-02-2026-20.27,60000,0,0
03203_01-02-2026-20.27,04007,25,26
03203_01-02-2026-20.27,70600,65,66
03203_01-02-2026-20.27,04040,90,91
03203_01-02-2026-20.27,78400,133,135
03203_01-02-2026-20.27,04104,160,162
03203_01-02-2026-20.27,71801,201,201
02883_01-02-2026-21.07,54413,0,0
02883_01-02-2026-21.07,50500,47,49
02883_01-02-2026-21.07,60000,164,190
02883_01-02-2026-21.07,04040,269,270
02883_01-02-2026-21.07,71801,362,362
03301_02-02-2026-06.16,60000,0,0
03301_02-02-2026-06.16,04104,125,127
03301_02-02-2026-06.16,71801,169,169
03063_02-02-2026-06.27,60000,0,0
03063_02-02-2026-06.27,70600,59,60
03063_02-02-2026-06.27,04040,85,86
03063_02-02-2026-06.27,71801,178,178
03071_02-02-2026-06.57,60000,0,0
03071_02-02-2026-06.57,71801,157,157
03073_02-02-2026-07.27,60000,0,0
03073_02-02-2026-07.27,04007,25,26
03073_02-02-2026-07.27,04040,84,85
03073_02-02-2026-07.27,78400,128,130
03073_02-02-2026-07.27,04104,157,159
03073_02-02-2026-07.27,71801,199,215
03073_02-02-2026-07.27,79206,255,257
03073_02-02-2026-07.27,04307,272,272
03081_02-02-2026-07.57,60000,0,0
03081_02-02-2026-07.57,71801,157,157
03083_02-02-2026-08.27,60000,0,0
03083_02-02-2026-08.27,04040,78,79
03083_02-02-2026-08.27,71801,172,172
03091_02-02-2026-08.57,60000,0,0
03091_02-02-2026-08.57,04104,124,126
03091_02-02-2026-08.57,71801,164,164
02561_02-02-2026-09.27,51003,0,0
02561_02-02-2026-09.27,50500,46,48
02561_02-02-2026-09.27,37300,94,96
02561_02-02-2026-09.27,37200,108,110
02561_02-02-2026-09.27,60000,176,207
02561_02-02-2026-09.27,04040,286,287
02561_02-02-2026-09.27,78400,332,334
02561_02-02-2026-09.27,04104,360,362
02561_02-02-2026-09.27,71801,401,409
02561_02-02-2026-09.27,79206,450,452
02561_02-02-2026-09.27,04307,467,467
03303_02-02-2026-10.27,60000,0,0
03303_02-02-2026-10.27,04040,80,81
03303_02-02-2026-10.27,71801,172,172
03113_02-02-2026-11.27,60000,0,0
03113_02-02-2026-11.27,70600,58,59
03113_02-02-2026-11.27,04040,84,85
03113_02-02-2026-11.27,78400,128,130
03113_02-02-2026-11.27,04104,157,159
03113_02-02-2026-11.27,71801,199,199
02591_02-02-2026-12.27,51003,0,0
02591_02-02-2026-12.27,50500,41,43
02591_02-02-2026-12.27,60000,158,173
02591_02-02-2026-12.27,04040,251,252
02591_02-02-2026-12.27,78400,295,297
02591_02-02-2026-12.27,71801,370,380
02591_02-02-2026-12.27,79206,421,423
02591_02-02-2026-12.27,04307,438,438
09725_02-02-2026-13.15,60000,0,0
09725_02-02-2026-13.15,04007,26,28
09725_02-02-2026-13.15,04040,85,88
09725_02-02-2026-13.15,04104,142,144
09725_02-02-2026-13.15,71801,184,196
09725_02-02-2026-13.15,79206,237,240
09725_02-02-2026-13.15,04307,254,257
09725_02-02-2026-13.15,87374,280,290
09725_02-02-2026-13.15,87088,325,328
09725_02-02-2026-13.15,87173,390,399
09725_02-02-2026-13.15,87302,428,431
09725_02-02-2026-13.15,87814,457,460
09725_02-02-2026-13.15,87912,479,482
09725_02-02-2026-13.15,87089,495,495
03141_02-02-2026-13.57,60000,0,0
03141_02-02-2026-13.57,71801,157,157
03143_02-02-2026-14.27,60000,0,0
03143_02-02-2026-14.27,70600,58,59
03143_02-02-2026-14.27,04040,84,85
03143_02-02-2026-14.27,71801,177,187
03143_02-02-2026-14.27,79206,233,236
03143_02-02-2026-14.27,04307,252,252
03151_02-02-2026-14.57,60000,0,0
03151_02-02-2026-14.57,71801,157,157
03305_02-02-2026-15.27,60000,0,0
03305_02-02-2026-15.27,70600,58,59
03305_02-02-2026-15.27,04040,83,84
03305_02-02-2026-15.27,78400,128,130
03305_02-02-2026-15.27,04104,156,158
03305_02-02-2026-15.27,71801,199,199
03161_02-02-2026-15.57,60000,0,0
03161_02-02-2026-15.57,71801,157,157
03163_02-02-2026-16.27,60000,0,0
03163_02-02-2026-16.27,04040,78,79
03163_02-02-2026-16.27,71801,172,178
03163_02-02-2026-16.27,79206,227,229
03163_02-02-2026-16.27,04307,244,244
03171_02-02-2026-16.57,60000,0,0
03171_02-02-2026-16.57,71801,157,157
03173_02-02-2026-17.27,60000,0,0
03173_02-02-2026-17.27,04007,26,27
03173_02-02-2026-17.27,04040,84,85
03173_02-02-2026-17.27,78400,128,130
03173_02-02-2026-17.27,04104,157,159
03173_02-02-2026-17.27,71801,199,199
02553_02-02-2026-17.57,54413,0,0
02553_02-02-2026-17.57,50500,47,49
02553_02-02-2026-17.57,60000,165,181
02553_02-02-2026-17.57,71801,338,338
03183_02-02-2026-18.27,60000,0,0
03183_02-02-2026-18.27,04040,78,79
03183_02-02-2026-18.27,04104,137,139
03183_02-02-2026-18.27,71801,177,177
03191_02-02-2026-18.57,60000,0,0
03191_02-02-2026-18.57,71801,157,167
03191_02-02-2026-18.57,79206,208,210
03191_02-02-2026-18.57,04307,225,225
03309_02-02-2026-19.34,60000,0,0
03309_02-02-2026-19.34,04007,26,27
03309_02-02-2026-19.34,70600,62,63
03309_02-02-2026-19.34,04040,88,89
03309_02-02-2026-19.34,78400,132,134
03309_02-02-2026-19.34,04104,161,163
03309_02-02-2026-19.34,71801,201,211
03309_02-02-2026-19.34,79206,252,253
03309_02-02-2026-19.34,04307,268,268
03203_02-02-2026-20.27,60000,0,0
03203_02-02-2026-20.27,04007,25,26
03203_02-02-2026-20.27,70600,65,66
03203_02-02-2026-20.27,04040,90,91
03203_02-02-2026-20.27,78400,133,135
03203_02-02-2026-20.27,04104,160,162
03203_02-02-2026-20.27,71801,201,201
03301_03-02-2026-06.16,60000,0,0
03301_03-02-2026-06.16,04104,125,127
03301_03-02-2026-06.16,71801,169,169
03063_03-02-2026-06.27,60000,0,0
03063_03-02-2026-06.27,70600,59,60
03063_03-02-2026-06.27,04040,85,86
03063_03-02-2026-06.27,71801,178,178
03071_03-02-2026-06.57,60000,0,0
03071_03-02-2026-06.57,71801,157,157
03073_03-02-2026-07.27,60000,0,0
03073_03-02-2026-07.27,04007,25,26
03073_03-02-2026-07.27,04040,84,85
03073_03-02-2026-07.27,78400,128,130
03073_03-02-2026-07.27,04104,157,159
03073_03-02-2026-07.27,71801,199,215
03073_03-02-2026-07.27,79206,255,257
03073_03-02-2026-07.27,04307,272,272
03081_03-02-2026-07.57,60000,0,0
03081_03-02-2026-07.57,71801,157,157
03083_03-02-2026-08.27,60000,0,0
03083_03-02-2026-08.27,04040,78,79
03083_03-02-2026-08.27,71801,172,172
03091_03-02-2026-08.57,60000,0,0
03091_03-02-2026-08.57,04104,124,126
03091_03-02-2026-08.57,71801,164,164
02561_03-02-2026-09.27,51003,0,0
02561_03-02-2026-09.27,50500,46,48
02561_03-02-2026-09.27,37300,94,96
02561_03-02-2026-09.27,37200,108,110
02561_03-02-2026-09.27,60000,176,207
02561_03-02-2026-09.27,04040,286,287
02561_03-02-2026-09.27,78400,332,334
02561_03-02-2026-09.27,04104,360,362
02561_03-02-2026-09.27,71801,401,409
02561_03-02-2026-09.27,79206,450,452
02561_03-02-2026-09.27,04307,467,467
03303_03-02-2026-10.27,60000,0,0
03303_03-02-2026-10.27,04040,80,81
03303_03-02-2026-10.27,71801,172,172
03113_03-02-2026-11.27,60000,0,0
03113_03-02-2026-11.27,70600,58,59
03113_03-02-2026-11.27,04040,84,85
03113_03-02-2026-11.27,78400,128,130
03113_03-02-2026-11.27,04104,157,159
03113_03-02-2026-11.27,71801,199,199
02591_03-02-2026-12.27,51003,0,0
02591_03-02-2026-12.27,50500,41,43
02591_03-02-2026-12.27,60000,158,173
02591_03-02-2026-12.27,04040,251,252
02591_03-02-2026-12.27,78400,295,297
02591_03-02-2026-12.27,71801,370,380
02591_03-02-2026-12.27,79206,421,423
02591_03-02-2026-12.27,04307,438,438
09725_03-02-2026-13.15,60000,0,0
09725_03-02-2026-13.15,04007,26,28
09725_03-02-2026-13.15,04040,85,88
09725_03-02-2026-13.15,04104,142,144
09725_03-02-2026-13.15,71801,184,196
09725_03-02-2026-13.15,79206,237,240
09725_03-02-2026-13.15,04307,254,257
09725_03-02-2026-13.15,87374,280,290
09725_03-02-2026-13.15,87088,325,328
09725_03-02-2026-13.15,87173,390,399
09725_03-02-2026-13.15,87302,428,431
09725_03-02-2026-13.15,87814,457,460
09725_03-02-2026-13.15,87912,479,482
09725_03-02-2026-13.15,87089,495,495
03141_03-02-2026-13.57,60000,0,0
03141_03-02-2026-13.57,71801,157,157
03143_03-02-2026-14.27,60000,0,0
03143_03-02-2026-14.27,70600,58,59
03143_03-02-2026-14.27,04040,84,85
03143_03-02-2026-14.27,71801,177,187
03143_03-02-2026-14.27,79206,233,236
03143_03-02-2026-14.27,04307,252,252
03151_03-02-2026-14.57,60000,0,0
03151_03-02-2026-14.57,71801,157,157
03305_03-02-2026-15.27,60000,0,0
03305_03-02-2026-15.27,70600,58,59
03305_03-02-2026-15.27,04040,83,84
03305_03-02-2026-15.27,78400,128,130
03305_03-02-2026-15.27,04104,156,158
03305_03-02-2026-15.27,71801,199,199
03161_03-02-2026-15.57,60000,0,0
03161_03-02-2026-15.57,71801,157,157
03163_03-02-2026-16.27,60000,0,0
03163_03-02-2026-16.27,04040,78,79
03163_03-02-2026-16.27,71801,172,178
03163_03-02-2026-16.27,79206,227,229
03163_03-02-2026-16.27,04307,244,244
03171_03-02-2026-16.57,60000,0,0
03171_03-02-2026-16.57,71801,157,157
03173_03-02-2026-17.27,60000,0,0
03173_03-02-2026-17.27,04007,26,27
03173_03-02-2026-17.27,04040,84,85
03173_03-02-2026-17.27,78400,128,130
03173_03-02-2026-17.27,04104,157,159
03173_03-02-2026-17.27,71801,199,199
02553_03-02-2026-17.57,54413,0,0
02553_03-02-2026-17.57,50500,47,49
02553_03-02-2026-17.57,60000,165,181
02553_03-02-2026-17.57,71801,338,338
03183_03-02-2026-18.27,60000,0,0
03183_03-02-2026-18.27,04040,78,79
03183_03-02-2026-18.27,04104,137,139
03183_03-02-2026-18.27,71801,177,177
03191_03-02-2026-18.57,60000,0,0
03191_03-02-2026-18.57,71801,157,167
03191_03-02-2026-18.57,79206,208,210
03191_03-02-2026-18.57,04307,225,225
03309_03-02-2026-19.34,60000,0,0
03309_03-02-2026-19.34,04007,26,27
03309_03-02-2026-19.34,70600,62,63
03309_03-02-2026-19.34,04040,88,89
03309_03-02-2026-19.34,78400,132,134
03309_03-02-2026-19.34,04104,161,163
03309_03-02-2026-19.34,71801,201,211
03309_03-02-2026-19.34,79206,252,253
03309_03-02-2026-19.34,04307,268,268
03203_03-02-2026-20.27,60000,0,0
03203_03-02-2026-20.27,04007,25,26
03203_03-02-2026-20.27,70600,65,66
03203_03-02-2026-20.27,04040,90,91
03203_03-02-2026-20.27,78400,133,135
03203_03-02-2026-20.27,04104,160,162
03203_03-02-2026-20.27,71801,201,201
03301_04-02-2026-06.16,60000,0,0
03301_04-02-2026-06.16,04104,125,127
03301_04-02-2026-06.16,71801,169,169
03063_04-02-2026-06.27,60000,0,0
03063_04-02-2026-06.27,70600,59,60
03063_04-02-2026-06.27,04040,85,86
03063_04-02-2026-06.27,71801,178,178
03071_04-02-2026-06.57,60000,0,0
03071_04-02-2026-06.57,71801,157,157
03073_04-02-2026-07.27,60000,0,0
03073_04-02-2026-07.27,04007,25,26
03073_04-02-2026-07.27,04040,84,85
03073_04-02-2026-07.27,78400,128,130
03073_04-02-2026-07.27,04104,157,159
03073_04-02-2026-07.27,71801,199,215
03073_04-02-2026-07.27,79206,255,257
03073_04-02-2026-07.27,04307,272,272
03081_04-02-2026-07.57,60000,0,0
03081_04-02-2026-07.57,71801,157,157
03083_04-02-2026-08.27,60000,0,0
03083_04-02-2026-08.27,04040,78,79
03083_04-02-2026-08.27,71801,172,172
03091_04-02-2026-08.57,60000,0,0
03091_04-02-2026-08.57,04104,124,126
03091_04-02-2026-08.57,71801,164,164
02561_04-02-2026-09.27,51003,0,0
02561_04-02-2026-09.27,50500,46,48
02561_04-02-2026-09.27,37300,94,96
02561_04-02-2026-09.27,37200,108,110
02561_04-02-2026-09.27,60000,176,207
02561_04-02-2026-09.27,04040,286,287
02561_04-02-2026-09.27,78400,332,334
02561_04-02-2026-09.27,04104,360,362
02561_04-02-2026-09.27,71801,401,409
02561_04-02-2026-09.27,79206,450,452
02561_04-02-2026-09.27,04307,467,467
03303_04-02-2026-10.27,60000,0,0
03303_04-02-2026-10.27,04040,80,81
03303_04-02-2026-10.27,71801,172,172
03113_04-02-2026-11.27,60000,0,0
03113_04-02-2026-11.27,70600,58,59
03113_04-02-2026-11.27,04040,84,85
03113_04-02-2026-11.27,78400,128,130
03113_04-02-2026-11.27,04104,157,159
03113_04-02-2026-11.27,71801,199,199
02591_04-02-2026-12.27,51003,0,0
02591_04-02-2026-12.27,50500,41,43
02591_04-02-2026-12.27,60000,158,173
02591_04-02-2026-12.27,04040,251,252
02591_04-02-2026-12.27,78400,295,297
02591_04-02-2026-12.27,71801,370,380
02591_04-02-2026-12.27,79206,421,423
02591_04-02-2026-12.27,04307,438,438
09725_04-02-2026-13.15,60000,0,0
09725_04-02-2026-13.15,04007,26,28
09725_04-02-2026-13.15,04040,85,88
09725_04-02-2026-13.15,04104,142,144
09725_04-02-2026-13.15,71801,184,196
09725_04-02-2026-13.15,79206,237,240
09725_04-02-2026-13.15,04307,254,257
09725_04-02-2026-13.15,87374,280,290
09725_04-02-2026-13.15,87088,325,328
09725_04-02-2026-13.15,87173,390,399
09725_04-02-2026-13.15,87302,428,431
09725_04-02-2026-13.15,87814,457,460
09725_04-02-2026-13.15,87912,479,482
09725_04-02-2026-13.15,87089,495,495
03141_04-02-2026-13.57,60000,0,0
03141_04-02-2026-13.57,71801,157,157
03143_04-02-2026-14.27,60000,0,0
03143_04-02-2026-14.27,70600,58,59
03143_04-02-2026-14.27,04040,84,85
03143_04-02-2026-14.27,71801,177,187
03143_04-02-2026-14.27,79206,233,236
03143_04-02-2026-14.27,04307,252,252
03151_04-02-2026-14.57,60000,0,0
03151_04-02-2026-14.57,71801,157,157
03305_04-02-2026-15.27,60000,0,0
03305_04-02-2026-15.27,70600,58,59
03305_04-02-2026-15.27,04040,83,84
03305_04-02-2026-15.27,78400,128,130
03305_04-02-2026-15.27,04104,156,158
03305_04-02-2026-15.27,71801,199,199
03161_04-02-2026-15.57,60000,0,0
03161_04-02-2026-15.57,71801,157,157
03163_04-02-2026-16.27,60000,0,0
03163_04-02-2026-16.27,04040,78,79
03163_04-02-2026-16.27,71801,172,178
03163_04-02-2026-16.27,79206,227,229
03163_04-02-2026-16.27,04307,244,244
03171_04-02-2026-16.57,60000,0,0
03171_04-02-2026-16.57,71801,157,157
03173_04-02-2026-17.27,60000,0,0
03173_04-02-2026-17.27,04007,26,27
03173_04-02-2026-17.27,04040,84,85
03173_04-02-2026-17.27,78400,128,130
03173_04-02-2026-17.27,04104,157,159
03173_04-02-2026-17.27,71801,199,199
02553_04-02-2026-17.57,54413,0,0
02553_04-02-2026-17.57,50500,47,49
02553_04-02-2026-17.57,60000,165,181
02553_04-02-2026-17.57,71801,338,338
03183_04-02-2026-18.27,60000,0,0
03183_04-02-2026-18.27,04040,78,79
03183_04-02-2026-18.27,04104,137,139
03183_04-02-2026-18.27,71801,177,177
03191_04-02-2026-18.57,60000,0,0
03191_04-02-2026-18.57,71801,157,167
03191_04-02-2026-18.57,79206,208,210
03191_04-02-2026-18.57,04307,225,225
03309_04-02-2026-19.34,60000,0,0
03309_04-02-2026-19.34,04007,26,27
03309_04-02-2026-19.34,70600,62,63
03309_04-02-2026-19.34,04040,88,89
03309_04-02-2026-19.34,78400,132,134
03309_04-02-2026-19.34,04104,161,163
03309_04-02-2026-19.34,71801,201,211
03309_04-02-2026-19.34,79206,252,253
03309_04-02-2026-19.34,04307,268,268
03201_04-02-2026-20.05,60000,0,0
03201_04-02-2026-20.05,71801,157,157
03203_04-02-2026-20.27,60000,0,0
03203_04-02-2026-20.27,04007,25,26
03203_04-02-2026-20.27,70600,65,66
03203_04-02-2026-20.27,04040,90,91
03203_04-02-2026-20.27,78400,133,135
03203_04-02-2026-20.27,04104,160,162
03203_04-02-2026-20.27,71801,201,201
02883_04-02-2026-21.07,54413,0,0
02883_04-02-2026-21.07,50500,47,49
02883_04-02-2026-21.07,60000,164,190
02883_04-02-2026-21.07,04040,269,270
02883_04-02-2026-21.07,71801,362,362
03301_05-02-2026-06.16,60000,0,0
03301_05-02-2026-06.16,04104,125,127
03301_05-02-2026-06.16,71801,169,169
03063_05-02-2026-06.27,60000,0,0
03063_05-02-2026-06.27,70600,59,60
03063_05-02-2026-06.27,04040,85,86
03063_05-02-2026-06.27,71801,178,178
03071_05-02-2026-06.57,60000,0,0
03071_05-02-2026-06.57,71801,157,157
03073_05-02-2026-07.27,60000,0,0
03073_05-02-2026-07.27,04007,25,26
03073_05-02-2026-07.27,04040,84,85
03073_05-02-2026-07.27,78400,128,130
03073_05-02-2026-07.27,04104,157,159
03073_05-02-2026-07.27,71801,199,215
03073_05-02-2026-07.27,79206,255,257
03073_05-02-2026-07.27,04307,272,272
03081_05-02-2026-07.57,60000,0,0
03081_05-02-2026-07.57,71801,157,157
03083_05-02-2026-08.27,60000,0,0
03083_05-02-2026-08.27,04040,78,79
03083_05-02-2026-08.27,71801,172,172
03091_05-02-2026-08.57,60000,0,0
03091_05-02-2026-08.57,04104,124,126
03091_05-02-2026-08.57,71801,164,164
02561_05-02-2026-09.27,51003,0,0
02561_05-02-2026-09.27,50500,46,48
02561_05-02-2026-09.27,37300,94,96
02561_05-02-2026-09.27,37200,108,110
02561_05-02-2026-09.27,60000,176,207
02561_05-02-2026-09.27,04040,286,287
02561_05-02-2026-09.27,78400,332,334
02561_05-02-2026-09.27,04104,360,362
02561_05-02-2026-09.27,71801,401,409
02561_05-02-2026-09.27,79206,450,452
02561_05-02-2026-09.27,04307,467,467
03303_05-02-2026-10.27,60000,0,0
03303_05-02-2026-10.27,04040,80,81
03303_05-02-2026-10.27,71801,172,172
03113_05-02-2026-11.27,60000,0,0
03113_05-02-2026-11.27,70600,58,59
03113_05-02-2026-11.27,04040,84,85
03113_05-02-2026-11.27,78400,128,130
03113_05-02-2026-11.27,04104,157,159
03113_05-02-2026-11.27,71801,199,199
02591_05-02-2026-12.27,51003,0,0
02591_05-02-2026-12.27,50500,41,43
02591_05-02-2026-12.27,60000,158,173
02591_05-02-2026-12.27,04040,251,252
02591_05-02-2026-12.27,78400,295,297
02591_05-02-2026-12.27,71801,370,380
02591_05-02-2026-12.27,79206,421,423
02591_05-02-2026-12.27,04307,438,438
09725_05-02-2026-13.15,60000,0,0
09725_05-02-2026-13.15,04007,26,28
09725_05-02-2026-13.15,04040,85,88
09725_05-02-2026-13.15,04104,142,144
09725_05-02-2026-13.15,71801,184,196
09725_05-02-2026-13.15,79206,237,240
09725_05-02-2026-13.15,04307,254,257
09725_05-02-2026-13.15,87374,280,290
09725_05-02-2026-13.15,87088,325,328
09725_05-02-2026-13.15,87173,390,399
09725_05-02-2026-13.15,87302,428,431
09725_05-02-2026-13.15,87814,457,460
09725_05-02-2026-13.15,87912,479,482
09725_05-02-2026-13.15,87089,495,495
03141_05-02-2026-13.57,60000,0,0
03141_05-02-2026-13.57,71801,157,157
03143_05-02-2026-14.27,60000,0,0
03143_05-02-2026-14.27,70600,58,59
03143_05-02-2026-14.27,04040,84,85
03143_05-02-2026-14.27,71801,177,187
03143_05-02-2026-14.27,79206,233,236
03143_05-02-2026-14.27,04307,252,252
03151_05-02-2026-14.57,60000,0,0
03151_05-02-2026-14.57,71801,157,157
03305_05-02-2026-15.27,60000,0,0
03305_05-02-2026-15.27,70600,58,59
03305_05-02-2026-15.27,04040,83,84
03305_05-02-2026-15.27,78400,128,130
03305_05-02-2026-15.27,04104,156,158
03305_05-02-2026-15.27,71801,199,199
03161_05-02-2026-15.57,60000,0,0
03161_05-02-2026-15.57,71801,157,157
03163_05-02-2026-16.27,60000,0,0
03163_05-02-2026-16.27,04040,78,79
03163_05-02-2026-16.27,71801,172,178
03163_05-02-2026-16.27,79206,227,229
03163_05-02-2026-16.27,04307,244,244
03171_05-02-2026-16.57,60000,0,0
03171_05-02-2026-16.57,71801,157,157
03173_05-02-2026-17.27,60000,0,0
03173_05-02-2026-17.27,04007,26,27
03173_05-02-2026-17.27,04040,84,85
03173_05-02-2026-17.27,78400,128,130
03173_05-02-2026-17.27,04104,157,159
03173_05-02-2026-17.27,71801,199,199
02553_05-02-2026-17.57,54413,0,0
02553_05-02-2026-17.57,50500,47,49
02553_05-02-2026-17.57,60000,165,181
02553_05-02-2026-17.57,71801,338,338
03183_05-02-2026-18.27,60000,0,0
03183_05-02-2026-18.27,04040,78,79
03183_05-02-2026-18.27,04104,137,139
03183_05-02-2026-18.27,71801,177,177
03191_05-02-2026-18.57,60000,0,0
03191_05-02-2026-18.57,71801,157,167
03191_05-02-2026-18.57,79206,208,210
03191_05-02-2026-18.57,04307,225,225
03309_05-02-2026-19.34,60000,0,0
03309_05-02-2026-19.34,04007,26,27
03309_05-02-2026-19.34,70600,62,63
03309_05-02-2026-19.34,04040,88,89
03309_05-02-2026-19.34,78400,132,134
03309_05-02-2026-19.34,04104,161,163
03309_05-02-2026-19.34,71801,201,211
03309_05-02-2026-19.34,79206,252,253
03309_05-02-2026-19.34,04307,268,268
03201_05-02-2026-20.05,60000,0,0
03201_05-02-2026-20.05,71801,157,157
03203_05-02-2026-20.27,60000,0,0
03203_05-02-2026-20.27,04007,25,26
03203_05-02-2026-20.27,70600,65,66
03203_05-02-2026-20.27,04040,90,91
03203_05-02-2026-20.27,78400,133,135
03203_05-02-2026-20.27,04104,160,162
03203_05-02-2026-20.27,71801,201,201
02883_05-02-2026-21.07,54413,0,0
02883_05-02-2026-21.07,50500,47,49
02883_05-02-2026-21.07,60000,164,190
02883_05-02-2026-21.07,04040,269,270
02883_05-02-2026-21.07,71801,362,362
03301_06-02-2026-06.27,60000,0,0
03301_06-02-2026-06.27,70600,59,60
03301_06-02-2026-06.27,04040,85,86
03301_06-02-2026-06.27,71801,178,178
03071_06-02-2026-06.57,60000,0,0
03071_06-02-2026-06.57,71801,157,157
03073_06-02-2026-07.27,60000,0,0
03073_06-02-2026-07.27,04007,25,26
03073_06-02-2026-07.27,04040,84,85
03073_06-02-2026-07.27,78400,128,130
03073_06-02-2026-07.27,04104,157,159
03073_06-02-2026-07.27,71801,199,215
03073_06-02-2026-07.27,79206,255,257
03073_06-02-2026-07.27,04307,272,272
03081_06-02-2026-07.57,60000,0,0
03081_06-02-2026-07.57,71801,157,157
03091_06-02-2026-08.57,60000,0,0
03091_06-02-2026-08.57,04104,124,126
03091_06-02-2026-08.57,71801,164,164
02561_06-02-2026-09.27,51003,0,0
02561_06-02-2026-09.27,50500,46,48
02561_06-02-2026-09.27,37300,94,96
02561_06-02-2026-09.27,37200,108,110
02561_06-02-2026-09.27,60000,176,207
02561_06-02-2026-09.27,04040,286,287
02561_06-02-2026-09.27,78400,332,334
02561_06-02-2026-09.27,04104,360,362
02561_06-02-2026-09.27,71801,401,409
02561_06-02-2026-09.27,79206,450,452
02561_06-02-2026-09.27,04307,467,467
03303_06-02-2026-10.27,60000,0,0
03303_06-02-2026-10.27,04040,80,81
03303_06-02-2026-10.27,71801,172,172
03113_06-02-2026-11.27,60000,0,0
03113_06-02-2026-11.27,70600,58,59
03113_06-02-2026-11.27,04040,84,85
03113_06-02-2026-11.27,78400,128,130
03113_06-02-2026-11.27,04104,157,159
03113_06-02-2026-11.27,71801,199,199
02591_06-02-2026-12.27,51003,0,0
02591_06-02-2026-12.27,50500,41,43
02591_06-02-2026-12.27,60000,158,173
02591_06-02-2026-12.27,04040,251,252
02591_06-02-2026-12.27,78400,295,297
02591_06-02-2026-12.27,71801,370,380
02591_06-02-2026-12.27,79206,421,423
02591_06-02-2026-12.27,04307,438,438
09725_06-02-2026-13.15,60000,0,0
09725_06-02-2026-13.15,04007,26,28
09725_06-02-2026-13.15,04040,85,88
09725_06-02-2026-13.15,04104,142,144
09725_06-02-2026-13.15,71801,184,196
09725_06-02-2026-13.15,79206,237,240
09725_06-02-2026-13.15,04307,254,257
09725_06-02-2026-13.15,87374,280,290
09725_06-02-2026-13.15,87088,325,328
09725_06-02-2026-13.15,87173,390,399
09725_06-02-2026-13.15,87302,428,431
09725_06-02-2026-13.15,87814,457,460
09725_06-02-2026-13.15,87912,479,482
09725_06-02-2026-13.15,87089,495,495
03141_06-02-2026-13.57,60000,0,0
03141_06-02-2026-13.57,71801,157,157
03143_06-02-2026-14.27,60000,0,0
03143_06-02-2026-14.27,70600,58,59
03143_06-02-2026-14.27,04040,84,85
03143_06-02-2026-14.27,71801,177,187
03143_06-02-2026-14.27,79206,233,236
03143_06-02-2026-14.27,04307,252,252
03151_06-02-2026-14.57,60000,0,0
03151_06-02-2026-14.57,71801,157,157
03305_06-02-2026-15.27,60000,0,0
03305_06-02-2026-15.27,70600,58,59
03305_06-02-2026-15.27,04040,83,84
03305_06-02-2026-15.27,78400,128,130
03305_06-02-2026-15.27,04104,156,158
03305_06-02-2026-15.27,71801,199,199
03161_06-02-2026-15.57,60000,0,0
03161_06-02-2026-15.57,71801,157,157
03163_06-02-2026-16.27,60000,0,0
03163_06-02-2026-16.27,04040,78,79
03163_06-02-2026-16.27,71801,172,178
03163_06-02-2026-16.27,79206,227,229
03163_06-02-2026-16.27,04307,244,244
03171_06-02-2026-16.57,60000,0,0
03171_06-02-2026-16.57,71801,157,157
03373_06-02-2026-17.27,60000,0,0
03373_06-02-2026-17.27,04007,26,27
03373_06-02-2026-17.27,04040,84,85
03373_06-02-2026-17.27,78400,128,130
03373_06-02-2026-17.27,04104,157,159
03373_06-02-2026-17.27,71801,199,199
02553_06-02-2026-17.57,54413,0,0
02553_06-02-2026-17.57,50500,47,49
02553_06-02-2026-17.57,60000,165,181
02553_06-02-2026-17.57,71801,338,338
03183_06-02-2026-18.27,60000,0,0
03183_06-02-2026-18.27,04040,78,79
03183_06-02-2026-18.27,04104,137,139
03183_06-02-2026-18.27,71801,177,177
03191_06-02-2026-18.57,60000,0,0
03191_06-02-2026-18.57,71801,157,157
03309_06-02-2026-19.34,60000,0,0
03309_06-02-2026-19.34,04007,26,27
03309_06-02-2026-19.34,70600,62,63
03309_06-02-2026-19.34,04040,88,89
03309_06-02-2026-19.34,78400,132,134
03309_06-02-2026-19.34,04104,161,163
03309_06-02-2026-19.34,71801,201,211
03309_06-02-2026-19.34,79206,252,253
03309_06-02-2026-19.34,04307,268,268
03201_06-02-2026-20.05,60000,0,0
03201_06-02-2026-20.05,71801,157,157
03203_06-02-2026-20.27,60000,0,0
03203_06-02-2026-20.27,04007,25,26
03203_06-02-2026-20.27,70600,65,66
03203_06-02-2026-20.27,04040,90,91
03203_06-02-2026-20.27,78400,133,135
03203_06-02-2026-20.27,04104,160,162
03203_06-02-2026-20.27,71801,201,201
02883_06-02-2026-21.07,54413,0,0
02883_06-02-2026-21.07,50500,47,49
02883_06-02-2026-21.07,60000,164,190
02883_06-02-2026-21.07,04040,269,270
02883_06-02-2026-21.07,71801,362,362
03301_07-02-2026-06.27,60000,0,0
03301_07-02-2026-06.27,70600,59,60
03301_07-02-2026-06.27,04040,85,86
03301_07-02-2026-06.27,04104,146,148
03301_07-02-2026-06.27,71801,184,184
03073_07-02-2026-07.27,60000,0,0
03073_07-02-2026-07.27,04007,25,26
03073_07-02-2026-07.27,04040,84,85
03073_07-02-2026-07.27,78400,128,130
03073_07-02-2026-07.27,04104,157,159
03073_07-02-2026-07.27,71801,199,215
03073_07-02-2026-07.27,79206,255,257
03073_07-02-2026-07.27,04307,272,272
03083_07-02-2026-08.27,60000,0,0
03083_07-02-2026-08.27,04040,78,79
03083_07-02-2026-08.27,71801,172,172
03091_07-02-2026-08.57,60000,0,0
03091_07-02-2026-08.57,04104,124,126
03091_07-02-2026-08.57,71801,164,164
02561_07-02-2026-09.27,51003,0,0
02561_07-02-2026-09.27,50500,46,48
02561_07-02-2026-09.27,37300,94,96
02561_07-02-2026-09.27,37200,108,110
02561_07-02-2026-09.27,60000,176,207
02561_07-02-2026-09.27,04040,286,287
02561_07-02-2026-09.27,78400,332,334
02561_07-02-2026-09.27,04104,360,362
02561_07-02-2026-09.27,71801,401,409
02561_07-02-2026-09.27,79206,450,452
02561_07-02-2026-09.27,04307,467,467
03303_07-02-2026-10.27,60000,0,0
03303_07-02-2026-10.27,04040,80,81
03303_07-02-2026-10.27,71801,172,172
03113_07-02-2026-11.27,60000,0,0
03113_07-02-2026-11.27,70600,58,59
03113_07-02-2026-11.27,04040,84,85
03113_07-02-2026-11.27,78400,128,130
03113_07-02-2026-11.27,04104,157,159
03113_07-02-2026-11.27,71801,199,199
02591_07-02-2026-12.27,51003,0,0
02591_07-02-2026-12.27,50500,41,43
02591_07-02-2026-12.27,60000,158,173
02591_07-02-2026-12.27,04040,251,252
02591_07-02-2026-12.27,78400,295,297
02591_07-02-2026-12.27,71801,370,370
09725_07-02-2026-13.15,60000,0,0
09725_07-02-2026-13.15,04007,26,28
09725_07-02-2026-13.15,04040,85,88
09725_07-02-2026-13.15,04104,142,144
09725_07-02-2026-13.15,71801,184,196
09725_07-02-2026-13.15,79206,237,240
09725_07-02-2026-13.15,04307,254,257
09725_07-02-2026-13.15,87374,280,290
09725_07-02-2026-13.15,87088,325,328
09725_07-02-2026-13.15,87173,390,399
09725_07-02-2026-13.15,87302,428,431
09725_07-02-2026-13.15,87814,457,460
09725_07-02-2026-13.15,87912,479,482
09725_07-02-2026-13.15,87089,495,495
03305_07-02-2026-15.27,60000,0,0
03305_07-02-2026-15.27,70600,58,59
03305_07-02-2026-15.27,04040,83,84
03305_07-02-2026-15.27,78400,128,130
03305_07-02-2026-15.27,04104,156,158
03305_07-02-2026-15.27,71801,199,199
03163_07-02-2026-16.27,60000,0,0
03163_07-02-2026-16.27,04040,78,79
03163_07-02-2026-16.27,71801,172,172
03373_07-02-2026-17.27,60000,0,0
03373_07-02-2026-17.27,04007,26,27
03373_07-02-2026-17.27,04040,84,85
03373_07-02-2026-17.27,78400,128,130
03373_07-02-2026-17.27,04104,157,159
03373_07-02-2026-17.27,71801,199,199
03183_07-02-2026-18.27,60000,0,0
03183_07-02-2026-18.27,04040,78,79
03183_07-02-2026-18.27,04104,137,139
03183_07-02-2026-18.27,71801,177,177
03309_07-02-2026-19.34,60000,0,0
03309_07-02-2026-19.34,04007,26,27
03309_07-02-2026-19.34,70600,62,63
03309_07-02-2026-19.34,04040,88,89
03309_07-02-2026-19.34,78400,132,134
03309_07-02-2026-19.34,04104,161,163
03309_07-02-2026-19.34,71801,201,211
03309_07-02-2026-19.34,79206,252,253
03309_07-02-2026-19.34,04307,268,268
03203_07-02-2026-20.27,60000,0,0
03203_07-02-2026-20.27,04007,25,26
03203_07-02-2026-20.27,70600,65,66
03203_07-02-2026-20.27,04040,90,91
03203_07-02-2026-20.27,78400,133,135
03203_07-02-2026-20.27,04104,160,162
03203_07-02-2026-20.27,71801,201,201
03301_08-02-2026-06.27,60000,0,0
03301_08-02-2026-06.27,70600,59,60
03301_08-02-2026-06.27,04040,85,86
03301_08-02-2026-06.27,04104,146,148
03301_08-02-2026-06.27,71801,184,184
03073_08-02-2026-07.27,60000,0,0
03073_08-02-2026-07.27,04007,25,26
03073_08-02-2026-07.27,04040,84,85
03073_08-02-2026-07.27,78400,128,130
03073_08-02-2026-07.27,04104,157,159
03073_08-02-2026-07.27,71801,199,215
03073_08-02-2026-07.27,79206,255,257
03073_08-02-2026-07.27,04307,272,272
03083_08-02-2026-08.27,60000,0,0
03083_08-02-2026-08.27,04040,78,79
03083_08-02-2026-08.27,71801,172,172
02561_08-02-2026-09.27,51003,0,0
02561_08-02-2026-09.27,50500,46,48
02561_08-02-2026-09.27,37300,94,96
02561_08-02-2026-09.27,37200,108,110
02561_08-02-2026-09.27,60000,176,207
02561_08-02-2026-09.27,04040,286,287
02561_08-02-2026-09.27,78400,332,334
02561_08-02-2026-09.27,04104,360,362
02561_08-02-2026-09.27,71801,401,409
02561_08-02-2026-09.27,79206,450,452
02561_08-02-2026-09.27,04307,467,467
03303_08-02-2026-10.27,60000,0,0
03303_08-02-2026-10.27,04040,80,81
03303_08-02-2026-10.27,71801,172,172
03113_08-02-2026-11.27,60000,0,0
03113_08-02-2026-11.27,70600,58,59
03113_08-02-2026-11.27,04040,84,85
03113_08-02-2026-11.27,78400,128,130
03113_08-02-2026-11.27,04104,157,159
03113_08-02-2026-11.27,71801,199,199
02591_08-02-2026-12.27,51003,0,0
02591_08-02-2026-12.27,50500,41,43
02591_08-02-2026-12.27,60000,158,173
02591_08-02-2026-12.27,04040,251,252
02591_08-02-2026-12.27,78400,295,297
02591_08-02-2026-12.27,71801,370,380
02591_08-02-2026-12.27,79206,421,423
02591_08-02-2026-12.27,04307,438,438
09725_08-02-2026-13.15,60000,0,0
09725_08-02-2026-13.15,04007,26,28
09725_08-02-2026-13.15,04040,85,88
09725_08-02-2026-13.15,04104,142,144
09725_08-02-2026-13.15,71801,184,196
09725_08-02-2026-13.15,79206,237,240
09725_08-02-2026-13.15,04307,254,257
09725_08-02-2026-13.15,87374,280,290
09725_08-02-2026-13.15,87088,325,328
09725_08-02-2026-13.15,87173,390,399
09725_08-02-2026-13.15,87302,428,431
09725_08-02-2026-13.15,87814,457,460
09725_08-02-2026-13.15,87912,479,482
09725_08-02-2026-13.15,87089,495,495
03141_08-02-2026-13.57,60000,0,0
03141_08-02-2026-13.57,71801,157,157
03143_08-02-2026-14.27,60000,0,0
03143_08-02-2026-14.27,70600,58,59
03143_08-02-2026-14.27,04040,84,85
03143_08-02-2026-14.27,71801,177,187
03143_08-02-2026-14.27,79206,233,236
03143_08-02-2026-14.27,04307,252,252
03305_08-02-2026-15.27,60000,0,0
03305_08-02-2026-15.27,70600,58,59
03305_08-02-2026-15.27,04040,83,84
03305_08-02-2026-15.27,78400,128,130
03305_08-02-2026-15.27,04104,156,158
03305_08-02-2026-15.27,71801,199,199
03161_08-02-2026-15.57,60000,0,0
03161_08-02-2026-15.57,71801,157,157
03163_08-02-2026-16.27,60000,0,0
03163_08-02-2026-16.27,04040,78,79
03163_08-02-2026-16.27,71801,172,172
03171_08-02-2026-16.57,60000,0,0
03171_08-02-2026-16.57,71801,157,157
03373_08-02-2026-17.27,60000,0,0
03373_08-02-2026-17.27,04007,26,27
03373_08-02-2026-17.27,04040,84,85
03373_08-02-2026-17.27,78400,128,130
03373_08-02-2026-17.27,04104,157,159
03373_08-02-2026-17.27,71801,199,199
02553_08-02-2026-17.57,54413,0,0
02553_08-02-2026-17.57,50500,47,49
02553_08-02-2026-17.57,60000,165,181
02553_08-02-2026-17.57,71801,338,338
03183_08-02-2026-18.27,60000,0,0
03183_08-02-2026-18.27,04040,78,79
03183_08-02-2026-18.27,04104,137,139
03183_08-02-2026-18.27,71801,177,177
03191_08-02-2026-18.57,60000,0,0
03191_08-02-2026-18.57,71801,157,167
03191_08-02-2026-18.57,79206,208,210
03191_08-02-2026-18.57,04307,225,225
03309_08-02-2026-19.34,60000,0,0
03309_08-02-2026-19.34,04007,26,27
03309_08-02-2026-19.34,70600,62,63
03309_08-02-2026-19.34,04040,88,89
03309_08-02-2026-19.34,78400,132,134
03309_08-02-2026-19.34,04104,161,163
03309_08-02-2026-19.34,71801,201,211
03309_08-02-2026-19.34,79206,252,253
03309_08-02-2026-19.34,04307,268,268
03201_08-02-2026-20.05,60000,0,0
03201_08-02-2026-20.05,71801,157,157
03203_08-02-2026-20.27,60000,0,0
03203_08-02-2026-20.27,04007,25,26
03203_08-02-2026-20.27,70600,65,66
03203_08-02-2026-20.27,04040,90,91
03203_08-02-2026-20.27,78400,133,135
03203_08-02-2026-20.27,04104,160,162
03203_08-02-2026-20.27,71801,201,201
02883_08-02-2026-21.07,54413,0,0
02883_08-02-2026-21.07,50500,47,49
02883_08-02-2026-21.07,60000,164,190
02883_08-02-2026-21.07,04040,269,270
02883_08-02-2026-21.07,71801,362,362
03301_09-02-2026-06.16,60000,0,0
03301_09-02-2026-06.16,04104,125,127
03301_09-02-2026-06.16,71801,169,169
03063_09-02-2026-06.27,60000,0,0
03063_09-02-2026-06.27,70600,59,60
03063_09-02-2026-06.27,04040,85,86
03063_09-02-2026-06.27,71801,178,178
03071_09-02-2026-06.57,60000,0,0
03071_09-02-2026-06.57,71801,157,157
03073_09-02-2026-07.27,60000,0,0
03073_09-02-2026-07.27,04007,25,26
03073_09-02-2026-07.27,04040,84,85
03073_09-02-2026-07.27,78400,128,130
03073_09-02-2026-07.27,04104,157,159
03073_09-02-2026-07.27,71801,199,215
03073_09-02-2026-07.27,79206,255,257
03073_09-02-2026-07.27,04307,272,272
03081_09-02-2026-07.57,60000,0,0
03081_09-02-2026-07.57,71801,157,157
03083_09-02-2026-08.27,60000,0,0
03083_09-02-2026-08.27,04040,78,79
03083_09-02-2026-08.27,71801,172,172
03091_09-02-2026-08.57,60000,0,0
03091_09-02-2026-08.57,04104,124,126
03091_09-02-2026-08.57,71801,164,164
02561_09-02-2026-09.27,51003,0,0
02561_09-02-2026-09.27,50500,46,48
02561_09-02-2026-09.27,37300,94,96
02561_09-02-2026-09.27,37200,108,110
02561_09-02-2026-09.27,60000,176,207
02561_09-02-2026-09.27,04040,286,287
02561_09-02-2026-09.27,78400,332,334
02561_09-02-2026-09.27,04104,360,362
02561_09-02-2026-09.27,71801,401,409
02561_09-02-2026-09.27,79206,450,452
02561_09-02-2026-09.27,04307,467,467
03303_09-02-2026-10.27,60000,0,0
03303_09-02-2026-10.27,04040,80,81
03303_09-02-2026-10.27,71801,172,172
03113_09-02-2026-11.27,60000,0,0
03113_09-02-2026-11.27,70600,58,59
03113_09-02-2026-11.27,04040,84,85
03113_09-02-2026-11.27,78400,128,130
03113_09-02-2026-11.27,04104,157,159
03113_09-02-2026-11.27,71801,199,199
02591_09-02-2026-12.27,51003,0,0
02591_09-02-2026-12.27,50500,41,43
02591_09-02-2026-12.27,60000,158,173
02591_09-02-2026-12.27,04040,251,252
02591_09-02-2026-12.27,78400,295,297
02591_09-02-2026-12.27,71801,370,380
02591_09-02-2026-12.27,79206,421,423
02591_09-02-2026-12.27,04307,438,438
09725_09-02-2026-13.15,60000,0,0
09725_09-02-2026-13.15,04007,26,28
09725_09-02-2026-13.15,04040,85,88
09725_09-02-2026-13.15,04104,142,144
09725_09-02-2026-13.15,71801,184,196
09725_09-02-2026-13.15,79206,237,240
09725_09-02-2026-13.15,04307,254,257
09725_09-02-2026-13.15,87374,280,290
09725_09-02-2026-13.15,87088,325,328
09725_09-02-2026-13.15,87173,390,399
09725_09-02-2026-13.15,87302,428,431
09725_09-02-2026-13.15,87814,457,460
09725_09-02-2026-13.15,87912,479,482
09725_09-02-2026-13.15,87089,495,495
03141_09-02-2026-13.57,60000,0,0
03141_09-02-2026-13.57,71801,157,157
03143_09-02-2026-14.27,60000,0,0
03143_09-02-2026-14.27,70600,58,59
03143_09-02-2026-14.27,04040,84,85
03143_09-02-2026-14.27,71801,177,187
03143_09-02-2026-14.27,79206,233,236
03143_09-02-2026-14.27,04307,252,252
03151_09-02-2026-14.57,60000,0,0
03151_09-02-2026-14.57,71801,157,157
03305_09-02-2026-15.27,60000,0,0
03305_09-02-2026-15.27,70600,58,59
03305_09-02-2026-15.27,04040,83,84
03305_09-02-2026-15.27,78400,128,130
03305_09-02-2026-15.27,04104,156,158
03305_09-02-2026-15.27,71801,199,199
03161_09-02-2026-15.57,60000,0,0
03161_09-02-2026-15.57,71801,157,157
03163_09-02-2026-16.27,60000,0,0
03163_09-02-2026-16.27,04040,78,79
03163_09-02-2026-16.27,71801,172,178
03163_09-02-2026-16.27,79206,227,229
03163_09-02-2026-16.27,04307,244,244
03171_09-02-2026-16.57,60000,0,0
03171_09-02-2026-16.57,71801,157,157
03173_09-02-2026-17.27,60000,0,0
03173_09-02-2026-17.27,04007,26,27
03173_09-02-2026-17.27,04040,84,85
03173_09-02-2026-17.27,78400,128,130
03173_09-02-2026-17.27,04104,157,159
03173_09-02-2026-17.27,71801,199,199
02553_09-02-2026-17.57,54413,0,0
02553_09-02-2026-17.57,50500,47,49
02553_09-02-2026-17.57,60000,165,181
02553_09-02-2026-17.57,71801,338,338
03183_09-02-2026-18.27,60000,0,0
03183_09-02-2026-18.27,04040,78,79
03183_09-02-2026-18.27,04104,137,139
03183_09-02-2026-18.27,71801,177,177
03191_09-02-2026-18.57,60000,0,0
03191_09-02-2026-18.57,71801,157,167
03191_09-02-2026-18.57,79206,208,210
03191_09-02-2026-18.57,04307,225,225
03309_09-02-2026-19.34,60000,0,0
03309_09-02-2026-19.34,04007,26,27
03309_09-02-2026-19.34,70600,62,63
03309_09-02-2026-19.34,04040,88,89
03309_09-02-2026-19.34,78400,132,134
03309_09-02-2026-19.34,04104,161,163
03309_09-02-2026-19.34,71801,201,211
03309_09-02-2026-19.34,79206,252,253
03309_09-02-2026-19.34,04307,268,268
03203_09-02-2026-20.27,60000,0,0
03203_09-02-2026-20.27,04007,25,26
03203_09-02-2026-20.27,70600,65,66
03203_09-02-2026-20.27,04040,90,91
03203_09-02-2026-20.27,78400,133,135
03203_09-02-2026-20.27,04104,160,162
03203_09-02-2026-20.27,71801,201,201
03301_10-02-2026-06.16,60000,0,0
03301_10-02-2026-06.16,04104,125,127
03301_10-02-2026-06.16,71801,169,169
03063_10-02-2026-06.27,60000,0,0
03063_10-02-2026-06.27,70600,59,60
03063_10-02-2026-06.27,04040,85,86
03063_10-02-2026-06.27,71801,178,178
03071_10-02-2026-06.57,60000,0,0
03071_10-02-2026-06.57,71801,157,157
03073_10-02-2026-07.27,60000,0,0
03073_10-02-2026-07.27,04007,25,26
03073_10-02-2026-07.27,04040,84,85
03073_10-02-2026-07.27,78400,128,130
03073_10-02-2026-07.27,04104,157,159
03073_10-02-2026-07.27,71801,199,215
03073_10-02-2026-07.27,79206,255,257
03073_10-02-2026-07.27,04307,272,272
03081_10-02-2026-07.57,60000,0,0
03081_10-02-2026-07.57,71801,157,157
03083_10-02-2026-08.27,60000,0,0
03083_10-02-2026-08.27,04040,78,79
03083_10-02-2026-08.27,71801,172,172
03091_10-02-2026-08.57,60000,0,0
03091_10-02-2026-08.57,04104,124,126
03091_10-02-2026-08.57,71801,164,164
02561_10-02-2026-09.27,51003,0,0
02561_10-02-2026-09.27,50500,46,48
02561_10-02-2026-09.27,37300,94,96
02561_10-02-2026-09.27,37200,108,110
02561_10-02-2026-09.27,60000,176,207
02561_10-02-2026-09.27,04040,286,287
02561_10-02-2026-09.27,78400,332,334
02561_10-02-2026-09.27,04104,360,362
02561_10-02-2026-09.27,71801,401,409
02561_10-02-2026-09.27,79206,450,452
02561_10-02-2026-09.27,04307,467,467
03303_10-02-2026-10.27,60000,0,0
03303_10-02-2026-10.27,04040,80,81
03303_10-02-2026-10.27,71801,172,172
03113_10-02-2026-11.27,60000,0,0
03113_10-02-2026-11.27,70600,58,59
03113_10-02-2026-11.27,04040,84,85
03113_10-02-2026-11.27,78400,128,130
03113_10-02-2026-11.27,04104,157,159
03113_10-02-2026-11.27,71801,199,199
02591_10-02-2026-12.27,51003,0,0
02591_10-02-2026-12.27,50500,41,43
02591_10-02-2026-12.27,60000,158,173
02591_10-02-2026-12.27,04040,251,252
02591_10-02-2026-12.27,78400,295,297
02591_10-02-2026-12.27,71801,370,380
02591_10-02-2026-12.27,79206,421,423
02591_10-02-2026-12.27,04307,438,438
09725_10-02-2026-13.15,60000,0,0
09725_10-02-2026-13.15,04007,26,28
09725_10-02-2026-13.15,04040,85,88
09725_10-02-2026-13.15,04104,142,144
09725_10-02-2026-13.15,71801,184,196
09725_10-02-2026-13.15,79206,237,240
09725_10-02-2026-13.15,04307,254,257
09725_10-02-2026-13.15,87374,280,290
09725_10-02-2026-13.15,87088,325,328
09725_10-02-2026-13.15,87173,390,399
09725_10-02-2026-13.15,87302,428,431
09725_10-02-2026-13.15,87814,457,460
09725_10-02-2026-13.15,87912,479,482
09725_10-02-2026-13.15,87089,495,495
03141_10-02-2026-13.57,60000,0,0
03141_10-02-2026-13.57,71801,157,157
03143_10-02-2026-14.27,60000,0,0
03143_10-02-2026-14.27,70600,58,59
03143_10-02-2026-14.27,04040,84,85
03143_10-02-2026-14.27,71801,177,187
03143_10-02-2026-14.27,79206,233,236
03143_10-02-2026-14.27,04307,252,252
03151_10-02-2026-14.57,60000,0,0
03151_10-02-2026-14.57,71801,157,157
03305_10-02-2026-15.27,60000,0,0
03305_10-02-2026-15.27,70600,58,59
03305_10-02-2026-15.27,04040,83,84
03305_10-02-2026-15.27,78400,128,130
03305_10-02-2026-15.27,04104,156,158
03305_10-02-2026-15.27,71801,199,199
03161_10-02-2026-15.57,60000,0,0
03161_10-02-2026-15.57,71801,157,157
03163_10-02-2026-16.27,60000,0,0
03163_10-02-2026-16.27,04040,78,79
03163_10-02-2026-16.27,71801,172,178
03163_10-02-2026-16.27,79206,227,229
03163_10-02-2026-16.27,04307,244,244
03171_10-02-2026-16.57,60000,0,0
03171_10-02-2026-16.57,71801,157,157
03173_10-02-2026-17.27,60000,0,0
03173_10-02-2026-17.27,04007,26,27
03173_10-02-2026-17.27,04040,84,85
03173_10-02-2026-17.27,78400,128,130
03173_10-02-2026-17.27,04104,157,159
03173_10-02-2026-17.27,71801,199,199
02553_10-02-2026-17.57,54413,0,0
02553_10-02-2026-17.57,50500,47,49
02553_10-02-2026-17.57,60000,165,181
02553_10-02-2026-17.57,71801,338,338
03183_10-02-2026-18.27,60000,0,0
03183_10-02-2026-18.27,04040,78,79
03183_10-02-2026-18.27,04104,137,139
03183_10-02-2026-18.27,71801,177,177
03191_10-02-2026-18.57,60000,0,0
03191_10-02-2026-18.57,71801,157,167
03191_10-02-2026-18.57,79206,208,210
03191_10-02-2026-18.57,04307,225,225
03309_10-02-2026-19.34,60000,0,0
03309_10-02-2026-19.34,04007,26,27
03309_10-02-2026-19.34,70600,62,63
03309_10-02-2026-19.34,04040,88,89
03309_10-02-2026-19.34,78400,132,134
03309_10-02-2026-19.34,04104,161,163
03309_10-02-2026-19.34,71801,201,211
03309_10-02-2026-19.34,79206,252,253
03309_10-02-2026-19.34,04307,268,268
03203_10-02-2026-20.27,60000,0,0
03203_10-02-2026-20.27,04007,25,26
03203_10-02-2026-20.27,70600,65,66
03203_10-02-2026-20.27,04040,90,91
03203_10-02-2026-20.27,78400,133,135
03203_10-02-2026-20.27,04104,160,162
03203_10-02-2026-20.27,71801,201,201
03301_11-02-2026-06.16,60000,0,0
03301_11-02-2026-06.16,04104,125,127
03301_11-02-2026-06.16,71801,169,169
03063_11-02-2026-06.27,60000,0,0
03063_11-02-2026-06.27,70600,59,60
03063_11-02-2026-06.27,04040,85,86
03063_11-02-2026-06.27,71801,178,178
03071_11-02-2026-06.57,60000,0,0
03071_11-02-2026-06.57,71801,157,157
03073_11-02-2026-07.27,60000,0,0
03073_11-02-2026-07.27,04007,25,26
03073_11-02-2026-07.27,04040,84,85
03073_11-02-2026-07.27,78400,128,130
03073_11-02-2026-07.27,04104,157,159
03073_11-02-2026-07.27,71801,199,215
03073_11-02-2026-07.27,79206,255,257
03073_11-02-2026-07.27,04307,272,272
03081_11-02-2026-07.57,60000,0,0
03081_11-02-2026-07.57,71801,157,157
03083_11-02-2026-08.27,60000,0,0
03083_11-02-2026-08.27,04040,78,79
03083_11-02-2026-08.27,71801,172,172
03091_11-02-2026-08.57,60000,0,0
03091_11-02-2026-08.57,04104,124,126
03091_11-02-2026-08.57,71801,164,164
02561_11-02-2026-09.27,51003,0,0
02561_11-02-2026-09.27,50500,46,48
02561_11-02-2026-09.27,37300,94,96
02561_11-02-2026-09.27,37200,108,110
02561_11-02-2026-09.27,60000,176,207
02561_11-02-2026-09.27,04040,286,287
02561_11-02-2026-09.27,78400,332,334
02561_11-02-2026-09.27,04104,360,362
02561_11-02-2026-09.27,71801,401,409
02561_11-02-2026-09.27,79206,450,452
02561_11-02-2026-09.27,04307,467,467
03303_11-02-2026-10.27,60000,0,0
03303_11-02-2026-10.27,04040,80,81
03303_11-02-2026-10.27,71801,172,172
03113_11-02-2026-11.27,60000,0,0
03113_11-02-2026-11.27,70600,58,59
03113_11-02-2026-11.27,04040,84,85
03113_11-02-2026-11.27,78400,128,130
03113_11-02-2026-11.27,04104,157,159
03113_11-02-2026-11.27,71801,199,199
02591_11-02-2026-12.27,51003,0,0
02591_11-02-2026-12.27,50500,41,43
02591_11-02-2026-12.27,60000,158,173
02591_11-02-2026-12.27,04040,251,252
02591_11-02-2026-12.27,78400,295,297
02591_11-02-2026-12.27,71801,370,380
02591_11-02-2026-12.27,79206,421,423
02591_11-02-2026-12.27,04307,438,438
09725_11-02-2026-13.15,60000,0,0
09725_11-02-2026-13.15,04007,26,28
09725_11-02-2026-13.15,04040,85,88
09725_11-02-2026-13.15,04104,142,144
09725_11-02-2026-13.15,71801,184,196
09725_11-02-2026-13.15,79206,237,240
09725_11-02-2026-13.15,04307,254,257
09725_11-02-2026-13.15,87374,280,290
09725_11-02-2026-13.15,87088,325,328
09725_11-02-2026-13.15,87173,390,399
09725_11-02-2026-13.15,87302,428,431
09725_11-02-2026-13.15,87814,457,460
09725_11-02-2026-13.15,87912,479,482
09725_11-02-2026-13.15,87089,495,495
03141_11-02-2026-13.57,60000,0,0
03141_11-02-2026-13.57,71801,157,157
03143_11-02-2026-14.27,60000,0,0
03143_11-02-2026-14.27,70600,58,59
03143_11-02-2026-14.27,04040,84,85
03143_11-02-2026-14.27,71801,177,187
03143_11-02-2026-14.27,79206,233,236
03143_11-02-2026-14.27,04307,252,252
03151_11-02-2026-14.57,60000,0,0
03151_11-02-2026-14.57,71801,157,157
03305_11-02-2026-15.27,60000,0,0
03305_11-02-2026-15.27,70600,58,59
03305_11-02-2026-15.27,04040,83,84
03305_11-02-2026-15.27,78400,128,130
03305_11-02-2026-15.27,04104,156,158
03305_11-02-2026-15.27,71801,199,199
03161_11-02-2026-15.57,60000,0,0
03161_11-02-2026-15.57,71801,157,157
03163_11-02-2026-16.27,60000,0,0
03163_11-02-2026-16.27,04040,78,79
03163_11-02-2026-16.27,71801,172,178
03163_11-02-2026-16.27,79206,227,229
03163_11-02-2026-16.27,04307,244,244
03171_11-02-2026-16.57,60000,0,0
03171_11-02-2026-16.57,71801,157,157
03173_11-02-2026-17.27,60000,0,0
03173_11-02-2026-17.27,04007,26,27
03173_11-02-2026-17.27,04040,84,85
03173_11-02-2026-17.27,78400,128,130
03173_11-02-2026-17.27,04104,157,159
03173_11-02-2026-17.27,71801,199,199
02553_11-02-2026-17.57,54413,0,0
02553_11-02-2026-17.57,50500,47,49
02553_11-02-2026-17.57,60000,165,181
02553_11-02-2026-17.57,71801,338,338
03183_11-02-2026-18.27,60000,0,0
03183_11-02-2026-18.27,04040,78,79
03183_11-02-2026-18.27,04104,137,139
03183_11-02-2026-18.27,71801,177,177
03191_11-02-2026-18.57,60000,0,0
03191_11-02-2026-18.57,71801,157,167
03191_11-02-2026-18.57,79206,208,210
03191_11-02-2026-18.57,04307,225,225
03309_11-02-2026-19.34,60000,0,0
03309_11-02-2026-19.34,04007,26,27
03309_11-02-2026-19.34,70600,62,63
03309_11-02-2026-19.34,04040,88,89
03309_11-02-2026-19.34,78400,132,134
03309_11-02-2026-19.34,04104,161,163
03309_11-02-2026-19.34,71801,201,211
03309_11-02-2026-19.34,79206,252,253
03309_11-02-2026-19.34,04307,268,268
03201_11-02-2026-20.05,60000,0,0
03201_11-02-2026-20.05,71801,157,157
03203_11-02-2026-20.27,60000,0,0
03203_11-02-2026-20.27,04007,25,26
03203_11-02-2026-20.27,70600,65,66
03203_11-02-2026-20.27,04040,90,91
03203_11-02-2026-20.27,78400,133,135
03203_11-02-2026-20.27,04104,160,162
03203_11-02-2026-20.27,71801,201,201
02883_11-02-2026-21.07,54413,0,0
02883_11-02-2026-21.07,50500,47,49
02883_11-02-2026-21.07,60000,164,190
02883_11-02-2026-21.07,04040,269,270
02883_11-02-2026-21.07,71801,362,362
03301_12-02-2026-06.16,60000,0,0
03301_12-02-2026-06.16,04104,125,127
03301_12-02-2026-06.16,71801,169,169
03063_12-02-2026-06.27,60000,0,0
03063_12-02-2026-06.27,70600,59,60
03063_12-02-2026-06.27,04040,85,86
03063_12-02-2026-06.27,71801,178,178
03071_12-02-2026-06.57,60000,0,0
03071_12-02-2026-06.57,71801,157,157
03073_12-02-2026-07.27,60000,0,0
03073_12-02-2026-07.27,04007,25,26
03073_12-02-2026-07.27,04040,84,85
03073_12-02-2026-07.27,78400,128,130
03073_12-02-2026-07.27,04104,157,159
03073_12-02-2026-07.27,71801,199,215
03073_12-02-2026-07.27,79206,255,257
03073_12-02-2026-07.27,04307,272,272
03081_12-02-2026-07.57,60000,0,0
03081_12-02-2026-07.57,71801,157,157
03083_12-02-2026-08.27,60000,0,0
03083_12-02-2026-08.27,04040,78,79
03083_12-02-2026-08.27,71801,172,172
03091_12-02-2026-08.57,60000,0,0
03091_12-02-2026-08.57,04104,124,126
03091_12-02-2026-08.57,71801,164,164
02561_12-02-2026-09.27,51003,0,0
02561_12-02-2026-09.27,50500,46,48
02561_12-02-2026-09.27,37300,94,96
02561_12-02-2026-09.27,37200,108,110
02561_12-02-2026-09.27,60000,176,207
02561_12-02-2026-09.27,04040,286,287
02561_12-02-2026-09.27,78400,332,334
02561_12-02-2026-09.27,04104,360,362
02561_12-02-2026-09.27,71801,401,409
02561_12-02-2026-09.27,79206,450,452
02561_12-02-2026-09.27,04307,467,467
03303_12-02-2026-10.27,60000,0,0
03303_12-02-2026-10.27,04040,80,81
03303_12-02-2026-10.27,71801,172,172
03113_12-02-2026-11.27,60000,0,0
03113_12-02-2026-11.27,70600,58,59
03113_12-02-2026-11.27,04040,84,85
03113_12-02-2026-11.27,78400,128,130
03113_12-02-2026-11.27,04104,157,159
03113_12-02-2026-11.27,71801,199,199
02591_12-02-2026-12.27,51003,0,0
02591_12-02-2026-12.27,50500,41,43
02591_12-02-2026-12.27,60000,158,173
02591_12-02-2026-12.27,04040,251,252
02591_12-02-2026-12.27,78400,295,297
02591_12-02-2026-12.27,71801,370,380
02591_12-02-2026-12.27,79206,421,423
02591_12-02-2026-12.27,04307,438,438
09725_12-02-2026-13.15,60000,0,0
09725_12-02-2026-13.15,04007,26,28
09725_12-02-2026-13.15,04040,85,88
09725_12-02-2026-13.15,04104,142,144
09725_12-02-2026-13.15,71801,184,196
09725_12-02-2026-13.15,79206,237,240
09725_12-02-2026-13.15,04307,254,257
09725_12-02-2026-13.15,87374,280,290
09725_12-02-2026-13.15,87088,325,328
09725_12-02-2026-13.15,87173,390,399
09725_12-02-2026-13.15,87302,428,431
09725_12-02-2026-13.15,87814,457,460
09725_12-02-2026-13.15,87912,479,482
09725_12-02-2026-13.15,87089,495,495
03141_12-02-2026-13.57,60000,0,0
03141_12-02-2026-13.57,71801,157,157
03143_12-02-2026-14.27,60000,0,0
03143_12-02-2026-14.27,70600,58,59
03143_12-02-2026-14.27,04040,84,85
03143_12-02-2026-14.27,71801,177,187
03143_12-02-2026-14.27,79206,233,236
03143_12-02-2026-14.27,04307,252,252
03151_12-02-2026-14.57,60000,0,0
03151_12-02-2026-14.57,71801,157,157
03305_12-02-2026-15.27,60000,0,0
03305_12-02-2026-15.27,70600,58,59
03305_12-02-2026-15.27,04040,83,84
03305_12-02-2026-15.27,78400,128,130
03305_12-02-2026-15.27,04104,156,158
03305_12-02-2026-15.27,71801,199,199
03161_12-02-2026-15.57,60000,0,0
03161_12-02-2026-15.57,71801,157,157
03163_12-02-2026-16.27,60000,0,0
03163_12-02-2026-16.27,04040,78,79
03163_12-02-2026-16.27,71801,172,178
03163_12-02-2026-16.27,79206,227,229
03163_12-02-2026-16.27,04307,244,244
03171_12-02-2026-16.57,60000,0,0
03171_12-02-2026-16.57,71801,157,157
03173_12-02-2026-17.27,60000,0,0
03173_12-02-2026-17.27,04007,26,27
03173_12-02-2026-17.27,04040,84,85
03173_12-02-2026-17.27,78400,128,130
03173_12-02-2026-17.27,04104,157,159
03173_12-02-2026-17.27,71801,199,199
02553_12-02-2026-17.57,54413,0,0
02553_12-02-2026-17.57,50500,47,49
02553_12-02-2026-17.57,60000,165,181
02553_12-02-2026-17.57,71801,338,338
03183_12-02-2026-18.27,60000,0,0
03183_12-02-2026-18.27,04040,78,79
03183_12-02-2026-18.27,04104,137,139
03183_12-02-2026-18.27,71801,177,177
03191_12-02-2026-18.57,60000,0,0
03191_12-02-2026-18.57,71801,157,167
03191_12-02-2026-18.57,79206,208,210
03191_12-02-2026-18.57,04307,225,225
03309_12-02-2026-19.34,60000,0,0
03309_12-02-2026-19.34,04007,26,27
03309_12-02-2026-19.34,70600,62,63
03309_12-02-2026-19.34,04040,88,89
03309_12-02-2026-19.34,78400,132,134
03309_12-02-2026-19.34,04104,161,163
03309_12-02-2026-19.34,71801,201,211
03309_12-02-2026-19.34,79206,252,253
03309_12-02-2026-19.34,04307,268,268
03201_12-02-2026-20.05,60000,0,0
03201_12-02-2026-20.05,71801,157,157
03203_12-02-2026-20.27,60000,0,0
03203_12-02-2026-20.27,04007,25,26
03203_12-02-2026-20.27,70600,65,66
03203_12-02-2026-20.27,04040,90,91
03203_12-02-2026-20.27,78400,133,135
03203_12-02-2026-20.27,04104,160,162
03203_12-02-2026-20.27,71801,201,201
02883_12-02-2026-21.07,54413,0,0
02883_12-02-2026-21.07,50500,47,49
02883_12-02-2026-21.07,60000,164,190
02883_12-02-2026-21.07,04040,269,270
02883_12-02-2026-21.07,71801,362,362
03301_13-02-2026-06.27,60000,0,0
03301_13-02-2026-06.27,70600,59,60
03301_13-02-2026-06.27,04040,85,86
03301_13-02-2026-06.27,71801,178,178
03071_13-02-2026-06.57,60000,0,0
03071_13-02-2026-06.57,71801,157,157
03073_13-02-2026-07.27,60000,0,0
03073_13-02-2026-07.27,04007,25,26
03073_13-02-2026-07.27,04040,84,85
03073_13-02-2026-07.27,78400,128,130
03073_13-02-2026-07.27,04104,157,159
03073_13-02-2026-07.27,71801,199,215
03073_13-02-2026-07.27,79206,255,257
03073_13-02-2026-07.27,04307,272,272
03081_13-02-2026-07.57,60000,0,0
03081_13-02-2026-07.57,71801,157,157
03091_13-02-2026-08.57,60000,0,0
03091_13-02-2026-08.57,04104,124,126
03091_13-02-2026-08.57,71801,164,164
02561_13-02-2026-09.27,51003,0,0
02561_13-02-2026-09.27,50500,46,48
02561_13-02-2026-09.27,37300,94,96
02561_13-02-2026-09.27,37200,108,110
02561_13-02-2026-09.27,60000,176,207
02561_13-02-2026-09.27,04040,286,287
02561_13-02-2026-09.27,78400,332,334
02561_13-02-2026-09.27,04104,360,362
02561_13-02-2026-09.27,71801,401,409
02561_13-02-2026-09.27,79206,450,452
02561_13-02-2026-09.27,04307,467,467
03303_13-02-2026-10.27,60000,0,0
03303_13-02-2026-10.27,04040,80,81
03303_13-02-2026-10.27,71801,172,172
03113_13-02-2026-11.27,60000,0,0
03113_13-02-2026-11.27,70600,58,59
03113_13-02-2026-11.27,04040,84,85
03113_13-02-2026-11.27,78400,128,130
03113_13-02-2026-11.27,04104,157,159
03113_13-02-2026-11.27,71801,199,199
02591_13-02-2026-12.27,51003,0,0
02591_13-02-2026-12.27,50500,41,43
02591_13-02-2026-12.27,60000,158,173
02591_13-02-2026-12.27,04040,251,252
02591_13-02-2026-12.27,78400,295,297
02591_13-02-2026-12.27,71801,370,380
02591_13-02-2026-12.27,79206,421,423
02591_13-02-2026-12.27,04307,438,438
09725_13-02-2026-13.15,60000,0,0
09725_13-02-2026-13.15,04007,26,28
09725_13-02-2026-13.15,04040,85,88
09725_13-02-2026-13.15,04104,142,144
09725_13-02-2026-13.15,71801,184,196
09725_13-02-2026-13.15,79206,237,240
09725_13-02-2026-13.15,04307,254,257
09725_13-02-2026-13.15,87374,280,290
09725_13-02-2026-13.15,87088,325,328
09725_13-02-2026-13.15,87173,390,399
09725_13-02-2026-13.15,87302,428,431
09725_13-02-2026-13.15,87814,457,460
09725_13-02-2026-13.15,87912,479,482
09725_13-02-2026-13.15,87089,495,495
03141_13-02-2026-13.57,60000,0,0
03141_13-02-2026-13.57,71801,157,157
03143_13-02-2026-14.27,60000,0,0
03143_13-02-2026-14.27,70600,58,59
03143_13-02-2026-14.27,04040,84,85
03143_13-02-2026-14.27,71801,177,187
03143_13-02-2026-14.27,79206,233,236
03143_13-02-2026-14.27,04307,252,252
03151_13-02-2026-14.57,60000,0,0
03151_13-02-2026-14.57,71801,157,157
03305_13-02-2026-15.27,60000,0,0
03305_13-02-2026-15.27,70600,58,59
03305_13-02-2026-15.27,04040,83,84
03305_13-02-2026-15.27,78400,128,130
03305_13-02-2026-15.27,04104,156,158
03305_13-02-2026-15.27,71801,199,199
03161_13-02-2026-15.57,60000,0,0
03161_13-02-2026-15.57,71801,157,157
03163_13-02-2026-16.27,60000,0,0
03163_13-02-2026-16.27,04040,78,79
03163_13-02-2026-16.27,71801,172,178
03163_13-02-2026-16.27,79206,227,229
03163_13-02-2026-16.27,04307,244,244
03171_13-02-2026-16.57,60000,0,0
03171_13-02-2026-16.57,71801,157,157
03373_13-02-2026-17.27,60000,0,0
03373_13-02-2026-17.27,04007,26,27
03373_13-02-2026-17.27,04040,84,85
03373_13-02-2026-17.27,78400,128,130
03373_13-02-2026-17.27,04104,157,159
03373_13-02-2026-17.27,71801,199,199
02553_13-02-2026-17.57,54413,0,0
02553_13-02-2026-17.57,50500,47,49
02553_13-02-2026-17.57,60000,165,181
02553_13-02-2026-17.57,71801,338,338
03183_13-02-2026-18.27,60000,0,0
03183_13-02-2026-18.27,04040,78,79
03183_13-02-2026-18.27,04104,137,139
03183_13-02-2026-18.27,71801,177,177
03191_13-02-2026-18.57,60000,0,0
03191_13-02-2026-18.57,71801,157,157
03309_13-02-2026-19.34,60000,0,0
03309_13-02-2026-19.34,04007,26,27
03309_13-02-2026-19.34,70600,62,63
03309_13-02-2026-19.34,04040,88,89
03309_13-02-2026-19.34,78400,132,134
03309_13-02-2026-19.34,04104,161,163
03309_13-02-2026-19.34,71801,201,211
03309_13-02-2026-19.34,79206,252,253
03309_13-02-2026-19.34,04307,268,268
03201_13-02-2026-20.05,60000,0,0
03201_13-02-2026-20.05,71801,157,157
03203_13-02-2026-20.27,60000,0,0
03203_13-02-2026-20.27,04007,25,26
03203_13-02-2026-20.27,70600,65,66
03203_13-02-2026-20.27,04040,90,91
03203_13-02-2026-20.27,78400,133,135
03203_13-02-2026-20.27,04104,160,162
03203_13-02-2026-20.27,71801,201,201
02883_13-02-2026-21.07,54413,0,0
02883_13-02-2026-21.07,50500,47,49
02883_13-02-2026-21.07,60000,164,190
02883_13-02-2026-21.07,04040,269,270
02883_13-02-2026-21.07,71801,362,362
03301_14-02-2026-06.27,60000,0,0
03301_14-02-2026-06.27,70600,59,60
03301_14-02-2026-06.27,04040,85,86
03301_14-02-2026-06.27,04104,146,148
03301_14-02-2026-06.27,71801,184,184
03073_14-02-2026-07.27,60000,0,0
03073_14-02-2026-07.27,04007,25,26
03073_14-02-2026-07.27,04040,84,85
03073_14-02-2026-07.27,78400,128,130
03073_14-02-2026-07.27,04104,157,159
03073_14-02-2026-07.27,71801,199,215
03073_14-02-2026-07.27,79206,255,257
03073_14-02-2026-07.27,04307,272,272
03083_14-02-2026-08.27,60000,0,0
03083_14-02-2026-08.27,04040,78,79
03083_14-02-2026-08.27,71801,172,172
03091_14-02-2026-08.57,60000,0,0
03091_14-02-2026-08.57,04104,124,126
03091_14-02-2026-08.57,71801,164,164
02561_14-02-2026-09.27,51003,0,0
02561_14-02-2026-09.27,50500,46,48
02561_14-02-2026-09.27,37300,94,96
02561_14-02-2026-09.27,37200,108,110
02561_14-02-2026-09.27,60000,176,207
02561_14-02-2026-09.27,04040,286,287
02561_14-02-2026-09.27,78400,332,334
02561_14-02-2026-09.27,04104,360,362
02561_14-02-2026-09.27,71801,401,409
02561_14-02-2026-09.27,79206,450,452
02561_14-02-2026-09.27,04307,467,467
03303_14-02-2026-10.27,60000,0,0
03303_14-02-2026-10.27,04040,80,81
03303_14-02-2026-10.27,71801,172,172
03113_14-02-2026-11.27,60000,0,0
03113_14-02-2026-11.27,70600,58,59
03113_14-02-2026-11.27,04040,84,85
03113_14-02-2026-11.27,78400,128,130
03113_14-02-2026-11.27,04104,157,159
03113_14-02-2026-11.27,71801,199,199
02591_14-02-2026-12.27,51003,0,0
02591_14-02-2026-12.27,50500,41,43
02591_14-02-2026-12.27,60000,158,173
02591_14-02-2026-12.27,04040,251,252
02591_14-02-2026-12.27,78400,295,297
02591_14-02-2026-12.27,71801,370,370
09725_14-02-2026-13.15,60000,0,0
09725_14-02-2026-13.15,04007,26,28
09725_14-02-2026-13.15,04040,85,88
09725_14-02-2026-13.15,04104,142,144
09725_14-02-2026-13.15,71801,184,196
09725_14-02-2026-13.15,79206,237,240
09725_14-02-2026-13.15,04307,254,257
09725_14-02-2026-13.15,87374,280,290
09725_14-02-2026-13.15,87088,325,328
09725_14-02-2026-13.15,87173,390,399
09725_14-02-2026-13.15,87302,428,431
09725_14-02-2026-13.15,87814,457,460
09725_14-02-2026-13.15,87912,479,482
09725_14-02-2026-13.15,87089,495,495
03305_14-02-2026-15.27,60000,0,0
03305_14-02-2026-15.27,70600,58,59
03305_14-02-2026-15.27,04040,83,84
03305_14-02-2026-15.27,78400,128,130
03305_14-02-2026-15.27,04104,156,158
03305_14-02-2026-15.27,71801,199,199
03163_14-02-2026-16.27,60000,0,0
03163_14-02-2026-16.27,04040,78,79
03163_14-02-2026-16.27,71801,172,172
03373_14-02-2026-17.27,60000,0,0
03373_14-02-2026-17.27,04007,26,27
03373_14-02-2026-17.27,04040,84,85
03373_14-02-2026-17.27,78400,128,130
03373_14-02-2026-17.27,04104,157,159
03373_14-02-2026-17.27,71801,199,199
03183_14-02-2026-18.27,60000,0,0
03183_14-02-2026-18.27,04040,78,79
03183_14-02-2026-18.27,04104,137,139
03183_14-02-2026-18.27,71801,177,177
03309_14-02-2026-19.34,60000,0,0
03309_14-02-2026-19.34,04007,26,27
03309_14-02-2026-19.34,70600,62,63
03309_14-02-2026-19.34,04040,88,89
03309_14-02-2026-19.34,78400,132,134
03309_14-02-2026-19.34,04104,161,163
03309_14-02-2026-19.34,71801,201,211
03309_14-02-2026-19.34,79206,252,253
03309_14-02-2026-19.34,04307,268,268
03203_14-02-2026-20.27,60000,0,0
03203_14-02-2026-20.27,04007,25,26
03203_14-02-2026-20.27,70600,65,66
03203_14-02-2026-20.27,04040,90,91
03203_14-02-2026-20.27,78400,133,135
03203_14-02-2026-20.27,04104,160,162
03203_14-02-2026-20.27,71801,201,201
03301_15-02-2026-06.27,60000,0,0
03301_15-02-2026-06.27,70600,59,60
03301_15-02-2026-06.27,04040,85,86
03301_15-02-2026-06.27,04104,146,148
03301_15-02-2026-06.27,71801,184,184
03073_15-02-2026-07.27,60000,0,0
03073_15-02-2026-07.27,04007,25,26
03073_15-02-2026-07.27,04040,84,85
03073_15-02-2026-07.27,78400,128,130
03073_15-02-2026-07.27,04104,157,159
03073_15-02-2026-07.27,71801,199,215
03073_15-02-2026-07.27,79206,255,257
03073_15-02-2026-07.27,04307,272,272
03083_15-02-2026-08.27,60000,0,0
03083_15-02-2026-08.27,04040,78,79
03083_15-02-2026-08.27,71801,172,172
02561_15-02-2026-09.27,51003,0,0
02561_15-02-2026-09.27,50500,46,48
02561_15-02-2026-09.27,37300,94,96
02561_15-02-2026-09.27,37200,108,110
02561_15-02-2026-09.27,60000,176,207
02561_15-02-2026-09.27,04040,286,287
02561_15-02-2026-09.27,78400,332,334
02561_15-02-2026-09.27,04104,360,362
02561_15-02-2026-09.27,71801,401,409
02561_15-02-2026-09.27,79206,450,452
02561_15-02-2026-09.27,04307,467,467
03303_15-02-2026-10.27,60000,0,0
03303_15-02-2026-10.27,04040,80,81
03303_15-02-2026-10.27,71801,172,172
03113_15-02-2026-11.27,60000,0,0
03113_15-02-2026-11.27,70600,58,59
03113_15-02-2026-11.27,04040,84,85
03113_15-02-2026-11.27,78400,128,130
03113_15-02-2026-11.27,04104,157,159
03113_15-02-2026-11.27,71801,199,199
02591_15-02-2026-12.27,51003,0,0
02591_15-02-2026-12.27,50500,41,43
02591_15-02-2026-12.27,60000,158,173
02591_15-02-2026-12.27,04040,251,252
02591_15-02-2026-12.27,78400,295,297
02591_15-02-2026-12.27,71801,370,380
02591_15-02-2026-12.27,79206,421,423
02591_15-02-2026-12.27,04307,438,438
09725_15-02-2026-13.15,60000,0,0
09725_15-02-2026-13.15,04007,26,28
09725_15-02-2026-13.15,04040,85,88
09725_15-02-2026-13.15,04104,142,144
09725_15-02-2026-13.15,71801,184,196
09725_15-02-2026-13.15,79206,237,240
09725_15-02-2026-13.15,04307,254,257
09725_15-02-2026-13.15,87374,280,290
09725_15-02-2026-13.15,87088,325,328
09725_15-02-2026-13.15,87173,390,399
09725_15-02-2026-13.15,87302,428,431
09725_15-02-2026-13.15,87814,457,460
09725_15-02-2026-13.15,87912,479,482
09725_15-02-2026-13.15,87089,495,495
03141_15-02-2026-13.57,60000,0,0
03141_15-02-2026-13.57,71801,157,157
03143_15-02-2026-14.27,60000,0,0
03143_15-02-2026-14.27,70600,58,59
03143_15-02-2026-14.27,04040,84,85
03143_15-02-2026-14.27,71801,177,187
03143_15-02-2026-14.27,79206,233,236
03143_15-02-2026-14.27,04307,252,252
03305_15-02-2026-15.27,60000,0,0
03305_15-02-2026-15.27,70600,58,59
03305_15-02-2026-15.27,04040,83,84
03305_15-02-2026-15.27,78400,128,130
03305_15-02-2026-15.27,04104,156,158
03305_15-02-2026-15.27,71801,199,199
03161_15-02-2026-15.57,60000,0,0
03161_15-02-2026-15.57,71801,157,157
03163_15-02-2026-16.27,60000,0,0
03163_15-02-2026-16.27,04040,78,79
03163_15-02-2026-16.27,71801,172,172
03171_15-02-2026-16.57,60000,0,0
03171_15-02-2026-16.57,71801,157,157
03373_15-02-2026-17.27,60000,0,0
03373_15-02-2026-17.27,04007,26,27
03373_15-02-2026-17.27,04040,84,85
03373_15-02-2026-17.27,78400,128,130
03373_15-02-2026-17.27,04104,157,159
03373_15-02-2026-17.27,71801,199,199
02553_15-02-2026-17.57,54413,0,0
02553_15-02-2026-17.57,50500,47,49
02553_15-02-2026-17.57,60000,165,181
02553_15-02-2026-17.57,71801,338,338
03183_15-02-2026-18.27,60000,0,0
03183_15-02-2026-18.27,04040,78,79
03183_15-02-2026-18.27,04104,137,139
03183_15-02-2026-18.27,71801,177,177
03191_15-02-2026-18.57,60000,0,0
03191_15-02-2026-18.57,71801,157,167
03191_15-02-2026-18.57,79206,208,210
03191_15-02-2026-18.57,04307,225,225
03309_15-02-2026-19.34,60000,0,0
03309_15-02-2026-19.34,04007,26,27
03309_15-02-2026-19.34,70600,62,63
03309_15-02-2026-19.34,04040,88,89
03309_15-02-2026-19.34,78400,132,134
03309_15-02-2026-19.34,04104,161,163
03309_15-02-2026-19.34,71801,201,211
03309_15-02-2026-19.34,79206,252,253
03309_15-02-2026-19.34,04307,268,268
03201_15-02-2026-20.05,60000,0,0
03201_15-02-2026-20.05,71801,157,157
03203_15-02-2026-20.27,60000,0,0
03203_15-02-2026-20.27,04007,25,26
03203_15-02-2026-20.27,70600,65,66
03203_15-02-2026-20.27,04040,90,91
03203_15-02-2026-20.27,78400,133,135
03203_15-02-2026-20.27,04104,160,162
03203_15-02-2026-20.27,71801,201,201
02883_15-02-2026-21.07,54413,0,0
02883_15-02-2026-21.07,50500,47,49
02883_15-02-2026-21.07,60000,164,190
02883_15-02-2026-21.07,04040,269,270
02883_15-02-2026-21.07,71801,362,362
03301_16-02-2026-06.16,60000,0,0
03301_16-02-2026-06.16,04104,125,127
03301_16-02-2026-06.16,71801,169,169
03063_16-02-2026-06.27,60000,0,0
03063_16-02-2026-06.27,70600,59,60
03063_16-02-2026-06.27,04040,85,86
03063_16-02-2026-06.27,71801,178,178
03071_16-02-2026-06.57,60000,0,0
03071_16-02-2026-06.57,71801,157,157
03073_16-02-2026-07.27,60000,0,0
03073_16-02-2026-07.27,04007,25,26
03073_16-02-2026-07.27,04040,84,85
03073_16-02-2026-07.27,78400,128,130
03073_16-02-2026-07.27,04104,157,159
03073_16-02-2026-07.27,71801,199,215
03073_16-02-2026-07.27,79206,255,257
03073_16-02-2026-07.27,04307,272,272
03081_16-02-2026-07.57,60000,0,0
03081_16-02-2026-07.57,71801,157,157
03083_16-02-2026-08.27,60000,0,0
03083_16-02-2026-08.27,04040,78,79
03083_16-02-2026-08.27,71801,172,172
03091_16-02-2026-08.57,60000,0,0
03091_16-02-2026-08.57,04104,124,126
03091_16-02-2026-08.57,71801,164,164
02561_16-02-2026-09.27,51003,0,0
02561_16-02-2026-09.27,50500,46,48
02561_16-02-2026-09.27,37300,94,96
02561_16-02-2026-09.27,37200,108,110
02561_16-02-2026-09.27,60000,176,207
02561_16-02-2026-09.27,04040,286,287
02561_16-02-2026-09.27,78400,332,334
02561_16-02-2026-09.27,04104,360,362
02561_16-02-2026-09.27,71801,401,409
02561_16-02-2026-09.27,79206,450,452
02561_16-02-2026-09.27,04307,467,467
03303_16-02-2026-10.27,60000,0,0
03303_16-02-2026-10.27,04040,80,81
03303_16-02-2026-10.27,71801,172,172
03113_16-02-2026-11.27,60000,0,0
03113_16-02-2026-11.27,70600,58,59
03113_16-02-2026-11.27,04040,84,85
03113_16-02-2026-11.27,78400,128,130
03113_16-02-2026-11.27,04104,157,159
03113_16-02-2026-11.27,71801,199,199
02591_16-02-2026-12.27,51003,0,0
02591_16-02-2026-12.27,50500,41,43
02591_16-02-2026-12.27,60000,158,173
02591_16-02-2026-12.27,04040,251,252
02591_16-02-2026-12.27,78400,295,297
02591_16-02-2026-12.27,71801,370,380
02591_16-02-2026-12.27,79206,421,423
02591_16-02-2026-12.27,04307,438,438
09725_16-02-2026-13.15,60000,0,0
09725_16-02-2026-13.15,04007,26,28
09725_16-02-2026-13.15,04040,85,88
09725_16-02-2026-13.15,04104,142,144
09725_16-02-2026-13.15,71801,184,196
09725_16-02-2026-13.15,79206,237,240
09725_16-02-2026-13.15,04307,254,257
09725_16-02-2026-13.15,87374,280,290
09725_16-02-2026-13.15,87088,325,328
09725_16-02-2026-13.15,87173,390,399
09725_16-02-2026-13.15,87302,428,431
09725_16-02-2026-13.15,87814,457,460
09725_16-02-2026-13.15,87912,479,482
09725_16-02-2026-13.15,87089,495,495
03141_16-02-2026-13.57,60000,0,0
03141_16-02-2026-13.57,71801,157,157
03143_16-02-2026-14.27,60000,0,0
03143_16-02-2026-14.27,70600,58,59
03143_16-02-2026-14.27,04040,84,85
03143_16-02-2026-14.27,71801,177,187
03143_16-02-2026-14.27,79206,233,236
03143_16-02-2026-14.27,04307,252,252
03151_16-02-2026-14.57,60000,0,0
03151_16-02-2026-14.57,71801,157,157
03305_16-02-2026-15.27,60000,0,0
03305_16-02-2026-15.27,70600,58,59
03305_16-02-2026-15.27,04040,83,84
03305_16-02-2026-15.27,78400,128,130
03305_16-02-2026-15.27,04104,156,158
03305_16-02-2026-15.27,71801,199,199
03161_16-02-2026-15.57,60000,0,0
03161_16-02-2026-15.57,71801,157,157
03163_16-02-2026-16.27,60000,0,0
03163_16-02-2026-16.27,04040,78,79
03163_16-02-2026-16.27,71801,172,178
03163_16-02-2026-16.27,79206,227,229
03163_16-02-2026-16.27,04307,244,244
03171_16-02-2026-16.57,60000,0,0
03171_16-02-2026-16.57,71801,157,157
03173_16-02-2026-17.27,60000,0,0
03173_16-02-2026-17.27,04007,26,27
03173_16-02-2026-17.27,04040,84,85
03173_16-02-2026-17.27,78400,128,130
03173_16-02-2026-17.27,04104,157,159
03173_16-02-2026-17.27,71801,199,199
02553_16-02-2026-17.57,54413,0,0
02553_16-02-2026-17.57,50500,47,49
02553_16-02-2026-17.57,60000,165,181
02553_16-02-2026-17.57,71801,338,338
03183_16-02-2026-18.27,60000,0,0
03183_16-02-2026-18.27,04040,78,79
03183_16-02-2026-18.27,04104,137,139
03183_16-02-2026-18.27,71801,177,177
03191_16-02-2026-18.57,60000,0,0
03191_16-02-2026-18.57,71801,157,167
03191_16-02-2026-18.57,79206,208,210
03191_16-02-2026-18.57,04307,225,225
03309_16-02-2026-19.34,60000,0,0
03309_16-02-2026-19.34,04007,26,27
03309_16-02-2026-19.34,70600,62,63
03309_16-02-2026-19.34,04040,88,89
03309_16-02-2026-19.34,78400,132,134
03309_16-02-2026-19.34,04104,161,163
03309_16-02-2026-19.34,71801,201,211
03309_16-02-2026-19.34,79206,252,253
03309_16-02-2026-19.34,04307,268,268
03203_16-02-2026-20.27,60000,0,0
03203_16-02-2026-20.27,04007,25,26
03203_16-02-2026-20.27,70600,65,66
03203_16-02-2026-20.27,04040,90,91
03203_16-02-2026-20.27,78400,133,135
03203_16-02-2026-20.27,04104,160,162
03203_16-02-2026-20.27,71801,201,201
03301_17-02-2026-06.16,60000,0,0
03301_17-02-2026-06.16,04104,125,127
03301_17-02-2026-06.16,71801,169,169
03063_17-02-2026-06.27,60000,0,0
03063_17-02-2026-06.27,70600,59,60
03063_17-02-2026-06.27,04040,85,86
03063_17-02-2026-06.27,71801,178,178
03071_17-02-2026-06.57,60000,0,0
03071_17-02-2026-06.57,71801,157,157
03073_17-02-2026-07.27,60000,0,0
03073_17-02-2026-07.27,04007,25,26
03073_17-02-2026-07.27,04040,84,85
03073_17-02-2026-07.27,78400,128,130
03073_17-02-2026-07.27,04104,157,159
03073_17-02-2026-07.27,71801,199,215
03073_17-02-2026-07.27,79206,255,257
03073_17-02-2026-07.27,04307,272,272
03081_17-02-2026-07.57,60000,0,0
03081_17-02-2026-07.57,71801,157,157
03083_17-02-2026-08.27,60000,0,0
03083_17-02-2026-08.27,04040,78,79
03083_17-02-2026-08.27,71801,172,172
03091_17-02-2026-08.57,60000,0,0
03091_17-02-2026-08.57,04104,124,126
03091_17-02-2026-08.57,71801,164,164
02561_17-02-2026-09.27,51003,0,0
02561_17-02-2026-09.27,50500,46,48
02561_17-02-2026-09.27,37300,94,96
02561_17-02-2026-09.27,37200,108,110
02561_17-02-2026-09.27,60000,176,207
02561_17-02-2026-09.27,04040,286,287
02561_17-02-2026-09.27,78400,332,334
02561_17-02-2026-09.27,04104,360,362
02561_17-02-2026-09.27,71801,401,409
02561_17-02-2026-09.27,79206,450,452
02561_17-02-2026-09.27,04307,467,467
03303_17-02-2026-10.27,60000,0,0
03303_17-02-2026-10.27,04040,80,81
03303_17-02-2026-10.27,71801,172,172
03113_17-02-2026-11.27,60000,0,0
03113_17-02-2026-11.27,70600,58,59
03113_17-02-2026-11.27,04040,84,85
03113_17-02-2026-11.27,78400,128,130
03113_17-02-2026-11.27,04104,157,159
03113_17-02-2026-11.27,71801,199,199
02591_17-02-2026-12.27,51003,0,0
02591_17-02-2026-12.27,50500,41,43
02591_17-02-2026-12.27,60000,158,173
02591_17-02-2026-12.27,04040,251,252
02591_17-02-2026-12.27,78400,295,297
02591_17-02-2026-12.27,71801,370,380
02591_17-02-2026-12.27,79206,421,423
02591_17-02-2026-12.27,04307,438,438
09725_17-02-2026-13.15,60000,0,0
09725_17-02-2026-13.15,04007,26,28
09725_17-02-2026-13.15,04040,85,88
09725_17-02-2026-13.15,04104,142,144
09725_17-02-2026-13.15,71801,184,196
09725_17-02-2026-13.15,79206,237,240
09725_17-02-2026-13.15,04307,254,257
09725_17-02-2026-13.15,87374,280,290
09725_17-02-2026-13.15,87088,325,328
09725_17-02-2026-13.15,87173,390,399
09725_17-02-2026-13.15,87302,428,431
09725_17-02-2026-13.15,87814,457,460
09725_17-02-2026-13.15,87912,479,482
09725_17-02-2026-13.15,87089,495,495
03141_17-02-2026-13.57,60000,0,0
03141_17-02-2026-13.57,71801,157,157
03143_17-02-2026-14.27,60000,0,0
03143_17-02-2026-14.27,70600,58,59
03143_17-02-2026-14.27,04040,84,85
03143_17-02-2026-14.27,71801,177,187
03143_17-02-2026-14.27,79206,233,236
03143_17-02-2026-14.27,04307,252,252
03151_17-02-2026-14.57,60000,0,0
03151_17-02-2026-14.57,71801,157,157
03305_17-02-2026-15.27,60000,0,0
03305_17-02-2026-15.27,70600,58,59
03305_17-02-2026-15.27,04040,83,84
03305_17-02-2026-15.27,78400,128,130
03305_17-02-2026-15.27,04104,156,158
03305_17-02-2026-15.27,71801,199,199
03161_17-02-2026-15.57,60000,0,0
03161_17-02-2026-15.57,71801,157,157
03163_17-02-2026-16.27,60000,0,0
03163_17-02-2026-16.27,04040,78,79
03163_17-02-2026-16.27,71801,172,178
03163_17-02-2026-16.27,79206,227,229
03163_17-02-2026-16.27,04307,244,244
03171_17-02-2026-16.57,60000,0,0
03171_17-02-2026-16.57,71801,157,157
03173_17-02-2026-17.27,60000,0,0
03173_17-02-2026-17.27,04007,26,27
03173_17-02-2026-17.27,04040,84,85
03173_17-02-2026-17.27,78400,128,130
03173_17-02-2026-17.27,04104,157,159
03173_17-02-2026-17.27,71801,199,199
02553_17-02-2026-17.57,54413,0,0
02553_17-02-2026-17.57,50500,47,49
02553_17-02-2026-17.57,60000,165,181
02553_17-02-2026-17.57,71801,338,338
03183_17-02-2026-18.27,60000,0,0
03183_17-02-2026-18.27,04040,78,79
03183_17-02-2026-18.27,04104,137,139
03183_17-02-2026-18.27,71801,177,177
03191_17-02-2026-18.57,60000,0,0
03191_17-02-2026-18.57,71801,157,167
03191_17-02-2026-18.57,79206,208,210
03191_17-02-2026-18.57,04307,225,225
03309_17-02-2026-19.34,60000,0,0
03309_17-02-2026-19.34,04007,26,27
03309_17-02-2026-19.34,70600,62,63
03309_17-02-2026-19.34,04040,88,89
03309_17-02-2026-19.34,78400,132,134
03309_17-02-2026-19.34,04104,161,163
03309_17-02-2026-19.34,71801,201,211
03309_17-02-2026-19.34,79206,252,253
03309_17-02-2026-19.34,04307,268,268
03203_17-02-2026-20.27,60000,0,0
03203_17-02-2026-20.27,04007,25,26
03203_17-02-2026-20.27,70600,65,66
03203_17-02-2026-20.27,04040,90,91
03203_17-02-2026-20.27,78400,133,135
03203_17-02-2026-20.27,04104,160,162
03203_17-02-2026-20.27,71801,201,201
03301_18-02-2026-06.16,60000,0,0
03301_18-02-2026-06.16,04104,125,127
03301_18-02-2026-06.16,71801,169,169
03063_18-02-2026-06.27,60000,0,0
03063_18-02-2026-06.27,70600,59,60
03063_18-02-2026-06.27,04040,85,86
03063_18-02-2026-06.27,71801,178,178
03071_18-02-2026-06.57,60000,0,0
03071_18-02-2026-06.57,71801,157,157
03073_18-02-2026-07.27,60000,0,0
03073_18-02-2026-07.27,04007,25,26
03073_18-02-2026-07.27,04040,84,85
03073_18-02-2026-07.27,78400,128,130
03073_18-02-2026-07.27,04104,157,159
03073_18-02-2026-07.27,71801,199,215
03073_18-02-2026-07.27,79206,255,257
03073_18-02-2026-07.27,04307,272,272
03081_18-02-2026-07.57,60000,0,0
03081_18-02-2026-07.57,71801,157,157
03083_18-02-2026-08.27,60000,0,0
03083_18-02-2026-08.27,04040,78,79
03083_18-02-2026-08.27,71801,172,172
03091_18-02-2026-08.57,60000,0,0
03091_18-02-2026-08.57,04104,124,126
03091_18-02-2026-08.57,71801,164,164
02561_18-02-2026-09.27,51003,0,0
02561_18-02-2026-09.27,50500,46,48
02561_18-02-2026-09.27,37300,94,96
02561_18-02-2026-09.27,37200,108,110
02561_18-02-2026-09.27,60000,176,207
02561_18-02-2026-09.27,04040,286,287
02561_18-02-2026-09.27,78400,332,334
02561_18-02-2026-09.27,04104,360,362
02561_18-02-2026-09.27,71801,401,409
02561_18-02-2026-09.27,79206,450,452
02561_18-02-2026-09.27,04307,467,467
03303_18-02-2026-10.27,60000,0,0
03303_18-02-2026-10.27,04040,80,81
03303_18-02-2026-10.27,71801,172,172
03113_18-02-2026-11.27,60000,0,0
03113_18-02-2026-11.27,70600,58,59
03113_18-02-2026-11.27,04040,84,85
03113_18-02-2026-11.27,78400,128,130
03113_18-02-2026-11.27,04104,157,159
03113_18-02-2026-11.27,71801,199,199
02591_18-02-2026-12.27,51003,0,0
02591_18-02-2026-12.27,50500,41,43
02591_18-02-2026-12.27,60000,158,173
02591_18-02-2026-12.27,04040,251,252
02591_18-02-2026-12.27,78400,295,297
02591_18-02-2026-12.27,71801,370,380
02591_18-02-2026-12.27,79206,421,423
02591_18-02-2026-12.27,04307,438,438
09725_18-02-2026-13.15,60000,0,0
09725_18-02-2026-13.15,04007,26,28
09725_18-02-2026-13.15,04040,85,88
09725_18-02-2026-13.15,04104,142,144
09725_18-02-2026-13.15,71801,184,196
09725_18-02-2026-13.15,79206,237,240
09725_18-02-2026-13.15,04307,254,257
09725_18-02-2026-13.15,87374,280,290
09725_18-02-2026-13.15,87088,325,328
09725_18-02-2026-13.15,87173,390,399
09725_18-02-2026-13.15,87302,428,431
09725_18-02-2026-13.15,87814,457,460
09725_18-02-2026-13.15,87912,479,482
09725_18-02-2026-13.15,87089,495,495
03141_18-02-2026-13.57,60000,0,0
03141_18-02-2026-13.57,71801,157,157
03143_18-02-2026-14.27,60000,0,0
03143_18-02-2026-14.27,70600,58,59
03143_18-02-2026-14.27,04040,84,85
03143_18-02-2026-14.27,71801,177,187
03143_18-02-2026-14.27,79206,233,236
03143_18-02-2026-14.27,04307,252,252
03151_18-02-2026-14.57,60000,0,0
03151_18-02-2026-14.57,71801,157,157
03305_18-02-2026-15.27,60000,0,0
03305_18-02-2026-15.27,70600,58,59
03305_18-02-2026-15.27,04040,83,84
03305_18-02-2026-15.27,78400,128,130
03305_18-02-2026-15.27,04104,156,158
03305_18-02-2026-15.27,71801,199,199
03161_18-02-2026-15.57,60000,0,0
03161_18-02-2026-15.57,71801,157,157
03163_18-02-2026-16.27,60000,0,0
03163_18-02-2026-16.27,04040,78,79
03163_18-02-2026-16.27,71801,172,178
03163_18-02-2026-16.27,79206,227,229
03163_18-02-2026-16.27,04307,244,244
03171_18-02-2026-16.57,60000,0,0
03171_18-02-2026-16.57,71801,157,157
03173_18-02-2026-17.27,60000,0,0
03173_18-02-2026-17.27,04007,26,27
03173_18-02-2026-17.27,04040,84,85
03173_18-02-2026-17.27,78400,128,130
03173_18-02-2026-17.27,04104,157,159
03173_18-02-2026-17.27,71801,199,199
02553_18-02-2026-17.57,54413,0,0
02553_18-02-2026-17.57,50500,47,49
02553_18-02-2026-17.57,60000,165,181
02553_18-02-2026-17.57,71801,338,338
03183_18-02-2026-18.27,60000,0,0
03183_18-02-2026-18.27,04040,78,79
03183_18-02-2026-18.27,04104,137,139
03183_18-02-2026-18.27,71801,177,177
03191_18-02-2026-18.57,60000,0,0
03191_18-02-2026-18.57,71801,157,167
03191_18-02-2026-18.57,79206,208,210
03191_18-02-2026-18.57,04307,225,225
03309_18-02-2026-19.34,60000,0,0
03309_18-02-2026-19.34,04007,26,27
03309_18-02-2026-19.34,70600,62,63
03309_18-02-2026-19.34,04040,88,89
03309_18-02-2026-19.34,78400,132,134
03309_18-02-2026-19.34,04104,161,163
03309_18-02-2026-19.34,71801,201,211
03309_18-02-2026-19.34,79206,252,253
03309_18-02-2026-19.34,04307,268,268
03201_18-02-2026-20.05,60000,0,0
03201_18-02-2026-20.05,71801,157,157
03203_18-02-2026-20.27,60000,0,0
03203_18-02-2026-20.27,04007,25,26
03203_18-02-2026-20.27,70600,65,66
03203_18-02-2026-20.27,04040,90,91
03203_18-02-2026-20.27,78400,133,135
03203_18-02-2026-20.27,04104,160,162
03203_18-02-2026-20.27,71801,201,201
02883_18-02-2026-21.07,54413,0,0
02883_18-02-2026-21.07,50500,47,49
02883_18-02-2026-21.07,60000,164,190
02883_18-02-2026-21.07,04040,269,270
02883_18-02-2026-21.07,71801,362,362
03301_19-02-2026-06.16,60000,0,0
03301_19-02-2026-06.16,04104,125,127
03301_19-02-2026-06.16,71801,169,169
03063_19-02-2026-06.27,60000,0,0
03063_19-02-2026-06.27,70600,59,60
03063_19-02-2026-06.27,04040,85,86
03063_19-02-2026-06.27,71801,178,178
03071_19-02-2026-06.57,60000,0,0
03071_19-02-2026-06.57,71801,157,157
03073_19-02-2026-07.27,60000,0,0
03073_19-02-2026-07.27,04007,25,26
03073_19-02-2026-07.27,04040,84,85
03073_19-02-2026-07.27,78400,128,130
03073_19-02-2026-07.27,04104,157,159
03073_19-02-2026-07.27,71801,199,215
03073_19-02-2026-07.27,79206,255,257
03073_19-02-2026-07.27,04307,272,272
03081_19-02-2026-07.57,60000,0,0
03081_19-02-2026-07.57,71801,157,157
03083_19-02-2026-08.27,60000,0,0
03083_19-02-2026-08.27,04040,78,79
03083_19-02-2026-08.27,71801,172,172
03091_19-02-2026-08.57,60000,0,0
03091_19-02-2026-08.57,04104,124,126
03091_19-02-2026-08.57,71801,164,164
02561_19-02-2026-09.27,51003,0,0
02561_19-02-2026-09.27,50500,46,48
02561_19-02-2026-09.27,37300,94,96
02561_19-02-2026-09.27,37200,108,110
02561_19-02-2026-09.27,60000,176,207
02561_19-02-2026-09.27,04040,286,287
02561_19-02-2026-09.27,78400,332,334
02561_19-02-2026-09.27,04104,360,362
02561_19-02-2026-09.27,71801,401,409
02561_19-02-2026-09.27,79206,450,452
02561_19-02-2026-09.27,04307,467,467
03303_19-02-2026-10.27,60000,0,0
03303_19-02-2026-10.27,04040,80,81
03303_19-02-2026-10.27,71801,172,172
03113_19-02-2026-11.27,60000,0,0
03113_19-02-2026-11.27,70600,58,59
03113_19-02-2026-11.27,04040,84,85
03113_19-02-2026-11.27,78400,128,130
03113_19-02-2026-11.27,04104,157,159
03113_19-02-2026-11.27,71801,199,199
02591_19-02-2026-12.27,51003,0,0
02591_19-02-2026-12.27,50500,41,43
02591_19-02-2026-12.27,60000,158,173
02591_19-02-2026-12.27,04040,251,252
02591_19-02-2026-12.27,78400,295,297
02591_19-02-2026-12.27,71801,370,380
02591_19-02-2026-12.27,79206,421,423
02591_19-02-2026-12.27,04307,438,438
09725_19-02-2026-13.15,60000,0,0
09725_19-02-2026-13.15,04007,26,28
09725_19-02-2026-13.15,04040,85,88
09725_19-02-2026-13.15,04104,142,144
09725_19-02-2026-13.15,71801,184,196
09725_19-02-2026-13.15,79206,237,240
09725_19-02-2026-13.15,04307,254,257
09725_19-02-2026-13.15,87374,280,290
09725_19-02-2026-13.15,87088,325,328
09725_19-02-2026-13.15,87173,390,399
09725_19-02-2026-13.15,87302,428,431
09725_19-02-2026-13.15,87814,457,460
09725_19-02-2026-13.15,87912,479,482
09725_19-02-2026-13.15,87089,495,495
03141_19-02-2026-13.57,60000,0,0
03141_19-02-2026-13.57,71801,157,157
03143_19-02-2026-14.27,60000,0,0
03143_19-02-2026-14.27,70600,58,59
03143_19-02-2026-14.27,04040,84,85
03143_19-02-2026-14.27,71801,177,187
03143_19-02-2026-14.27,79206,233,236
03143_19-02-2026-14.27,04307,252,252
03151_19-02-2026-14.57,60000,0,0
03151_19-02-2026-14.57,71801,157,157
03305_19-02-2026-15.27,60000,0,0
03305_19-02-2026-15.27,70600,58,59
03305_19-02-2026-15.27,04040,83,84
03305_19-02-2026-15.27,78400,128,130
03305_19-02-2026-15.27,04104,156,158
03305_19-02-2026-15.27,71801,199,199
03161_19-02-2026-15.57,60000,0,0
03161_19-02-2026-15.57,71801,157,157
03163_19-02-2026-16.27,60000,0,0
03163_19-02-2026-16.27,04040,78,79
03163_19-02-2026-16.27,71801,172,178
03163_19-02-2026-16.27,79206,227,229
03163_19-02-2026-16.27,04307,244,244
03171_19-02-2026-16.57,60000,0,0
03171_19-02-2026-16.57,71801,157,157
03173_19-02-2026-17.27,60000,0,0
03173_19-02-2026-17.27,04007,26,27
03173_19-02-2026-17.27,04040,84,85
03173_19-02-2026-17.27,78400,128,130
03173_19-02-2026-17.27,04104,157,159
03173_19-02-2026-17.27,71801,199,199
02553_19-02-2026-17.57,54413,0,0
02553_19-02-2026-17.57,50500,47,49
02553_19-02-2026-17.57,60000,165,181
02553_19-02-2026-17.57,71801,338,338
03183_19-02-2026-18.27,60000,0,0
03183_19-02-2026-18.27,04040,78,79
03183_19-02-2026-18.27,04104,137,139
03183_19-02-2026-18.27,71801,177,177
03191_19-02-2026-18.57,60000,0,0
03191_19-02-2026-18.57,71801,157,167
03191_19-02-2026-18.57,79206,208,210
03191_19-02-2026-18.57,04307,225,225
03309_19-02-2026-19.34,60000,0,0
03309_19-02-2026-19.34,04007,26,27
03309_19-02-2026-19.34,70600,62,63
03309_19-02-2026-19.34,04040,88,89
03309_19-02-2026-19.34,78400,132,134
03309_19-02-2026-19.34,04104,161,163
03309_19-02-2026-19.34,71801,201,211
03309_19-02-2026-19.34,79206,252,253
03309_19-02-2026-19.34,04307,268,268
03201_19-02-2026-20.05,60000,0,0
03201_19-02-2026-20.05,71801,157,157
03203_19-02-2026-20.27,60000,0,0
03203_19-02-2026-20.27,04007,25,26
03203_19-02-2026-20.27,70600,65,66
03203_19-02-2026-20.27,04040,90,91
03203_19-02-2026-20.27,78400,133,135
03203_19-02-2026-20.27,04104,160,162
03203_19-02-2026-20.27,71801,201,201
02883_19-02-2026-21.07,54413,0,0
02883_19-02-2026-21.07,50500,47,49
02883_19-02-2026-21.07,60000,164,190
02883_19-02-2026-21.07,04040,269,270
02883_19-02-2026-21.07,71801,362,362
03301_20-02-2026-06.27,60000,0,0
03301_20-02-2026-06.27,70600,59,60
03301_20-02-2026-06.27,04040,85,86
03301_20-02-2026-06.27,71801,178,178
03071_20-02-2026-06.57,60000,0,0
03071_20-02-2026-06.57,71801,157,157
03073_20-02-2026-07.27,60000,0,0
03073_20-02-2026-07.27,04007,25,26
03073_20-02-2026-07.27,04040,84,85
03073_20-02-2026-07.27,78400,128,130
03073_20-02-2026-07.27,04104,157,159
03073_20-02-2026-07.27,71801,199,215
03073_20-02-2026-07.27,79206,255,257
03073_20-02-2026-07.27,04307,272,272
03081_20-02-2026-07.57,60000,0,0
03081_20-02-2026-07.57,71801,157,157
03091_20-02-2026-08.57,60000,0,0
03091_20-02-2026-08.57,04104,124,126
03091_20-02-2026-08.57,71801,164,164
02561_20-02-2026-09.27,51003,0,0
02561_20-02-2026-09.27,50500,46,48
02561_20-02-2026-09.27,37300,94,96
02561_20-02-2026-09.27,37200,108,110
02561_20-02-2026-09.27,60000,176,207
02561_20-02-2026-09.27,04040,286,287
02561_20-02-2026-09.27,78400,332,334
02561_20-02-2026-09.27,04104,360,362
02561_20-02-2026-09.27,71801,401,409
02561_20-02-2026-09.27,79206,450,452
02561_20-02-2026-09.27,04307,467,467
03303_20-02-2026-10.27,60000,0,0
03303_20-02-2026-10.27,04040,80,81
03303_20-02-2026-10.27,71801,172,172
03113_20-02-2026-11.27,60000,0,0
03113_20-02-2026-11.27,70600,58,59
03113_20-02-2026-11.27,04040,84,85
03113_20-02-2026-11.27,78400,128,130
03113_20-02-2026-11.27,04104,157,159
03113_20-02-2026-11.27,71801,199,199
02591_20-02-2026-12.27,51003,0,0
02591_20-02-2026-12.27,50500,41,43
02591_20-02-2026-12.27,60000,158,173
02591_20-02-2026-12.27,04040,251,252
02591_20-02-2026-12.27,78400,295,297
02591_20-02-2026-12.27,71801,370,380
02591_20-02-2026-12.27,79206,421,423
02591_20-02-2026-12.27,04307,438,438
09725_20-02-2026-13.15,60000,0,0
09725_20-02-2026-13.15,04007,26,28
09725_20-02-2026-13.15,04040,85,88
09725_20-02-2026-13.15,04104,142,144
09725_20-02-2026-13.15,71801,184,196
09725_20-02-2026-13.15,79206,237,240
09725_20-02-2026-13.15,04307,254,257
09725_20-02-2026-13.15,87374,280,290
09725_20-02-2026-13.15,87088,325,328
09725_20-02-2026-13.15,87173,390,399
09725_20-02-2026-13.15,87302,428,431
09725_20-02-2026-13.15,87814,457,460
09725_20-02-2026-13.15,87912,479,482
09725_20-02-2026-13.15,87089,495,495
03141_20-02-2026-13.57,60000,0,0
03141_20-02-2026-13.57,71801,157,157
03143_20-02-2026-14.27,60000,0,0
03143_20-02-2026-14.27,70600,58,59
03143_20-02-2026-14.27,04040,84,85
03143_20-02-2026-14.27,71801,177,187
03143_20-02-2026-14.27,79206,233,236
03143_20-02-2026-14.27,04307,252,252
03151_20-02-2026-14.57,60000,0,0
03151_20-02-2026-14.57,71801,157,157
03305_20-02-2026-15.27,60000,0,0
03305_20-02-2026-15.27,70600,58,59
03305_20-02-2026-15.27,04040,83,84
03305_20-02-2026-15.27,78400,128,130
03305_20-02-2026-15.27,04104,156,158
03305_20-02-2026-15.27,71801,199,199
03161_20-02-2026-15.57,60000,0,0
03161_20-02-2026-15.57,71801,157,157
03163_20-02-2026-16.27,60000,0,0
03163_20-02-2026-16.27,04040,78,79
03163_20-02-2026-16.27,71801,172,178
03163_20-02-2026-16.27,79206,227,229
03163_20-02-2026-16.27,04307,244,244
03171_20-02-2026-16.57,60000,0,0
03171_20-02-2026-16.57,71801,157,157
03373_20-02-2026-17.27,60000,0,0
03373_20-02-2026-17.27,04007,26,27
03373_20-02-2026-17.27,04040,84,85
03373_20-02-2026-17.27,78400,128,130
03373_20-02-2026-17.27,04104,157,159
03373_20-02-2026-17.27,71801,199,199
02553_20-02-2026-17.57,54413,0,0
02553_20-02-2026-17.57,50500,47,49
02553_20-02-2026-17.57,60000,165,181
02553_20-02-2026-17.57,71801,338,338
03183_20-02-2026-18.27,60000,0,0
03183_20-02-2026-18.27,04040,78,79
03183_20-02-2026-18.27,04104,137,139
03183_20-02-2026-18.27,71801,177,177
03191_20-02-2026-18.57,60000,0,0
03191_20-02-2026-18.57,71801,157,157
03309_20-02-2026-19.34,60000,0,0
03309_20-02-2026-19.34,04007,26,27
03309_20-02-2026-19.34,70600,62,63
03309_20-02-2026-19.34,04040,88,89
03309_20-02-2026-19.34,78400,132,134
03309_20-02-2026-19.34,04104,161,163
03309_20-02-2026-19.34,71801,201,211
03309_20-02-2026-19.34,79206,252,253
03309_20-02-2026-19.34,04307,268,268
03201_20-02-2026-20.05,60000,0,0
03201_20-02-2026-20.05,71801,157,157
03203_20-02-2026-20.27,60000,0,0
03203_20-02-2026-20.27,04007,25,26
03203_20-02-2026-20.27,70600,65,66
03203_20-02-2026-20.27,04040,90,91
03203_20-02-2026-20.27,78400,133,135
03203_20-02-2026-20.27,04104,160,162
03203_20-02-2026-20.27,71801,201,201
02883_20-02-2026-21.07,54413,0,0
02883_20-02-2026-21.07,50500,47,49
02883_20-02-2026-21.07,60000,164,190
02883_20-02-2026-21.07,04040,269,270
02883_20-02-2026-21.07,71801,362,362
03301_21-02-2026-06.27,60000,0,0
03301_21-02-2026-06.27,70600,59,60
03301_21-02-2026-06.27,04040,85,86
03301_21-02-2026-06.27,04104,146,148
03301_21-02-2026-06.27,71801,184,184
03073_21-02-2026-07.27,60000,0,0
03073_21-02-2026-07.27,04007,25,26
03073_21-02-2026-07.27,04040,84,85
03073_21-02-2026-07.27,78400,128,130
03073_21-02-2026-07.27,04104,157,159
03073_21-02-2026-07.27,71801,199,215
03073_21-02-2026-07.27,79206,255,257
03073_21-02-2026-07.27,04307,272,272
03083_21-02-2026-08.27,60000,0,0
03083_21-02-2026-08.27,04040,78,79
03083_21-02-2026-08.27,71801,172,172
03091_21-02-2026-08.57,60000,0,0
03091_21-02-2026-08.57,04104,124,126
03091_21-02-2026-08.57,71801,164,164
02561_21-02-2026-09.27,51003,0,0
02561_21-02-2026-09.27,50500,46,48
02561_21-02-2026-09.27,37300,94,96
02561_21-02-2026-09.27,37200,108,110
02561_21-02-2026-09.27,60000,176,207
02561_21-02-2026-09.27,04040,286,287
02561_21-02-2026-09.27,78400,332,334
02561_21-02-2026-09.27,04104,360,362
02561_21-02-2026-09.27,71801,401,409
02561_21-02-2026-09.27,79206,450,452
02561_21-02-2026-09.27,04307,467,467
03303_21-02-2026-10.27,60000,0,0
03303_21-02-2026-10.27,04040,80,81
03303_21-02-2026-10.27,71801,172,172
03113_21-02-2026-11.27,60000,0,0
03113_21-02-2026-11.27,70600,58,59
03113_21-02-2026-11.27,04040,84,85
03113_21-02-2026-11.27,78400,128,130
03113_21-02-2026-11.27,04104,157,159
03113_21-02-2026-11.27,71801,199,199
02591_21-02-2026-12.27,51003,0,0
02591_21-02-2026-12.27,50500,41,43
02591_21-02-2026-12.27,60000,158,173
02591_21-02-2026-12.27,04040,251,252
02591_21-02-2026-12.27,78400,295,297
02591_21-02-2026-12.27,71801,370,370
09725_21-02-2026-13.15,60000,0,0
09725_21-02-2026-13.15,04007,26,28
09725_21-02-2026-13.15,04040,85,88
09725_21-02-2026-13.15,04104,142,144
09725_21-02-2026-13.15,71801,184,196
09725_21-02-2026-13.15,79206,237,240
09725_21-02-2026-13.15,04307,254,257
09725_21-02-2026-13.15,87374,280,290
09725_21-02-2026-13.15,87088,325,328
09725_21-02-2026-13.15,87173,390,399
09725_21-02-2026-13.15,87302,428,431
09725_21-02-2026-13.15,87814,457,460
09725_21-02-2026-13.15,87912,479,482
09725_21-02-2026-13.15,87089,495,495
03305_21-02-2026-15.27,60000,0,0
03305_21-02-2026-15.27,70600,58,59
03305_21-02-2026-15.27,04040,83,84
03305_21-02-2026-15.27,78400,128,130
03305_21-02-2026-15.27,04104,156,158
03305_21-02-2026-15.27,71801,199,199
03163_21-02-2026-16.27,60000,0,0
03163_21-02-2026-16.27,04040,78,79
03163_21-02-2026-16.27,71801,172,172
03373_21-02-2026-17.27,60000,0,0
03373_21-02-2026-17.27,04007,26,27
03373_21-02-2026-17.27,04040,84,85
03373_21-02-2026-17.27,78400,128,130
03373_21-02-2026-17.27,04104,157,159
03373_21-02-2026-17.27,71801,199,199
03183_21-02-2026-18.27,60000,0,0
03183_21-02-2026-18.27,04040,78,79
03183_21-02-2026-18.27,04104,137,139
03183_21-02-2026-18.27,71801,177,177
03309_21-02-2026-19.34,60000,0,0
03309_21-02-2026-19.34,04007,26,27
03309_21-02-2026-19.34,70600,62,63
03309_21-02-2026-19.34,04040,88,89
03309_21-02-2026-19.34,78400,132,134
03309_21-02-2026-19.34,04104,161,163
03309_21-02-2026-19.34,71801,201,211
03309_21-02-2026-19.34,79206,252,253
03309_21-02-2026-19.34,04307,268,268
03203_21-02-2026-20.27,60000,0,0
03203_21-02-2026-20.27,04007,25,26
03203_21-02-2026-20.27,70600,65,66
03203_21-02-2026-20.27,04040,90,91
03203_21-02-2026-20.27,78400,133,135
03203_21-02-2026-20.27,04104,160,162
03203_21-02-2026-20.27,71801,201,201
03301_22-02-2026-06.27,60000,0,0
03301_22-02-2026-06.27,70600,59,60
03301_22-02-2026-06.27,04040,85,86
03301_22-02-2026-06.27,04104,146,148
03301_22-02-2026-06.27,71801,184,184
03073_22-02-2026-07.27,60000,0,0
03073_22-02-2026-07.27,04007,25,26
03073_22-02-2026-07.27,04040,84,85
03073_22-02-2026-07.27,78400,128,130
03073_22-02-2026-07.27,04104,157,159
03073_22-02-2026-07.27,71801,199,215
03073_22-02-2026-07.27,79206,255,257
03073_22-02-2026-07.27,04307,272,272
03083_22-02-2026-08.27,60000,0,0
03083_22-02-2026-08.27,04040,78,79
03083_22-02-2026-08.27,71801,172,172
02561_22-02-2026-09.27,51003,0,0
02561_22-02-2026-09.27,50500,46,48
02561_22-02-2026-09.27,37300,94,96
02561_22-02-2026-09.27,37200,108,110
02561_22-02-2026-09.27,60000,176,207
02561_22-02-2026-09.27,04040,286,287
02561_22-02-2026-09.27,78400,332,334
02561_22-02-2026-09.27,04104,360,362
02561_22-02-2026-09.27,71801,401,409
02561_22-02-2026-09.27,79206,450,452
02561_22-02-2026-09.27,04307,467,467
03303_22-02-2026-10.27,60000,0,0
03303_22-02-2026-10.27,04040,80,81
03303_22-02-2026-10.27,71801,172,172
03113_22-02-2026-11.27,60000,0,0
03113_22-02-2026-11.27,70600,58,59
03113_22-02-2026-11.27,04040,84,85
03113_22-02-2026-11.27,78400,128,130
03113_22-02-2026-11.27,04104,157,159
03113_22-02-2026-11.27,71801,199,199
02591_22-02-2026-12.27,51003,0,0
02591_22-02-2026-12.27,50500,41,43
02591_22-02-2026-12.27,60000,158,173
02591_22-02-2026-12.27,04040,251,252
02591_22-02-2026-12.27,78400,295,297
02591_22-02-2026-12.27,71801,370,380
02591_22-02-2026-12.27,79206,421,423
02591_22-02-2026-12.27,04307,438,438
09725_22-02-2026-13.15,60000,0,0
09725_22-02-2026-13.15,04007,26,28
09725_22-02-2026-13.15,04040,85,88
09725_22-02-2026-13.15,04104,142,144
09725_22-02-2026-13.15,71801,184,196
09725_22-02-2026-13.15,79206,237,240
09725_22-02-2026-13.15,04307,254,257
09725_22-02-2026-13.15,87374,280,290
09725_22-02-2026-13.15,87088,325,328
09725_22-02-2026-13.15,87173,390,399
09725_22-02-2026-13.15,87302,428,431
09725_22-02-2026-13.15,87814,457,460
09725_22-02-2026-13.15,87912,479,482
09725_22-02-2026-13.15,87089,495,495
03141_22-02-2026-13.57,60000,0,0
03141_22-02-2026-13.57,71801,157,157
03143_22-02-2026-14.27,60000,0,0
03143_22-02-2026-14.27,70600,58,59
03143_22-02-2026-14.27,04040,84,85
03143_22-02-2026-14.27,71801,177,187
03143_22-02-2026-14.27,79206,233,236
03143_22-02-2026-14.27,04307,252,252
03305_22-02-2026-15.27,60000,0,0
03305_22-02-2026-15.27,70600,58,59
03305_22-02-2026-15.27,04040,83,84
03305_22-02-2026-15.27,78400,128,130
03305_22-02-2026-15.27,04104,156,158
03305_22-02-2026-15.27,71801,199,199
03161_22-02-2026-15.57,60000,0,0
03161_22-02-2026-15.57,71801,157,157
03163_22-02-2026-16.27,60000,0,0
03163_22-02-2026-16.27,04040,78,79
03163_22-02-2026-16.27,71801,172,172
03171_22-02-2026-16.57,60000,0,0
03171_22-02-2026-16.57,71801,157,157
03373_22-02-2026-17.27,60000,0,0
03373_22-02-2026-17.27,04007,26,27
03373_22-02-2026-17.27,04040,84,85
03373_22-02-2026-17.27,78400,128,130
03373_22-02-2026-17.27,04104,157,159
03373_22-02-2026-17.27,71801,199,199
02553_22-02-2026-17.57,54413,0,0
02553_22-02-2026-17.57,50500,47,49
02553_22-02-2026-17.57,60000,165,181
02553_22-02-2026-17.57,71801,338,338
03183_22-02-2026-18.27,60000,0,0
03183_22-02-2026-18.27,04040,78,79
03183_22-02-2026-18.27,04104,137,139
03183_22-02-2026-18.27,71801,177,177
03191_22-02-2026-18.57,60000,0,0
03191_22-02-2026-18.57,71801,157,167
03191_22-02-2026-18.57,79206,208,210
03191_22-02-2026-18.57,04307,225,225
03309_22-02-2026-19.34,60000,0,0
03309_22-02-2026-19.34,04007,26,27
03309_22-02-2026-19.34,70600,62,63
03309_22-02-2026-19.34,04040,88,89
03309_22-02-2026-19.34,78400,132,134
03309_22-02-2026-19.34,04104,161,163
03309_22-02-2026-19.34,71801,201,211
03309_22-02-2026-19.34,79206,252,253
03309_22-02-2026-19.34,04307,268,268
03201_22-02-2026-20.05,60000,0,0
03201_22-02-2026-20.05,71801,157,157
03203_22-02-2026-20.27,60000,0,0
03203_22-02-2026-20.27,04007,25,26
03203_22-02-2026-20.27,70600,65,66
03203_22-02-2026-20.27,04040,90,91
03203_22-02-2026-20.27,78400,133,135
03203_22-02-2026-20.27,04104,160,162
03203_22-02-2026-20.27,71801,201,201
02883_22-02-2026-21.07,54413,0,0
02883_22-02-2026-21.07,50500,47,49
02883_22-02-2026-21.07,60000,164,190
02883_22-02-2026-21.07,04040,269,270
02883_22-02-2026-21.07,71801,362,362
03301_23-02-2026-06.16,60000,0,0
03301_23-02-2026-06.16,04104,125,127
03301_23-02-2026-06.16,71801,169,169
03063_23-02-2026-06.27,60000,0,0
03063_23-02-2026-06.27,70600,59,60
03063_23-02-2026-06.27,04040,85,86
03063_23-02-2026-06.27,71801,178,178
03071_23-02-2026-06.57,60000,0,0
03071_23-02-2026-06.57,71801,157,157
03073_23-02-2026-07.27,60000,0,0
03073_23-02-2026-07.27,04007,25,26
03073_23-02-2026-07.27,04040,84,85
03073_23-02-2026-07.27,78400,128,130
03073_23-02-2026-07.27,04104,157,159
03073_23-02-2026-07.27,71801,199,215
03073_23-02-2026-07.27,79206,255,257
03073_23-02-2026-07.27,04307,272,272
03081_23-02-2026-07.57,60000,0,0
03081_23-02-2026-07.57,71801,157,157
03083_23-02-2026-08.27,60000,0,0
03083_23-02-2026-08.27,04040,78,79
03083_23-02-2026-08.27,71801,172,172
03091_23-02-2026-08.57,60000,0,0
03091_23-02-2026-08.57,04104,124,126
03091_23-02-2026-08.57,71801,164,164
02561_23-02-2026-09.27,51003,0,0
02561_23-02-2026-09.27,50500,46,48
02561_23-02-2026-09.27,37300,94,96
02561_23-02-2026-09.27,37200,108,110
02561_23-02-2026-09.27,60000,176,207
02561_23-02-2026-09.27,04040,286,287
02561_23-02-2026-09.27,78400,332,334
02561_23-02-2026-09.27,04104,360,362
02561_23-02-2026-09.27,71801,401,409
02561_23-02-2026-09.27,79206,450,452
02561_23-02-2026-09.27,04307,467,467
03303_23-02-2026-10.27,60000,0,0
03303_23-02-2026-10.27,04040,80,81
03303_23-02-2026-10.27,71801,172,172
03113_23-02-2026-11.27,60000,0,0
03113_23-02-2026-11.27,70600,58,59
03113_23-02-2026-11.27,04040,84,85
03113_23-02-2026-11.27,78400,128,130
03113_23-02-2026-11.27,04104,157,159
03113_23-02-2026-11.27,71801,199,199
02591_23-02-2026-12.27,51003,0,0
02591_23-02-2026-12.27,50500,41,43
02591_23-02-2026-12.27,60000,158,173
02591_23-02-2026-12.27,04040,251,252
02591_23-02-2026-12.27,78400,295,297
02591_23-02-2026-12.27,71801,370,380
02591_23-02-2026-12.27,79206,421,423
02591_23-02-2026-12.27,04307,438,438
09725_23-02-2026-13.15,60000,0,0
09725_23-02-2026-13.15,04007,26,28
09725_23-02-2026-13.15,04040,85,88
09725_23-02-2026-13.15,04104,142,144
09725_23-02-2026-13.15,71801,184,196
09725_23-02-2026-13.15,79206,237,240
09725_23-02-2026-13.15,04307,254,257
09725_23-02-2026-13.15,87374,280,290
09725_23-02-2026-13.15,87088,325,328
09725_23-02-2026-13.15,87173,390,399
09725_23-02-2026-13.15,87302,428,431
09725_23-02-2026-13.15,87814,457,460
09725_23-02-2026-13.15,87912,479,482
09725_23-02-2026-13.15,87089,495,495
03141_23-02-2026-13.57,60000,0,0
03141_23-02-2026-13.57,71801,157,157
03143_23-02-2026-14.27,60000,0,0
03143_23-02-2026-14.27,70600,58,59
03143_23-02-2026-14.27,04040,84,85
03143_23-02-2026-14.27,71801,177,187
03143_23-02-2026-14.27,79206,233,236
03143_23-02-2026-14.27,04307,252,252
03151_23-02-2026-14.57,60000,0,0
03151_23-02-2026-14.57,71801,157,157
03305_23-02-2026-15.27,60000,0,0
03305_23-02-2026-15.27,70600,58,59
03305_23-02-2026-15.27,04040,83,84
03305_23-02-2026-15.27,78400,128,130
03305_23-02-2026-15.27,04104,156,158
03305_23-02-2026-15.27,71801,199,199
03161_23-02-2026-15.57,60000,0,0
03161_23-02-2026-15.57,71801,157,157
03163_23-02-2026-16.27,60000,0,0
03163_23-02-2026-16.27,04040,78,79
03163_23-02-2026-16.27,71801,172,178
03163_23-02-2026-16.27,79206,227,229
03163_23-02-2026-16.27,04307,244,244
03171_23-02-2026-16.57,60000,0,0
03171_23-02-2026-16.57,71801,157,157
03173_23-02-2026-17.27,60000,0,0
03173_23-02-2026-17.27,04007,26,27
03173_23-02-2026-17.27,04040,84,85
03173_23-02-2026-17.27,78400,128,130
03173_23-02-2026-17.27,04104,157,159
03173_23-02-2026-17.27,71801,199,199
02553_23-02-2026-17.57,54413,0,0
02553_23-02-2026-17.57,50500,47,49
02553_23-02-2026-17.57,60000,165,181
02553_23-02-2026-17.57,71801,338,338
03183_23-02-2026-18.27,60000,0,0
03183_23-02-2026-18.27,04040,78,79
03183_23-02-2026-18.27,04104,137,139
03183_23-02-2026-18.27,71801,177,177
03191_23-02-2026-18.57,60000,0,0
03191_23-02-2026-18.57,71801,157,167
03191_23-02-2026-18.57,79206,208,210
03191_23-02-2026-18.57,04307,225,225
03309_23-02-2026-19.34,60000,0,0
03309_23-02-2026-19.34,04007,26,27
03309_23-02-2026-19.34,70600,62,63
03309_23-02-2026-19.34,04040,88,89
03309_23-02-2026-19.34,78400,132,134
03309_23-02-2026-19.34,04104,161,163
03309_23-02-2026-19.34,71801,201,211
03309_23-02-2026-19.34,79206,252,253
03309_23-02-2026-19.34,04307,268,268
03203_23-02-2026-20.27,60000,0,0
03203_23-02-2026-20.27,04007,25,26
03203_23-02-2026-20.27,70600,65,66
03203_23-02-2026-20.27,04040,90,91
03203_23-02-2026-20.27,78400,133,135
03203_23-02-2026-20.27,04104,160,162
03203_23-02-2026-20.27,71801,201,201
03301_24-02-2026-06.16,60000,0,0
03301_24-02-2026-06.16,04104,125,127
03301_24-02-2026-06.16,71801,169,169
03063_24-02-2026-06.27,60000,0,0
03063_24-02-2026-06.27,70600,59,60
03063_24-02-2026-06.27,04040,85,86
03063_24-02-2026-06.27,71801,178,178
03071_24-02-2026-06.57,60000,0,0
03071_24-02-2026-06.57,71801,157,157
03073_24-02-2026-07.27,60000,0,0
03073_24-02-2026-07.27,04007,25,26
03073_24-02-2026-07.27,04040,84,85
03073_24-02-2026-07.27,78400,128,130
03073_24-02-2026-07.27,04104,157,159
03073_24-02-2026-07.27,71801,199,215
03073_24-02-2026-07.27,79206,255,257
03073_24-02-2026-07.27,04307,272,272
03081_24-02-2026-07.57,60000,0,0
03081_24-02-2026-07.57,71801,157,157
03083_24-02-2026-08.27,60000,0,0
03083_24-02-2026-08.27,04040,78,79
03083_24-02-2026-08.27,71801,172,172
03091_24-02-2026-08.57,60000,0,0
03091_24-02-2026-08.57,04104,124,126
03091_24-02-2026-08.57,71801,164,164
02561_24-02-2026-09.27,51003,0,0
02561_24-02-2026-09.27,50500,46,48
02561_24-02-2026-09.27,37300,94,96
02561_24-02-2026-09.27,37200,108,110
02561_24-02-2026-09.27,60000,176,207
02561_24-02-2026-09.27,04040,286,287
02561_24-02-2026-09.27,78400,332,334
02561_24-02-2026-09.27,04104,360,362
02561_24-02-2026-09.27,71801,401,409
02561_24-02-2026-09.27,79206,450,452
02561_24-02-2026-09.27,04307,467,467
03303_24-02-2026-10.27,60000,0,0
03303_24-02-2026-10.27,04040,80,81
03303_24-02-2026-10.27,71801,172,172
03113_24-02-2026-11.27,60000,0,0
03113_24-02-2026-11.27,70600,58,59
03113_24-02-2026-11.27,04040,84,85
03113_24-02-2026-11.27,78400,128,130
03113_24-02-2026-11.27,04104,157,159
03113_24-02-2026-11.27,71801,199,199
02591_24-02-2026-12.27,51003,0,0
02591_24-02-2026-12.27,50500,41,43
02591_24-02-2026-12.27,60000,158,173
02591_24-02-2026-12.27,04040,251,252
02591_24-02-2026-12.27,78400,295,297
02591_24-02-2026-12.27,71801,370,380
02591_24-02-2026-12.27,79206,421,423
02591_24-02-2026-12.27,04307,438,438
09725_24-02-2026-13.15,60000,0,0
09725_24-02-2026-13.15,04007,26,28
09725_24-02-2026-13.15,04040,85,88
09725_24-02-2026-13.15,04104,142,144
09725_24-02-2026-13.15,71801,184,196
09725_24-02-2026-13.15,79206,237,240
09725_24-02-2026-13.15,04307,254,257
09725_24-02-2026-13.15,87374,280,290
09725_24-02-2026-13.15,87088,325,328
09725_24-02-2026-13.15,87173,390,399
09725_24-02-2026-13.15,87302,428,431
09725_24-02-2026-13.15,87814,457,460
09725_24-02-2026-13.15,87912,479,482
09725_24-02-2026-13.15,87089,495,495
03141_24-02-2026-13.57,60000,0,0
03141_24-02-2026-13.57,71801,157,157
03143_24-02-2026-14.27,60000,0,0
03143_24-02-2026-14.27,70600,58,59
03143_24-02-2026-14.27,04040,84,85
03143_24-02-2026-14.27,71801,177,187
03143_24-02-2026-14.27,79206,233,236
03143_24-02-2026-14.27,04307,252,252
03151_24-02-2026-14.57,60000,0,0
03151_24-02-2026-14.57,71801,157,157
03305_24-02-2026-15.27,60000,0,0
03305_24-02-2026-15.27,70600,58,59
03305_24-02-2026-15.27,04040,83,84
03305_24-02-2026-15.27,78400,128,130
03305_24-02-2026-15.27,04104,156,158
03305_24-02-2026-15.27,71801,199,199
03161_24-02-2026-15.57,60000,0,0
03161_24-02-2026-15.57,71801,157,157
03163_24-02-2026-16.27,60000,0,0
03163_24-02-2026-16.27,04040,78,79
03163_24-02-2026-16.27,71801,172,178
03163_24-02-2026-16.27,79206,227,229
03163_24-02-2026-16.27,04307,244,244
03171_24-02-2026-16.57,60000,0,0
03171_24-02-2026-16.57,71801,157,157
03173_24-02-2026-17.27,60000,0,0
03173_24-02-2026-17.27,04007,26,27
03173_24-02-2026-17.27,04040,84,85
03173_24-02-2026-17.27,78400,128,130
03173_24-02-2026-17.27,04104,157,159
03173_24-02-2026-17.27,71801,199,199
02553_24-02-2026-17.57,54413,0,0
02553_24-02-2026-17.57,50500,47,49
02553_24-02-2026-17.57,60000,165,181
02553_24-02-2026-17.57,71801,338,338
03183_24-02-2026-18.27,60000,0,0
03183_24-02-2026-18.27,04040,78,79
03183_24-02-2026-18.27,04104,137,139
03183_24-02-2026-18.27,71801,177,177
03191_24-02-2026-18.57,60000,0,0
03191_24-02-2026-18.57,71801,157,167
03191_24-02-2026-18.57,79206,208,210
03191_24-02-2026-18.57,04307,225,225
03309_24-02-2026-19.34,60000,0,0
03309_24-02-2026-19.34,04007,26,27
03309_24-02-2026-19.34,70600,62,63
03309_24-02-2026-19.34,04040,88,89
03309_24-02-2026-19.34,78400,132,134
03309_24-02-2026-19.34,04104,161,163
03309_24-02-2026-19.34,71801,201,211
03309_24-02-2026-19.34,79206,252,253
03309_24-02-2026-19.34,04307,268,268
03203_24-02-2026-20.27,60000,0,0
03203_24-02-2026-20.27,04007,25,26
03203_24-02-2026-20.27,70600,65,66
03203_24-02-2026-20.27,04040,90,91
03203_24-02-2026-20.27,78400,133,135
03203_24-02-2026-20.27,04104,160,162
03203_24-02-2026-20.27,71801,201,201
03301_25-02-2026-06.16,60000,0,0
03301_25-02-2026-06.16,04104,125,127
03301_25-02-2026-06.16,71801,169,169
03063_25-02-2026-06.27,60000,0,0
03063_25-02-2026-06.27,70600,59,60
03063_25-02-2026-06.27,04040,85,86
03063_25-02-2026-06.27,71801,178,178
03071_25-02-2026-06.57,60000,0,0
03071_25-02-2026-06.57,71801,157,157
03073_25-02-2026-07.27,60000,0,0
03073_25-02-2026-07.27,04007,25,26
03073_25-02-2026-07.27,04040,84,85
03073_25-02-2026-07.27,78400,128,130
03073_25-02-2026-07.27,04104,157,159
03073_25-02-2026-07.27,71801,199,215
03073_25-02-2026-07.27,79206,255,257
03073_25-02-2026-07.27,04307,272,272
03081_25-02-2026-07.57,60000,0,0
03081_25-02-2026-07.57,71801,157,157
03083_25-02-2026-08.27,60000,0,0
03083_25-02-2026-08.27,04040,78,79
03083_25-02-2026-08.27,71801,172,172
03091_25-02-2026-08.57,60000,0,0
03091_25-02-2026-08.57,04104,124,126
03091_25-02-2026-08.57,71801,164,164
02561_25-02-2026-09.27,51003,0,0
02561_25-02-2026-09.27,50500,46,48
02561_25-02-2026-09.27,37300,94,96
02561_25-02-2026-09.27,37200,108,110
02561_25-02-2026-09.27,60000,176,207
02561_25-02-2026-09.27,04040,286,287
02561_25-02-2026-09.27,78400,332,334
02561_25-02-2026-09.27,04104,360,362
02561_25-02-2026-09.27,71801,401,409
02561_25-02-2026-09.27,79206,450,452
02561_25-02-2026-09.27,04307,467,467
03303_25-02-2026-10.27,60000,0,0
03303_25-02-2026-10.27,04040,80,81
03303_25-02-2026-10.27,71801,172,172
03113_25-02-2026-11.27,60000,0,0
03113_25-02-2026-11.27,70600,58,59
03113_25-02-2026-11.27,04040,84,85
03113_25-02-2026-11.27,78400,128,130
03113_25-02-2026-11.27,04104,157,159
03113_25-02-2026-11.27,71801,199,199
02591_25-02-2026-12.27,51003,0,0
02591_25-02-2026-12.27,50500,41,43
02591_25-02-2026-12.27,60000,158,173
02591_25-02-2026-12.27,04040,251,252
02591_25-02-2026-12.27,78400,295,297
02591_25-02-2026-12.27,71801,370,380
02591_25-02-2026-12.27,79206,421,423
02591_25-02-2026-12.27,04307,438,438
09725_25-02-2026-13.15,60000,0,0
09725_25-02-2026-13.15,04007,26,28
09725_25-02-2026-13.15,04040,85,88
09725_25-02-2026-13.15,04104,142,144
09725_25-02-2026-13.15,71801,184,196
09725_25-02-2026-13.15,79206,237,240
09725_25-02-2026-13.15,04307,254,257
09725_25-02-2026-13.15,87374,280,290
09725_25-02-2026-13.15,87088,325,328
09725_25-02-2026-13.15,87173,390,399
09725_25-02-2026-13.15,87302,428,431
09725_25-02-2026-13.15,87814,457,460
09725_25-02-2026-13.15,87912,479,482
09725_25-02-2026-13.15,87089,495,495
03141_25-02-2026-13.57,60000,0,0
03141_25-02-2026-13.57,71801,157,157
03143_25-02-2026-14.27,60000,0,0
03143_25-02-2026-14.27,70600,58,59
03143_25-02-2026-14.27,04040,84,85
03143_25-02-2026-14.27,71801,177,187
03143_25-02-2026-14.27,79206,233,236
03143_25-02-2026-14.27,04307,252,252
03151_25-02-2026-14.57,60000,0,0
03151_25-02-2026-14.57,71801,157,157
03305_25-02-2026-15.27,60000,0,0
03305_25-02-2026-15.27,70600,58,59
03305_25-02-2026-15.27,04040,83,84
03305_25-02-2026-15.27,78400,128,130
03305_25-02-2026-15.27,04104,156,158
03305_25-02-2026-15.27,71801,199,199
03161_25-02-2026-15.57,60000,0,0
03161_25-02-2026-15.57,71801,157,157
03163_25-02-2026-16.27,60000,0,0
03163_25-02-2026-16.27,04040,78,79
03163_25-02-2026-16.27,71801,172,178
03163_25-02-2026-16.27,79206,227,229
03163_25-02-2026-16.27,04307,244,244
03171_25-02-2026-16.57,60000,0,0
03171_25-02-2026-16.57,71801,157,157
03173_25-02-2026-17.27,60000,0,0
03173_25-02-2026-17.27,04007,26,27
03173_25-02-2026-17.27,04040,84,85
03173_25-02-2026-17.27,78400,128,130
03173_25-02-2026-17.27,04104,157,159
03173_25-02-2026-17.27,71801,199,199
02553_25-02-2026-17.57,54413,0,0
02553_25-02-2026-17.57,50500,47,49
02553_25-02-2026-17.57,60000,165,181
02553_25-02-2026-17.57,71801,338,338
03183_25-02-2026-18.27,60000,0,0
03183_25-02-2026-18.27,04040,78,79
03183_25-02-2026-18.27,04104,137,139
03183_25-02-2026-18.27,71801,177,177
03191_25-02-2026-18.57,60000,0,0
03191_25-02-2026-18.57,71801,157,167
03191_25-02-2026-18.57,79206,208,210
03191_25-02-2026-18.57,04307,225,225
03309_25-02-2026-19.34,60000,0,0
03309_25-02-2026-19.34,04007,26,27
03309_25-02-2026-19.34,70600,62,63
03309_25-02-2026-19.34,04040,88,89
03309_25-02-2026-19.34,78400,132,134
03309_25-02-2026-19.34,04104,161,163
03309_25-02-2026-19.34,71801,201,211
03309_25-02-2026-19.34,79206,252,253
03309_25-02-2026-19.34,04307,268,268
03201_25-02-2026-20.05,60000,0,0
03201_25-02-2026-20.05,71801,157,157
03203_25-02-2026-20.27,60000,0,0
03203_25-02-2026-20.27,04007,25,26
03203_25-02-2026-20.27,70600,65,66
03203_25-02-2026-20.27,04040,90,91
03203_25-02-2026-20.27,78400,133,135
03203_25-02-2026-20.27,04104,160,162
03203_25-02-2026-20.27,71801,201,201
02883_25-02-2026-21.07,54413,0,0
02883_25-02-2026-21.07,50500,47,49
02883_25-02-2026-21.07,60000,164,190
02883_25-02-2026-21.07,04040,269,270
02883_25-02-2026-21.07,71801,362,362
03301_26-02-2026-06.16,60000,0,0
03301_26-02-2026-06.16,04104,125,127
03301_26-02-2026-06.16,71801,169,169
03063_26-02-2026-06.27,60000,0,0
03063_26-02-2026-06.27,70600,59,60
03063_26-02-2026-06.27,04040,85,86
03063_26-02-2026-06.27,71801,178,178
03071_26-02-2026-06.57,60000,0,0
03071_26-02-2026-06.57,71801,157,157
03073_26-02-2026-07.27,60000,0,0
03073_26-02-2026-07.27,04007,25,26
03073_26-02-2026-07.27,04040,84,85
03073_26-02-2026-07.27,78400,128,130
03073_26-02-2026-07.27,04104,157,159
03073_26-02-2026-07.27,71801,199,215
03073_26-02-2026-07.27,79206,255,257
03073_26-02-2026-07.27,04307,272,272
03081_26-02-2026-07.57,60000,0,0
03081_26-02-2026-07.57,71801,157,157
03083_26-02-2026-08.27,60000,0,0
03083_26-02-2026-08.27,04040,78,79
03083_26-02-2026-08.27,71801,172,172
03091_26-02-2026-08.57,60000,0,0
03091_26-02-2026-08.57,04104,124,126
03091_26-02-2026-08.57,71801,164,164
02561_26-02-2026-09.27,51003,0,0
02561_26-02-2026-09.27,50500,46,48
02561_26-02-2026-09.27,37300,94,96
02561_26-02-2026-09.27,37200,108,110
02561_26-02-2026-09.27,60000,176,207
02561_26-02-2026-09.27,04040,286,287
02561_26-02-2026-09.27,78400,332,334
02561_26-02-2026-09.27,04104,360,362
02561_26-02-2026-09.27,71801,401,409
02561_26-02-2026-09.27,79206,450,452
02561_26-02-2026-09.27,04307,467,467
03303_26-02-2026-10.27,60000,0,0
03303_26-02-2026-10.27,04040,80,81
03303_26-02-2026-10.27,71801,172,172
03113_26-02-2026-11.27,60000,0,0
03113_26-02-2026-11.27,70600,58,59
03113_26-02-2026-11.27,04040,84,85
03113_26-02-2026-11.27,78400,128,130
03113_26-02-2026-11.27,04104,157,159
03113_26-02-2026-11.27,71801,199,199
02591_26-02-2026-12.27,51003,0,0
02591_26-02-2026-12.27,50500,41,43
02591_26-02-2026-12.27,60000,158,173
02591_26-02-2026-12.27,04040,251,252
02591_26-02-2026-12.27,78400,295,297
02591_26-02-2026-12.27,71801,370,380
02591_26-02-2026-12.27,79206,421,423
02591_26-02-2026-12.27,04307,438,438
09725_26-02-2026-13.15,60000,0,0
09725_26-02-2026-13.15,04007,26,28
09725_26-02-2026-13.15,04040,85,88
09725_26-02-2026-13.15,04104,142,144
09725_26-02-2026-13.15,71801,184,196
09725_26-02-2026-13.15,79206,237,240
09725_26-02-2026-13.15,04307,254,257
09725_26-02-2026-13.15,87374,280,290
09725_26-02-2026-13.15,87088,325,328
09725_26-02-2026-13.15,87173,390,399
09725_26-02-2026-13.15,87302,428,431
09725_26-02-2026-13.15,87814,457,460
09725_26-02-2026-13.15,87912,479,482
09725_26-02-2026-13.15,87089,495,495
03141_26-02-2026-13.57,60000,0,0
03141_26-02-2026-13.57,71801,157,157
03143_26-02-2026-14.27,60000,0,0
03143_26-02-2026-14.27,70600,58,59
03143_26-02-2026-14.27,04040,84,85
03143_26-02-2026-14.27,71801,177,187
03143_26-02-2026-14.27,79206,233,236
03143_26-02-2026-14.27,04307,252,252
03151_26-02-2026-14.57,60000,0,0
03151_26-02-2026-14.57,71801,157,157
03305_26-02-2026-15.27,60000,0,0
03305_26-02-2026-15.27,70600,58,59
03305_26-02-2026-15.27,04040,83,84
03305_26-02-2026-15.27,78400,128,130
03305_26-02-2026-15.27,04104,156,158
03305_26-02-2026-15.27,71801,199,199
03161_26-02-2026-15.57,60000,0,0
03161_26-02-2026-15.57,71801,157,157
03163_26-02-2026-16.27,60000,0,0
03163_26-02-2026-16.27,04040,78,79
03163_26-02-2026-16.27,71801,172,178
03163_26-02-2026-16.27,79206,227,229
03163_26-02-2026-16.27,04307,244,244
03171_26-02-2026-16.57,60000,0,0
03171_26-02-2026-16.57,71801,157,157
03173_26-02-2026-17.27,60000,0,0
03173_26-02-2026-17.27,04007,26,27
03173_26-02-2026-17.27,04040,84,85
03173_26-02-2026-17.27,78400,128,130
03173_26-02-2026-17.27,04104,157,159
03173_26-02-2026-17.27,71801,199,199
02553_26-02-2026-17.57,54413,0,0
02553_26-02-2026-17.57,50500,47,49
02553_26-02-2026-17.57,60000,165,181
02553_26-02-2026-17.57,71801,338,338
03183_26-02-2026-18.27,60000,0,0
03183_26-02-2026-18.27,04040,78,79
03183_26-02-2026-18.27,04104,137,139
03183_26-02-2026-18.27,71801,177,177
03191_26-02-2026-18.57,60000,0,0
03191_26-02-2026-18.57,71801,157,167
03191_26-02-2026-18.57,79206,208,210
03191_26-02-2026-18.57,04307,225,225
03309_26-02-2026-19.34,60000,0,0
03309_26-02-2026-19.34,04007,26,27
03309_26-02-2026-19.34,70600,62,63
03309_26-02-2026-19.34,04040,88,89
03309_26-02-2026-19.34,78400,132,134
03309_26-02-2026-19.34,04104,161,163
03309_26-02-2026-19.34,71801,201,211
03309_26-02-2026-19.34,79206,252,253
03309_26-02-2026-19.34,04307,268,268
03201_26-02-2026-20.05,60000,0,0
03201_26-02-2026-20.05,71801,157,157
03203_26-02-2026-20.27,60000,0,0
03203_26-02-2026-20.27,04007,25,26
03203_26-02-2026-20.27,70600,65,66
03203_26-02-2026-20.27,04040,90,91
03203_26-02-2026-20.27,78400,133,135
03203_26-02-2026-20.27,04104,160,162
03203_26-02-2026-20.27,71801,201,201
02883_26-02-2026-21.07,54413,0,0
02883_26-02-2026-21.07,50500,47,49
02883_26-02-2026-21.07,60000,164,190
02883_26-02-2026-21.07,04040,269,270
02883_26-02-2026-21.07,71801,362,362
03301_27-02-2026-06.27,60000,0,0
03301_27-02-2026-06.27,70600,59,60
03301_27-02-2026-06.27,04040,85,86
03301_27-02-2026-06.27,71801,178,178
03071_27-02-2026-06.57,60000,0,0
03071_27-02-2026-06.57,71801,157,157
03073_27-02-2026-07.27,60000,0,0
03073_27-02-2026-07.27,04007,25,26
03073_27-02-2026-07.27,04040,84,85
03073_27-02-2026-07.27,78400,128,130
03073_27-02-2026-07.27,04104,157,159
03073_27-02-2026-07.27,71801,199,215
03073_27-02-2026-07.27,79206,255,257
03073_27-02-2026-07.27,04307,272,272
03081_27-02-2026-07.57,60000,0,0
03081_27-02-2026-07.57,71801,157,157
03091_27-02-2026-08.57,60000,0,0
03091_27-02-2026-08.57,04104,124,126
03091_27-02-2026-08.57,71801,164,164
02561_27-02-2026-09.27,51003,0,0
02561_27-02-2026-09.27,50500,46,48
02561_27-02-2026-09.27,37300,94,96
02561_27-02-2026-09.27,37200,108,110
02561_27-02-2026-09.27,60000,176,207
02561_27-02-2026-09.27,04040,286,287
02561_27-02-2026-09.27,78400,332,334
02561_27-02-2026-09.27,04104,360,362
02561_27-02-2026-09.27,71801,401,409
02561_27-02-2026-09.27,79206,450,452
02561_27-02-2026-09.27,04307,467,467
03303_27-02-2026-10.27,60000,0,0
03303_27-02-2026-10.27,04040,80,81
03303_27-02-2026-10.27,71801,172,172
03113_27-02-2026-11.27,60000,0,0
03113_27-02-2026-11.27,70600,58,59
03113_27-02-2026-11.27,04040,84,85
03113_27-02-2026-11.27,78400,128,130
03113_27-02-2026-11.27,04104,157,159
03113_27-02-2026-11.27,71801,199,199
02591_27-02-2026-12.27,51003,0,0
02591_27-02-2026-12.27,50500,41,43
02591_27-02-2026-12.27,60000,158,173
02591_27-02-2026-12.27,04040,251,252
02591_27-02-2026-12.27,78400,295,297
02591_27-02-2026-12.27,71801,370,380
02591_27-02-2026-12.27,79206,421,423
02591_27-02-2026-12.27,04307,438,438
09725_27-02-2026-13.15,60000,0,0
09725_27-02-2026-13.15,04007,26,28
09725_27-02-2026-13.15,04040,85,88
09725_27-02-2026-13.15,04104,142,144
09725_27-02-2026-13.15,71801,184,196
09725_27-02-2026-13.15,79206,237,240
09725_27-02-2026-13.15,04307,254,257
09725_27-02-2026-13.15,87374,280,290
09725_27-02-2026-13.15,87088,325,328
09725_27-02-2026-13.15,87173,390,399
09725_27-02-2026-13.15,87302,428,431
09725_27-02-2026-13.15,87814,457,460
09725_27-02-2026-13.15,87912,479,482
09725_27-02-2026-13.15,87089,495,495
03141_27-02-2026-13.57,60000,0,0
03141_27-02-2026-13.57,71801,157,157
03143_27-02-2026-14.27,60000,0,0
03143_27-02-2026-14.27,70600,58,59
03143_27-02-2026-14.27,04040,84,85
03143_27-02-2026-14.27,71801,177,187
03143_27-02-2026-14.27,79206,233,236
03143_27-02-2026-14.27,04307,252,252
03151_27-02-2026-14.57,60000,0,0
03151_27-02-2026-14.57,71801,157,157
03305_27-02-2026-15.27,60000,0,0
03305_27-02-2026-15.27,70600,58,59
03305_27-02-2026-15.27,04040,83,84
03305_27-02-2026-15.27,78400,128,130
03305_27-02-2026-15.27,04104,156,158
03305_27-02-2026-15.27,71801,199,199
03161_27-02-2026-15.57,60000,0,0
03161_27-02-2026-15.57,71801,157,157
03163_27-02-2026-16.27,60000,0,0
03163_27-02-2026-16.27,04040,78,79
03163_27-02-2026-16.27,71801,172,178
03163_27-02-2026-16.27,79206,227,229
03163_27-02-2026-16.27,04307,244,244
03171_27-02-2026-16.57,60000,0,0
03171_27-02-2026-16.57,71801,157,157
03373_27-02-2026-17.27,60000,0,0
03373_27-02-2026-17.27,04007,26,27
03373_27-02-2026-17.27,04040,84,85
03373_27-02-2026-17.27,78400,128,130
03373_27-02-2026-17.27,04104,157,159
03373_27-02-2026-17.27,71801,199,199
02553_27-02-2026-17.57,54413,0,0
02553_27-02-2026-17.57,50500,47,49
02553_27-02-2026-17.57,60000,165,181
02553_27-02-2026-17.57,71801,338,338
03183_27-02-2026-18.27,60000,0,0
03183_27-02-2026-18.27,04040,78,79
03183_27-02-2026-18.27,04104,137,139
03183_27-02-2026-18.27,71801,177,177
03191_27-02-2026-18.57,60000,0,0
03191_27-02-2026-18.57,71801,157,157
03309_27-02-2026-19.34,60000,0,0
03309_27-02-2026-19.34,04007,26,27
03309_27-02-2026-19.34,70600,62,63
03309_27-02-2026-19.34,04040,88,89
03309_27-02-2026-19.34,78400,132,134
03309_27-02-2026-19.34,04104,161,163
03309_27-02-2026-19.34,71801,201,211
03309_27-02-2026-19.34,79206,252,253
03309_27-02-2026-19.34,04307,268,268
03201_27-02-2026-20.05,60000,0,0
03201_27-02-2026-20.05,71801,157,157
03203_27-02-2026-20.27,60000,0,0
03203_27-02-2026-20.27,04007,25,26
03203_27-02-2026-20.27,70600,65,66
03203_27-02-2026-20.27,04040,90,91
03203_27-02-2026-20.27,78400,133,135
03203_27-02-2026-20.27,04104,160,162
03203_27-02-2026-20.27,71801,201,201
02883_27-02-2026-21.07,54413,0,0
02883_27-02-2026-21.07,50500,47,49
02883_27-02-2026-21.07,60000,164,190
02883_27-02-2026-21.07,04040,269,270
02883_27-02-2026-21.07,71801,362,362
03301_28-02-2026-06.27,60000,0,0
03301_28-02-2026-06.27,70600,59,60
03301_28-02-2026-06.27,04040,85,86
03301_28-02-2026-06.27,04104,146,148
03301_28-02-2026-06.27,71801,184,184
03073_28-02-2026-07.27,60000,0,0
03073_28-02-2026-07.27,04007,25,26
03073_28-02-2026-07.27,04040,84,85
03073_28-02-2026-07.27,78400,128,130
03073_28-02-2026-07.27,04104,157,159
03073_28-02-2026-07.27,71801,199,215
03073_28-02-2026-07.27,79206,255,257
03073_28-02-2026-07.27,04307,272,272
03083_28-02-2026-08.27,60000,0,0
03083_28-02-2026-08.27,04040,78,79
03083_28-02-2026-08.27,71801,172,172
03091_28-02-2026-08.57,60000,0,0
03091_28-02-2026-08.57,04104,124,126
03091_28-02-2026-08.57,71801,164,164
02561_28-02-2026-09.27,51003,0,0
02561_28-02-2026-09.27,50500,46,48
02561_28-02-2026-09.27,37300,94,96
02561_28-02-2026-09.27,37200,108,110
02561_28-02-2026-09.27,60000,176,207
02561_28-02-2026-09.27,04040,286,287
02561_28-02-2026-09.27,78400,332,334
02561_28-02-2026-09.27,04104,360,362
02561_28-02-2026-09.27,71801,401,409
02561_28-02-2026-09.27,79206,450,452
02561_28-02-2026-09.27,04307,467,467
03303_28-02-2026-10.27,60000,0,0
03303_28-02-2026-10.27,04040,80,81
03303_28-02-2026-10.27,71801,172,172
03113_28-02-2026-11.27,60000,0,0
03113_28-02-2026-11.27,70600,58,59
03113_28-02-2026-11.27,04040,84,85
03113_28-02-2026-11.27,78400,128,130
03113_28-02-2026-11.27,04104,157,159
03113_28-02-2026-11.27,71801,199,199
02591_28-02-2026-12.27,51003,0,0
02591_28-02-2026-12.27,50500,41,43
02591_28-02-2026-12.27,60000,158,173
02591_28-02-2026-12.27,04040,251,252
02591_28-02-2026-12.27,78400,295,297
02591_28-02-2026-12.27,71801,370,370
09725_28-02-2026-13.15,60000,0,0
09725_28-02-2026-13.15,04007,26,28
09725_28-02-2026-13.15,04040,85,88
09725_28-02-2026-13.15,04104,142,144
09725_28-02-2026-13.15,71801,184,196
09725_28-02-2026-13.15,79206,237,240
09725_28-02-2026-13.15,04307,254,257
09725_28-02-2026-13.15,87374,280,290
09725_28-02-2026-13.15,87088,325,328
09725_28-02-2026-13.15,87173,390,399
09725_28-02-2026-13.15,87302,428,431
09725_28-02-2026-13.15,87814,457,460
09725_28-02-2026-13.15,87912,479,482
09725_28-02-2026-13.15,87089,495,495
03305_28-02-2026-15.27,60000,0,0
03305_28-02-2026-15.27,70600,58,59
03305_28-02-2026-15.27,04040,83,84
03305_28-02-2026-15.27,78400,128,130
03305_28-02-2026-15.27,04104,156,158
03305_28-02-2026-15.27,71801,199,199
03163_28-02-2026-16.27,60000,0,0
03163_28-02-2026-16.27,04040,78,79
03163_28-02-2026-16.27,71801,172,172
03373_28-02-2026-17.27,60000,0,0
03373_28-02-2026-17.27,04007,26,27
03373_28-02-2026-17.27,04040,84,85
03373_28-02-2026-17.27,78400,128,130
03373_28-02-2026-17.27,04104,157,159
03373_28-02-2026-17.27,71801,199,199
03183_28-02-2026-18.27,60000,0,0
03183_28-02-2026-18.27,04040,78,79
03183_28-02-2026-18.27,04104,137,139
03183_28-02-2026-18.27,71801,177,177
03309_28-02-2026-19.34,60000,0,0
03309_28-02-2026-19.34,04007,26,27
03309_28-02-2026-19.34,70600,62,63
03309_28-02-2026-19.34,04040,88,89
03309_28-02-2026-19.34,78400,132,134
03309_28-02-2026-19.34,04104,161,163
03309_28-02-2026-19.34,71801,201,211
03309_28-02-2026-19.34,79206,252,253
03309_28-02-2026-19.34,04307,268,268
03203_28-02-2026-20.27,60000,0,0
03203_28-02-2026-20.27,04007,25,26
03203_28-02-2026-20.27,70600,65,66
03203_28-02-2026-20.27,04040,90,91
03203_28-02-2026-20.27,78400,133,135
03203_28-02-2026-20.27,04104,160,162
03203_28-02-2026-20.27,71801,201,201
