service_id,stop_id,arrival,departure
03301_01-02-2026-06.27,60000,0,0
03301_01-02-2026-06.27,70600,59,60
03301_01-02-2026-06.27,04040,85,86
03301_01-02-2026-06.27,04104,146,148
03301_01-02-2026-06.27,71801,184,184
0004O_01-02-2026-07.02,60000,0,0
0004O_01-02-2026-07.02,04040,78,81
0004O_01-02-2026-07.02,71801,172,172
03073_01-02-2026-07.27,60000,0,0
03073_01-02-2026-07.27,04007,25,26
03073_01-02-2026-07.27,04040,84,85
03073_01-02-2026-07.27,78400,128,130
03073_01-02-2026-07.27,04104,157,159
03073_01-02-2026-07.27,71801,199,215
03073_01-02-2026-07.27,79206,255,257
03073_01-02-2026-07.27,04307,272,272
0003I_01-02-2026-08.22,60000,0,0
0003I_01-02-2026-08.22,71801,157,157
03083_01-02-2026-08.27,60000,0,0
03083_01-02-2026-08.27,04040,78,79
03083_01-02-2026-08.27,71801,172,172
0003I_01-02-2026-08.50,60000,0,0
0003I_01-02-2026-08.50,71801,157,157
0002I_01-02-2026-09.22,60000,0,0
0002I_01-02-2026-09.22,04040,78,79
0002I_01-02-2026-09.22,71801,172,172
02561_01-02-2026-09.27,51003,0,0
02561_01-02-2026-09.27,50500,46,48
02561_01-02-2026-09.27,37300,94,96
02561_01-02-2026-09.27,37200,108,110
02561_01-02-2026-09.27,60000,176,207
02561_01-02-2026-09.27,04040,286,287
02561_01-02-2026-09.27,78400,332,334
02561_01-02-2026-09.27,04104,360,362
02561_01-02-2026-09.27,71801,401,409
02561_01-02-2026-09.27,79206,450,452
02561_01-02-2026-09.27,04307,467,467
0001I_01-02-2026-09.57,60000,0,0
0001I_01-02-2026-09.57,04040,80,81
0001I_01-02-2026-09.57,71801,172,172
0005O_01-02-2026-10.02,60000,0,0
0005O_01-02-2026-10.02,04040,80,83
0005O_01-02-2026-10.02,04104,139,139
0005O_01-02-2026-10.02,71801,182,182
03303_01-02-2026-10.27,60000,0,0
03303_01-02-2026-10.27,04040,80,81
03303_01-02-2026-10.27,71801,172,172
00605_01-02-2026-10.32,60000,0,0
00605_01-02-2026-10.32,04007,27,28
00605_01-02-2026-10.32,70600,74,75
00605_01-02-2026-10.32,81202,142,143
00605_01-02-2026-10.32,80108,175,176
00605_01-02-2026-10.32,80100,203,203
00533_01-02-2026-11.09,11511,0,0
00533_01-02-2026-11.09,11400,60,61
00533_01-02-2026-11.09,11300,87,88
00533_01-02-2026-11.09,80100,125,130
00533_01-02-2026-11.09,80108,156,157
00533_01-02-2026-11.09,81200,188,189
00533_01-02-2026-11.09,81202,205,206
00533_01-02-2026-11.09,04040,253,256
00533_01-02-2026-11.09,78400,305,307
00533_01-02-2026-11.09,04104,338,340
00533_01-02-2026-11.09,71801,376,376
0002I_01-02-2026-11.22,60000,0,0
0002I_01-02-2026-11.22,04040,78,79
0002I_01-02-2026-11.22,71801,172,172
03113_01-02-2026-11.27,60000,0,0
03113_01-02-2026-11.27,70600,58,59
03113_01-02-2026-11.27,04040,84,85
03113_01-02-2026-11.27,78400,128,130
03113_01-02-2026-11.27,04104,157,159
03113_01-02-2026-11.27,71801,199,199
0002I_01-02-2026-12.22,60000,0,0
0002I_01-02-2026-12.22,04040,78,79
0002I_01-02-2026-12.22,71801,172,172
02591_01-02-2026-12.27,51003,0,0
02591_01-02-2026-12.27,50500,41,43
02591_01-02-2026-12.27,60000,158,173
02591_01-02-2026-12.27,04040,251,252
02591_01-02-2026-12.27,78400,295,297
02591_01-02-2026-12.27,71801,370,380
02591_01-02-2026-12.27,79206,421,423
02591_01-02-2026-12.27,04307,438,438
03993_01-02-2026-12.37,54413,0,0
03943_01-02-2026-12.37,51003,0,0
03993_01-02-2026-12.37,02003,20,22
03993_01-02-2026-12.37,02002,35,37
03943_01-02-2026-12.37,50500,42,56
03993_01-02-2026-12.37,50500,63,71
03943_01-02-2026-12.37,37200,110,112
03993_01-02-2026-12.37,37200,125,127
03943_01-02-2026-12.37,04040,237,240
03993_01-02-2026-12.37,04040,252,255
03943_01-02-2026-12.37,78400,280,282
03993_01-02-2026-12.37,78400,295,297
03943_01-02-2026-12.37,04104,306,308
03993_01-02-2026-12.37,04104,321,323
03943_01-02-2026-12.37,71801,348,348
03993_01-02-2026-12.37,71801,363,363
09725_01-02-2026-13.15,60000,0,0
09725_01-02-2026-13.15,04007,26,28
09725_01-02-2026-13.15,04040,85,88
09725_01-02-2026-13.15,04104,142,144
09725_01-02-2026-13.15,71801,184,196
09725_01-02-2026-13.15,79206,237,240
09725_01-02-2026-13.15,04307,254,257
09725_01-02-2026-13.15,87374,280,290
09725_01-02-2026-13.15,87088,325,328
09725_01-02-2026-13.15,87173,390,399
09725_01-02-2026-13.15,87302,428,431
09725_01-02-2026-13.15,87814,457,460
09725_01-02-2026-13.15,87912,479,482
09725_01-02-2026-13.15,87089,495,495
34813_01-02-2026-13.37,78400,0,0
34813_01-02-2026-13.37,04104,27,29
34813_01-02-2026-13.37,71801,69,69
03141_01-02-2026-13.57,60000,0,0
03141_01-02-2026-13.57,71801,157,157
0001I_01-02-2026-14.02,60000,0,0
0001I_01-02-2026-14.02,04040,80,81
0001I_01-02-2026-14.02,71801,172,172
0002O_01-02-2026-14.12,60000,0,0
0002O_01-02-2026-14.12,71801,157,157
03143_01-02-2026-14.27,60000,0,0
03143_01-02-2026-14.27,70600,58,59
03143_01-02-2026-14.27,04040,84,85
03143_01-02-2026-14.27,71801,177,187
03143_01-02-2026-14.27,79206,233,236
03143_01-02-2026-14.27,04307,252,252
34823_01-02-2026-14.31,78400,0,0
34823_01-02-2026-14.31,71801,73,73
0005I_01-02-2026-14.42,60000,0,0
0005I_01-02-2026-14.42,04040,80,81
0005I_01-02-2026-14.42,71801,179,179
00609_01-02-2026-14.47,60000,0,0
00609_01-02-2026-14.47,04007,28,29
00609_01-02-2026-14.47,70600,82,83
00609_01-02-2026-14.47,81202,138,139
00609_01-02-2026-14.47,80108,171,172
00609_01-02-2026-14.47,80100,211,211
03305_01-02-2026-15.27,60000,0,0
03305_01-02-2026-15.27,70600,58,59
03305_01-02-2026-15.27,04040,83,84
03305_01-02-2026-15.27,78400,128,130
03305_01-02-2026-15.27,04104,156,158
03305_01-02-2026-15.27,71801,199,199
0003I_01-02-2026-15.52,60000,0,0
0003I_01-02-2026-15.52,71801,157,157
03161_01-02-2026-15.57,60000,0,0
03161_01-02-2026-15.57,71801,157,157
03363_01-02-2026-16.02,60000,0,0
03363_01-02-2026-16.02,04040,84,87
03363_01-02-2026-16.02,74200,128,128
03163_01-02-2026-16.27,60000,0,0
03163_01-02-2026-16.27,04040,78,79
03163_01-02-2026-16.27,71801,172,172
0003I_01-02-2026-16.37,60000,0,0
0003I_01-02-2026-16.37,71801,157,157
03171_01-02-2026-16.57,60000,0,0
03171_01-02-2026-16.57,71801,157,157
0002O_01-02-2026-17.17,60000,0,0
0002O_01-02-2026-17.17,71801,157,157
0002I_01-02-2026-17.22,60000,0,0
0002I_01-02-2026-17.22,04040,78,79
0002I_01-02-2026-17.22,71801,172,172
03373_01-02-2026-17.27,60000,0,0
03373_01-02-2026-17.27,04007,26,27
03373_01-02-2026-17.27,04040,84,85
03373_01-02-2026-17.27,78400,128,130
03373_01-02-2026-17.27,04104,157,159
03373_01-02-2026-17.27,71801,199,199
02553_01-02-2026-17.57,54413,0,0
02553_01-02-2026-17.57,50500,47,49
02553_01-02-2026-17.57,60000,165,181
02553_01-02-2026-17.57,71801,338,338
03183_01-02-2026-18.27,60000,0,0
03183_01-02-2026-18.27,04040,78,79
03183_01-02-2026-18.27,04104,137,139
03183_01-02-2026-18.27,71801,177,177
0003I_01-02-2026-18.32,60000,0,0
0003I_01-02-2026-18.32,71801,157,157
03191_01-02-2026-18.57,60000,0,0
03191_01-02-2026-18.57,71801,157,167
03191_01-02-2026-18.57,79206,208,210
03191_01-02-2026-18.57,04307,225,225
02861_01-02-2026-19.00,51003,0,0
02861_01-02-2026-19.00,50500,42,44
02861_01-02-2026-19.00,60000,159,188
02861_01-02-2026-19.00,04007,216,217
02861_01-02-2026-19.00,70600,256,257
02861_01-02-2026-19.00,04040,290,293
02861_01-02-2026-19.00,78200,327,328
02861_01-02-2026-19.00,74200,344,344
0002I_01-02-2026-19.29,60000,0,0
0002I_01-02-2026-19.29,04040,78,79
0002I_01-02-2026-19.29,71801,172,172
03309_01-02-2026-19.34,60000,0,0
03309_01-02-2026-19.34,04007,26,27
03309_01-02-2026-19.34,70600,62,63
03309_01-02-2026-19.34,04040,88,89
03309_01-02-2026-19.34,78400,132,134
03309_01-02-2026-19.34,04104,161,163
03309_01-02-2026-19.34,71801,201,211
03309_01-02-2026-19.34,79206,252,253
03309_01-02-2026-19.34,04307,268,268
00437_01-02-2026-19.52,13200,0,0
00437_01-02-2026-19.52,11200,110,112
00437_01-02-2026-19.52,81002,129,130
00437_01-02-2026-19.52,81100,173,175
00437_01-02-2026-19.52,81108,210,211
00437_01-02-2026-19.52,81200,232,235
00437_01-02-2026-19.52,81202,245,246
00437_01-02-2026-19.52,04040,287,290
00437_01-02-2026-19.52,78400,354,356
00437_01-02-2026-19.52,04104,388,390
00437_01-02-2026-19.52,71801,431,431
03931_01-02-2026-20.01,05000,0,0
03931_01-02-2026-20.01,02030,42,44
03931_01-02-2026-20.01,50500,84,88
03931_01-02-2026-20.01,04040,268,271
03931_01-02-2026-20.01,78400,318,320
03931_01-02-2026-20.01,04104,346,348
03931_01-02-2026-20.01,71801,388,388
03201_01-02-2026-20.05,60000,0,0
03201_01-02-2026-20.05,71801,157,157
0001O_01-02-2026-20.10,60000,0,0
0001O_01-02-2026-20.10,04040,76,79
0001O_01-02-2026-20.10,71801,173,173
03203_01-02-2026-20.27,60000,0,0
03203_01-02-2026-20.27,04007,25,26
03203_01-02-2026-20.27,70600,65,66
03203_01-02-2026-20.27,04040,90,91
03203_01-02-2026-20.27,78400,133,135
03203_01-02-2026-20.27,04104,160,162
03203_01-02-2026-20.27,71801,201,201
03991_01-02-2026-20.38,54413,0,0
03941_01-02-2026-20.38,51003,0,0
03991_01-02-2026-20.38,02003,20,22
03991_01-02-2026-20.38,02002,35,37
03941_01-02-2026-20.38,50500,42,52
03991_01-02-2026-20.38,50500,68,74
03941_01-02-2026-20.38,37300,103,105
03941_01-02-2026-20.38,37200,118,120
03991_01-02-2026-20.38,37300,125,127
03991_01-02-2026-20.38,37200,140,142
03941_01-02-2026-20.38,04040,259,261
03991_01-02-2026-20.38,04040,281,283
03941_01-02-2026-20.38,78400,303,305
03991_01-02-2026-20.38,78400,325,327
03941_01-02-2026-20.38,04104,334,336
03991_01-02-2026-20.38,04104,356,358
03941_01-02-2026-20.38,71801,378,378
03991_01-02-2026-20.38,71801,400,400
0003I_01-02-2026-20.56,60000,0,0
0003I_01-02-2026-20.56,71801,157,157
0003O_01-02-2026-21.02,60000,0,0
0003O_01-02-2026-21.02,04040,79,82
0003O_01-02-2026-21.02,71801,172,172
02883_01-02-2026-21.07,54413,0,0
02883_01-02-2026-21.07,50500,47,49
02883_01-02-2026-21.07,60000,164,190
02883_01-02-2026-21.07,04040,269,270
02883_01-02-2026-21.07,71801,362,362
0004I_02-02-2026-06.09,60000,0,0
0004I_02-02-2026-06.09,04040,79,80
0004I_02-02-2026-06.09,71801,171,171
03301_02-02-2026-06.16,60000,0,0
03301_02-02-2026-06.16,04104,125,127
03301_02-02-2026-06.16,71801,169,169
03063_02-02-2026-06.27,60000,0,0
03063_02-02-2026-06.27,70600,59,60
03063_02-02-2026-06.27,04040,85,86
03063_02-02-2026-06.27,71801,178,178
03071_02-02-2026-06.57,60000,0,0
03071_02-02-2026-06.57,71801,157,157
0004O_02-02-2026-07.02,60000,0,0
0004O_02-02-2026-07.02,04040,78,81
0004O_02-02-2026-07.02,71801,172,172
0003I_02-02-2026-07.22,60000,0,0
0003I_02-02-2026-07.22,71801,157,157
03073_02-02-2026-07.27,60000,0,0
03073_02-02-2026-07.27,04007,25,26
03073_02-02-2026-07.27,04040,84,85
03073_02-02-2026-07.27,78400,128,130
03073_02-02-2026-07.27,04104,157,159
03073_02-02-2026-07.27,71801,199,215
03073_02-02-2026-07.27,79206,255,257
03073_02-02-2026-07.27,04307,272,272
03081_02-02-2026-07.57,60000,0,0
03081_02-02-2026-07.57,71801,157,157
0003I_02-02-2026-08.22,60000,0,0
0003I_02-02-2026-08.22,71801,157,157
03083_02-02-2026-08.27,60000,0,0
03083_02-02-2026-08.27,04040,78,79
03083_02-02-2026-08.27,71801,172,172
0003I_02-02-2026-08.50,60000,0,0
0003I_02-02-2026-08.50,71801,157,157
03091_02-02-2026-08.57,60000,0,0
03091_02-02-2026-08.57,04104,124,126
03091_02-02-2026-08.57,71801,164,164
0002I_02-02-2026-09.22,60000,0,0
0002I_02-02-2026-09.22,04040,78,79
0002I_02-02-2026-09.22,71801,172,172
02561_02-02-2026-09.27,51003,0,0
02561_02-02-2026-09.27,50500,46,48
02561_02-02-2026-09.27,37300,94,96
02561_02-02-2026-09.27,37200,108,110
02561_02-02-2026-09.27,60000,176,207
02561_02-02-2026-09.27,04040,286,287
02561_02-02-2026-09.27,78400,332,334
02561_02-02-2026-09.27,04104,360,362
02561_02-02-2026-09.27,71801,401,409
02561_02-02-2026-09.27,79206,450,452
02561_02-02-2026-09.27,04307,467,467
0001I_02-02-2026-09.57,60000,0,0
0001I_02-02-2026-09.57,04040,80,81
0001I_02-02-2026-09.57,71801,172,172
0005O_02-02-2026-10.02,60000,0,0
0005O_02-02-2026-10.02,04040,80,83
0005O_02-02-2026-10.02,04104,139,139
0005O_02-02-2026-10.02,71801,182,182
03303_02-02-2026-10.27,60000,0,0
03303_02-02-2026-10.27,04040,80,81
03303_02-02-2026-10.27,71801,172,172
00605_02-02-2026-10.32,60000,0,0
00605_02-02-2026-10.32,04007,27,28
00605_02-02-2026-10.32,70600,74,75
00605_02-02-2026-10.32,81202,142,143
00605_02-02-2026-10.32,80108,175,176
00605_02-02-2026-10.32,80100,203,203
00533_02-02-2026-11.09,11511,0,0
00533_02-02-2026-11.09,11400,60,61
00533_02-02-2026-11.09,11300,87,88
00533_02-02-2026-11.09,80100,125,130
00533_02-02-2026-11.09,80108,156,157
00533_02-02-2026-11.09,81200,188,189
00533_02-02-2026-11.09,81202,205,206
00533_02-02-2026-11.09,04040,253,256
00533_02-02-2026-11.09,78400,305,307
00533_02-02-2026-11.09,04104,338,340
00533_02-02-2026-11.09,71801,376,376
0002I_02-02-2026-11.22,60000,0,0
0002I_02-02-2026-11.22,04040,78,79
0002I_02-02-2026-11.22,71801,172,172
03113_02-02-2026-11.27,60000,0,0
03113_02-02-2026-11.27,70600,58,59
03113_02-02-2026-11.27,04040,84,85
03113_02-02-2026-11.27,78400,128,130
03113_02-02-2026-11.27,04104,157,159
03113_02-02-2026-11.27,71801,199,199
34433_02-02-2026-12.00,78400,0,0
34433_02-02-2026-12.00,04104,31,33
34433_02-02-2026-12.00,71801,69,69
0002I_02-02-2026-12.22,60000,0,0
0002I_02-02-2026-12.22,04040,78,79
0002I_02-02-2026-12.22,71801,172,172
02591_02-02-2026-12.27,51003,0,0
02591_02-02-2026-12.27,50500,41,43
02591_02-02-2026-12.27,60000,158,173
02591_02-02-2026-12.27,04040,251,252
02591_02-02-2026-12.27,78400,295,297
02591_02-02-2026-12.27,71801,370,380
02591_02-02-2026-12.27,79206,421,423
02591_02-02-2026-12.27,04307,438,438
03943_02-02-2026-12.37,51003,0,0
03993_02-02-2026-12.37,54413,0,0
03993_02-02-2026-12.37,02003,20,22
03993_02-02-2026-12.37,02002,35,37
03943_02-02-2026-12.37,50500,42,56
03993_02-02-2026-12.37,50500,63,71
03943_02-02-2026-12.37,37200,110,112
03993_02-02-2026-12.37,37200,125,127
03943_02-02-2026-12.37,04040,237,240
03993_02-02-2026-12.37,04040,252,255
03943_02-02-2026-12.37,78400,280,282
03993_02-02-2026-12.37,78400,295,297
03943_02-02-2026-12.37,04104,306,308
03993_02-02-2026-12.37,04104,321,323
03943_02-02-2026-12.37,71801,348,348
03993_02-02-2026-12.37,71801,363,363
09725_02-02-2026-13.15,60000,0,0
09725_02-02-2026-13.15,04007,26,28
09725_02-02-2026-13.15,04040,85,88
09725_02-02-2026-13.15,04104,142,144
09725_02-02-2026-13.15,71801,184,196
09725_02-02-2026-13.15,79206,237,240
09725_02-02-2026-13.15,04307,254,257
09725_02-02-2026-13.15,87374,280,290
09725_02-02-2026-13.15,87088,325,328
09725_02-02-2026-13.15,87173,390,399
09725_02-02-2026-13.15,87302,428,431
09725_02-02-2026-13.15,87814,457,460
09725_02-02-2026-13.15,87912,479,482
09725_02-02-2026-13.15,87089,495,495
34813_02-02-2026-13.37,78400,0,0
34813_02-02-2026-13.37,04104,27,29
34813_02-02-2026-13.37,71801,69,69
03141_02-02-2026-13.57,60000,0,0
03141_02-02-2026-13.57,71801,157,157
0001I_02-02-2026-14.02,60000,0,0
0001I_02-02-2026-14.02,04040,80,81
0001I_02-02-2026-14.02,71801,172,172
0002O_02-02-2026-14.12,60000,0,0
0002O_02-02-2026-14.12,71801,157,157
03143_02-02-2026-14.27,60000,0,0
03143_02-02-2026-14.27,70600,58,59
03143_02-02-2026-14.27,04040,84,85
03143_02-02-2026-14.27,71801,177,187
03143_02-02-2026-14.27,79206,233,236
03143_02-02-2026-14.27,04307,252,252
34823_02-02-2026-14.31,78400,0,0
34823_02-02-2026-14.31,71801,73,73
0005I_02-02-2026-14.42,60000,0,0
0005I_02-02-2026-14.42,04040,80,81
0005I_02-02-2026-14.42,71801,179,179
00609_02-02-2026-14.47,60000,0,0
00609_02-02-2026-14.47,04007,28,29
00609_02-02-2026-14.47,70600,82,83
00609_02-02-2026-14.47,81202,138,139
00609_02-02-2026-14.47,80108,171,172
00609_02-02-2026-14.47,80100,211,211
03151_02-02-2026-14.57,60000,0,0
03151_02-02-2026-14.57,71801,157,157
03305_02-02-2026-15.27,60000,0,0
03305_02-02-2026-15.27,70600,58,59
03305_02-02-2026-15.27,04040,83,84
03305_02-02-2026-15.27,78400,128,130
03305_02-02-2026-15.27,04104,156,158
03305_02-02-2026-15.27,71801,199,199
0003I_02-02-2026-15.52,60000,0,0
0003I_02-02-2026-15.52,71801,157,157
03161_02-02-2026-15.57,60000,0,0
03161_02-02-2026-15.57,71801,157,157
03163_02-02-2026-16.27,60000,0,0
03163_02-02-2026-16.27,04040,78,79
03163_02-02-2026-16.27,71801,172,178
03163_02-02-2026-16.27,79206,227,229
03163_02-02-2026-16.27,04307,244,244
0003I_02-02-2026-16.37,60000,0,0
0003I_02-02-2026-16.37,71801,157,157
03171_02-02-2026-16.57,60000,0,0
03171_02-02-2026-16.57,71801,157,157
0002O_02-02-2026-17.17,60000,0,0
0002O_02-02-2026-17.17,71801,157,157
0002I_02-02-2026-17.22,60000,0,0
0002I_02-02-2026-17.22,04040,78,79
0002I_02-02-2026-17.22,71801,172,172
03173_02-02-2026-17.27,60000,0,0
03173_02-02-2026-17.27,04007,26,27
03173_02-02-2026-17.27,04040,84,85
03173_02-02-2026-17.27,78400,128,130
03173_02-02-2026-17.27,04104,157,159
03173_02-02-2026-17.27,71801,199,199
02553_02-02-2026-17.57,54413,0,0
02553_02-02-2026-17.57,50500,47,49
02553_02-02-2026-17.57,60000,165,181
02553_02-02-2026-17.57,71801,338,338
03183_02-02-2026-18.27,60000,0,0
03183_02-02-2026-18.27,04040,78,79
03183_02-02-2026-18.27,04104,137,139
03183_02-02-2026-18.27,71801,177,177
0003I_02-02-2026-18.32,60000,0,0
0003I_02-02-2026-18.32,71801,157,157
03191_02-02-2026-18.57,60000,0,0
03191_02-02-2026-18.57,71801,157,167
03191_02-02-2026-18.57,79206,208,210
03191_02-02-2026-18.57,04307,225,225
02861_02-02-2026-19.00,51003,0,0
02861_02-02-2026-19.00,50500,42,44
02861_02-02-2026-19.00,60000,159,188
02861_02-02-2026-19.00,04007,216,217
02861_02-02-2026-19.00,70600,256,257
02861_02-02-2026-19.00,04040,290,293
02861_02-02-2026-19.00,78200,327,328
02861_02-02-2026-19.00,74200,344,344
0002I_02-02-2026-19.29,60000,0,0
0002I_02-02-2026-19.29,04040,78,79
0002I_02-02-2026-19.29,71801,172,172
03309_02-02-2026-19.34,60000,0,0
03309_02-02-2026-19.34,04007,26,27
03309_02-02-2026-19.34,70600,62,63
03309_02-02-2026-19.34,04040,88,89
03309_02-02-2026-19.34,78400,132,134
03309_02-02-2026-19.34,04104,161,163
03309_02-02-2026-19.34,71801,201,211
03309_02-02-2026-19.34,79206,252,253
03309_02-02-2026-19.34,04307,268,268
00437_02-02-2026-19.52,13200,0,0
00437_02-02-2026-19.52,11200,110,112
00437_02-02-2026-19.52,81002,129,130
00437_02-02-2026-19.52,81100,173,175
00437_02-02-2026-19.52,81108,210,211
00437_02-02-2026-19.52,81200,232,235
00437_02-02-2026-19.52,81202,245,246
00437_02-02-2026-19.52,04040,287,290
00437_02-02-2026-19.52,78400,354,356
00437_02-02-2026-19.52,04104,388,390
00437_02-02-2026-19.52,71801,431,431
03931_02-02-2026-20.01,05000,0,0
03931_02-02-2026-20.01,02030,42,44
03931_02-02-2026-20.01,50500,84,88
03931_02-02-2026-20.01,04040,268,271
03931_02-02-2026-20.01,78400,318,320
03931_02-02-2026-20.01,04104,346,348
03931_02-02-2026-20.01,71801,388,388
0001O_02-02-2026-20.10,60000,0,0
0001O_02-02-2026-20.10,04040,76,79
0001O_02-02-2026-20.10,71801,173,173
03203_02-02-2026-20.27,60000,0,0
03203_02-02-2026-20.27,04007,25,26
03203_02-02-2026-20.27,70600,65,66
03203_02-02-2026-20.27,04040,90,91
03203_02-02-2026-20.27,78400,133,135
03203_02-02-2026-20.27,04104,160,162
03203_02-02-2026-20.27,71801,201,201
03991_02-02-2026-20.38,54413,0,0
03941_02-02-2026-20.38,51003,0,0
03991_02-02-2026-20.38,02003,20,22
03991_02-02-2026-20.38,02002,35,37
03941_02-02-2026-20.38,50500,42,52
03991_02-02-2026-20.38,50500,68,74
03941_02-02-2026-20.38,37300,103,105
03941_02-02-2026-20.38,37200,118,120
03991_02-02-2026-20.38,37300,125,127
03991_02-02-2026-20.38,37200,140,142
03941_02-02-2026-20.38,04040,259,261
03991_02-02-2026-20.38,04040,281,283
03941_02-02-2026-20.38,78400,303,305
03991_02-02-2026-20.38,78400,325,327
03941_02-02-2026-20.38,04104,334,336
03991_02-02-2026-20.38,04104,356,358
03941_02-02-2026-20.38,71801,378,378
03991_02-02-2026-20.38,71801,400,400
0003O_02-02-2026-21.02,60000,0,0
0003O_02-02-2026-21.02,04040,79,82
0003O_02-02-2026-21.02,71801,172,172
0004I_03-02-2026-06.09,60000,0,0
0004I_03-02-2026-06.09,04040,79,80
0004I_03-02-2026-06.09,71801,171,171
03301_03-02-2026-06.16,60000,0,0
03301_03-02-2026-06.16,04104,125,127
03301_03-02-2026-06.16,71801,169,169
03063_03-02-2026-06.27,60000,0,0
03063_03-02-2026-06.27,70600,59,60
03063_03-02-2026-06.27,04040,85,86
03063_03-02-2026-06.27,71801,178,178
03071_03-02-2026-06.57,60000,0,0
03071_03-02-2026-06.57,71801,157,157
0004O_03-02-2026-07.02,60000,0,0
0004O_03-02-2026-07.02,04040,78,81
0004O_03-02-2026-07.02,71801,172,172
0003I_03-02-2026-07.22,60000,0,0
0003I_03-02-2026-07.22,71801,157,157
03073_03-02-2026-07.27,60000,0,0
03073_03-02-2026-07.27,04007,25,26
03073_03-02-2026-07.27,04040,84,85
03073_03-02-2026-07.27,78400,128,130
03073_03-02-2026-07.27,04104,157,159
03073_03-02-2026-07.27,71801,199,215
03073_03-02-2026-07.27,79206,255,257
03073_03-02-2026-07.27,04307,272,272
03081_03-02-2026-07.57,60000,0,0
03081_03-02-2026-07.57,71801,157,157
0003I_03-02-2026-08.22,60000,0,0
0003I_03-02-2026-08.22,71801,157,157
03083_03-02-2026-08.27,60000,0,0
03083_03-02-2026-08.27,04040,78,79
03083_03-02-2026-08.27,71801,172,172
0003I_03-02-2026-08.50,60000,0,0
0003I_03-02-2026-08.50,71801,157,157
03091_03-02-2026-08.57,60000,0,0
03091_03-02-2026-08.57,04104,124,126
03091_03-02-2026-08.57,71801,164,164
0002I_03-02-2026-09.22,60000,0,0
0002I_03-02-2026-09.22,04040,78,79
0002I_03-02-2026-09.22,71801,172,172
02561_03-02-2026-09.27,51003,0,0
02561_03-02-2026-09.27,50500,46,48
02561_03-02-2026-09.27,37300,94,96
02561_03-02-2026-09.27,37200,108,110
02561_03-02-2026-09.27,60000,176,207
02561_03-02-2026-09.27,04040,286,287
02561_03-02-2026-09.27,78400,332,334
02561_03-02-2026-09.27,04104,360,362
02561_03-02-2026-09.27,71801,401,409
02561_03-02-2026-09.27,79206,450,452
02561_03-02-2026-09.27,04307,467,467
0001I_03-02-2026-09.57,60000,0,0
0001I_03-02-2026-09.57,04040,80,81
0001I_03-02-2026-09.57,71801,172,172
0005O_03-02-2026-10.02,60000,0,0
0005O_03-02-2026-10.02,04040,80,83
0005O_03-02-2026-10.02,04104,139,139
0005O_03-02-2026-10.02,71801,182,182
03303_03-02-2026-10.27,60000,0,0
03303_03-02-2026-10.27,04040,80,81
03303_03-02-2026-10.27,71801,172,172
00605_03-02-2026-10.32,60000,0,0
00605_03-02-2026-10.32,04007,27,28
00605_03-02-2026-10.32,70600,74,75
00605_03-02-2026-10.32,81202,142,143
00605_03-02-2026-10.32,80108,175,176
00605_03-02-2026-10.32,80100,203,203
00533_03-02-2026-11.09,11511,0,0
00533_03-02-2026-11.09,11400,60,61
00533_03-02-2026-11.09,11300,87,88
00533_03-02-2026-11.09,80100,125,130
00533_03-02-2026-11.09,80108,156,157
00533_03-02-2026-11.09,81200,188,189
00533_03-02-2026-11.09,81202,205,206
00533_03-02-2026-11.09,04040,253,256
00533_03-02-2026-11.09,78400,305,307
00533_03-02-2026-11.09,04104,338,340
00533_03-02-2026-11.09,71801,376,376
0002I_03-02-2026-11.22,60000,0,0
0002I_03-02-2026-11.22,04040,78,79
0002I_03-02-2026-11.22,71801,172,172
03113_03-02-2026-11.27,60000,0,0
03113_03-02-2026-11.27,70600,58,59
03113_03-02-2026-11.27,04040,84,85
03113_03-02-2026-11.27,78400,128,130
03113_03-02-2026-11.27,04104,157,159
03113_03-02-2026-11.27,71801,199,199
34433_03-02-2026-12.00,78400,0,0
34433_03-02-2026-12.00,04104,31,33
34433_03-02-2026-12.00,71801,69,69
0002I_03-02-2026-12.22,60000,0,0
0002I_03-02-2026-12.22,04040,78,79
0002I_03-02-2026-12.22,71801,172,172
02591_03-02-2026-12.27,51003,0,0
02591_03-02-2026-12.27,50500,41,43
02591_03-02-2026-12.27,60000,158,173
02591_03-02-2026-12.27,04040,251,252
02591_03-02-2026-12.27,78400,295,297
02591_03-02-2026-12.27,71801,370,380
02591_03-02-2026-12.27,79206,421,423
02591_03-02-2026-12.27,04307,438,438
03993_03-02-2026-12.37,54413,0,0
03943_03-02-2026-12.37,51003,0,0
03993_03-02-2026-12.37,02003,20,22
03993_03-02-2026-12.37,02002,35,37
03943_03-02-2026-12.37,50500,42,56
03993_03-02-2026-12.37,50500,63,71
03943_03-02-2026-12.37,37200,110,112
03993_03-02-2026-12.37,37200,125,127
03943_03-02-2026-12.37,04040,237,240
03993_03-02-2026-12.37,04040,252,255
03943_03-02-2026-12.37,78400,280,282
03993_03-02-2026-12.37,78400,295,297
03943_03-02-2026-12.37,04104,306,308
03993_03-02-2026-12.37,04104,321,323
03943_03-02-2026-12.37,71801,348,348
03993_03-02-2026-12.37,71801,363,363
09725_03-02-2026-13.15,60000,0,0
09725_03-02-2026-13.15,04007,26,28
09725_03-02-2026-13.15,04040,85,88
09725_03-02-2026-13.15,04104,142,144
09725_03-02-2026-13.15,71801,184,196
09725_03-02-2026-13.15,79206,237,240
09725_03-02-2026-13.15,04307,254,257
09725_03-02-2026-13.15,87374,280,290
09725_03-02-2026-13.15,87088,325,328
09725_03-02-2026-13.15,87173,390,399
09725_03-02-2026-13.15,87302,428,431
09725_03-02-2026-13.15,87814,457,460
09725_03-02-2026-13.15,87912,479,482
09725_03-02-2026-13.15,87089,495,495
34813_03-02-2026-13.37,78400,0,0
34813_03-02-2026-13.37,04104,27,29
34813_03-02-2026-13.37,71801,69,69
03141_03-02-2026-13.57,60000,0,0
03141_03-02-2026-13.57,71801,157,157
0001I_03-02-2026-14.02,60000,0,0
0001I_03-02-2026-14.02,04040,80,81
0001I_03-02-2026-14.02,71801,172,172
0002O_03-02-2026-14.12,60000,0,0
0002O_03-02-2026-14.12,71801,157,157
03143_03-02-2026-14.27,60000,0,0
03143_03-02-2026-14.27,70600,58,59
03143_03-02-2026-14.27,04040,84,85
03143_03-02-2026-14.27,71801,177,187
03143_03-02-2026-14.27,79206,233,236
03143_03-02-2026-14.27,04307,252,252
34823_03-02-2026-14.31,78400,0,0
34823_03-02-2026-14.31,71801,73,73
0005I_03-02-2026-14.42,60000,0,0
0005I_03-02-2026-14.42,04040,80,81
0005I_03-02-2026-14.42,71801,179,179
00609_03-02-2026-14.47,60000,0,0
00609_03-02-2026-14.47,04007,28,29
00609_03-02-2026-14.47,70600,82,83
00609_03-02-2026-14.47,81202,138,139
00609_03-02-2026-14.47,80108,171,172
00609_03-02-2026-14.47,80100,211,211
03151_03-02-2026-14.57,60000,0,0
03151_03-02-2026-14.57,71801,157,157
03305_03-02-2026-15.27,60000,0,0
03305_03-02-2026-15.27,70600,58,59
03305_03-02-2026-15.27,04040,83,84
03305_03-02-2026-15.27,78400,128,130
03305_03-02-2026-15.27,04104,156,158
03305_03-02-2026-15.27,71801,199,199
0003I_03-02-2026-15.52,60000,0,0
0003I_03-02-2026-15.52,71801,157,157
03161_03-02-2026-15.57,60000,0,0
03161_03-02-2026-15.57,71801,157,157
03163_03-02-2026-16.27,60000,0,0
03163_03-02-2026-16.27,04040,78,79
03163_03-02-2026-16.27,71801,172,178
03163_03-02-2026-16.27,79206,227,229
03163_03-02-2026-16.27,04307,244,244
0003I_03-02-2026-16.37,60000,0,0
0003I_03-02-2026-16.37,71801,157,157
03171_03-02-2026-16.57,60000,0,0
03171_03-02-2026-16.57,71801,157,157
0002O_03-02-2026-17.17,60000,0,0
0002O_03-02-2026-17.17,71801,157,157
0002I_03-02-2026-17.22,60000,0,0
0002I_03-02-2026-17.22,04040,78,79
0002I_03-02-2026-17.22,71801,172,172
03173_03-02-2026-17.27,60000,0,0
03173_03-02-2026-17.27,04007,26,27
03173_03-02-2026-17.27,04040,84,85
03173_03-02-2026-17.27,78400,128,130
03173_03-02-2026-17.27,04104,157,159
03173_03-02-2026-17.27,71801,199,199
02553_03-02-2026-17.57,54413,0,0
02553_03-02-2026-17.57,50500,47,49
02553_03-02-2026-17.57,60000,165,181
02553_03-02-2026-17.57,71801,338,338
03183_03-02-2026-18.27,60000,0,0
03183_03-02-2026-18.27,04040,78,79
03183_03-02-2026-18.27,04104,137,139
03183_03-02-2026-18.27,71801,177,177
0003I_03-02-2026-18.32,60000,0,0
0003I_03-02-2026-18.32,71801,157,157
03191_03-02-2026-18.57,60000,0,0
03191_03-02-2026-18.57,71801,157,167
03191_03-02-2026-18.57,79206,208,210
03191_03-02-2026-18.57,04307,225,225
02861_03-02-2026-19.00,51003,0,0
02861_03-02-2026-19.00,50500,42,44
02861_03-02-2026-19.00,60000,159,188
02861_03-02-2026-19.00,04007,216,217
02861_03-02-2026-19.00,70600,256,257
02861_03-02-2026-19.00,04040,290,293
02861_03-02-2026-19.00,78200,327,328
02861_03-02-2026-19.00,74200,344,344
0002I_03-02-2026-19.29,60000,0,0
0002I_03-02-2026-19.29,04040,78,79
0002I_03-02-2026-19.29,71801,172,172
03309_03-02-2026-19.34,60000,0,0
03309_03-02-2026-19.34,04007,26,27
03309_03-02-2026-19.34,70600,62,63
03309_03-02-2026-19.34,04040,88,89
03309_03-02-2026-19.34,78400,132,134
03309_03-02-2026-19.34,04104,161,163
03309_03-02-2026-19.34,71801,201,211
03309_03-02-2026-19.34,79206,252,253
03309_03-02-2026-19.34,04307,268,268
00437_03-02-2026-19.52,13200,0,0
00437_03-02-2026-19.52,11200,110,112
00437_03-02-2026-19.52,81002,129,130
00437_03-02-2026-19.52,81100,173,175
00437_03-02-2026-19.52,81108,210,211
00437_03-02-2026-19.52,81200,232,235
00437_03-02-2026-19.52,81202,245,246
00437_03-02-2026-19.52,04040,287,290
00437_03-02-2026-19.52,78400,354,356
00437_03-02-2026-19.52,04104,388,390
00437_03-02-2026-19.52,71801,431,431
03931_03-02-2026-20.01,05000,0,0
03931_03-02-2026-20.01,02030,42,44
03931_03-02-2026-20.01,50500,84,88
03931_03-02-2026-20.01,04040,268,271
03931_03-02-2026-20.01,78400,318,320
03931_03-02-2026-20.01,04104,346,348
03931_03-02-2026-20.01,71801,388,388
0001O_03-02-2026-20.10,60000,0,0
0001O_03-02-2026-20.10,04040,76,79
0001O_03-02-2026-20.10,71801,173,173
03203_03-02-2026-20.27,60000,0,0
03203_03-02-2026-20.27,04007,25,26
03203_03-02-2026-20.27,70600,65,66
03203_03-02-2026-20.27,04040,90,91
03203_03-02-2026-20.27,78400,133,135
03203_03-02-2026-20.27,04104,160,162
03203_03-02-2026-20.27,71801,201,201
03991_03-02-2026-20.38,54413,0,0
03941_03-02-2026-20.38,51003,0,0
03991_03-02-2026-20.38,02003,20,22
03991_03-02-2026-20.38,02002,35,37
03941_03-02-2026-20.38,50500,42,52
03991_03-02-2026-20.38,50500,68,74
03941_03-02-2026-20.38,37300,103,105
03941_03-02-2026-20.38,37200,118,120
03991_03-02-2026-20.38,37300,125,127
03991_03-02-2026-20.38,37200,140,142
03941_03-02-2026-20.38,04040,259,261
03991_03-02-2026-20.38,04040,281,283
03941_03-02-2026-20.38,78400,303,305
03991_03-02-2026-20.38,78400,325,327
03941_03-02-2026-20.38,04104,334,336
03991_03-02-2026-20.38,04104,356,358
03941_03-02-2026-20.38,71801,378,378
03991_03-02-2026-20.38,71801,400,400
0003O_03-02-2026-21.02,60000,0,0
0003O_03-02-2026-21.02,04040,79,82
0003O_03-02-2026-21.02,71801,172,172
0004I_04-02-2026-06.09,60000,0,0
0004I_04-02-2026-06.09,04040,79,80
0004I_04-02-2026-06.09,71801,171,171
03301_04-02-2026-06.16,60000,0,0
03301_04-02-2026-06.16,04104,125,127
03301_04-02-2026-06.16,71801,169,169
03063_04-02-2026-06.27,60000,0,0
03063_04-02-2026-06.27,70600,59,60
03063_04-02-2026-06.27,04040,85,86
03063_04-02-2026-06.27,71801,178,178
03071_04-02-2026-06.57,60000,0,0
03071_04-02-2026-06.57,71801,157,157
0004O_04-02-2026-07.02,60000,0,0
0004O_04-02-2026-07.02,04040,78,81
0004O_04-02-2026-07.02,71801,172,172
0003I_04-02-2026-07.22,60000,0,0
0003I_04-02-2026-07.22,71801,157,157
03073_04-02-2026-07.27,60000,0,0
03073_04-02-2026-07.27,04007,25,26
03073_04-02-2026-07.27,04040,84,85
03073_04-02-2026-07.27,78400,128,130
03073_04-02-2026-07.27,04104,157,159
03073_04-02-2026-07.27,71801,199,215
03073_04-02-2026-07.27,79206,255,257
03073_04-02-2026-07.27,04307,272,272
03081_04-02-2026-07.57,60000,0,0
03081_04-02-2026-07.57,71801,157,157
0003I_04-02-2026-08.22,60000,0,0
0003I_04-02-2026-08.22,71801,157,157
03083_04-02-2026-08.27,60000,0,0
03083_04-02-2026-08.27,04040,78,79
03083_04-02-2026-08.27,71801,172,172
0003I_04-02-2026-08.50,60000,0,0
0003I_04-02-2026-08.50,71801,157,157
03091_04-02-2026-08.57,60000,0,0
03091_04-02-2026-08.57,04104,124,126
03091_04-02-2026-08.57,71801,164,164
0002I_04-02-2026-09.22,60000,0,0
0002I_04-02-2026-09.22,04040,78,79
0002I_04-02-2026-09.22,71801,172,172
02561_04-02-2026-09.27,51003,0,0
02561_04-02-2026-09.27,50500,46,48
02561_04-02-2026-09.27,37300,94,96
02561_04-02-2026-09.27,37200,108,110
02561_04-02-2026-09.27,60000,176,207
02561_04-02-2026-09.27,04040,286,287
02561_04-02-2026-09.27,78400,332,334
02561_04-02-2026-09.27,04104,360,362
02561_04-02-2026-09.27,71801,401,409
02561_04-02-2026-09.27,79206,450,452
02561_04-02-2026-09.27,04307,467,467
0001I_04-02-2026-09.57,60000,0,0
0001I_04-02-2026-09.57,04040,80,81
0001I_04-02-2026-09.57,71801,172,172
0005O_04-02-2026-10.02,60000,0,0
0005O_04-02-2026-10.02,04040,80,83
0005O_04-02-2026-10.02,04104,139,139
0005O_04-02-2026-10.02,71801,182,182
03303_04-02-2026-10.27,60000,0,0
03303_04-02-2026-10.27,04040,80,81
03303_04-02-2026-10.27,71801,172,172
00605_04-02-2026-10.32,60000,0,0
00605_04-02-2026-10.32,04007,27,28
00605_04-02-2026-10.32,70600,74,75
00605_04-02-2026-10.32,81202,142,143
00605_04-02-2026-10.32,80108,175,176
00605_04-02-2026-10.32,80100,203,203
00533_04-02-2026-11.09,11511,0,0
00533_04-02-2026-11.09,11400,60,61
00533_04-02-2026-11.09,11300,87,88
00533_04-02-2026-11.09,80100,125,130
00533_04-02-2026-11.09,80108,156,157
00533_04-02-2026-11.09,81200,188,189
00533_04-02-2026-11.09,81202,205,206
00533_04-02-2026-11.09,04040,253,256
00533_04-02-2026-11.09,78400,305,307
00533_04-02-2026-11.09,04104,338,340
00533_04-02-2026-11.09,71801,376,376
0002I_04-02-2026-11.22,60000,0,0
0002I_04-02-2026-11.22,04040,78,79
0002I_04-02-2026-11.22,71801,172,172
03113_04-02-2026-11.27,60000,0,0
03113_04-02-2026-11.27,70600,58,59
03113_04-02-2026-11.27,04040,84,85
03113_04-02-2026-11.27,78400,128,130
03113_04-02-2026-11.27,04104,157,159
03113_04-02-2026-11.27,71801,199,199
34433_04-02-2026-12.00,78400,0,0
34433_04-02-2026-12.00,04104,31,33
34433_04-02-2026-12.00,71801,69,69
0002I_04-02-2026-12.22,60000,0,0
0002I_04-02-2026-12.22,04040,78,79
0002I_04-02-2026-12.22,71801,172,172
02591_04-02-2026-12.27,51003,0,0
02591_04-02-2026-12.27,50500,41,43
02591_04-02-2026-12.27,60000,158,173
02591_04-02-2026-12.27,04040,251,252
02591_04-02-2026-12.27,78400,295,297
02591_04-02-2026-12.27,71801,370,380
02591_04-02-2026-12.27,79206,421,423
02591_04-02-2026-12.27,04307,438,438
03993_04-02-2026-12.37,54413,0,0
03943_04-02-2026-12.37,51003,0,0
03993_04-02-2026-12.37,02003,20,22
03993_04-02-2026-12.37,02002,35,37
03943_04-02-2026-12.37,50500,42,56
03993_04-02-2026-12.37,50500,63,71
03943_04-02-2026-12.37,37200,110,112
03993_04-02-2026-12.37,37200,125,127
03943_04-02-2026-12.37,04040,237,240
03993_04-02-2026-12.37,04040,252,255
03943_04-02-2026-12.37,78400,280,282
03993_04-02-2026-12.37,78400,295,297
03943_04-02-2026-12.37,04104,306,308
03993_04-02-2026-12.37,04104,321,323
03943_04-02-2026-12.37,71801,348,348
03993_04-02-2026-12.37,71801,363,363
09725_04-02-2026-13.15,60000,0,0
09725_04-02-2026-13.15,04007,26,28
09725_04-02-2026-13.15,04040,85,88
09725_04-02-2026-13.15,04104,142,144
09725_04-02-2026-13.15,71801,184,196
09725_04-02-2026-13.15,79206,237,240
09725_04-02-2026-13.15,04307,254,257
09725_04-02-2026-13.15,87374,280,290
09725_04-02-2026-13.15,87088,325,328
09725_04-02-2026-13.15,87173,390,399
09725_04-02-2026-13.15,87302,428,431
09725_04-02-2026-13.15,87814,457,460
09725_04-02-2026-13.15,87912,479,482
09725_04-02-2026-13.15,87089,495,495
34813_04-02-2026-13.37,78400,0,0
34813_04-02-2026-13.37,04104,27,29
34813_04-02-2026-13.37,71801,69,69
03141_04-02-2026-13.57,60000,0,0
03141_04-02-2026-13.57,71801,157,157
0001I_04-02-2026-14.02,60000,0,0
0001I_04-02-2026-14.02,04040,80,81
0001I_04-02-2026-14.02,71801,172,172
0002O_04-02-2026-14.12,60000,0,0
0002O_04-02-2026-14.12,71801,157,157
03143_04-02-2026-14.27,60000,0,0
03143_04-02-2026-14.27,70600,58,59
03143_04-02-2026-14.27,04040,84,85
03143_04-02-2026-14.27,71801,177,187
03143_04-02-2026-14.27,79206,233,236
03143_04-02-2026-14.27,04307,252,252
34823_04-02-2026-14.31,78400,0,0
34823_04-02-2026-14.31,71801,73,73
0005I_04-02-2026-14.42,60000,0,0
0005I_04-02-2026-14.42,04040,80,81
0005I_04-02-2026-14.42,71801,179,179
00609_04-02-2026-14.47,60000,0,0
00609_04-02-2026-14.47,04007,28,29
00609_04-02-2026-14.47,70600,82,83
00609_04-02-2026-14.47,81202,138,139
00609_04-02-2026-14.47,80108,171,172
00609_04-02-2026-14.47,80100,211,211
03151_04-02-2026-14.57,60000,0,0
03151_04-02-2026-14.57,71801,157,157
03305_04-02-2026-15.27,60000,0,0
03305_04-02-2026-15.27,70600,58,59
03305_04-02-2026-15.27,04040,83,84
03305_04-02-2026-15.27,78400,128,130
03305_04-02-2026-15.27,04104,156,158
03305_04-02-2026-15.27,71801,199,199
0003I_04-02-2026-15.52,60000,0,0
0003I_04-02-2026-15.52,71801,157,157
03161_04-02-2026-15.57,60000,0,0
03161_04-02-2026-15.57,71801,157,157
03163_04-02-2026-16.27,60000,0,0
03163_04-02-2026-16.27,04040,78,79
03163_04-02-2026-16.27,71801,172,178
03163_04-02-2026-16.27,79206,227,229
03163_04-02-2026-16.27,04307,244,244
0003I_04-02-2026-16.37,60000,0,0
0003I_04-02-2026-16.37,71801,157,157
03171_04-02-2026-16.57,60000,0,0
03171_04-02-2026-16.57,71801,157,157
0002O_04-02-2026-17.17,60000,0,0
0002O_04-02-2026-17.17,71801,157,157
0002I_04-02-2026-17.22,60000,0,0
0002I_04-02-2026-17.22,04040,78,79
0002I_04-02-2026-17.22,71801,172,172
03173_04-02-2026-17.27,60000,0,0
03173_04-02-2026-17.27,04007,26,27
03173_04-02-2026-17.27,04040,84,85
03173_04-02-2026-17.27,78400,128,130
03173_04-02-2026-17.27,04104,157,159
03173_04-02-2026-17.27,71801,199,199
02553_04-02-2026-17.57,54413,0,0
02553_04-02-2026-17.57,50500,47,49
02553_04-02-2026-17.57,60000,165,181
02553_04-02-2026-17.57,71801,338,338
03183_04-02-2026-18.27,60000,0,0
03183_04-02-2026-18.27,04040,78,79
03183_04-02-2026-18.27,04104,137,139
03183_04-02-2026-18.27,71801,177,177
0003I_04-02-2026-18.32,60000,0,0
0003I_04-02-2026-18.32,71801,157,157
03191_04-02-2026-18.57,60000,0,0
03191_04-02-2026-18.57,71801,157,167
03191_04-02-2026-18.57,79206,208,210
03191_04-02-2026-18.57,04307,225,225
02861_04-02-2026-19.00,51003,0,0
02861_04-02-2026-19.00,50500,42,44
02861_04-02-2026-19.00,60000,159,188
02861_04-02-2026-19.00,04007,216,217
02861_04-02-2026-19.00,70600,256,257
02861_04-02-2026-19.00,04040,290,293
02861_04-02-2026-19.00,78200,327,328
02861_04-02-2026-19.00,74200,344,344
0002I_04-02-2026-19.29,60000,0,0
0002I_04-02-2026-19.29,04040,78,79
0002I_04-02-2026-19.29,71801,172,172
03309_04-02-2026-19.34,60000,0,0
03309_04-02-2026-19.34,04007,26,27
03309_04-02-2026-19.34,70600,62,63
03309_04-02-2026-19.34,04040,88,89
03309_04-02-2026-19.34,78400,132,134
03309_04-02-2026-19.34,04104,161,163
03309_04-02-2026-19.34,71801,201,211
03309_04-02-2026-19.34,79206,252,253
03309_04-02-2026-19.34,04307,268,268
00437_04-02-2026-19.52,13200,0,0
00437_04-02-2026-19.52,11200,110,112
00437_04-02-2026-19.52,81002,129,130
00437_04-02-2026-19.52,81100,173,175
00437_04-02-2026-19.52,81108,210,211
00437_04-02-2026-19.52,81200,232,235
00437_04-02-2026-19.52,81202,245,246
00437_04-02-2026-19.52,04040,287,290
00437_04-02-2026-19.52,78400,354,356
00437_04-02-2026-19.52,04104,388,390
00437_04-02-2026-19.52,71801,431,431
03931_04-02-2026-20.01,05000,0,0
03931_04-02-2026-20.01,02030,42,44
03931_04-02-2026-20.01,50500,84,88
03931_04-02-2026-20.01,04040,268,271
03931_04-02-2026-20.01,78400,318,320
03931_04-02-2026-20.01,04104,346,348
03931_04-02-2026-20.01,71801,388,388
03201_04-02-2026-20.05,60000,0,0
03201_04-02-2026-20.05,71801,157,157
0001O_04-02-2026-20.10,60000,0,0
0001O_04-02-2026-20.10,04040,76,79
0001O_04-02-2026-20.10,71801,173,173
03203_04-02-2026-20.27,60000,0,0
03203_04-02-2026-20.27,04007,25,26
03203_04-02-2026-20.27,70600,65,66
03203_04-02-2026-20.27,04040,90,91
03203_04-02-2026-20.27,78400,133,135
03203_04-02-2026-20.27,04104,160,162
03203_04-02-2026-20.27,71801,201,201
03991_04-02-2026-20.38,54413,0,0
03941_04-02-2026-20.38,51003,0,0
03991_04-02-2026-20.38,02003,20,22
03991_04-02-2026-20.38,02002,35,37
03941_04-02-2026-20.38,50500,42,52
03991_04-02-2026-20.38,50500,68,74
03941_04-02-2026-20.38,37300,103,105
03941_04-02-2026-20.38,37200,118,120
03991_04-02-2026-20.38,37300,125,127
03991_04-02-2026-20.38,37200,140,142
03941_04-02-2026-20.38,04040,259,261
03991_04-02-2026-20.38,04040,281,283
03941_04-02-2026-20.38,78400,303,305
03991_04-02-2026-20.38,78400,325,327
03941_04-02-2026-20.38,04104,334,336
03991_04-02-2026-20.38,04104,356,358
03941_04-02-2026-20.38,71801,378,378
03991_04-02-2026-20.38,71801,400,400
0003O_04-02-2026-21.02,60000,0,0
0003O_04-02-2026-21.02,04040,79,82
0003O_04-02-2026-21.02,71801,172,172
02883_04-02-2026-21.07,54413,0,0
02883_04-02-2026-21.07,50500,47,49
02883_04-02-2026-21.07,60000,164,190
02883_04-02-2026-21.07,04040,269,270
02883_04-02-2026-21.07,71801,362,362
0004I_05-02-2026-06.09,60000,0,0
0004I_05-02-2026-06.09,04040,79,80
0004I_05-02-2026-06.09,71801,171,171
03301_05-02-2026-06.16,60000,0,0
03301_05-02-2026-06.16,04104,125,127
03301_05-02-2026-06.16,71801,169,169
03063_05-02-2026-06.27,60000,0,0
03063_05-02-2026-06.27,70600,59,60
03063_05-02-2026-06.27,04040,85,86
03063_05-02-2026-06.27,71801,178,178
03071_05-02-2026-06.57,60000,0,0
03071_05-02-2026-06.57,71801,157,157
0004O_05-02-2026-07.02,60000,0,0
0004O_05-02-2026-07.02,04040,78,81
0004O_05-02-2026-07.02,71801,172,172
0003I_05-02-2026-07.22,60000,0,0
0003I_05-02-2026-07.22,71801,157,157
03073_05-02-2026-07.27,60000,0,0
03073_05-02-2026-07.27,04007,25,26
03073_05-02-2026-07.27,04040,84,85
03073_05-02-2026-07.27,78400,128,130
03073_05-02-2026-07.27,04104,157,159
03073_05-02-2026-07.27,71801,199,215
03073_05-02-2026-07.27,79206,255,257
03073_05-02-2026-07.27,04307,272,272
03081_05-02-2026-07.57,60000,0,0
03081_05-02-2026-07.57,71801,157,157
0003I_05-02-2026-08.22,60000,0,0
0003I_05-02-2026-08.22,71801,157,157
03083_05-02-2026-08.27,60000,0,0
03083_05-02-2026-08.27,04040,78,79
03083_05-02-2026-08.27,71801,172,172
0003I_05-02-2026-08.50,60000,0,0
0003I_05-02-2026-08.50,71801,157,157
03091_05-02-2026-08.57,60000,0,0
03091_05-02-2026-08.57,04104,124,126
03091_05-02-2026-08.57,71801,164,164
0002I_05-02-2026-09.22,60000,0,0
0002I_05-02-2026-09.22,04040,78,79
0002I_05-02-2026-09.22,71801,172,172
02561_05-02-2026-09.27,51003,0,0
02561_05-02-2026-09.27,50500,46,48
02561_05-02-2026-09.27,37300,94,96
02561_05-02-2026-09.27,37200,108,110
02561_05-02-2026-09.27,60000,176,207
02561_05-02-2026-09.27,04040,286,287
02561_05-02-2026-09.27,78400,332,334
02561_05-02-2026-09.27,04104,360,362
02561_05-02-2026-09.27,71801,401,409
02561_05-02-2026-09.27,79206,450,452
02561_05-02-2026-09.27,04307,467,467
0001I_05-02-2026-09.57,60000,0,0
0001I_05-02-2026-09.57,04040,80,81
0001I_05-02-2026-09.57,71801,172,172
0005O_05-02-2026-10.02,60000,0,0
0005O_05-02-2026-10.02,04040,80,83
0005O_05-02-2026-10.02,04104,139,139
0005O_05-02-2026-10.02,71801,182,182
03303_05-02-2026-10.27,60000,0,0
03303_05-02-2026-10.27,04040,80,81
03303_05-02-2026-10.27,71801,172,172
00605_05-02-2026-10.32,60000,0,0
00605_05-02-2026-10.32,04007,27,28
00605_05-02-2026-10.32,70600,74,75
00605_05-02-2026-10.32,81202,142,143
00605_05-02-2026-10.32,80108,175,176
00605_05-02-2026-10.32,80100,203,203
00533_05-02-2026-11.09,11511,0,0
00533_05-02-2026-11.09,11400,60,61
00533_05-02-2026-11.09,11300,87,88
00533_05-02-2026-11.09,80100,125,130
00533_05-02-2026-11.09,80108,156,157
00533_05-02-2026-11.09,81200,188,189
00533_05-02-2026-11.09,81202,205,206
00533_05-02-2026-11.09,04040,253,256
00533_05-02-2026-11.09,78400,305,307
00533_05-02-2026-11.09,04104,338,340
00533_05-02-2026-11.09,71801,376,376
0002I_05-02-2026-11.22,60000,0,0
0002I_05-02-2026-11.22,04040,78,79
0002I_05-02-2026-11.22,71801,172,172
03113_05-02-2026-11.27,60000,0,0
03113_05-02-2026-11.27,70600,58,59
03113_05-02-2026-11.27,04040,84,85
03113_05-02-2026-11.27,78400,128,130
03113_05-02-2026-11.27,04104,157,159
03113_05-02-2026-11.27,71801,199,199
34433_05-02-2026-12.00,78400,0,0
34433_05-02-2026-12.00,04104,31,33
34433_05-02-2026-12.00,71801,69,69
0002I_05-02-2026-12.22,60000,0,0
0002I_05-02-2026-12.22,04040,78,79
0002I_05-02-2026-12.22,71801,172,172
02591_05-02-2026-12.27,51003,0,0
02591_05-02-2026-12.27,50500,41,43
02591_05-02-2026-12.27,60000,158,173
02591_05-02-2026-12.27,04040,251,252
02591_05-02-2026-12.27,78400,295,297
02591_05-02-2026-12.27,71801,370,380
02591_05-02-2026-12.27,79206,421,423
02591_05-02-2026-12.27,04307,438,438
03943_05-02-2026-12.37,51003,0,0
03993_05-02-2026-12.37,54413,0,0
03993_05-02-2026-12.37,02003,20,22
03993_05-02-2026-12.37,02002,35,37
03943_05-02-2026-12.37,50500,42,56
03993_05-02-2026-12.37,50500,63,71
03943_05-02-2026-12.37,37200,110,112
03993_05-02-2026-12.37,37200,125,127
03943_05-02-2026-12.37,04040,237,240
03993_05-02-2026-12.37,04040,252,255
03943_05-02-2026-12.37,78400,280,282
03993_05-02-2026-12.37,78400,295,297
03943_05-02-2026-12.37,04104,306,308
03993_05-02-2026-12.37,04104,321,323
03943_05-02-2026-12.37,71801,348,348
03993_05-02-2026-12.37,71801,363,363
09725_05-02-2026-13.15,60000,0,0
09725_05-02-2026-13.15,04007,26,28
09725_05-02-2026-13.15,04040,85,88
09725_05-02-2026-13.15,04104,142,144
09725_05-02-2026-13.15,71801,184,196
09725_05-02-2026-13.15,79206,237,240
09725_05-02-2026-13.15,04307,254,257
09725_05-02-2026-13.15,87374,280,290
09725_05-02-2026-13.15,87088,325,328
09725_05-02-2026-13.15,87173,390,399
09725_05-02-2026-13.15,87302,428,431
09725_05-02-2026-13.15,87814,457,460
09725_05-02-2026-13.15,87912,479,482
09725_05-02-2026-13.15,87089,495,495
34813_05-02-2026-13.37,78400,0,0
34813_05-02-2026-13.37,04104,27,29
34813_05-02-2026-13.37,71801,69,69
03141_05-02-2026-13.57,60000,0,0
03141_05-02-2026-13.57,71801,157,157
0001I_05-02-2026-14.02,60000,0,0
0001I_05-02-2026-14.02,04040,80,81
0001I_05-02-2026-14.02,71801,172,172
0002O_05-02-2026-14.12,60000,0,0
0002O_05-02-2026-14.12,71801,157,157
03143_05-02-2026-14.27,60000,0,0
03143_05-02-2026-14.27,70600,58,59
03143_05-02-2026-14.27,04040,84,85
03143_05-02-2026-14.27,71801,177,187
03143_05-02-2026-14.27,79206,233,236
03143_05-02-2026-14.27,04307,252,252
34823_05-02-2026-14.31,78400,0,0
34823_05-02-2026-14.31,71801,73,73
0005I_05-02-2026-14.42,60000,0,0
0005I_05-02-2026-14.42,04040,80,81
0005I_05-02-2026-14.42,71801,179,179
00609_05-02-2026-14.47,60000,0,0
00609_05-02-2026-14.47,04007,28,29
00609_05-02-2026-14.47,70600,82,83
00609_05-02-2026-14.47,81202,138,139
00609_05-02-2026-14.47,80108,171,172
00609_05-02-2026-14.47,80100,211,211
03151_05-02-2026-14.57,60000,0,0
03151_05-02-2026-14.57,71801,157,157
03305_05-02-2026-15.27,60000,0,0
03305_05-02-2026-15.27,70600,58,59
03305_05-02-2026-15.27,04040,83,84
03305_05-02-2026-15.27,78400,128,130
03305_05-02-2026-15.27,04104,156,158
03305_05-02-2026-15.27,71801,199,199
0003I_05-02-2026-15.52,60000,0,0
0003I_05-02-2026-15.52,71801,157,157
03161_05-02-2026-15.57,60000,0,0
03161_05-02-2026-15.57,71801,157,157
03163_05-02-2026-16.27,60000,0,0
03163_05-02-2026-16.27,04040,78,79
03163_05-02-2026-16.27,71801,172,178
03163_05-02-2026-16.27,79206,227,229
03163_05-02-2026-16.27,04307,244,244
0003I_05-02-2026-16.37,60000,0,0
0003I_05-02-2026-16.37,71801,157,157
03171_05-02-2026-16.57,60000,0,0
03171_05-02-2026-16.57,71801,157,157
0002O_05-02-2026-17.17,60000,0,0
0002O_05-02-2026-17.17,71801,157,157
0002I_05-02-2026-17.22,60000,0,0
0002I_05-02-2026-17.22,04040,78,79
0002I_05-02-2026-17.22,71801,172,172
03173_05-02-2026-17.27,60000,0,0
03173_05-02-2026-17.27,04007,26,27
03173_05-02-2026-17.27,04040,84,85
03173_05-02-2026-17.27,78400,128,130
03173_05-02-2026-17.27,04104,157,159
03173_05-02-2026-17.27,71801,199,199
02553_05-02-2026-17.57,54413,0,0
02553_05-02-2026-17.57,50500,47,49
02553_05-02-2026-17.57,60000,165,181
02553_05-02-2026-17.57,71801,338,338
03183_05-02-2026-18.27,60000,0,0
03183_05-02-2026-18.27,04040,78,79
03183_05-02-2026-18.27,04104,137,139
03183_05-02-2026-18.27,71801,177,177
0003I_05-02-2026-18.32,60000,0,0
0003I_05-02-2026-18.32,71801,157,157
03191_05-02-2026-18.57,60000,0,0
03191_05-02-2026-18.57,71801,157,167
03191_05-02-2026-18.57,79206,208,210
03191_05-02-2026-18.57,04307,225,225
02861_05-02-2026-19.00,51003,0,0
02861_05-02-2026-19.00,50500,42,44
02861_05-02-2026-19.00,60000,159,188
02861_05-02-2026-19.00,04007,216,217
02861_05-02-2026-19.00,70600,256,257
02861_05-02-2026-19.00,04040,290,293
02861_05-02-2026-19.00,78200,327,328
02861_05-02-2026-19.00,74200,344,344
0002I_05-02-2026-19.29,60000,0,0
0002I_05-02-2026-19.29,04040,78,79
0002I_05-02-2026-19.29,71801,172,172
03309_05-02-2026-19.34,60000,0,0
03309_05-02-2026-19.34,04007,26,27
03309_05-02-2026-19.34,70600,62,63
03309_05-02-2026-19.34,04040,88,89
03309_05-02-2026-19.34,78400,132,134
03309_05-02-2026-19.34,04104,161,163
03309_05-02-2026-19.34,71801,201,211
03309_05-02-2026-19.34,79206,252,253
03309_05-02-2026-19.34,04307,268,268
00437_05-02-2026-19.52,13200,0,0
00437_05-02-2026-19.52,11200,110,112
00437_05-02-2026-19.52,81002,129,130
00437_05-02-2026-19.52,81100,173,175
00437_05-02-2026-19.52,81108,210,211
00437_05-02-2026-19.52,81200,232,235
00437_05-02-2026-19.52,81202,245,246
00437_05-02-2026-19.52,04040,287,290
00437_05-02-2026-19.52,78400,354,356
00437_05-02-2026-19.52,04104,388,390
00437_05-02-2026-19.52,71801,431,431
03931_05-02-2026-20.01,05000,0,0
03931_05-02-2026-20.01,02030,42,44
03931_05-02-2026-20.01,50500,84,88
03931_05-02-2026-20.01,04040,268,271
03931_05-02-2026-20.01,78400,318,320
03931_05-02-2026-20.01,04104,346,348
03931_05-02-2026-20.01,71801,388,388
03201_05-02-2026-20.05,60000,0,0
03201_05-02-2026-20.05,71801,157,157
0001O_05-02-2026-20.10,60000,0,0
0001O_05-02-2026-20.10,04040,76,79
0001O_05-02-2026-20.10,71801,173,173
0006I_05-02-2026-20.22,60000,0,0
0006I_05-02-2026-20.22,04040,79,80
0006I_05-02-2026-20.22,71801,172,172
03203_05-02-2026-20.27,60000,0,0
03203_05-02-2026-20.27,04007,25,26
03203_05-02-2026-20.27,70600,65,66
03203_05-02-2026-20.27,04040,90,91
03203_05-02-2026-20.27,78400,133,135
03203_05-02-2026-20.27,04104,160,162
03203_05-02-2026-20.27,71801,201,201
03941_05-02-2026-20.38,51003,0,0
03991_05-02-2026-20.38,54413,0,0
03991_05-02-2026-20.38,02003,20,22
03991_05-02-2026-20.38,02002,35,37
03941_05-02-2026-20.38,50500,42,52
03991_05-02-2026-20.38,50500,68,74
03941_05-02-2026-20.38,37300,103,105
03941_05-02-2026-20.38,37200,118,120
03991_05-02-2026-20.38,37300,125,127
03991_05-02-2026-20.38,37200,140,142
03941_05-02-2026-20.38,04040,259,261
03991_05-02-2026-20.38,04040,281,283
03941_05-02-2026-20.38,78400,303,305
03991_05-02-2026-20.38,78400,325,327
03941_05-02-2026-20.38,04104,334,336
03991_05-02-2026-20.38,04104,356,358
03941_05-02-2026-20.38,71801,378,378
03991_05-02-2026-20.38,71801,400,400
0003O_05-02-2026-21.02,60000,0,0
0003O_05-02-2026-21.02,04040,79,82
0003O_05-02-2026-21.02,71801,172,172
02883_05-02-2026-21.07,54413,0,0
02883_05-02-2026-21.07,50500,47,49
02883_05-02-2026-21.07,60000,164,190
02883_05-02-2026-21.07,04040,269,270
02883_05-02-2026-21.07,71801,362,362
0004I_06-02-2026-06.09,60000,0,0
0004I_06-02-2026-06.09,04040,79,80
0004I_06-02-2026-06.09,71801,171,171
03301_06-02-2026-06.27,60000,0,0
03301_06-02-2026-06.27,70600,59,60
03301_06-02-2026-06.27,04040,85,86
03301_06-02-2026-06.27,71801,178,178
03071_06-02-2026-06.57,60000,0,0
03071_06-02-2026-06.57,71801,157,157
0004O_06-02-2026-07.02,60000,0,0
0004O_06-02-2026-07.02,04040,78,81
0004O_06-02-2026-07.02,71801,172,172
0003I_06-02-2026-07.22,60000,0,0
0003I_06-02-2026-07.22,71801,157,157
03073_06-02-2026-07.27,60000,0,0
03073_06-02-2026-07.27,04007,25,26
03073_06-02-2026-07.27,04040,84,85
03073_06-02-2026-07.27,78400,128,130
03073_06-02-2026-07.27,04104,157,159
03073_06-02-2026-07.27,71801,199,215
03073_06-02-2026-07.27,79206,255,257
03073_06-02-2026-07.27,04307,272,272
03081_06-02-2026-07.57,60000,0,0
03081_06-02-2026-07.57,71801,157,157
0003I_06-02-2026-08.22,60000,0,0
0003I_06-02-2026-08.22,71801,157,157
0003I_06-02-2026-08.50,60000,0,0
0003I_06-02-2026-08.50,71801,157,157
03091_06-02-2026-08.57,60000,0,0
03091_06-02-2026-08.57,04104,124,126
03091_06-02-2026-08.57,71801,164,164
0002I_06-02-2026-09.22,60000,0,0
0002I_06-02-2026-09.22,04040,78,79
0002I_06-02-2026-09.22,71801,172,172
02561_06-02-2026-09.27,51003,0,0
02561_06-02-2026-09.27,50500,46,48
02561_06-02-2026-09.27,37300,94,96
02561_06-02-2026-09.27,37200,108,110
02561_06-02-2026-09.27,60000,176,207
02561_06-02-2026-09.27,04040,286,287
02561_06-02-2026-09.27,78400,332,334
02561_06-02-2026-09.27,04104,360,362
02561_06-02-2026-09.27,71801,401,409
02561_06-02-2026-09.27,79206,450,452
02561_06-02-2026-09.27,04307,467,467
0001I_06-02-2026-09.57,60000,0,0
0001I_06-02-2026-09.57,04040,80,81
0001I_06-02-2026-09.57,71801,172,172
0005O_06-02-2026-10.02,60000,0,0
0005O_06-02-2026-10.02,04040,80,83
0005O_06-02-2026-10.02,04104,139,139
0005O_06-02-2026-10.02,71801,182,182
03303_06-02-2026-10.27,60000,0,0
03303_06-02-2026-10.27,04040,80,81
03303_06-02-2026-10.27,71801,172,172
00605_06-02-2026-10.32,60000,0,0
00605_06-02-2026-10.32,04007,27,28
00605_06-02-2026-10.32,70600,74,75
00605_06-02-2026-10.32,81202,142,143
00605_06-02-2026-10.32,80108,175,176
00605_06-02-2026-10.32,80100,203,203
00533_06-02-2026-11.09,11511,0,0
00533_06-02-2026-11.09,11400,60,61
00533_06-02-2026-11.09,11300,87,88
00533_06-02-2026-11.09,80100,125,130
00533_06-02-2026-11.09,80108,156,157
00533_06-02-2026-11.09,81200,188,189
00533_06-02-2026-11.09,81202,205,206
00533_06-02-2026-11.09,04040,253,256
00533_06-02-2026-11.09,78400,305,307
00533_06-02-2026-11.09,04104,338,340
00533_06-02-2026-11.09,71801,376,376
0002I_06-02-2026-11.22,60000,0,0
0002I_06-02-2026-11.22,04040,78,79
0002I_06-02-2026-11.22,71801,172,172
03113_06-02-2026-11.27,60000,0,0
03113_06-02-2026-11.27,70600,58,59
03113_06-02-2026-11.27,04040,84,85
03113_06-02-2026-11.27,78400,128,130
03113_06-02-2026-11.27,04104,157,159
03113_06-02-2026-11.27,71801,199,199
34433_06-02-2026-12.00,78400,0,0
34433_06-02-2026-12.00,04104,31,33
34433_06-02-2026-12.00,71801,69,69
0002I_06-02-2026-12.22,60000,0,0
0002I_06-02-2026-12.22,04040,78,79
0002I_06-02-2026-12.22,71801,172,172
02591_06-02-2026-12.27,51003,0,0
02591_06-02-2026-12.27,50500,41,43
02591_06-02-2026-12.27,60000,158,173
02591_06-02-2026-12.27,04040,251,252
02591_06-02-2026-12.27,78400,295,297
02591_06-02-2026-12.27,71801,370,380
02591_06-02-2026-12.27,79206,421,423
02591_06-02-2026-12.27,04307,438,438
03993_06-02-2026-12.37,54413,0,0
03943_06-02-2026-12.37,51003,0,0
03993_06-02-2026-12.37,02003,20,22
03993_06-02-2026-12.37,02002,35,37
03943_06-02-2026-12.37,50500,42,56
03993_06-02-2026-12.37,50500,63,71
03943_06-02-2026-12.37,37200,110,112
03993_06-02-2026-12.37,37200,125,127
03943_06-02-2026-12.37,04040,237,240
03993_06-02-2026-12.37,04040,252,255
03943_06-02-2026-12.37,78400,280,282
03993_06-02-2026-12.37,78400,295,297
03943_06-02-2026-12.37,04104,306,308
03993_06-02-2026-12.37,04104,321,323
03943_06-02-2026-12.37,71801,348,348
03993_06-02-2026-12.37,71801,363,363
09725_06-02-2026-13.15,60000,0,0
09725_06-02-2026-13.15,04007,26,28
09725_06-02-2026-13.15,04040,85,88
09725_06-02-2026-13.15,04104,142,144
09725_06-02-2026-13.15,71801,184,196
09725_06-02-2026-13.15,79206,237,240
09725_06-02-2026-13.15,04307,254,257
09725_06-02-2026-13.15,87374,280,290
09725_06-02-2026-13.15,87088,325,328
09725_06-02-2026-13.15,87173,390,399
09725_06-02-2026-13.15,87302,428,431
09725_06-02-2026-13.15,87814,457,460
09725_06-02-2026-13.15,87912,479,482
09725_06-02-2026-13.15,87089,495,495
34813_06-02-2026-13.37,78400,0,0
34813_06-02-2026-13.37,04104,27,29
34813_06-02-2026-13.37,71801,69,69
03141_06-02-2026-13.57,60000,0,0
03141_06-02-2026-13.57,71801,157,157
0001I_06-02-2026-14.02,60000,0,0
0001I_06-02-2026-14.02,04040,80,81
0001I_06-02-2026-14.02,71801,172,172
0002O_06-02-2026-14.12,60000,0,0
0002O_06-02-2026-14.12,71801,157,157
03143_06-02-2026-14.27,60000,0,0
03143_06-02-2026-14.27,70600,58,59
03143_06-02-2026-14.27,04040,84,85
03143_06-02-2026-14.27,71801,177,187
03143_06-02-2026-14.27,79206,233,236
03143_06-02-2026-14.27,04307,252,252
34823_06-02-2026-14.31,78400,0,0
34823_06-02-2026-14.31,71801,73,73
0005I_06-02-2026-14.42,60000,0,0
0005I_06-02-2026-14.42,04040,80,81
0005I_06-02-2026-14.42,71801,179,179
00609_06-02-2026-14.47,60000,0,0
00609_06-02-2026-14.47,04007,28,29
00609_06-02-2026-14.47,70600,82,83
00609_06-02-2026-14.47,81202,138,139
00609_06-02-2026-14.47,80108,171,172
00609_06-02-2026-14.47,80100,211,211
03151_06-02-2026-14.57,60000,0,0
03151_06-02-2026-14.57,71801,157,157
03305_06-02-2026-15.27,60000,0,0
03305_06-02-2026-15.27,70600,58,59
03305_06-02-2026-15.27,04040,83,84
03305_06-02-2026-15.27,78400,128,130
03305_06-02-2026-15.27,04104,156,158
03305_06-02-2026-15.27,71801,199,199
0003I_06-02-2026-15.52,60000,0,0
0003I_06-02-2026-15.52,71801,157,157
03161_06-02-2026-15.57,60000,0,0
03161_06-02-2026-15.57,71801,157,157
03363_06-02-2026-16.02,60000,0,0
03363_06-02-2026-16.02,04040,84,87
03363_06-02-2026-16.02,74200,128,128
03163_06-02-2026-16.27,60000,0,0
03163_06-02-2026-16.27,04040,78,79
03163_06-02-2026-16.27,71801,172,178
03163_06-02-2026-16.27,79206,227,229
03163_06-02-2026-16.27,04307,244,244
0003I_06-02-2026-16.37,60000,0,0
0003I_06-02-2026-16.37,71801,157,157
03171_06-02-2026-16.57,60000,0,0
03171_06-02-2026-16.57,71801,157,157
0002O_06-02-2026-17.17,60000,0,0
0002O_06-02-2026-17.17,71801,157,157
0002I_06-02-2026-17.22,60000,0,0
0002I_06-02-2026-17.22,04040,78,79
0002I_06-02-2026-17.22,71801,172,172
03373_06-02-2026-17.27,60000,0,0
03373_06-02-2026-17.27,04007,26,27
03373_06-02-2026-17.27,04040,84,85
03373_06-02-2026-17.27,78400,128,130
03373_06-02-2026-17.27,04104,157,159
03373_06-02-2026-17.27,71801,199,199
02553_06-02-2026-17.57,54413,0,0
02553_06-02-2026-17.57,50500,47,49
02553_06-02-2026-17.57,60000,165,181
02553_06-02-2026-17.57,71801,338,338
03183_06-02-2026-18.27,60000,0,0
03183_06-02-2026-18.27,04040,78,79
03183_06-02-2026-18.27,04104,137,139
03183_06-02-2026-18.27,71801,177,177
0003I_06-02-2026-18.32,60000,0,0
0003I_06-02-2026-18.32,71801,157,157
03191_06-02-2026-18.57,60000,0,0
03191_06-02-2026-18.57,71801,157,157
02861_06-02-2026-19.00,51003,0,0
02861_06-02-2026-19.00,50500,42,44
02861_06-02-2026-19.00,60000,159,188
02861_06-02-2026-19.00,04007,216,217
02861_06-02-2026-19.00,70600,256,257
02861_06-02-2026-19.00,04040,290,293
02861_06-02-2026-19.00,78200,327,328
02861_06-02-2026-19.00,74200,344,344
0002I_06-02-2026-19.29,60000,0,0
0002I_06-02-2026-19.29,04040,78,79
0002I_06-02-2026-19.29,71801,172,172
03309_06-02-2026-19.34,60000,0,0
03309_06-02-2026-19.34,04007,26,27
03309_06-02-2026-19.34,70600,62,63
03309_06-02-2026-19.34,04040,88,89
03309_06-02-2026-19.34,78400,132,134
03309_06-02-2026-19.34,04104,161,163
03309_06-02-2026-19.34,71801,201,211
03309_06-02-2026-19.34,79206,252,253
03309_06-02-2026-19.34,04307,268,268
00437_06-02-2026-19.52,13200,0,0
00437_06-02-2026-19.52,11200,110,112
00437_06-02-2026-19.52,81002,129,130
00437_06-02-2026-19.52,81100,173,175
00437_06-02-2026-19.52,81108,210,211
00437_06-02-2026-19.52,81200,232,235
00437_06-02-2026-19.52,81202,245,246
00437_06-02-2026-19.52,04040,287,290
00437_06-02-2026-19.52,78400,354,356
00437_06-02-2026-19.52,04104,388,390
00437_06-02-2026-19.52,71801,431,431
03931_06-02-2026-20.01,05000,0,0
03931_06-02-2026-20.01,02030,42,44
03931_06-02-2026-20.01,50500,84,88
03931_06-02-2026-20.01,04040,268,271
03931_06-02-2026-20.01,78400,318,320
03931_06-02-2026-20.01,04104,346,348
03931_06-02-2026-20.01,71801,388,388
03201_06-02-2026-20.05,60000,0,0
03201_06-02-2026-20.05,71801,157,157
0001O_06-02-2026-20.10,60000,0,0
0001O_06-02-2026-20.10,04040,76,79
0001O_06-02-2026-20.10,71801,173,173
0006I_06-02-2026-20.22,60000,0,0
0006I_06-02-2026-20.22,04040,79,80
0006I_06-02-2026-20.22,71801,172,172
03203_06-02-2026-20.27,60000,0,0
03203_06-02-2026-20.27,04007,25,26
03203_06-02-2026-20.27,70600,65,66
03203_06-02-2026-20.27,04040,90,91
03203_06-02-2026-20.27,78400,133,135
03203_06-02-2026-20.27,04104,160,162
03203_06-02-2026-20.27,71801,201,201
03991_06-02-2026-20.38,54413,0,0
03941_06-02-2026-20.38,51003,0,0
03991_06-02-2026-20.38,02003,20,22
03991_06-02-2026-20.38,02002,35,37
03941_06-02-2026-20.38,50500,42,52
03991_06-02-2026-20.38,50500,68,74
03941_06-02-2026-20.38,37300,103,105
03941_06-02-2026-20.38,37200,118,120
03991_06-02-2026-20.38,37300,125,127
03991_06-02-2026-20.38,37200,140,142
03941_06-02-2026-20.38,04040,259,261
03991_06-02-2026-20.38,04040,281,283
03941_06-02-2026-20.38,78400,303,305
03991_06-02-2026-20.38,78400,325,327
03941_06-02-2026-20.38,04104,334,336
03991_06-02-2026-20.38,04104,356,358
03941_06-02-2026-20.38,71801,378,378
03991_06-02-2026-20.38,71801,400,400
0003O_06-02-2026-21.02,60000,0,0
0003O_06-02-2026-21.02,04040,79,82
0003O_06-02-2026-21.02,71801,172,172
02883_06-02-2026-21.07,54413,0,0
02883_06-02-2026-21.07,50500,47,49
02883_06-02-2026-21.07,60000,164,190
02883_06-02-2026-21.07,04040,269,270
02883_06-02-2026-21.07,71801,362,362
03301_07-02-2026-06.27,60000,0,0
03301_07-02-2026-06.27,70600,59,60
03301_07-02-2026-06.27,04040,85,86
03301_07-02-2026-06.27,04104,146,148
03301_07-02-2026-06.27,71801,184,184
0004O_07-02-2026-07.02,60000,0,0
0004O_07-02-2026-07.02,04040,78,81
0004O_07-02-2026-07.02,71801,172,172
0003I_07-02-2026-07.22,60000,0,0
0003I_07-02-2026-07.22,71801,157,157
03073_07-02-2026-07.27,60000,0,0
03073_07-02-2026-07.27,04007,25,26
03073_07-02-2026-07.27,04040,84,85
03073_07-02-2026-07.27,78400,128,130
03073_07-02-2026-07.27,04104,157,159
03073_07-02-2026-07.27,71801,199,215
03073_07-02-2026-07.27,79206,255,257
03073_07-02-2026-07.27,04307,272,272
0003I_07-02-2026-08.22,60000,0,0
0003I_07-02-2026-08.22,71801,157,157
03083_07-02-2026-08.27,60000,0,0
03083_07-02-2026-08.27,04040,78,79
03083_07-02-2026-08.27,71801,172,172
0003I_07-02-2026-08.50,60000,0,0
0003I_07-02-2026-08.50,71801,157,157
03091_07-02-2026-08.57,60000,0,0
03091_07-02-2026-08.57,04104,124,126
03091_07-02-2026-08.57,71801,164,164
0002I_07-02-2026-09.22,60000,0,0
0002I_07-02-2026-09.22,04040,78,79
0002I_07-02-2026-09.22,71801,172,172
02561_07-02-2026-09.27,51003,0,0
02561_07-02-2026-09.27,50500,46,48
02561_07-02-2026-09.27,37300,94,96
02561_07-02-2026-09.27,37200,108,110
02561_07-02-2026-09.27,60000,176,207
02561_07-02-2026-09.27,04040,286,287
02561_07-02-2026-09.27,78400,332,334
02561_07-02-2026-09.27,04104,360,362
02561_07-02-2026-09.27,71801,401,409
02561_07-02-2026-09.27,79206,450,452
02561_07-02-2026-09.27,04307,467,467
00603_07-02-2026-09.32,60000,0,0
00603_07-02-2026-09.32,04007,27,28
00603_07-02-2026-09.32,70600,72,73
00603_07-02-2026-09.32,81202,132,133
00603_07-02-2026-09.32,81200,145,146
00603_07-02-2026-09.32,80108,171,172
00603_07-02-2026-09.32,80100,200,200
0001I_07-02-2026-09.57,60000,0,0
0001I_07-02-2026-09.57,04040,80,81
0001I_07-02-2026-09.57,71801,172,172
0005O_07-02-2026-10.02,60000,0,0
0005O_07-02-2026-10.02,04040,80,83
0005O_07-02-2026-10.02,04104,139,139
0005O_07-02-2026-10.02,71801,182,182
03303_07-02-2026-10.27,60000,0,0
03303_07-02-2026-10.27,04040,80,81
03303_07-02-2026-10.27,71801,172,172
00533_07-02-2026-11.09,11511,0,0
00533_07-02-2026-11.09,11400,60,61
00533_07-02-2026-11.09,11300,87,88
00533_07-02-2026-11.09,80100,125,130
00533_07-02-2026-11.09,80108,156,157
00533_07-02-2026-11.09,81200,188,189
00533_07-02-2026-11.09,81202,205,206
00533_07-02-2026-11.09,04040,253,256
00533_07-02-2026-11.09,78400,305,307
00533_07-02-2026-11.09,04104,338,340
00533_07-02-2026-11.09,71801,376,376
0002I_07-02-2026-11.22,60000,0,0
0002I_07-02-2026-11.22,04040,78,79
0002I_07-02-2026-11.22,71801,172,172
03113_07-02-2026-11.27,60000,0,0
03113_07-02-2026-11.27,70600,58,59
03113_07-02-2026-11.27,04040,84,85
03113_07-02-2026-11.27,78400,128,130
03113_07-02-2026-11.27,04104,157,159
03113_07-02-2026-11.27,71801,199,199
34433_07-02-2026-12.00,78400,0,0
34433_07-02-2026-12.00,04104,31,33
34433_07-02-2026-12.00,71801,69,69
0002I_07-02-2026-12.22,60000,0,0
0002I_07-02-2026-12.22,04040,78,79
0002I_07-02-2026-12.22,71801,172,172
02591_07-02-2026-12.27,51003,0,0
02591_07-02-2026-12.27,50500,41,43
02591_07-02-2026-12.27,60000,158,173
02591_07-02-2026-12.27,04040,251,252
02591_07-02-2026-12.27,78400,295,297
02591_07-02-2026-12.27,71801,370,370
03943_07-02-2026-12.37,51003,0,0
03993_07-02-2026-12.37,54413,0,0
03993_07-02-2026-12.37,02003,20,22
03993_07-02-2026-12.37,02002,35,37
03943_07-02-2026-12.37,50500,42,56
03993_07-02-2026-12.37,50500,63,71
03943_07-02-2026-12.37,37200,110,112
03993_07-02-2026-12.37,37200,125,127
03943_07-02-2026-12.37,04040,237,240
03993_07-02-2026-12.37,04040,252,255
03943_07-02-2026-12.37,78400,280,282
03993_07-02-2026-12.37,78400,295,297
03943_07-02-2026-12.37,04104,306,308
03993_07-02-2026-12.37,04104,321,323
03943_07-02-2026-12.37,71801,348,348
03993_07-02-2026-12.37,71801,363,363
09725_07-02-2026-13.15,60000,0,0
09725_07-02-2026-13.15,04007,26,28
09725_07-02-2026-13.15,04040,85,88
09725_07-02-2026-13.15,04104,142,144
09725_07-02-2026-13.15,71801,184,196
09725_07-02-2026-13.15,79206,237,240
09725_07-02-2026-13.15,04307,254,257
09725_07-02-2026-13.15,87374,280,290
09725_07-02-2026-13.15,87088,325,328
09725_07-02-2026-13.15,87173,390,399
09725_07-02-2026-13.15,87302,428,431
09725_07-02-2026-13.15,87814,457,460
09725_07-02-2026-13.15,87912,479,482
09725_07-02-2026-13.15,87089,495,495
34813_07-02-2026-13.37,78400,0,0
34813_07-02-2026-13.37,04104,27,29
34813_07-02-2026-13.37,71801,69,69
0001I_07-02-2026-14.02,60000,0,0
0001I_07-02-2026-14.02,04040,80,81
0001I_07-02-2026-14.02,71801,172,172
0002O_07-02-2026-14.12,60000,0,0
0002O_07-02-2026-14.12,71801,157,157
34823_07-02-2026-14.31,78400,0,0
34823_07-02-2026-14.31,71801,73,73
0005I_07-02-2026-14.42,60000,0,0
0005I_07-02-2026-14.42,04040,80,81
0005I_07-02-2026-14.42,71801,179,179
03305_07-02-2026-15.27,60000,0,0
03305_07-02-2026-15.27,70600,58,59
03305_07-02-2026-15.27,04040,83,84
03305_07-02-2026-15.27,78400,128,130
03305_07-02-2026-15.27,04104,156,158
03305_07-02-2026-15.27,71801,199,199
0003I_07-02-2026-15.52,60000,0,0
0003I_07-02-2026-15.52,71801,157,157
03163_07-02-2026-16.27,60000,0,0
03163_07-02-2026-16.27,04040,78,79
03163_07-02-2026-16.27,71801,172,172
0003I_07-02-2026-16.37,60000,0,0
0003I_07-02-2026-16.37,71801,157,157
0002O_07-02-2026-17.17,60000,0,0
0002O_07-02-2026-17.17,71801,157,157
0002I_07-02-2026-17.22,60000,0,0
0002I_07-02-2026-17.22,04040,78,79
0002I_07-02-2026-17.22,71801,172,172
03373_07-02-2026-17.27,60000,0,0
03373_07-02-2026-17.27,04007,26,27
03373_07-02-2026-17.27,04040,84,85
03373_07-02-2026-17.27,78400,128,130
03373_07-02-2026-17.27,04104,157,159
03373_07-02-2026-17.27,71801,199,199
03183_07-02-2026-18.27,60000,0,0
03183_07-02-2026-18.27,04040,78,79
03183_07-02-2026-18.27,04104,137,139
03183_07-02-2026-18.27,71801,177,177
0003I_07-02-2026-18.32,60000,0,0
0003I_07-02-2026-18.32,71801,157,157
02861_07-02-2026-19.00,51003,0,0
02861_07-02-2026-19.00,50500,42,44
02861_07-02-2026-19.00,60000,159,188
02861_07-02-2026-19.00,04007,216,217
02861_07-02-2026-19.00,70600,256,257
02861_07-02-2026-19.00,04040,290,293
02861_07-02-2026-19.00,78200,327,328
02861_07-02-2026-19.00,74200,344,344
0002I_07-02-2026-19.29,60000,0,0
0002I_07-02-2026-19.29,04040,78,79
0002I_07-02-2026-19.29,71801,172,172
03309_07-02-2026-19.34,60000,0,0
03309_07-02-2026-19.34,04007,26,27
03309_07-02-2026-19.34,70600,62,63
03309_07-02-2026-19.34,04040,88,89
03309_07-02-2026-19.34,78400,132,134
03309_07-02-2026-19.34,04104,161,163
03309_07-02-2026-19.34,71801,201,211
03309_07-02-2026-19.34,79206,252,253
03309_07-02-2026-19.34,04307,268,268
00437_07-02-2026-19.52,13200,0,0
00437_07-02-2026-19.52,11200,110,112
00437_07-02-2026-19.52,81002,129,130
00437_07-02-2026-19.52,81100,173,175
00437_07-02-2026-19.52,81108,210,211
00437_07-02-2026-19.52,81200,232,235
00437_07-02-2026-19.52,81202,245,246
00437_07-02-2026-19.52,04040,287,290
00437_07-02-2026-19.52,78400,354,356
00437_07-02-2026-19.52,04104,388,390
00437_07-02-2026-19.52,71801,431,431
03931_07-02-2026-20.01,05000,0,0
03931_07-02-2026-20.01,02030,42,44
03931_07-02-2026-20.01,50500,84,88
03931_07-02-2026-20.01,04040,268,271
03931_07-02-2026-20.01,78400,318,320
03931_07-02-2026-20.01,04104,346,348
03931_07-02-2026-20.01,71801,388,388
0001O_07-02-2026-20.10,60000,0,0
0001O_07-02-2026-20.10,04040,76,79
0001O_07-02-2026-20.10,71801,173,173
03203_07-02-2026-20.27,60000,0,0
03203_07-02-2026-20.27,04007,25,26
03203_07-02-2026-20.27,70600,65,66
03203_07-02-2026-20.27,04040,90,91
03203_07-02-2026-20.27,78400,133,135
03203_07-02-2026-20.27,04104,160,162
03203_07-02-2026-20.27,71801,201,201
03941_07-02-2026-20.38,51003,0,0
03991_07-02-2026-20.38,54413,0,0
03991_07-02-2026-20.38,02003,20,22
03991_07-02-2026-20.38,02002,35,37
03941_07-02-2026-20.38,50500,42,52
03991_07-02-2026-20.38,50500,68,74
03941_07-02-2026-20.38,37300,103,105
03941_07-02-2026-20.38,37200,118,120
03991_07-02-2026-20.38,37300,125,127
03991_07-02-2026-20.38,37200,140,142
03941_07-02-2026-20.38,04040,259,261
03991_07-02-2026-20.38,04040,281,283
03941_07-02-2026-20.38,78400,303,305
03991_07-02-2026-20.38,78400,325,327
03941_07-02-2026-20.38,04104,334,336
03991_07-02-2026-20.38,04104,356,358
03941_07-02-2026-20.38,71801,378,378
03991_07-02-2026-20.38,71801,400,400
0003O_07-02-2026-21.02,60000,0,0
0003O_07-02-2026-21.02,04040,79,82
0003O_07-02-2026-21.02,71801,172,172
03301_08-02-2026-06.27,60000,0,0
03301_08-02-2026-06.27,70600,59,60
03301_08-02-2026-06.27,04040,85,86
03301_08-02-2026-06.27,04104,146,148
03301_08-02-2026-06.27,71801,184,184
0004O_08-02-2026-07.02,60000,0,0
0004O_08-02-2026-07.02,04040,78,81
0004O_08-02-2026-07.02,71801,172,172
03073_08-02-2026-07.27,60000,0,0
03073_08-02-2026-07.27,04007,25,26
03073_08-02-2026-07.27,04040,84,85
03073_08-02-2026-07.27,78400,128,130
03073_08-02-2026-07.27,04104,157,159
03073_08-02-2026-07.27,71801,199,215
03073_08-02-2026-07.27,79206,255,257
03073_08-02-2026-07.27,04307,272,272
0003I_08-02-2026-08.22,60000,0,0
0003I_08-02-2026-08.22,71801,157,157
03083_08-02-2026-08.27,60000,0,0
03083_08-02-2026-08.27,04040,78,79
03083_08-02-2026-08.27,71801,172,172
0003I_08-02-2026-08.50,60000,0,0
0003I_08-02-2026-08.50,71801,157,157
0002I_08-02-2026-09.22,60000,0,0
0002I_08-02-2026-09.22,04040,78,79
0002I_08-02-2026-09.22,71801,172,172
02561_08-02-2026-09.27,51003,0,0
02561_08-02-2026-09.27,50500,46,48
02561_08-02-2026-09.27,37300,94,96
02561_08-02-2026-09.27,37200,108,110
02561_08-02-2026-09.27,60000,176,207
02561_08-02-2026-09.27,04040,286,287
02561_08-02-2026-09.27,78400,332,334
02561_08-02-2026-09.27,04104,360,362
02561_08-02-2026-09.27,71801,401,409
02561_08-02-2026-09.27,79206,450,452
02561_08-02-2026-09.27,04307,467,467
0001I_08-02-2026-09.57,60000,0,0
0001I_08-02-2026-09.57,04040,80,81
0001I_08-02-2026-09.57,71801,172,172
0005O_08-02-2026-10.02,60000,0,0
0005O_08-02-2026-10.02,04040,80,83
0005O_08-02-2026-10.02,04104,139,139
0005O_08-02-2026-10.02,71801,182,182
03303_08-02-2026-10.27,60000,0,0
03303_08-02-2026-10.27,04040,80,81
03303_08-02-2026-10.27,71801,172,172
00605_08-02-2026-10.32,60000,0,0
00605_08-02-2026-10.32,04007,27,28
00605_08-02-2026-10.32,70600,74,75
00605_08-02-2026-10.32,81202,142,143
00605_08-02-2026-10.32,80108,175,176
00605_08-02-2026-10.32,80100,203,203
00533_08-02-2026-11.09,11511,0,0
00533_08-02-2026-11.09,11400,60,61
00533_08-02-2026-11.09,11300,87,88
00533_08-02-2026-11.09,80100,125,130
00533_08-02-2026-11.09,80108,156,157
00533_08-02-2026-11.09,81200,188,189
00533_08-02-2026-11.09,81202,205,206
00533_08-02-2026-11.09,04040,253,256
00533_08-02-2026-11.09,78400,305,307
00533_08-02-2026-11.09,04104,338,340
00533_08-02-2026-11.09,71801,376,376
0002I_08-02-2026-11.22,60000,0,0
0002I_08-02-2026-11.22,04040,78,79
0002I_08-02-2026-11.22,71801,172,172
03113_08-02-2026-11.27,60000,0,0
03113_08-02-2026-11.27,70600,58,59
03113_08-02-2026-11.27,04040,84,85
03113_08-02-2026-11.27,78400,128,130
03113_08-02-2026-11.27,04104,157,159
03113_08-02-2026-11.27,71801,199,199
0002I_08-02-2026-12.22,60000,0,0
0002I_08-02-2026-12.22,04040,78,79
0002I_08-02-2026-12.22,71801,172,172
02591_08-02-2026-12.27,51003,0,0
02591_08-02-2026-12.27,50500,41,43
02591_08-02-2026-12.27,60000,158,173
02591_08-02-2026-12.27,04040,251,252
02591_08-02-2026-12.27,78400,295,297
02591_08-02-2026-12.27,71801,370,380
02591_08-02-2026-12.27,79206,421,423
02591_08-02-2026-12.27,04307,438,438
03993_08-02-2026-12.37,54413,0,0
03943_08-02-2026-12.37,51003,0,0
03993_08-02-2026-12.37,02003,20,22
03993_08-02-2026-12.37,02002,35,37
03943_08-02-2026-12.37,50500,42,56
03993_08-02-2026-12.37,50500,63,71
03943_08-02-2026-12.37,37200,110,112
03993_08-02-2026-12.37,37200,125,127
03943_08-02-2026-12.37,04040,237,240
03993_08-02-2026-12.37,04040,252,255
03943_08-02-2026-12.37,78400,280,282
03993_08-02-2026-12.37,78400,295,297
03943_08-02-2026-12.37,04104,306,308
03993_08-02-2026-12.37,04104,321,323
03943_08-02-2026-12.37,71801,348,348
03993_08-02-2026-12.37,71801,363,363
09725_08-02-2026-13.15,60000,0,0
09725_08-02-2026-13.15,04007,26,28
09725_08-02-2026-13.15,04040,85,88
09725_08-02-2026-13.15,04104,142,144
09725_08-02-2026-13.15,71801,184,196
09725_08-02-2026-13.15,79206,237,240
09725_08-02-2026-13.15,04307,254,257
09725_08-02-2026-13.15,87374,280,290
09725_08-02-2026-13.15,87088,325,328
09725_08-02-2026-13.15,87173,390,399
09725_08-02-2026-13.15,87302,428,431
09725_08-02-2026-13.15,87814,457,460
09725_08-02-2026-13.15,87912,479,482
09725_08-02-2026-13.15,87089,495,495
34813_08-02-2026-13.37,78400,0,0
34813_08-02-2026-13.37,04104,27,29
34813_08-02-2026-13.37,71801,69,69
03141_08-02-2026-13.57,60000,0,0
03141_08-02-2026-13.57,71801,157,157
0001I_08-02-2026-14.02,60000,0,0
0001I_08-02-2026-14.02,04040,80,81
0001I_08-02-2026-14.02,71801,172,172
0002O_08-02-2026-14.12,60000,0,0
0002O_08-02-2026-14.12,71801,157,157
03143_08-02-2026-14.27,60000,0,0
03143_08-02-2026-14.27,70600,58,59
03143_08-02-2026-14.27,04040,84,85
03143_08-02-2026-14.27,71801,177,187
03143_08-02-2026-14.27,79206,233,236
03143_08-02-2026-14.27,04307,252,252
34823_08-02-2026-14.31,78400,0,0
34823_08-02-2026-14.31,71801,73,73
0005I_08-02-2026-14.42,60000,0,0
0005I_08-02-2026-14.42,04040,80,81
0005I_08-02-2026-14.42,71801,179,179
00609_08-02-2026-14.47,60000,0,0
00609_08-02-2026-14.47,04007,28,29
00609_08-02-2026-14.47,70600,82,83
00609_08-02-2026-14.47,81202,138,139
00609_08-02-2026-14.47,80108,171,172
00609_08-02-2026-14.47,80100,211,211
03305_08-02-2026-15.27,60000,0,0
03305_08-02-2026-15.27,70600,58,59
03305_08-02-2026-15.27,04040,83,84
03305_08-02-2026-15.27,78400,128,130
03305_08-02-2026-15.27,04104,156,158
03305_08-02-2026-15.27,71801,199,199
0003I_08-02-2026-15.52,60000,0,0
0003I_08-02-2026-15.52,71801,157,157
03161_08-02-2026-15.57,60000,0,0
03161_08-02-2026-15.57,71801,157,157
03363_08-02-2026-16.02,60000,0,0
03363_08-02-2026-16.02,04040,84,87
03363_08-02-2026-16.02,74200,128,128
03163_08-02-2026-16.27,60000,0,0
03163_08-02-2026-16.27,04040,78,79
03163_08-02-2026-16.27,71801,172,172
0003I_08-02-2026-16.37,60000,0,0
0003I_08-02-2026-16.37,71801,157,157
03171_08-02-2026-16.57,60000,0,0
03171_08-02-2026-16.57,71801,157,157
0002O_08-02-2026-17.17,60000,0,0
0002O_08-02-2026-17.17,71801,157,157
0002I_08-02-2026-17.22,60000,0,0
0002I_08-02-2026-17.22,04040,78,79
0002I_08-02-2026-17.22,71801,172,172
03373_08-02-2026-17.27,60000,0,0
03373_08-02-2026-17.27,04007,26,27
03373_08-02-2026-17.27,04040,84,85
03373_08-02-2026-17.27,78400,128,130
03373_08-02-2026-17.27,04104,157,159
03373_08-02-2026-17.27,71801,199,199
02553_08-02-2026-17.57,54413,0,0
02553_08-02-2026-17.57,50500,47,49
02553_08-02-2026-17.57,60000,165,181
02553_08-02-2026-17.57,71801,338,338
03183_08-02-2026-18.27,60000,0,0
03183_08-02-2026-18.27,04040,78,79
03183_08-02-2026-18.27,04104,137,139
03183_08-02-2026-18.27,71801,177,177
0003I_08-02-2026-18.32,60000,0,0
0003I_08-02-2026-18.32,71801,157,157
03191_08-02-2026-18.57,60000,0,0
03191_08-02-2026-18.57,71801,157,167
03191_08-02-2026-18.57,79206,208,210
03191_08-02-2026-18.57,04307,225,225
02861_08-02-2026-19.00,51003,0,0
02861_08-02-2026-19.00,50500,42,44
02861_08-02-2026-19.00,60000,159,188
02861_08-02-2026-19.00,04007,216,217
02861_08-02-2026-19.00,70600,256,257
02861_08-02-2026-19.00,04040,290,293
02861_08-02-2026-19.00,78200,327,328
02861_08-02-2026-19.00,74200,344,344
0002I_08-02-2026-19.29,60000,0,0
0002I_08-02-2026-19.29,04040,78,79
0002I_08-02-2026-19.29,71801,172,172
03309_08-02-2026-19.34,60000,0,0
03309_08-02-2026-19.34,04007,26,27
03309_08-02-2026-19.34,70600,62,63
03309_08-02-2026-19.34,04040,88,89
03309_08-02-2026-19.34,78400,132,134
03309_08-02-2026-19.34,04104,161,163
03309_08-02-2026-19.34,71801,201,211
03309_08-02-2026-19.34,79206,252,253
03309_08-02-2026-19.34,04307,268,268
00437_08-02-2026-19.52,13200,0,0
00437_08-02-2026-19.52,11200,110,112
00437_08-02-2026-19.52,81002,129,130
00437_08-02-2026-19.52,81100,173,175
00437_08-02-2026-19.52,81108,210,211
00437_08-02-2026-19.52,81200,232,235
00437_08-02-2026-19.52,81202,245,246
00437_08-02-2026-19.52,04040,287,290
00437_08-02-2026-19.52,78400,354,356
00437_08-02-2026-19.52,04104,388,390
00437_08-02-2026-19.52,71801,431,431
03931_08-02-2026-20.01,05000,0,0
03931_08-02-2026-20.01,02030,42,44
03931_08-02-2026-20.01,50500,84,88
03931_08-02-2026-20.01,04040,268,271
03931_08-02-2026-20.01,78400,318,320
03931_08-02-2026-20.01,04104,346,348
03931_08-02-2026-20.01,71801,388,388
03201_08-02-2026-20.05,60000,0,0
03201_08-02-2026-20.05,71801,157,157
0001O_08-02-2026-20.10,60000,0,0
0001O_08-02-2026-20.10,04040,76,79
0001O_08-02-2026-20.10,71801,173,173
03203_08-02-2026-20.27,60000,0,0
03203_08-02-2026-20.27,04007,25,26
03203_08-02-2026-20.27,70600,65,66
03203_08-02-2026-20.27,04040,90,91
03203_08-02-2026-20.27,78400,133,135
03203_08-02-2026-20.27,04104,160,162
03203_08-02-2026-20.27,71801,201,201
03991_08-02-2026-20.38,54413,0,0
03941_08-02-2026-20.38,51003,0,0
03991_08-02-2026-20.38,02003,20,22
03991_08-02-2026-20.38,02002,35,37
03941_08-02-2026-20.38,50500,42,52
03991_08-02-2026-20.38,50500,68,74
03941_08-02-2026-20.38,37300,103,105
03941_08-02-2026-20.38,37200,118,120
03991_08-02-2026-20.38,37300,125,127
03991_08-02-2026-20.38,37200,140,142
03941_08-02-2026-20.38,04040,259,261
03991_08-02-2026-20.38,04040,281,283
03941_08-02-2026-20.38,78400,303,305
03991_08-02-2026-20.38,78400,325,327
03941_08-02-2026-20.38,04104,334,336
03991_08-02-2026-20.38,04104,356,358
03941_08-02-2026-20.38,71801,378,378
03991_08-02-2026-20.38,71801,400,400
0003I_08-02-2026-20.56,60000,0,0
0003I_08-02-2026-20.56,71801,157,157
0003O_08-02-2026-21.02,60000,0,0
0003O_08-02-2026-21.02,04040,79,82
0003O_08-02-2026-21.02,71801,172,172
02883_08-02-2026-21.07,54413,0,0
02883_08-02-2026-21.07,50500,47,49
02883_08-02-2026-21.07,60000,164,190
02883_08-02-2026-21.07,04040,269,270
02883_08-02-2026-21.07,71801,362,362
0004I_09-02-2026-06.09,60000,0,0
0004I_09-02-2026-06.09,04040,79,80
0004I_09-02-2026-06.09,71801,171,171
03301_09-02-2026-06.16,60000,0,0
03301_09-02-2026-06.16,04104,125,127
03301_09-02-2026-06.16,71801,169,169
03063_09-02-2026-06.27,60000,0,0
03063_09-02-2026-06.27,70600,59,60
03063_09-02-2026-06.27,04040,85,86
03063_09-02-2026-06.27,71801,178,178
03071_09-02-2026-06.57,60000,0,0
03071_09-02-2026-06.57,71801,157,157
0004O_09-02-2026-07.02,60000,0,0
0004O_09-02-2026-07.02,04040,78,81
0004O_09-02-2026-07.02,71801,172,172
0003I_09-02-2026-07.22,60000,0,0
0003I_09-02-2026-07.22,71801,157,157
03073_09-02-2026-07.27,60000,0,0
03073_09-02-2026-07.27,04007,25,26
03073_09-02-2026-07.27,04040,84,85
03073_09-02-2026-07.27,78400,128,130
03073_09-02-2026-07.27,04104,157,159
03073_09-02-2026-07.27,71801,199,215
03073_09-02-2026-07.27,79206,255,257
03073_09-02-2026-07.27,04307,272,272
03081_09-02-2026-07.57,60000,0,0
03081_09-02-2026-07.57,71801,157,157
0003I_09-02-2026-08.22,60000,0,0
0003I_09-02-2026-08.22,71801,157,157
03083_09-02-2026-08.27,60000,0,0
03083_09-02-2026-08.27,04040,78,79
03083_09-02-2026-08.27,71801,172,172
0003I_09-02-2026-08.50,60000,0,0
0003I_09-02-2026-08.50,71801,157,157
03091_09-02-2026-08.57,60000,0,0
03091_09-02-2026-08.57,04104,124,126
03091_09-02-2026-08.57,71801,164,164
0002I_09-02-2026-09.22,60000,0,0
0002I_09-02-2026-09.22,04040,78,79
0002I_09-02-2026-09.22,71801,172,172
02561_09-02-2026-09.27,51003,0,0
02561_09-02-2026-09.27,50500,46,48
02561_09-02-2026-09.27,37300,94,96
02561_09-02-2026-09.27,37200,108,110
02561_09-02-2026-09.27,60000,176,207
02561_09-02-2026-09.27,04040,286,287
02561_09-02-2026-09.27,78400,332,334
02561_09-02-2026-09.27,04104,360,362
02561_09-02-2026-09.27,71801,401,409
02561_09-02-2026-09.27,79206,450,452
02561_09-02-2026-09.27,04307,467,467
0001I_09-02-2026-09.57,60000,0,0
0001I_09-02-2026-09.57,04040,80,81
0001I_09-02-2026-09.57,71801,172,172
0005O_09-02-2026-10.02,60000,0,0
0005O_09-02-2026-10.02,04040,80,83
0005O_09-02-2026-10.02,04104,139,139
0005O_09-02-2026-10.02,71801,182,182
03303_09-02-2026-10.27,60000,0,0
03303_09-02-2026-10.27,04040,80,81
03303_09-02-2026-10.27,71801,172,172
00605_09-02-2026-10.32,60000,0,0
00605_09-02-2026-10.32,04007,27,28
00605_09-02-2026-10.32,70600,74,75
00605_09-02-2026-10.32,81202,142,143
00605_09-02-2026-10.32,80108,175,176
00605_09-02-2026-10.32,80100,203,203
00533_09-02-2026-11.09,11511,0,0
00533_09-02-2026-11.09,11400,60,61
00533_09-02-2026-11.09,11300,87,88
00533_09-02-2026-11.09,80100,125,130
00533_09-02-2026-11.09,80108,156,157
00533_09-02-2026-11.09,81200,188,189
00533_09-02-2026-11.09,81202,205,206
00533_09-02-2026-11.09,04040,253,256
00533_09-02-2026-11.09,78400,305,307
00533_09-02-2026-11.09,04104,338,340
00533_09-02-2026-11.09,71801,376,376
0002I_09-02-2026-11.22,60000,0,0
0002I_09-02-2026-11.22,04040,78,79
0002I_09-02-2026-11.22,71801,172,172
03113_09-02-2026-11.27,60000,0,0
03113_09-02-2026-11.27,70600,58,59
03113_09-02-2026-11.27,04040,84,85
03113_09-02-2026-11.27,78400,128,130
03113_09-02-2026-11.27,04104,157,159
03113_09-02-2026-11.27,71801,199,199
34433_09-02-2026-12.00,78400,0,0
34433_09-02-2026-12.00,04104,31,33
34433_09-02-2026-12.00,71801,69,69
0002I_09-02-2026-12.22,60000,0,0
0002I_09-02-2026-12.22,04040,78,79
0002I_09-02-2026-12.22,71801,172,172
02591_09-02-2026-12.27,51003,0,0
02591_09-02-2026-12.27,50500,41,43
02591_09-02-2026-12.27,60000,158,173
02591_09-02-2026-12.27,04040,251,252
02591_09-02-2026-12.27,78400,295,297
02591_09-02-2026-12.27,71801,370,380
02591_09-02-2026-12.27,79206,421,423
02591_09-02-2026-12.27,04307,438,438
03993_09-02-2026-12.37,54413,0,0
03943_09-02-2026-12.37,51003,0,0
03993_09-02-2026-12.37,02003,20,22
03993_09-02-2026-12.37,02002,35,37
03943_09-02-2026-12.37,50500,42,56
03993_09-02-2026-12.37,50500,63,71
03943_09-02-2026-12.37,37200,110,112
03993_09-02-2026-12.37,37200,125,127
03943_09-02-2026-12.37,04040,237,240
03993_09-02-2026-12.37,04040,252,255
03943_09-02-2026-12.37,78400,280,282
03993_09-02-2026-12.37,78400,295,297
03943_09-02-2026-12.37,04104,306,308
03993_09-02-2026-12.37,04104,321,323
03943_09-02-2026-12.37,71801,348,348
03993_09-02-2026-12.37,71801,363,363
09725_09-02-2026-13.15,60000,0,0
09725_09-02-2026-13.15,04007,26,28
09725_09-02-2026-13.15,04040,85,88
09725_09-02-2026-13.15,04104,142,144
09725_09-02-2026-13.15,71801,184,196
09725_09-02-2026-13.15,79206,237,240
09725_09-02-2026-13.15,04307,254,257
09725_09-02-2026-13.15,87374,280,290
09725_09-02-2026-13.15,87088,325,328
09725_09-02-2026-13.15,87173,390,399
09725_09-02-2026-13.15,87302,428,431
09725_09-02-2026-13.15,87814,457,460
09725_09-02-2026-13.15,87912,479,482
09725_09-02-2026-13.15,87089,495,495
34813_09-02-2026-13.37,78400,0,0
34813_09-02-2026-13.37,04104,27,29
34813_09-02-2026-13.37,71801,69,69
03141_09-02-2026-13.57,60000,0,0
03141_09-02-2026-13.57,71801,157,157
0001I_09-02-2026-14.02,60000,0,0
0001I_09-02-2026-14.02,04040,80,81
0001I_09-02-2026-14.02,71801,172,172
0002O_09-02-2026-14.12,60000,0,0
0002O_09-02-2026-14.12,71801,157,157
03143_09-02-2026-14.27,60000,0,0
03143_09-02-2026-14.27,70600,58,59
03143_09-02-2026-14.27,04040,84,85
03143_09-02-2026-14.27,71801,177,187
03143_09-02-2026-14.27,79206,233,236
03143_09-02-2026-14.27,04307,252,252
34823_09-02-2026-14.31,78400,0,0
34823_09-02-2026-14.31,71801,73,73
0005I_09-02-2026-14.42,60000,0,0
0005I_09-02-2026-14.42,04040,80,81
0005I_09-02-2026-14.42,71801,179,179
00609_09-02-2026-14.47,60000,0,0
00609_09-02-2026-14.47,04007,28,29
00609_09-02-2026-14.47,70600,82,83
00609_09-02-2026-14.47,81202,138,139
00609_09-02-2026-14.47,80108,171,172
00609_09-02-2026-14.47,80100,211,211
03151_09-02-2026-14.57,60000,0,0
03151_09-02-2026-14.57,71801,157,157
03305_09-02-2026-15.27,60000,0,0
03305_09-02-2026-15.27,70600,58,59
03305_09-02-2026-15.27,04040,83,84
03305_09-02-2026-15.27,78400,128,130
03305_09-02-2026-15.27,04104,156,158
03305_09-02-2026-15.27,71801,199,199
0003I_09-02-2026-15.52,60000,0,0
0003I_09-02-2026-15.52,71801,157,157
03161_09-02-2026-15.57,60000,0,0
03161_09-02-2026-15.57,71801,157,157
03163_09-02-2026-16.27,60000,0,0
03163_09-02-2026-16.27,04040,78,79
03163_09-02-2026-16.27,71801,172,178
03163_09-02-2026-16.27,79206,227,229
03163_09-02-2026-16.27,04307,244,244
0003I_09-02-2026-16.37,60000,0,0
0003I_09-02-2026-16.37,71801,157,157
03171_09-02-2026-16.57,60000,0,0
03171_09-02-2026-16.57,71801,157,157
0002O_09-02-2026-17.17,60000,0,0
0002O_09-02-2026-17.17,71801,157,157
0002I_09-02-2026-17.22,60000,0,0
0002I_09-02-2026-17.22,04040,78,79
0002I_09-02-2026-17.22,71801,172,172
03173_09-02-2026-17.27,60000,0,0
03173_09-02-2026-17.27,04007,26,27
03173_09-02-2026-17.27,04040,84,85
03173_09-02-2026-17.27,78400,128,130
03173_09-02-2026-17.27,04104,157,159
03173_09-02-2026-17.27,71801,199,199
02553_09-02-2026-17.57,54413,0,0
02553_09-02-2026-17.57,50500,47,49
02553_09-02-2026-17.57,60000,165,181
02553_09-02-2026-17.57,71801,338,338
03183_09-02-2026-18.27,60000,0,0
03183_09-02-2026-18.27,04040,78,79
03183_09-02-2026-18.27,04104,137,139
03183_09-02-2026-18.27,71801,177,177
0003I_09-02-2026-18.32,60000,0,0
0003I_09-02-2026-18.32,71801,157,157
03191_09-02-2026-18.57,60000,0,0
03191_09-02-2026-18.57,71801,157,167
03191_09-02-2026-18.57,79206,208,210
03191_09-02-2026-18.57,04307,225,225
02861_09-02-2026-19.00,51003,0,0
02861_09-02-2026-19.00,50500,42,44
02861_09-02-2026-19.00,60000,159,188
02861_09-02-2026-19.00,04007,216,217
02861_09-02-2026-19.00,70600,256,257
02861_09-02-2026-19.00,04040,290,293
02861_09-02-2026-19.00,78200,327,328
02861_09-02-2026-19.00,74200,344,344
0002I_09-02-2026-19.29,60000,0,0
0002I_09-02-2026-19.29,04040,78,79
0002I_09-02-2026-19.29,71801,172,172
03309_09-02-2026-19.34,60000,0,0
03309_09-02-2026-19.34,04007,26,27
03309_09-02-2026-19.34,70600,62,63
03309_09-02-2026-19.34,04040,88,89
03309_09-02-2026-19.34,78400,132,134
03309_09-02-2026-19.34,04104,161,163
03309_09-02-2026-19.34,71801,201,211
03309_09-02-2026-19.34,79206,252,253
03309_09-02-2026-19.34,04307,268,268
00437_09-02-2026-19.52,13200,0,0
00437_09-02-2026-19.52,11200,110,112
00437_09-02-2026-19.52,81002,129,130
00437_09-02-2026-19.52,81100,173,175
00437_09-02-2026-19.52,81108,210,211
00437_09-02-2026-19.52,81200,232,235
00437_09-02-2026-19.52,81202,245,246
00437_09-02-2026-19.52,04040,287,290
00437_09-02-2026-19.52,78400,354,356
00437_09-02-2026-19.52,04104,388,390
00437_09-02-2026-19.52,71801,431,431
03931_09-02-2026-20.01,05000,0,0
03931_09-02-2026-20.01,02030,42,44
03931_09-02-2026-20.01,50500,84,88
03931_09-02-2026-20.01,04040,268,271
03931_09-02-2026-20.01,78400,318,320
03931_09-02-2026-20.01,04104,346,348
03931_09-02-2026-20.01,71801,388,388
0001O_09-02-2026-20.10,60000,0,0
0001O_09-02-2026-20.10,04040,76,79
0001O_09-02-2026-20.10,71801,173,173
03203_09-02-2026-20.27,60000,0,0
03203_09-02-2026-20.27,04007,25,26
03203_09-02-2026-20.27,70600,65,66
03203_09-02-2026-20.27,04040,90,91
03203_09-02-2026-20.27,78400,133,135
03203_09-02-2026-20.27,04104,160,162
03203_09-02-2026-20.27,71801,201,201
03991_09-02-2026-20.38,54413,0,0
03941_09-02-2026-20.38,51003,0,0
03991_09-02-2026-20.38,02003,20,22
03991_09-02-2026-20.38,02002,35,37
03941_09-02-2026-20.38,50500,42,52
03991_09-02-2026-20.38,50500,68,74
03941_09-02-2026-20.38,37300,103,105
03941_09-02-2026-20.38,37200,118,120
03991_09-02-2026-20.38,37300,125,127
03991_09-02-2026-20.38,37200,140,142
03941_09-02-2026-20.38,04040,259,261
03991_09-02-2026-20.38,04040,281,283
03941_09-02-2026-20.38,78400,303,305
03991_09-02-2026-20.38,78400,325,327
03941_09-02-2026-20.38,04104,334,336
03991_09-02-2026-20.38,04104,356,358
03941_09-02-2026-20.38,71801,378,378
03991_09-02-2026-20.38,71801,400,400
0003O_09-02-2026-21.02,60000,0,0
0003O_09-02-2026-21.02,04040,79,82
0003O_09-02-2026-21.02,71801,172,172
0004I_10-02-2026-06.09,60000,0,0
0004I_10-02-2026-06.09,04040,79,80
0004I_10-02-2026-06.09,71801,171,171
03301_10-02-2026-06.16,60000,0,0
03301_10-02-2026-06.16,04104,125,127
03301_10-02-2026-06.16,71801,169,169
03063_10-02-2026-06.27,60000,0,0
03063_10-02-2026-06.27,70600,59,60
03063_10-02-2026-06.27,04040,85,86
03063_10-02-2026-06.27,71801,178,178
03071_10-02-2026-06.57,60000,0,0
03071_10-02-2026-06.57,71801,157,157
0004O_10-02-2026-07.02,60000,0,0
0004O_10-02-2026-07.02,04040,78,81
0004O_10-02-2026-07.02,71801,172,172
0003I_10-02-2026-07.22,60000,0,0
0003I_10-02-2026-07.22,71801,157,157
03073_10-02-2026-07.27,60000,0,0
03073_10-02-2026-07.27,04007,25,26
03073_10-02-2026-07.27,04040,84,85
03073_10-02-2026-07.27,78400,128,130
03073_10-02-2026-07.27,04104,157,159
03073_10-02-2026-07.27,71801,199,215
03073_10-02-2026-07.27,79206,255,257
03073_10-02-2026-07.27,04307,272,272
03081_10-02-2026-07.57,60000,0,0
03081_10-02-2026-07.57,71801,157,157
0003I_10-02-2026-08.22,60000,0,0
0003I_10-02-2026-08.22,71801,157,157
03083_10-02-2026-08.27,60000,0,0
03083_10-02-2026-08.27,04040,78,79
03083_10-02-2026-08.27,71801,172,172
0003I_10-02-2026-08.50,60000,0,0
0003I_10-02-2026-08.50,71801,157,157
03091_10-02-2026-08.57,60000,0,0
03091_10-02-2026-08.57,04104,124,126
03091_10-02-2026-08.57,71801,164,164
0002I_10-02-2026-09.22,60000,0,0
0002I_10-02-2026-09.22,04040,78,79
0002I_10-02-2026-09.22,71801,172,172
02561_10-02-2026-09.27,51003,0,0
02561_10-02-2026-09.27,50500,46,48
02561_10-02-2026-09.27,37300,94,96
02561_10-02-2026-09.27,37200,108,110
02561_10-02-2026-09.27,60000,176,207
02561_10-02-2026-09.27,04040,286,287
02561_10-02-2026-09.27,78400,332,334
02561_10-02-2026-09.27,04104,360,362
02561_10-02-2026-09.27,71801,401,409
02561_10-02-2026-09.27,79206,450,452
02561_10-02-2026-09.27,04307,467,467
0001I_10-02-2026-09.57,60000,0,0
0001I_10-02-2026-09.57,04040,80,81
0001I_10-02-2026-09.57,71801,172,172
0005O_10-02-2026-10.02,60000,0,0
0005O_10-02-2026-10.02,04040,80,83
0005O_10-02-2026-10.02,04104,139,139
0005O_10-02-2026-10.02,71801,182,182
03303_10-02-2026-10.27,60000,0,0
03303_10-02-2026-10.27,04040,80,81
03303_10-02-2026-10.27,71801,172,172
00605_10-02-2026-10.32,60000,0,0
00605_10-02-2026-10.32,04007,27,28
00605_10-02-2026-10.32,70600,74,75
00605_10-02-2026-10.32,81202,142,143
00605_10-02-2026-10.32,80108,175,176
00605_10-02-2026-10.32,80100,203,203
00533_10-02-2026-11.09,11511,0,0
00533_10-02-2026-11.09,11400,60,61
00533_10-02-2026-11.09,11300,87,88
00533_10-02-2026-11.09,80100,125,130
00533_10-02-2026-11.09,80108,156,157
00533_10-02-2026-11.09,81200,188,189
00533_10-02-2026-11.09,81202,205,206
00533_10-02-2026-11.09,04040,253,256
00533_10-02-2026-11.09,78400,305,307
00533_10-02-2026-11.09,04104,338,340
00533_10-02-2026-11.09,71801,376,376
0002I_10-02-2026-11.22,60000,0,0
0002I_10-02-2026-11.22,04040,78,79
0002I_10-02-2026-11.22,71801,172,172
03113_10-02-2026-11.27,60000,0,0
03113_10-02-2026-11.27,70600,58,59
03113_10-02-2026-11.27,04040,84,85
03113_10-02-2026-11.27,78400,128,130
03113_10-02-2026-11.27,04104,157,159
03113_10-02-2026-11.27,71801,199,199
34433_10-02-2026-12.00,78400,0,0
34433_10-02-2026-12.00,04104,31,33
34433_10-02-2026-12.00,71801,69,69
0002I_10-02-2026-12.22,60000,0,0
0002I_10-02-2026-12.22,04040,78,79
0002I_10-02-2026-12.22,71801,172,172
02591_10-02-2026-12.27,51003,0,0
02591_10-02-2026-12.27,50500,41,43
02591_10-02-2026-12.27,60000,158,173
02591_10-02-2026-12.27,04040,251,252
02591_10-02-2026-12.27,78400,295,297
02591_10-02-2026-12.27,71801,370,380
02591_10-02-2026-12.27,79206,421,423
02591_10-02-2026-12.27,04307,438,438
03993_10-02-2026-12.37,54413,0,0
03943_10-02-2026-12.37,51003,0,0
03993_10-02-2026-12.37,02003,20,22
03993_10-02-2026-12.37,02002,35,37
03943_10-02-2026-12.37,50500,42,56
03993_10-02-2026-12.37,50500,63,71
03943_10-02-2026-12.37,37200,110,112
03993_10-02-2026-12.37,37200,125,127
03943_10-02-2026-12.37,04040,237,240
03993_10-02-2026-12.37,04040,252,255
03943_10-02-2026-12.37,78400,280,282
03993_10-02-2026-12.37,78400,295,297
03943_10-02-2026-12.37,04104,306,308
03993_10-02-2026-12.37,04104,321,323
03943_10-02-2026-12.37,71801,348,348
03993_10-02-2026-12.37,71801,363,363
09725_10-02-2026-13.15,60000,0,0
09725_10-02-2026-13.15,04007,26,28
09725_10-02-2026-13.15,04040,85,88
09725_10-02-2026-13.15,04104,142,144
09725_10-02-2026-13.15,71801,184,196
09725_10-02-2026-13.15,79206,237,240
09725_10-02-2026-13.15,04307,254,257
09725_10-02-2026-13.15,87374,280,290
09725_10-02-2026-13.15,87088,325,328
09725_10-02-2026-13.15,87173,390,399
09725_10-02-2026-13.15,87302,428,431
09725_10-02-2026-13.15,87814,457,460
09725_10-02-2026-13.15,87912,479,482
09725_10-02-2026-13.15,87089,495,495
34813_10-02-2026-13.37,78400,0,0
34813_10-02-2026-13.37,04104,27,29
34813_10-02-2026-13.37,71801,69,69
03141_10-02-2026-13.57,60000,0,0
03141_10-02-2026-13.57,71801,157,157
0001I_10-02-2026-14.02,60000,0,0
0001I_10-02-2026-14.02,04040,80,81
0001I_10-02-2026-14.02,71801,172,172
0002O_10-02-2026-14.12,60000,0,0
0002O_10-02-2026-14.12,71801,157,157
03143_10-02-2026-14.27,60000,0,0
03143_10-02-2026-14.27,70600,58,59
03143_10-02-2026-14.27,04040,84,85
03143_10-02-2026-14.27,71801,177,187
03143_10-02-2026-14.27,79206,233,236
03143_10-02-2026-14.27,04307,252,252
34823_10-02-2026-14.31,78400,0,0
34823_10-02-2026-14.31,71801,73,73
0005I_10-02-2026-14.42,60000,0,0
0005I_10-02-2026-14.42,04040,80,81
0005I_10-02-2026-14.42,71801,179,179
00609_10-02-2026-14.47,60000,0,0
00609_10-02-2026-14.47,04007,28,29
00609_10-02-2026-14.47,70600,82,83
00609_10-02-2026-14.47,81202,138,139
00609_10-02-2026-14.47,80108,171,172
00609_10-02-2026-14.47,80100,211,211
03151_10-02-2026-14.57,60000,0,0
03151_10-02-2026-14.57,71801,157,157
03305_10-02-2026-15.27,60000,0,0
03305_10-02-2026-15.27,70600,58,59
03305_10-02-2026-15.27,04040,83,84
03305_10-02-2026-15.27,78400,128,130
03305_10-02-2026-15.27,04104,156,158
03305_10-02-2026-15.27,71801,199,199
0003I_10-02-2026-15.52,60000,0,0
0003I_10-02-2026-15.52,71801,157,157
03161_10-02-2026-15.57,60000,0,0
03161_10-02-2026-15.57,71801,157,157
03163_10-02-2026-16.27,60000,0,0
03163_10-02-2026-16.27,04040,78,79
03163_10-02-2026-16.27,71801,172,178
03163_10-02-2026-16.27,79206,227,229
03163_10-02-2026-16.27,04307,244,244
0003I_10-02-2026-16.37,60000,0,0
0003I_10-02-2026-16.37,71801,157,157
03171_10-02-2026-16.57,60000,0,0
03171_10-02-2026-16.57,71801,157,157
0002O_10-02-2026-17.17,60000,0,0
0002O_10-02-2026-17.17,71801,157,157
0002I_10-02-2026-17.22,60000,0,0
0002I_10-02-2026-17.22,04040,78,79
0002I_10-02-2026-17.22,71801,172,172
03173_10-02-2026-17.27,60000,0,0
03173_10-02-2026-17.27,04007,26,27
03173_10-02-2026-17.27,04040,84,85
03173_10-02-2026-17.27,78400,128,130
03173_10-02-2026-17.27,04104,157,159
03173_10-02-2026-17.27,71801,199,199
02553_10-02-2026-17.57,54413,0,0
02553_10-02-2026-17.57,50500,47,49
02553_10-02-2026-17.57,60000,165,181
02553_10-02-2026-17.57,71801,338,338
03183_10-02-2026-18.27,60000,0,0
03183_10-02-2026-18.27,04040,78,79
03183_10-02-2026-18.27,04104,137,139
03183_10-02-2026-18.27,71801,177,177
0003I_10-02-2026-18.32,60000,0,0
0003I_10-02-2026-18.32,71801,157,157
03191_10-02-2026-18.57,60000,0,0
03191_10-02-2026-18.57,71801,157,167
03191_10-02-2026-18.57,79206,208,210
03191_10-02-2026-18.57,04307,225,225
02861_10-02-2026-19.00,51003,0,0
02861_10-02-2026-19.00,50500,42,44
02861_10-02-2026-19.00,60000,159,188
02861_10-02-2026-19.00,04007,216,217
02861_10-02-2026-19.00,70600,256,257
02861_10-02-2026-19.00,04040,290,293
02861_10-02-2026-19.00,78200,327,328
02861_10-02-2026-19.00,74200,344,344
0002I_10-02-2026-19.29,60000,0,0
0002I_10-02-2026-19.29,04040,78,79
0002I_10-02-2026-19.29,71801,172,172
03309_10-02-2026-19.34,60000,0,0
03309_10-02-2026-19.34,04007,26,27
03309_10-02-2026-19.34,70600,62,63
03309_10-02-2026-19.34,04040,88,89
03309_10-02-2026-19.34,78400,132,134
03309_10-02-2026-19.34,04104,161,163
03309_10-02-2026-19.34,71801,201,211
03309_10-02-2026-19.34,79206,252,253
03309_10-02-2026-19.34,04307,268,268
00437_10-02-2026-19.52,13200,0,0
00437_10-02-2026-19.52,11200,110,112
00437_10-02-2026-19.52,81002,129,130
00437_10-02-2026-19.52,81100,173,175
00437_10-02-2026-19.52,81108,210,211
00437_10-02-2026-19.52,81200,232,235
00437_10-02-2026-19.52,81202,245,246
00437_10-02-2026-19.52,04040,287,290
00437_10-02-2026-19.52,78400,354,356
00437_10-02-2026-19.52,04104,388,390
00437_10-02-2026-19.52,71801,431,431
03931_10-02-2026-20.01,05000,0,0
03931_10-02-2026-20.01,02030,42,44
03931_10-02-2026-20.01,50500,84,88
03931_10-02-2026-20.01,04040,268,271
03931_10-02-2026-20.01,78400,318,320
03931_10-02-2026-20.01,04104,346,348
03931_10-02-2026-20.01,71801,388,388
0001O_10-02-2026-20.10,60000,0,0
0001O_10-02-2026-20.10,04040,76,79
0001O_10-02-2026-20.10,71801,173,173
03203_10-02-2026-20.27,60000,0,0
03203_10-02-2026-20.27,04007,25,26
03203_10-02-2026-20.27,70600,65,66
03203_10-02-2026-20.27,04040,90,91
03203_10-02-2026-20.27,78400,133,135
03203_10-02-2026-20.27,04104,160,162
03203_10-02-2026-20.27,71801,201,201
03991_10-02-2026-20.38,54413,0,0
03941_10-02-2026-20.38,51003,0,0
03991_10-02-2026-20.38,02003,20,22
03991_10-02-2026-20.38,02002,35,37
03941_10-02-2026-20.38,50500,42,52
03991_10-02-2026-20.38,50500,68,74
03941_10-02-2026-20.38,37300,103,105
03941_10-02-2026-20.38,37200,118,120
03991_10-02-2026-20.38,37300,125,127
03991_10-02-2026-20.38,37200,140,142
03941_10-02-2026-20.38,04040,259,261
03991_10-02-2026-20.38,04040,281,283
03941_10-02-2026-20.38,78400,303,305
03991_10-02-2026-20.38,78400,325,327
03941_10-02-2026-20.38,04104,334,336
03991_10-02-2026-20.38,04104,356,358
03941_10-02-2026-20.38,71801,378,378
03991_10-02-2026-20.38,71801,400,400
0003O_10-02-2026-21.02,60000,0,0
0003O_10-02-2026-21.02,04040,79,82
0003O_10-02-2026-21.02,71801,172,172
0004I_11-02-2026-06.09,60000,0,0
0004I_11-02-2026-06.09,04040,79,80
0004I_11-02-2026-06.09,71801,171,171
03301_11-02-2026-06.16,60000,0,0
03301_11-02-2026-06.16,04104,125,127
03301_11-02-2026-06.16,71801,169,169
03063_11-02-2026-06.27,60000,0,0
03063_11-02-2026-06.27,70600,59,60
03063_11-02-2026-06.27,04040,85,86
03063_11-02-2026-06.27,71801,178,178
03071_11-02-2026-06.57,60000,0,0
03071_11-02-2026-06.57,71801,157,157
0004O_11-02-2026-07.02,60000,0,0
0004O_11-02-2026-07.02,04040,78,81
0004O_11-02-2026-07.02,71801,172,172
0003I_11-02-2026-07.22,60000,0,0
0003I_11-02-2026-07.22,71801,157,157
03073_11-02-2026-07.27,60000,0,0
03073_11-02-2026-07.27,04007,25,26
03073_11-02-2026-07.27,04040,84,85
03073_11-02-2026-07.27,78400,128,130
03073_11-02-2026-07.27,04104,157,159
03073_11-02-2026-07.27,71801,199,215
03073_11-02-2026-07.27,79206,255,257
03073_11-02-2026-07.27,04307,272,272
03081_11-02-2026-07.57,60000,0,0
03081_11-02-2026-07.57,71801,157,157
0003I_11-02-2026-08.22,60000,0,0
0003I_11-02-2026-08.22,71801,157,157
03083_11-02-2026-08.27,60000,0,0
03083_11-02-2026-08.27,04040,78,79
03083_11-02-2026-08.27,71801,172,172
0003I_11-02-2026-08.50,60000,0,0
0003I_11-02-2026-08.50,71801,157,157
03091_11-02-2026-08.57,60000,0,0
03091_11-02-2026-08.57,04104,124,126
03091_11-02-2026-08.57,71801,164,164
0002I_11-02-2026-09.22,60000,0,0
0002I_11-02-2026-09.22,04040,78,79
0002I_11-02-2026-09.22,71801,172,172
02561_11-02-2026-09.27,51003,0,0
02561_11-02-2026-09.27,50500,46,48
02561_11-02-2026-09.27,37300,94,96
02561_11-02-2026-09.27,37200,108,110
02561_11-02-2026-09.27,60000,176,207
02561_11-02-2026-09.27,04040,286,287
02561_11-02-2026-09.27,78400,332,334
02561_11-02-2026-09.27,04104,360,362
02561_11-02-2026-09.27,71801,401,409
02561_11-02-2026-09.27,79206,450,452
02561_11-02-2026-09.27,04307,467,467
0001I_11-02-2026-09.57,60000,0,0
0001I_11-02-2026-09.57,04040,80,81
0001I_11-02-2026-09.57,71801,172,172
0005O_11-02-2026-10.02,60000,0,0
0005O_11-02-2026-10.02,04040,80,83
0005O_11-02-2026-10.02,04104,139,139
0005O_11-02-2026-10.02,71801,182,182
03303_11-02-2026-10.27,60000,0,0
03303_11-02-2026-10.27,04040,80,81
03303_11-02-2026-10.27,71801,172,172
00605_11-02-2026-10.32,60000,0,0
00605_11-02-2026-10.32,04007,27,28
00605_11-02-2026-10.32,70600,74,75
00605_11-02-2026-10.32,81202,142,143
00605_11-02-2026-10.32,80108,175,176
00605_11-02-2026-10.32,80100,203,203
00533_11-02-2026-11.09,11511,0,0
00533_11-02-2026-11.09,11400,60,61
00533_11-02-2026-11.09,11300,87,88
00533_11-02-2026-11.09,80100,125,130
00533_11-02-2026-11.09,80108,156,157
00533_11-02-2026-11.09,81200,188,189
00533_11-02-2026-11.09,81202,205,206
00533_11-02-2026-11.09,04040,253,256
00533_11-02-2026-11.09,78400,305,307
00533_11-02-2026-11.09,04104,338,340
00533_11-02-2026-11.09,71801,376,376
0002I_11-02-2026-11.22,60000,0,0
0002I_11-02-2026-11.22,04040,78,79
0002I_11-02-2026-11.22,71801,172,172
03113_11-02-2026-11.27,60000,0,0
03113_11-02-2026-11.27,70600,58,59
03113_11-02-2026-11.27,04040,84,85
03113_11-02-2026-11.27,78400,128,130
03113_11-02-2026-11.27,04104,157,159
03113_11-02-2026-11.27,71801,199,199
34433_11-02-2026-12.00,78400,0,0
34433_11-02-2026-12.00,04104,31,33
34433_11-02-2026-12.00,71801,69,69
0002I_11-02-2026-12.22,60000,0,0
0002I_11-02-2026-12.22,04040,78,79
0002I_11-02-2026-12.22,71801,172,172
02591_11-02-2026-12.27,51003,0,0
02591_11-02-2026-12.27,50500,41,43
02591_11-02-2026-12.27,60000,158,173
02591_11-02-2026-12.27,04040,251,252
02591_11-02-2026-12.27,78400,295,297
02591_11-02-2026-12.27,71801,370,380
02591_11-02-2026-12.27,79206,421,423
02591_11-02-2026-12.27,04307,438,438
03993_11-02-2026-12.37,54413,0,0
03943_11-02-2026-12.37,51003,0,0
03993_11-02-2026-12.37,02003,20,22
03993_11-02-2026-12.37,02002,35,37
03943_11-02-2026-12.37,50500,42,56
03993_11-02-2026-12.37,50500,63,71
03943_11-02-2026-12.37,37200,110,112
03993_11-02-2026-12.37,37200,125,127
03943_11-02-2026-12.37,04040,237,240
03993_11-02-2026-12.37,04040,252,255
03943_11-02-2026-12.37,78400,280,282
03993_11-02-2026-12.37,78400,295,297
03943_11-02-2026-12.37,04104,306,308
03993_11-02-2026-12.37,04104,321,323
03943_11-02-2026-12.37,71801,348,348
03993_11-02-2026-12.37,71801,363,363
09725_11-02-2026-13.15,60000,0,0
09725_11-02-2026-13.15,04007,26,28
09725_11-02-2026-13.15,04040,85,88
09725_11-02-2026-13.15,04104,142,144
09725_11-02-2026-13.15,71801,184,196
09725_11-02-2026-13.15,79206,237,240
09725_11-02-2026-13.15,04307,254,257
09725_11-02-2026-13.15,87374,280,290
09725_11-02-2026-13.15,87088,325,328
09725_11-02-2026-13.15,87173,390,399
09725_11-02-2026-13.15,87302,428,431
09725_11-02-2026-13.15,87814,457,460
09725_11-02-2026-13.15,87912,479,482
09725_11-02-2026-13.15,87089,495,495
34813_11-02-2026-13.37,78400,0,0
34813_11-02-2026-13.37,04104,27,29
34813_11-02-2026-13.37,71801,69,69
03141_11-02-2026-13.57,60000,0,0
03141_11-02-2026-13.57,71801,157,157
0001I_11-02-2026-14.02,60000,0,0
0001I_11-02-2026-14.02,04040,80,81
0001I_11-02-2026-14.02,71801,172,172
0002O_11-02-2026-14.12,60000,0,0
0002O_11-02-2026-14.12,71801,157,157
03143_11-02-2026-14.27,60000,0,0
03143_11-02-2026-14.27,70600,58,59
03143_11-02-2026-14.27,04040,84,85
03143_11-02-2026-14.27,71801,177,187
03143_11-02-2026-14.27,79206,233,236
03143_11-02-2026-14.27,04307,252,252
34823_11-02-2026-14.31,78400,0,0
34823_11-02-2026-14.31,71801,73,73
0005I_11-02-2026-14.42,60000,0,0
0005I_11-02-2026-14.42,04040,80,81
0005I_11-02-2026-14.42,71801,179,179
00609_11-02-2026-14.47,60000,0,0
00609_11-02-2026-14.47,04007,28,29
00609_11-02-2026-14.47,70600,82,83
00609_11-02-2026-14.47,81202,138,139
00609_11-02-2026-14.47,80108,171,172
00609_11-02-2026-14.47,80100,211,211
03151_11-02-2026-14.57,60000,0,0
03151_11-02-2026-14.57,71801,157,157
03305_11-02-2026-15.27,60000,0,0
03305_11-02-2026-15.27,70600,58,59
03305_11-02-2026-15.27,04040,83,84
03305_11-02-2026-15.27,78400,128,130
03305_11-02-2026-15.27,04104,156,158
03305_11-02-2026-15.27,71801,199,199
0003I_11-02-2026-15.52,60000,0,0
0003I_11-02-2026-15.52,71801,157,157
03161_11-02-2026-15.57,60000,0,0
03161_11-02-2026-15.57,71801,157,157
03163_11-02-2026-16.27,60000,0,0
03163_11-02-2026-16.27,04040,78,79
03163_11-02-2026-16.27,71801,172,178
03163_11-02-2026-16.27,79206,227,229
03163_11-02-2026-16.27,04307,244,244
0003I_11-02-2026-16.37,60000,0,0
0003I_11-02-2026-16.37,71801,157,157
03171_11-02-2026-16.57,60000,0,0
03171_11-02-2026-16.57,71801,157,157
0002O_11-02-2026-17.17,60000,0,0
0002O_11-02-2026-17.17,71801,157,157
0002I_11-02-2026-17.22,60000,0,0
0002I_11-02-2026-17.22,04040,78,79
0002I_11-02-2026-17.22,71801,172,172
03173_11-02-2026-17.27,60000,0,0
03173_11-02-2026-17.27,04007,26,27
03173_11-02-2026-17.27,04040,84,85
03173_11-02-2026-17.27,78400,128,130
03173_11-02-2026-17.27,04104,157,159
03173_11-02-2026-17.27,71801,199,199
02553_11-02-2026-17.57,54413,0,0
02553_11-02-2026-17.57,50500,47,49
02553_11-02-2026-17.57,60000,165,181
02553_11-02-2026-17.57,71801,338,338
03183_11-02-2026-18.27,60000,0,0
03183_11-02-2026-18.27,04040,78,79
03183_11-02-2026-18.27,04104,137,139
03183_11-02-2026-18.27,71801,177,177
0003I_11-02-2026-18.32,60000,0,0
0003I_11-02-2026-18.32,71801,157,157
03191_11-02-2026-18.57,60000,0,0
03191_11-02-2026-18.57,71801,157,167
03191_11-02-2026-18.57,79206,208,210
03191_11-02-2026-18.57,04307,225,225
02861_11-02-2026-19.00,51003,0,0
02861_11-02-2026-19.00,50500,42,44
02861_11-02-2026-19.00,60000,159,188
02861_11-02-2026-19.00,04007,216,217
02861_11-02-2026-19.00,70600,256,257
02861_11-02-2026-19.00,04040,290,293
02861_11-02-2026-19.00,78200,327,328
02861_11-02-2026-19.00,74200,344,344
0002I_11-02-2026-19.29,60000,0,0
0002I_11-02-2026-19.29,04040,78,79
0002I_11-02-2026-19.29,71801,172,172
03309_11-02-2026-19.34,60000,0,0
03309_11-02-2026-19.34,04007,26,27
03309_11-02-2026-19.34,70600,62,63
03309_11-02-2026-19.34,04040,88,89
03309_11-02-2026-19.34,78400,132,134
03309_11-02-2026-19.34,04104,161,163
03309_11-02-2026-19.34,71801,201,211
03309_11-02-2026-19.34,79206,252,253
03309_11-02-2026-19.34,04307,268,268
00437_11-02-2026-19.52,13200,0,0
00437_11-02-2026-19.52,11200,110,112
00437_11-02-2026-19.52,81002,129,130
00437_11-02-2026-19.52,81100,173,175
00437_11-02-2026-19.52,81108,210,211
00437_11-02-2026-19.52,81200,232,235
00437_11-02-2026-19.52,81202,245,246
00437_11-02-2026-19.52,04040,287,290
00437_11-02-2026-19.52,78400,354,356
00437_11-02-2026-19.52,04104,388,390
00437_11-02-2026-19.52,71801,431,431
03931_11-02-2026-20.01,05000,0,0
03931_11-02-2026-20.01,02030,42,44
03931_11-02-2026-20.01,50500,84,88
03931_11-02-2026-20.01,04040,268,271
03931_11-02-2026-20.01,78400,318,320
03931_11-02-2026-20.01,04104,346,348
03931_11-02-2026-20.01,71801,388,388
03201_11-02-2026-20.05,60000,0,0
03201_11-02-2026-20.05,71801,157,157
0001O_11-02-2026-20.10,60000,0,0
0001O_11-02-2026-20.10,04040,76,79
0001O_11-02-2026-20.10,71801,173,173
03203_11-02-2026-20.27,60000,0,0
03203_11-02-2026-20.27,04007,25,26
03203_11-02-2026-20.27,70600,65,66
03203_11-02-2026-20.27,04040,90,91
03203_11-02-2026-20.27,78400,133,135
03203_11-02-2026-20.27,04104,160,162
03203_11-02-2026-20.27,71801,201,201
03991_11-02-2026-20.38,54413,0,0
03941_11-02-2026-20.38,51003,0,0
03991_11-02-2026-20.38,02003,20,22
03991_11-02-2026-20.38,02002,35,37
03941_11-02-2026-20.38,50500,42,52
03991_11-02-2026-20.38,50500,68,74
03941_11-02-2026-20.38,37300,103,105
03941_11-02-2026-20.38,37200,118,120
03991_11-02-2026-20.38,37300,125,127
03991_11-02-2026-20.38,37200,140,142
03941_11-02-2026-20.38,04040,259,261
03991_11-02-2026-20.38,04040,281,283
03941_11-02-2026-20.38,78400,303,305
03991_11-02-2026-20.38,78400,325,327
03941_11-02-2026-20.38,04104,334,336
03991_11-02-2026-20.38,04104,356,358
03941_11-02-2026-20.38,71801,378,378
03991_11-02-2026-20.38,71801,400,400
0003O_11-02-2026-21.02,60000,0,0
0003O_11-02-2026-21.02,04040,79,82
0003O_11-02-2026-21.02,71801,172,172
02883_11-02-2026-21.07,54413,0,0
02883_11-02-2026-21.07,50500,47,49
02883_11-02-2026-21.07,60000,164,190
02883_11-02-2026-21.07,04040,269,270
02883_11-02-2026-21.07,71801,362,362
0004I_12-02-2026-06.09,60000,0,0
0004I_12-02-2026-06.09,04040,79,80
0004I_12-02-2026-06.09,71801,171,171
03301_12-02-2026-06.16,60000,0,0
03301_12-02-2026-06.16,04104,125,127
03301_12-02-2026-06.16,71801,169,169
03063_12-02-2026-06.27,60000,0,0
03063_12-02-2026-06.27,70600,59,60
03063_12-02-2026-06.27,04040,85,86
03063_12-02-2026-06.27,71801,178,178
03071_12-02-2026-06.57,60000,0,0
03071_12-02-2026-06.57,71801,157,157
0004O_12-02-2026-07.02,60000,0,0
0004O_12-02-2026-07.02,04040,78,81
0004O_12-02-2026-07.02,71801,172,172
0003I_12-02-2026-07.22,60000,0,0
0003I_12-02-2026-07.22,71801,157,157
03073_12-02-2026-07.27,60000,0,0
03073_12-02-2026-07.27,04007,25,26
03073_12-02-2026-07.27,04040,84,85
03073_12-02-2026-07.27,78400,128,130
03073_12-02-2026-07.27,04104,157,159
03073_12-02-2026-07.27,71801,199,215
03073_12-02-2026-07.27,79206,255,257
03073_12-02-2026-07.27,04307,272,272
03081_12-02-2026-07.57,60000,0,0
03081_12-02-2026-07.57,71801,157,157
0003I_12-02-2026-08.22,60000,0,0
0003I_12-02-2026-08.22,71801,157,157
03083_12-02-2026-08.27,60000,0,0
03083_12-02-2026-08.27,04040,78,79
03083_12-02-2026-08.27,71801,172,172
0003I_12-02-2026-08.50,60000,0,0
0003I_12-02-2026-08.50,71801,157,157
03091_12-02-2026-08.57,60000,0,0
03091_12-02-2026-08.57,04104,124,126
03091_12-02-2026-08.57,71801,164,164
0002I_12-02-2026-09.22,60000,0,0
0002I_12-02-2026-09.22,04040,78,79
0002I_12-02-2026-09.22,71801,172,172
02561_12-02-2026-09.27,51003,0,0
02561_12-02-2026-09.27,50500,46,48
02561_12-02-2026-09.27,37300,94,96
02561_12-02-2026-09.27,37200,108,110
02561_12-02-2026-09.27,60000,176,207
02561_12-02-2026-09.27,04040,286,287
02561_12-02-2026-09.27,78400,332,334
02561_12-02-2026-09.27,04104,360,362
02561_12-02-2026-09.27,71801,401,409
02561_12-02-2026-09.27,79206,450,452
02561_12-02-2026-09.27,04307,467,467
0001I_12-02-2026-09.57,60000,0,0
0001I_12-02-2026-09.57,04040,80,81
0001I_12-02-2026-09.57,71801,172,172
0005O_12-02-2026-10.02,60000,0,0
0005O_12-02-2026-10.02,04040,80,83
0005O_12-02-2026-10.02,04104,139,139
0005O_12-02-2026-10.02,71801,182,182
03303_12-02-2026-10.27,60000,0,0
03303_12-02-2026-10.27,04040,80,81
03303_12-02-2026-10.27,71801,172,172
00605_12-02-2026-10.32,60000,0,0
00605_12-02-2026-10.32,04007,27,28
00605_12-02-2026-10.32,70600,74,75
00605_12-02-2026-10.32,81202,142,143
00605_12-02-2026-10.32,80108,175,176
00605_12-02-2026-10.32,80100,203,203
00533_12-02-2026-11.09,11511,0,0
00533_12-02-2026-11.09,11400,60,61
00533_12-02-2026-11.09,11300,87,88
00533_12-02-2026-11.09,80100,125,130
00533_12-02-2026-11.09,80108,156,157
00533_12-02-2026-11.09,81200,188,189
00533_12-02-2026-11.09,81202,205,206
00533_12-02-2026-11.09,04040,253,256
00533_12-02-2026-11.09,78400,305,307
00533_12-02-2026-11.09,04104,338,340
00533_12-02-2026-11.09,71801,376,376
0002I_12-02-2026-11.22,60000,0,0
0002I_12-02-2026-11.22,04040,78,79
0002I_12-02-2026-11.22,71801,172,172
03113_12-02-2026-11.27,60000,0,0
03113_12-02-2026-11.27,70600,58,59
03113_12-02-2026-11.27,04040,84,85
03113_12-02-2026-11.27,78400,128,130
03113_12-02-2026-11.27,04104,157,159
03113_12-02-2026-11.27,71801,199,199
34433_12-02-2026-12.00,78400,0,0
34433_12-02-2026-12.00,04104,31,33
34433_12-02-2026-12.00,71801,69,69
0002I_12-02-2026-12.22,60000,0,0
0002I_12-02-2026-12.22,04040,78,79
0002I_12-02-2026-12.22,71801,172,172
02591_12-02-2026-12.27,51003,0,0
02591_12-02-2026-12.27,50500,41,43
02591_12-02-2026-12.27,60000,158,173
02591_12-02-2026-12.27,04040,251,252
02591_12-02-2026-12.27,78400,295,297
02591_12-02-2026-12.27,71801,370,380
02591_12-02-2026-12.27,79206,421,423
02591_12-02-2026-12.27,04307,438,438
03993_12-02-2026-12.37,54413,0,0
03943_12-02-2026-12.37,51003,0,0
03993_12-02-2026-12.37,02003,20,22
03993_12-02-2026-12.37,02002,35,37
03943_12-02-2026-12.37,50500,42,56
03993_12-02-2026-12.37,50500,63,71
03943_12-02-2026-12.37,37200,110,112
03993_12-02-2026-12.37,37200,125,127
03943_12-02-2026-12.37,04040,237,240
03993_12-02-2026-12.37,04040,252,255
03943_12-02-2026-12.37,78400,280,282
03993_12-02-2026-12.37,78400,295,297
03943_12-02-2026-12.37,04104,306,308
03993_12-02-2026-12.37,04104,321,323
03943_12-02-2026-12.37,71801,348,348
03993_12-02-2026-12.37,71801,363,363
09725_12-02-2026-13.15,60000,0,0
09725_12-02-2026-13.15,04007,26,28
09725_12-02-2026-13.15,04040,85,88
09725_12-02-2026-13.15,04104,142,144
09725_12-02-2026-13.15,71801,184,196
09725_12-02-2026-13.15,79206,237,240
09725_12-02-2026-13.15,04307,254,257
09725_12-02-2026-13.15,87374,280,290
09725_12-02-2026-13.15,87088,325,328
09725_12-02-2026-13.15,87173,390,399
09725_12-02-2026-13.15,87302,428,431
09725_12-02-2026-13.15,87814,457,460
09725_12-02-2026-13.15,87912,479,482
09725_12-02-2026-13.15,87089,495,495
34813_12-02-2026-13.37,78400,0,0
34813_12-02-2026-13.37,04104,27,29
34813_12-02-2026-13.37,71801,69,69
03141_12-02-2026-13.57,60000,0,0
03141_12-02-2026-13.57,71801,157,157
0001I_12-02-2026-14.02,60000,0,0
0001I_12-02-2026-14.02,04040,80,81
0001I_12-02-2026-14.02,71801,172,172
0002O_12-02-2026-14.12,60000,0,0
0002O_12-02-2026-14.12,71801,157,157
03143_12-02-2026-14.27,60000,0,0
03143_12-02-2026-14.27,70600,58,59
03143_12-02-2026-14.27,04040,84,85
03143_12-02-2026-14.27,71801,177,187
03143_12-02-2026-14.27,79206,233,236
03143_12-02-2026-14.27,04307,252,252
34823_12-02-2026-14.31,78400,0,0
34823_12-02-2026-14.31,71801,73,73
0005I_12-02-2026-14.42,60000,0,0
0005I_12-02-2026-14.42,04040,80,81
0005I_12-02-2026-14.42,71801,179,179
00609_12-02-2026-14.47,60000,0,0
00609_12-02-2026-14.47,04007,28,29
00609_12-02-2026-14.47,70600,82,83
00609_12-02-2026-14.47,81202,138,139
00609_12-02-2026-14.47,80108,171,172
00609_12-02-2026-14.47,80100,211,211
03151_12-02-2026-14.57,60000,0,0
03151_12-02-2026-14.57,71801,157,157
03305_12-02-2026-15.27,60000,0,0
03305_12-02-2026-15.27,70600,58,59
03305_12-02-2026-15.27,04040,83,84
03305_12-02-2026-15.27,78400,128,130
03305_12-02-2026-15.27,04104,156,158
03305_12-02-2026-15.27,71801,199,199
0003I_12-02-2026-15.52,60000,0,0
0003I_12-02-2026-15.52,71801,157,157
03161_12-02-2026-15.57,60000,0,0
03161_12-02-2026-15.57,71801,157,157
03163_12-02-2026-16.27,60000,0,0
03163_12-02-2026-16.27,04040,78,79
03163_12-02-2026-16.27,71801,172,178
03163_12-02-2026-16.27,79206,227,229
03163_12-02-2026-16.27,04307,244,244
0003I_12-02-2026-16.37,60000,0,0
0003I_12-02-2026-16.37,71801,157,157
03171_12-02-2026-16.57,60000,0,0
03171_12-02-2026-16.57,71801,157,157
0002O_12-02-2026-17.17,60000,0,0
0002O_12-02-2026-17.17,71801,157,157
0002I_12-02-2026-17.22,60000,0,0
0002I_12-02-2026-17.22,04040,78,79
0002I_12-02-2026-17.22,71801,172,172
03173_12-02-2026-17.27,60000,0,0
03173_12-02-2026-17.27,04007,26,27
03173_12-02-2026-17.27,04040,84,85
03173_12-02-2026-17.27,78400,128,130
03173_12-02-2026-17.27,04104,157,159
03173_12-02-2026-17.27,71801,199,199
02553_12-02-2026-17.57,54413,0,0
02553_12-02-2026-17.57,50500,47,49
02553_12-02-2026-17.57,60000,165,181
02553_12-02-2026-17.57,71801,338,338
03183_12-02-2026-18.27,60000,0,0
03183_12-02-2026-18.27,04040,78,79
03183_12-02-2026-18.27,04104,137,139
03183_12-02-2026-18.27,71801,177,177
0003I_12-02-2026-18.32,60000,0,0
0003I_12-02-2026-18.32,71801,157,157
03191_12-02-2026-18.57,60000,0,0
03191_12-02-2026-18.57,71801,157,167
03191_12-02-2026-18.57,79206,208,210
03191_12-02-2026-18.57,04307,225,225
02861_12-02-2026-19.00,51003,0,0
02861_12-02-2026-19.00,50500,42,44
02861_12-02-2026-19.00,60000,159,188
02861_12-02-2026-19.00,04007,216,217
02861_12-02-2026-19.00,70600,256,257
02861_12-02-2026-19.00,04040,290,293
02861_12-02-2026-19.00,78200,327,328
02861_12-02-2026-19.00,74200,344,344
0002I_12-02-2026-19.29,60000,0,0
0002I_12-02-2026-19.29,04040,78,79
0002I_12-02-2026-19.29,71801,172,172
03309_12-02-2026-19.34,60000,0,0
03309_12-02-2026-19.34,04007,26,27
03309_12-02-2026-19.34,70600,62,63
03309_12-02-2026-19.34,04040,88,89
03309_12-02-2026-19.34,78400,132,134
03309_12-02-2026-19.34,04104,161,163
03309_12-02-2026-19.34,71801,201,211
03309_12-02-2026-19.34,79206,252,253
03309_12-02-2026-19.34,04307,268,268
00437_12-02-2026-19.52,13200,0,0
00437_12-02-2026-19.52,11200,110,112
00437_12-02-2026-19.52,81002,129,130
00437_12-02-2026-19.52,81100,173,175
00437_12-02-2026-19.52,81108,210,211
00437_12-02-2026-19.52,81200,232,235
00437_12-02-2026-19.52,81202,245,246
00437_12-02-2026-19.52,04040,287,290
00437_12-02-2026-19.52,78400,354,356
00437_12-02-2026-19.52,04104,388,390
00437_12-02-2026-19.52,71801,431,431
03931_12-02-2026-20.01,05000,0,0
03931_12-02-2026-20.01,02030,42,44
03931_12-02-2026-20.01,50500,84,88
03931_12-02-2026-20.01,04040,268,271
03931_12-02-2026-20.01,78400,318,320
03931_12-02-2026-20.01,04104,346,348
03931_12-02-2026-20.01,71801,388,388
03201_12-02-2026-20.05,60000,0,0
03201_12-02-2026-20.05,71801,157,157
0001O_12-02-2026-20.10,60000,0,0
0001O_12-02-2026-20.10,04040,76,79
0001O_12-02-2026-20.10,71801,173,173
0006I_12-02-2026-20.22,60000,0,0
0006I_12-02-2026-20.22,04040,79,80
0006I_12-02-2026-20.22,71801,172,172
03203_12-02-2026-20.27,60000,0,0
03203_12-02-2026-20.27,04007,25,26
03203_12-02-2026-20.27,70600,65,66
03203_12-02-2026-20.27,04040,90,91
03203_12-02-2026-20.27,78400,133,135
03203_12-02-2026-20.27,04104,160,162
03203_12-02-2026-20.27,71801,201,201
03991_12-02-2026-20.38,54413,0,0
03941_12-02-2026-20.38,51003,0,0
03991_12-02-2026-20.38,02003,20,22
03991_12-02-2026-20.38,02002,35,37
03941_12-02-2026-20.38,50500,42,52
03991_12-02-2026-20.38,50500,68,74
03941_12-02-2026-20.38,37300,103,105
03941_12-02-2026-20.38,37200,118,120
03991_12-02-2026-20.38,37300,125,127
03991_12-02-2026-20.38,37200,140,142
03941_12-02-2026-20.38,04040,259,261
03991_12-02-2026-20.38,04040,281,283
03941_12-02-2026-20.38,78400,303,305
03991_12-02-2026-20.38,78400,325,327
03941_12-02-2026-20.38,04104,334,336
03991_12-02-2026-20.38,04104,356,358
03941_12-02-2026-20.38,71801,378,378
03991_12-02-2026-20.38,71801,400,400
0003O_12-02-2026-21.02,60000,0,0
0003O_12-02-2026-21.02,04040,79,82
0003O_12-02-2026-21.02,71801,172,172
02883_12-02-2026-21.07,54413,0,0
02883_12-02-2026-21.07,50500,47,49
02883_12-02-2026-21.07,60000,164,190
02883_12-02-2026-21.07,04040,269,270
02883_12-02-2026-21.07,71801,362,362
0004I_13-02-2026-06.09,60000,0,0
0004I_13-02-2026-06.09,04040,79,80
0004I_13-02-2026-06.09,71801,171,171
03301_13-02-2026-06.27,60000,0,0
03301_13-02-2026-06.27,70600,59,60
03301_13-02-2026-06.27,04040,85,86
03301_13-02-2026-06.27,71801,178,178
03071_13-02-2026-06.57,60000,0,0
03071_13-02-2026-06.57,71801,157,157
0004O_13-02-2026-07.02,60000,0,0
0004O_13-02-2026-07.02,04040,78,81
0004O_13-02-2026-07.02,71801,172,172
0003I_13-02-2026-07.22,60000,0,0
0003I_13-02-2026-07.22,71801,157,157
03073_13-02-2026-07.27,60000,0,0
03073_13-02-2026-07.27,04007,25,26
03073_13-02-2026-07.27,04040,84,85
03073_13-02-2026-07.27,78400,128,130
03073_13-02-2026-07.27,04104,157,159
03073_13-02-2026-07.27,71801,199,215
03073_13-02-2026-07.27,79206,255,257
03073_13-02-2026-07.27,04307,272,272
03081_13-02-2026-07.57,60000,0,0
03081_13-02-2026-07.57,71801,157,157
0003I_13-02-2026-08.22,60000,0,0
0003I_13-02-2026-08.22,71801,157,157
0003I_13-02-2026-08.50,60000,0,0
0003I_13-02-2026-08.50,71801,157,157
03091_13-02-2026-08.57,60000,0,0
03091_13-02-2026-08.57,04104,124,126
03091_13-02-2026-08.57,71801,164,164
0002I_13-02-2026-09.22,60000,0,0
0002I_13-02-2026-09.22,04040,78,79
0002I_13-02-2026-09.22,71801,172,172
02561_13-02-2026-09.27,51003,0,0
02561_13-02-2026-09.27,50500,46,48
02561_13-02-2026-09.27,37300,94,96
02561_13-02-2026-09.27,37200,108,110
02561_13-02-2026-09.27,60000,176,207
02561_13-02-2026-09.27,04040,286,287
02561_13-02-2026-09.27,78400,332,334
02561_13-02-2026-09.27,04104,360,362
02561_13-02-2026-09.27,71801,401,409
02561_13-02-2026-09.27,79206,450,452
02561_13-02-2026-09.27,04307,467,467
0001I_13-02-2026-09.57,60000,0,0
0001I_13-02-2026-09.57,04040,80,81
0001I_13-02-2026-09.57,71801,172,172
0005O_13-02-2026-10.02,60000,0,0
0005O_13-02-2026-10.02,04040,80,83
0005O_13-02-2026-10.02,04104,139,139
0005O_13-02-2026-10.02,71801,182,182
03303_13-02-2026-10.27,60000,0,0
03303_13-02-2026-10.27,04040,80,81
03303_13-02-2026-10.27,71801,172,172
00605_13-02-2026-10.32,60000,0,0
00605_13-02-2026-10.32,04007,27,28
00605_13-02-2026-10.32,70600,74,75
00605_13-02-2026-10.32,81202,142,143
00605_13-02-2026-10.32,80108,175,176
00605_13-02-2026-10.32,80100,203,203
00533_13-02-2026-11.09,11511,0,0
00533_13-02-2026-11.09,11400,60,61
00533_13-02-2026-11.09,11300,87,88
00533_13-02-2026-11.09,80100,125,130
00533_13-02-2026-11.09,80108,156,157
00533_13-02-2026-11.09,81200,188,189
00533_13-02-2026-11.09,81202,205,206
00533_13-02-2026-11.09,04040,253,256
00533_13-02-2026-11.09,78400,305,307
00533_13-02-2026-11.09,04104,338,340
00533_13-02-2026-11.09,71801,376,376
0002I_13-02-2026-11.22,60000,0,0
0002I_13-02-2026-11.22,04040,78,79
0002I_13-02-2026-11.22,71801,172,172
03113_13-02-2026-11.27,60000,0,0
03113_13-02-2026-11.27,70600,58,59
03113_13-02-2026-11.27,04040,84,85
03113_13-02-2026-11.27,78400,128,130
03113_13-02-2026-11.27,04104,157,159
03113_13-02-2026-11.27,71801,199,199
34433_13-02-2026-12.00,78400,0,0
34433_13-02-2026-12.00,04104,31,33
34433_13-02-2026-12.00,71801,69,69
0002I_13-02-2026-12.22,60000,0,0
0002I_13-02-2026-12.22,04040,78,79
0002I_13-02-2026-12.22,71801,172,172
02591_13-02-2026-12.27,51003,0,0
02591_13-02-2026-12.27,50500,41,43
02591_13-02-2026-12.27,60000,158,173
02591_13-02-2026-12.27,04040,251,252
02591_13-02-2026-12.27,78400,295,297
02591_13-02-2026-12.27,71801,370,380
02591_13-02-2026-12.27,79206,421,423
02591_13-02-2026-12.27,04307,438,438
03993_13-02-2026-12.37,54413,0,0
03943_13-02-2026-12.37,51003,0,0
03993_13-02-2026-12.37,02003,20,22
03993_13-02-2026-12.37,02002,35,37
03943_13-02-2026-12.37,50500,42,56
03993_13-02-2026-12.37,50500,63,71
03943_13-02-2026-12.37,37200,110,112
03993_13-02-2026-12.37,37200,125,127
03943_13-02-2026-12.37,04040,237,240
03993_13-02-2026-12.37,04040,252,255
03943_13-02-2026-12.37,78400,280,282
03993_13-02-2026-12.37,78400,295,297
03943_13-02-2026-12.37,04104,306,308
03993_13-02-2026-12.37,04104,321,323
03943_13-02-2026-12.37,71801,348,348
03993_13-02-2026-12.37,71801,363,363
09725_13-02-2026-13.15,60000,0,0
09725_13-02-2026-13.15,04007,26,28
09725_13-02-2026-13.15,04040,85,88
09725_13-02-2026-13.15,04104,142,144
09725_13-02-2026-13.15,71801,184,196
09725_13-02-2026-13.15,79206,237,240
09725_13-02-2026-13.15,04307,254,257
09725_13-02-2026-13.15,87374,280,290
09725_13-02-2026-13.15,87088,325,328
09725_13-02-2026-13.15,87173,390,399
09725_13-02-2026-13.15,87302,428,431
09725_13-02-2026-13.15,87814,457,460
09725_13-02-2026-13.15,87912,479,482
09725_13-02-2026-13.15,87089,495,495
34813_13-02-2026-13.37,78400,0,0
34813_13-02-2026-13.37,04104,27,29
34813_13-02-2026-13.37,71801,69,69
03141_13-02-2026-13.57,60000,0,0
03141_13-02-2026-13.57,71801,157,157
0001I_13-02-2026-14.02,60000,0,0
0001I_13-02-2026-14.02,04040,80,81
0001I_13-02-2026-14.02,71801,172,172
0002O_13-02-2026-14.12,60000,0,0
0002O_13-02-2026-14.12,71801,157,157
03143_13-02-2026-14.27,60000,0,0
03143_13-02-2026-14.27,70600,58,59
03143_13-02-2026-14.27,04040,84,85
03143_13-02-2026-14.27,71801,177,187
03143_13-02-2026-14.27,79206,233,236
03143_13-02-2026-14.27,04307,252,252
34823_13-02-2026-14.31,78400,0,0
34823_13-02-2026-14.31,71801,73,73
0005I_13-02-2026-14.42,60000,0,0
0005I_13-02-2026-14.42,04040,80,81
0005I_13-02-2026-14.42,71801,179,179
00609_13-02-2026-14.47,60000,0,0
00609_13-02-2026-14.47,04007,28,29
00609_13-02-2026-14.47,70600,82,83
00609_13-02-2026-14.47,81202,138,139
00609_13-02-2026-14.47,80108,171,172
00609_13-02-2026-14.47,80100,211,211
03151_13-02-2026-14.57,60000,0,0
03151_13-02-2026-14.57,71801,157,157
03305_13-02-2026-15.27,60000,0,0
03305_13-02-2026-15.27,70600,58,59
03305_13-02-2026-15.27,04040,83,84
03305_13-02-2026-15.27,78400,128,130
03305_13-02-2026-15.27,04104,156,158
03305_13-02-2026-15.27,71801,199,199
0003I_13-02-2026-15.52,60000,0,0
0003I_13-02-2026-15.52,71801,157,157
03161_13-02-2026-15.57,60000,0,0
03161_13-02-2026-15.57,71801,157,157
03363_13-02-2026-16.02,60000,0,0
03363_13-02-2026-16.02,04040,84,87
03363_13-02-2026-16.02,74200,128,128
03163_13-02-2026-16.27,60000,0,0
03163_13-02-2026-16.27,04040,78,79
03163_13-02-2026-16.27,71801,172,178
03163_13-02-2026-16.27,79206,227,229
03163_13-02-2026-16.27,04307,244,244
0003I_13-02-2026-16.37,60000,0,0
0003I_13-02-2026-16.37,71801,157,157
03171_13-02-2026-16.57,60000,0,0
03171_13-02-2026-16.57,71801,157,157
0002O_13-02-2026-17.17,60000,0,0
0002O_13-02-2026-17.17,71801,157,157
0002I_13-02-2026-17.22,60000,0,0
0002I_13-02-2026-17.22,04040,78,79
0002I_13-02-2026-17.22,71801,172,172
03373_13-02-2026-17.27,60000,0,0
03373_13-02-2026-17.27,04007,26,27
03373_13-02-2026-17.27,04040,84,85
03373_13-02-2026-17.27,78400,128,130
03373_13-02-2026-17.27,04104,157,159
03373_13-02-2026-17.27,71801,199,199
02553_13-02-2026-17.57,54413,0,0
02553_13-02-2026-17.57,50500,47,49
02553_13-02-2026-17.57,60000,165,181
02553_13-02-2026-17.57,71801,338,338
03183_13-02-2026-18.27,60000,0,0
03183_13-02-2026-18.27,04040,78,79
03183_13-02-2026-18.27,04104,137,139
03183_13-02-2026-18.27,71801,177,177
0003I_13-02-2026-18.32,60000,0,0
0003I_13-02-2026-18.32,71801,157,157
03191_13-02-2026-18.57,60000,0,0
03191_13-02-2026-18.57,71801,157,157
02861_13-02-2026-19.00,51003,0,0
02861_13-02-2026-19.00,50500,42,44
02861_13-02-2026-19.00,60000,159,188
02861_13-02-2026-19.00,04007,216,217
02861_13-02-2026-19.00,70600,256,257
02861_13-02-2026-19.00,04040,290,293
02861_13-02-2026-19.00,78200,327,328
02861_13-02-2026-19.00,74200,344,344
0002I_13-02-2026-19.29,60000,0,0
0002I_13-02-2026-19.29,04040,78,79
0002I_13-02-2026-19.29,71801,172,172
03309_13-02-2026-19.34,60000,0,0
03309_13-02-2026-19.34,04007,26,27
03309_13-02-2026-19.34,70600,62,63
03309_13-02-2026-19.34,04040,88,89
03309_13-02-2026-19.34,78400,132,134
03309_13-02-2026-19.34,04104,161,163
03309_13-02-2026-19.34,71801,201,211
03309_13-02-2026-19.34,79206,252,253
03309_13-02-2026-19.34,04307,268,268
00437_13-02-2026-19.52,13200,0,0
00437_13-02-2026-19.52,11200,110,112
00437_13-02-2026-19.52,81002,129,130
00437_13-02-2026-19.52,81100,173,175
00437_13-02-2026-19.52,81108,210,211
00437_13-02-2026-19.52,81200,232,235
00437_13-02-2026-19.52,81202,245,246
00437_13-02-2026-19.52,04040,287,290
00437_13-02-2026-19.52,78400,354,356
00437_13-02-2026-19.52,04104,388,390
00437_13-02-2026-19.52,71801,431,431
03931_13-02-2026-20.01,05000,0,0
03931_13-02-2026-20.01,02030,42,44
03931_13-02-2026-20.01,50500,84,88
03931_13-02-2026-20.01,04040,268,271
03931_13-02-2026-20.01,78400,318,320
03931_13-02-2026-20.01,04104,346,348
03931_13-02-2026-20.01,71801,388,388
03201_13-02-2026-20.05,60000,0,0
03201_13-02-2026-20.05,71801,157,157
0001O_13-02-2026-20.10,60000,0,0
0001O_13-02-2026-20.10,04040,76,79
0001O_13-02-2026-20.10,71801,173,173
0006I_13-02-2026-20.22,60000,0,0
0006I_13-02-2026-20.22,04040,79,80
0006I_13-02-2026-20.22,71801,172,172
03203_13-02-2026-20.27,60000,0,0
03203_13-02-2026-20.27,04007,25,26
03203_13-02-2026-20.27,70600,65,66
03203_13-02-2026-20.27,04040,90,91
03203_13-02-2026-20.27,78400,133,135
03203_13-02-2026-20.27,04104,160,162
03203_13-02-2026-20.27,71801,201,201
03991_13-02-2026-20.38,54413,0,0
03941_13-02-2026-20.38,51003,0,0
03991_13-02-2026-20.38,02003,20,22
03991_13-02-2026-20.38,02002,35,37
03941_13-02-2026-20.38,50500,42,52
03991_13-02-2026-20.38,50500,68,74
03941_13-02-2026-20.38,37300,103,105
03941_13-02-2026-20.38,37200,118,120
03991_13-02-2026-20.38,37300,125,127
03991_13-02-2026-20.38,37200,140,142
03941_13-02-2026-20.38,04040,259,261
03991_13-02-2026-20.38,04040,281,283
03941_13-02-2026-20.38,78400,303,305
03991_13-02-2026-20.38,78400,325,327
03941_13-02-2026-20.38,04104,334,336
03991_13-02-2026-20.38,04104,356,358
03941_13-02-2026-20.38,71801,378,378
03991_13-02-2026-20.38,71801,400,400
0003O_13-02-2026-21.02,60000,0,0
0003O_13-02-2026-21.02,04040,79,82
0003O_13-02-2026-21.02,71801,172,172
02883_13-02-2026-21.07,54413,0,0
02883_13-02-2026-21.07,50500,47,49
02883_13-02-2026-21.07,60000,164,190
02883_13-02-2026-21.07,04040,269,270
02883_13-02-2026-21.07,71801,362,362
03301_14-02-2026-06.27,60000,0,0
03301_14-02-2026-06.27,70600,59,60
03301_14-02-2026-06.27,04040,85,86
03301_14-02-2026-06.27,04104,146,148
03301_14-02-2026-06.27,71801,184,184
0004O_14-02-2026-07.02,60000,0,0
0004O_14-02-2026-07.02,04040,78,81
0004O_14-02-2026-07.02,71801,172,172
0003I_14-02-2026-07.22,60000,0,0
0003I_14-02-2026-07.22,71801,157,157
03073_14-02-2026-07.27,60000,0,0
03073_14-02-2026-07.27,04007,25,26
03073_14-02-2026-07.27,04040,84,85
03073_14-02-2026-07.27,78400,128,130
03073_14-02-2026-07.27,04104,157,159
03073_14-02-2026-07.27,71801,199,215
03073_14-02-2026-07.27,79206,255,257
03073_14-02-2026-07.27,04307,272,272
0003I_14-02-2026-08.22,60000,0,0
0003I_14-02-2026-08.22,71801,157,157
03083_14-02-2026-08.27,60000,0,0
03083_14-02-2026-08.27,04040,78,79
03083_14-02-2026-08.27,71801,172,172
0003I_14-02-2026-08.50,60000,0,0
0003I_14-02-2026-08.50,71801,157,157
03091_14-02-2026-08.57,60000,0,0
03091_14-02-2026-08.57,04104,124,126
03091_14-02-2026-08.57,71801,164,164
0002I_14-02-2026-09.22,60000,0,0
0002I_14-02-2026-09.22,04040,78,79
0002I_14-02-2026-09.22,71801,172,172
02561_14-02-2026-09.27,51003,0,0
02561_14-02-2026-09.27,50500,46,48
02561_14-02-2026-09.27,37300,94,96
02561_14-02-2026-09.27,37200,108,110
02561_14-02-2026-09.27,60000,176,207
02561_14-02-2026-09.27,04040,286,287
02561_14-02-2026-09.27,78400,332,334
02561_14-02-2026-09.27,04104,360,362
02561_14-02-2026-09.27,71801,401,409
02561_14-02-2026-09.27,79206,450,452
02561_14-02-2026-09.27,04307,467,467
00603_14-02-2026-09.32,60000,0,0
00603_14-02-2026-09.32,04007,27,28
00603_14-02-2026-09.32,70600,72,73
00603_14-02-2026-09.32,81202,132,133
00603_14-02-2026-09.32,81200,145,146
00603_14-02-2026-09.32,80108,171,172
00603_14-02-2026-09.32,80100,200,200
0001I_14-02-2026-09.57,60000,0,0
0001I_14-02-2026-09.57,04040,80,81
0001I_14-02-2026-09.57,71801,172,172
0005O_14-02-2026-10.02,60000,0,0
0005O_14-02-2026-10.02,04040,80,83
0005O_14-02-2026-10.02,04104,139,139
0005O_14-02-2026-10.02,71801,182,182
03303_14-02-2026-10.27,60000,0,0
03303_14-02-2026-10.27,04040,80,81
03303_14-02-2026-10.27,71801,172,172
00533_14-02-2026-11.09,11511,0,0
00533_14-02-2026-11.09,11400,60,61
00533_14-02-2026-11.09,11300,87,88
00533_14-02-2026-11.09,80100,125,130
00533_14-02-2026-11.09,80108,156,157
00533_14-02-2026-11.09,81200,188,189
00533_14-02-2026-11.09,81202,205,206
00533_14-02-2026-11.09,04040,253,256
00533_14-02-2026-11.09,78400,305,307
00533_14-02-2026-11.09,04104,338,340
00533_14-02-2026-11.09,71801,376,376
0002I_14-02-2026-11.22,60000,0,0
0002I_14-02-2026-11.22,04040,78,79
0002I_14-02-2026-11.22,71801,172,172
03113_14-02-2026-11.27,60000,0,0
03113_14-02-2026-11.27,70600,58,59
03113_14-02-2026-11.27,04040,84,85
03113_14-02-2026-11.27,78400,128,130
03113_14-02-2026-11.27,04104,157,159
03113_14-02-2026-11.27,71801,199,199
34433_14-02-2026-12.00,78400,0,0
34433_14-02-2026-12.00,04104,31,33
34433_14-02-2026-12.00,71801,69,69
0002I_14-02-2026-12.22,60000,0,0
0002I_14-02-2026-12.22,04040,78,79
0002I_14-02-2026-12.22,71801,172,172
02591_14-02-2026-12.27,51003,0,0
02591_14-02-2026-12.27,50500,41,43
02591_14-02-2026-12.27,60000,158,173
02591_14-02-2026-12.27,04040,251,252
02591_14-02-2026-12.27,78400,295,297
02591_14-02-2026-12.27,71801,370,370
03993_14-02-2026-12.37,54413,0,0
03943_14-02-2026-12.37,51003,0,0
03993_14-02-2026-12.37,02003,20,22
03993_14-02-2026-12.37,02002,35,37
03943_14-02-2026-12.37,50500,42,56
03993_14-02-2026-12.37,50500,63,71
03943_14-02-2026-12.37,37200,110,112
03993_14-02-2026-12.37,37200,125,127
03943_14-02-2026-12.37,04040,237,240
03993_14-02-2026-12.37,04040,252,255
03943_14-02-2026-12.37,78400,280,282
03993_14-02-2026-12.37,78400,295,297
03943_14-02-2026-12.37,04104,306,308
03993_14-02-2026-12.37,04104,321,323
03943_14-02-2026-12.37,71801,348,348
03993_14-02-2026-12.37,71801,363,363
09725_14-02-2026-13.15,60000,0,0
09725_14-02-2026-13.15,04007,26,28
09725_14-02-2026-13.15,04040,85,88
09725_14-02-2026-13.15,04104,142,144
09725_14-02-2026-13.15,71801,184,196
09725_14-02-2026-13.15,79206,237,240
09725_14-02-2026-13.15,04307,254,257
09725_14-02-2026-13.15,87374,280,290
09725_14-02-2026-13.15,87088,325,328
09725_14-02-2026-13.15,87173,390,399
09725_14-02-2026-13.15,87302,428,431
09725_14-02-2026-13.15,87814,457,460
09725_14-02-2026-13.15,87912,479,482
09725_14-02-2026-13.15,87089,495,495
34813_14-02-2026-13.37,78400,0,0
34813_14-02-2026-13.37,04104,27,29
34813_14-02-2026-13.37,71801,69,69
0001I_14-02-2026-14.02,60000,0,0
0001I_14-02-2026-14.02,04040,80,81
0001I_14-02-2026-14.02,71801,172,172
0002O_14-02-2026-14.12,60000,0,0
0002O_14-02-2026-14.12,71801,157,157
34823_14-02-2026-14.31,78400,0,0
34823_14-02-2026-14.31,71801,73,73
0005I_14-02-2026-14.42,60000,0,0
0005I_14-02-2026-14.42,04040,80,81
0005I_14-02-2026-14.42,71801,179,179
03305_14-02-2026-15.27,60000,0,0
03305_14-02-2026-15.27,70600,58,59
03305_14-02-2026-15.27,04040,83,84
03305_14-02-2026-15.27,78400,128,130
03305_14-02-2026-15.27,04104,156,158
03305_14-02-2026-15.27,71801,199,199
0003I_14-02-2026-15.52,60000,0,0
0003I_14-02-2026-15.52,71801,157,157
03163_14-02-2026-16.27,60000,0,0
03163_14-02-2026-16.27,04040,78,79
03163_14-02-2026-16.27,71801,172,172
0003I_14-02-2026-16.37,60000,0,0
0003I_14-02-2026-16.37,71801,157,157
0002O_14-02-2026-17.17,60000,0,0
0002O_14-02-2026-17.17,71801,157,157
0002I_14-02-2026-17.22,60000,0,0
0002I_14-02-2026-17.22,04040,78,79
0002I_14-02-2026-17.22,71801,172,172
03373_14-02-2026-17.27,60000,0,0
03373_14-02-2026-17.27,04007,26,27
03373_14-02-2026-17.27,04040,84,85
03373_14-02-2026-17.27,78400,128,130
03373_14-02-2026-17.27,04104,157,159
03373_14-02-2026-17.27,71801,199,199
03183_14-02-2026-18.27,60000,0,0
03183_14-02-2026-18.27,04040,78,79
03183_14-02-2026-18.27,04104,137,139
03183_14-02-2026-18.27,71801,177,177
0003I_14-02-2026-18.32,60000,0,0
0003I_14-02-2026-18.32,71801,157,157
02861_14-02-2026-19.00,51003,0,0
02861_14-02-2026-19.00,50500,42,44
02861_14-02-2026-19.00,60000,159,188
02861_14-02-2026-19.00,04007,216,217
02861_14-02-2026-19.00,70600,256,257
02861_14-02-2026-19.00,04040,290,293
02861_14-02-2026-19.00,78200,327,328
02861_14-02-2026-19.00,74200,344,344
0002I_14-02-2026-19.29,60000,0,0
0002I_14-02-2026-19.29,04040,78,79
0002I_14-02-2026-19.29,71801,172,172
03309_14-02-2026-19.34,60000,0,0
03309_14-02-2026-19.34,04007,26,27
03309_14-02-2026-19.34,70600,62,63
03309_14-02-2026-19.34,04040,88,89
03309_14-02-2026-19.34,78400,132,134
03309_14-02-2026-19.34,04104,161,163
03309_14-02-2026-19.34,71801,201,211
03309_14-02-2026-19.34,79206,252,253
03309_14-02-2026-19.34,04307,268,268
00437_14-02-2026-19.52,13200,0,0
00437_14-02-2026-19.52,11200,110,112
00437_14-02-2026-19.52,81002,129,130
00437_14-02-2026-19.52,81100,173,175
00437_14-02-2026-19.52,81108,210,211
00437_14-02-2026-19.52,81200,232,235
00437_14-02-2026-19.52,81202,245,246
00437_14-02-2026-19.52,04040,287,290
00437_14-02-2026-19.52,78400,354,356
00437_14-02-2026-19.52,04104,388,390
00437_14-02-2026-19.52,71801,431,431
03931_14-02-2026-20.01,05000,0,0
03931_14-02-2026-20.01,02030,42,44
03931_14-02-2026-20.01,50500,84,88
03931_14-02-2026-20.01,04040,268,271
03931_14-02-2026-20.01,78400,318,320
03931_14-02-2026-20.01,04104,346,348
03931_14-02-2026-20.01,71801,388,388
0001O_14-02-2026-20.10,60000,0,0
0001O_14-02-2026-20.10,04040,76,79
0001O_14-02-2026-20.10,71801,173,173
03203_14-02-2026-20.27,60000,0,0
03203_14-02-2026-20.27,04007,25,26
03203_14-02-2026-20.27,70600,65,66
03203_14-02-2026-20.27,04040,90,91
03203_14-02-2026-20.27,78400,133,135
03203_14-02-2026-20.27,04104,160,162
03203_14-02-2026-20.27,71801,201,201
03941_14-02-2026-20.38,51003,0,0
03991_14-02-2026-20.38,54413,0,0
03991_14-02-2026-20.38,02003,20,22
03991_14-02-2026-20.38,02002,35,37
03941_14-02-2026-20.38,50500,42,52
03991_14-02-2026-20.38,50500,68,74
03941_14-02-2026-20.38,37300,103,105
03941_14-02-2026-20.38,37200,118,120
03991_14-02-2026-20.38,37300,125,127
03991_14-02-2026-20.38,37200,140,142
03941_14-02-2026-20.38,04040,259,261
03991_14-02-2026-20.38,04040,281,283
03941_14-02-2026-20.38,78400,303,305
03991_14-02-2026-20.38,78400,325,327
03941_14-02-2026-20.38,04104,334,336
03991_14-02-2026-20.38,04104,356,358
03941_14-02-2026-20.38,71801,378,378
03991_14-02-2026-20.38,71801,400,400
0003O_14-02-2026-21.02,60000,0,0
0003O_14-02-2026-21.02,04040,79,82
0003O_14-02-2026-21.02,71801,172,172
03301_15-02-2026-06.27,60000,0,0
03301_15-02-2026-06.27,70600,59,60
03301_15-02-2026-06.27,04040,85,86
03301_15-02-2026-06.27,04104,146,148
03301_15-02-2026-06.27,71801,184,184
0004O_15-02-2026-07.02,60000,0,0
0004O_15-02-2026-07.02,04040,78,81
0004O_15-02-2026-07.02,71801,172,172
03073_15-02-2026-07.27,60000,0,0
03073_15-02-2026-07.27,04007,25,26
03073_15-02-2026-07.27,04040,84,85
03073_15-02-2026-07.27,78400,128,130
03073_15-02-2026-07.27,04104,157,159
03073_15-02-2026-07.27,71801,199,215
03073_15-02-2026-07.27,79206,255,257
03073_15-02-2026-07.27,04307,272,272
0003I_15-02-2026-08.22,60000,0,0
0003I_15-02-2026-08.22,71801,157,157
03083_15-02-2026-08.27,60000,0,0
03083_15-02-2026-08.27,04040,78,79
03083_15-02-2026-08.27,71801,172,172
0003I_15-02-2026-08.50,60000,0,0
0003I_15-02-2026-08.50,71801,157,157
0002I_15-02-2026-09.22,60000,0,0
0002I_15-02-2026-09.22,04040,78,79
0002I_15-02-2026-09.22,71801,172,172
02561_15-02-2026-09.27,51003,0,0
02561_15-02-2026-09.27,50500,46,48
02561_15-02-2026-09.27,37300,94,96
02561_15-02-2026-09.27,37200,108,110
02561_15-02-2026-09.27,60000,176,207
02561_15-02-2026-09.27,04040,286,287
02561_15-02-2026-09.27,78400,332,334
02561_15-02-2026-09.27,04104,360,362
02561_15-02-2026-09.27,71801,401,409
02561_15-02-2026-09.27,79206,450,452
02561_15-02-2026-09.27,04307,467,467
0001I_15-02-2026-09.57,60000,0,0
0001I_15-02-2026-09.57,04040,80,81
0001I_15-02-2026-09.57,71801,172,172
0005O_15-02-2026-10.02,60000,0,0
0005O_15-02-2026-10.02,04040,80,83
0005O_15-02-2026-10.02,04104,139,139
0005O_15-02-2026-10.02,71801,182,182
03303_15-02-2026-10.27,60000,0,0
03303_15-02-2026-10.27,04040,80,81
03303_15-02-2026-10.27,71801,172,172
00605_15-02-2026-10.32,60000,0,0
00605_15-02-2026-10.32,04007,27,28
00605_15-02-2026-10.32,70600,74,75
00605_15-02-2026-10.32,81202,142,143
00605_15-02-2026-10.32,80108,175,176
00605_15-02-2026-10.32,80100,203,203
00533_15-02-2026-11.09,11511,0,0
00533_15-02-2026-11.09,11400,60,61
00533_15-02-2026-11.09,11300,87,88
00533_15-02-2026-11.09,80100,125,130
00533_15-02-2026-11.09,80108,156,157
00533_15-02-2026-11.09,81200,188,189
00533_15-02-2026-11.09,81202,205,206
00533_15-02-2026-11.09,04040,253,256
00533_15-02-2026-11.09,78400,305,307
00533_15-02-2026-11.09,04104,338,340
00533_15-02-2026-11.09,71801,376,376
0002I_15-02-2026-11.22,60000,0,0
0002I_15-02-2026-11.22,04040,78,79
0002I_15-02-2026-11.22,71801,172,172
03113_15-02-2026-11.27,60000,0,0
03113_15-02-2026-11.27,70600,58,59
03113_15-02-2026-11.27,04040,84,85
03113_15-02-2026-11.27,78400,128,130
03113_15-02-2026-11.27,04104,157,159
03113_15-02-2026-11.27,71801,199,199
0002I_15-02-2026-12.22,60000,0,0
0002I_15-02-2026-12.22,04040,78,79
0002I_15-02-2026-12.22,71801,172,172
02591_15-02-2026-12.27,51003,0,0
02591_15-02-2026-12.27,50500,41,43
02591_15-02-2026-12.27,60000,158,173
02591_15-02-2026-12.27,04040,251,252
02591_15-02-2026-12.27,78400,295,297
02591_15-02-2026-12.27,71801,370,380
02591_15-02-2026-12.27,79206,421,423
02591_15-02-2026-12.27,04307,438,438
03993_15-02-2026-12.37,54413,0,0
03943_15-02-2026-12.37,51003,0,0
03993_15-02-2026-12.37,02003,20,22
03993_15-02-2026-12.37,02002,35,37
03943_15-02-2026-12.37,50500,42,56
03993_15-02-2026-12.37,50500,63,71
03943_15-02-2026-12.37,37200,110,112
03993_15-02-2026-12.37,37200,125,127
03943_15-02-2026-12.37,04040,237,240
03993_15-02-2026-12.37,04040,252,255
03943_15-02-2026-12.37,78400,280,282
03993_15-02-2026-12.37,78400,295,297
03943_15-02-2026-12.37,04104,306,308
03993_15-02-2026-12.37,04104,321,323
03943_15-02-2026-12.37,71801,348,348
03993_15-02-2026-12.37,71801,363,363
09725_15-02-2026-13.15,60000,0,0
09725_15-02-2026-13.15,04007,26,28
09725_15-02-2026-13.15,04040,85,88
09725_15-02-2026-13.15,04104,142,144
09725_15-02-2026-13.15,71801,184,196
09725_15-02-2026-13.15,79206,237,240
09725_15-02-2026-13.15,04307,254,257
09725_15-02-2026-13.15,87374,280,290
09725_15-02-2026-13.15,87088,325,328
09725_15-02-2026-13.15,87173,390,399
09725_15-02-2026-13.15,87302,428,431
09725_15-02-2026-13.15,87814,457,460
09725_15-02-2026-13.15,87912,479,482
09725_15-02-2026-13.15,87089,495,495
34813_15-02-2026-13.37,78400,0,0
34813_15-02-2026-13.37,04104,27,29
34813_15-02-2026-13.37,71801,69,69
03141_15-02-2026-13.57,60000,0,0
03141_15-02-2026-13.57,71801,157,157
0001I_15-02-2026-14.02,60000,0,0
0001I_15-02-2026-14.02,04040,80,81
0001I_15-02-2026-14.02,71801,172,172
0002O_15-02-2026-14.12,60000,0,0
0002O_15-02-2026-14.12,71801,157,157
03143_15-02-2026-14.27,60000,0,0
03143_15-02-2026-14.27,70600,58,59
03143_15-02-2026-14.27,04040,84,85
03143_15-02-2026-14.27,71801,177,187
03143_15-02-2026-14.27,79206,233,236
03143_15-02-2026-14.27,04307,252,252
34823_15-02-2026-14.31,78400,0,0
34823_15-02-2026-14.31,71801,73,73
0005I_15-02-2026-14.42,60000,0,0
0005I_15-02-2026-14.42,04040,80,81
0005I_15-02-2026-14.42,71801,179,179
00609_15-02-2026-14.47,60000,0,0
00609_15-02-2026-14.47,04007,28,29
00609_15-02-2026-14.47,70600,82,83
00609_15-02-2026-14.47,81202,138,139
00609_15-02-2026-14.47,80108,171,172
00609_15-02-2026-14.47,80100,211,211
03305_15-02-2026-15.27,60000,0,0
03305_15-02-2026-15.27,70600,58,59
03305_15-02-2026-15.27,04040,83,84
03305_15-02-2026-15.27,78400,128,130
03305_15-02-2026-15.27,04104,156,158
03305_15-02-2026-15.27,71801,199,199
0003I_15-02-2026-15.52,60000,0,0
0003I_15-02-2026-15.52,71801,157,157
03161_15-02-2026-15.57,60000,0,0
03161_15-02-2026-15.57,71801,157,157
03363_15-02-2026-16.02,60000,0,0
03363_15-02-2026-16.02,04040,84,87
03363_15-02-2026-16.02,74200,128,128
03163_15-02-2026-16.27,60000,0,0
03163_15-02-2026-16.27,04040,78,79
03163_15-02-2026-16.27,71801,172,172
0003I_15-02-2026-16.37,60000,0,0
0003I_15-02-2026-16.37,71801,157,157
03171_15-02-2026-16.57,60000,0,0
03171_15-02-2026-16.57,71801,157,157
0002O_15-02-2026-17.17,60000,0,0
0002O_15-02-2026-17.17,71801,157,157
0002I_15-02-2026-17.22,60000,0,0
0002I_15-02-2026-17.22,04040,78,79
0002I_15-02-2026-17.22,71801,172,172
03373_15-02-2026-17.27,60000,0,0
03373_15-02-2026-17.27,04007,26,27
03373_15-02-2026-17.27,04040,84,85
03373_15-02-2026-17.27,78400,128,130
03373_15-02-2026-17.27,04104,157,159
03373_15-02-2026-17.27,71801,199,199
02553_15-02-2026-17.57,54413,0,0
02553_15-02-2026-17.57,50500,47,49
02553_15-02-2026-17.57,60000,165,181
02553_15-02-2026-17.57,71801,338,338
03183_15-02-2026-18.27,60000,0,0
03183_15-02-2026-18.27,04040,78,79
03183_15-02-2026-18.27,04104,137,139
03183_15-02-2026-18.27,71801,177,177
0003I_15-02-2026-18.32,60000,0,0
0003I_15-02-2026-18.32,71801,157,157
03191_15-02-2026-18.57,60000,0,0
03191_15-02-2026-18.57,71801,157,167
03191_15-02-2026-18.57,79206,208,210
03191_15-02-2026-18.57,04307,225,225
02861_15-02-2026-19.00,51003,0,0
02861_15-02-2026-19.00,50500,42,44
02861_15-02-2026-19.00,60000,159,188
02861_15-02-2026-19.00,04007,216,217
02861_15-02-2026-19.00,70600,256,257
02861_15-02-2026-19.00,04040,290,293
02861_15-02-2026-19.00,78200,327,328
02861_15-02-2026-19.00,74200,344,344
0002I_15-02-2026-19.29,60000,0,0
0002I_15-02-2026-19.29,04040,78,79
0002I_15-02-2026-19.29,71801,172,172
03309_15-02-2026-19.34,60000,0,0
03309_15-02-2026-19.34,04007,26,27
03309_15-02-2026-19.34,70600,62,63
03309_15-02-2026-19.34,04040,88,89
03309_15-02-2026-19.34,78400,132,134
03309_15-02-2026-19.34,04104,161,163
03309_15-02-2026-19.34,71801,201,211
03309_15-02-2026-19.34,79206,252,253
03309_15-02-2026-19.34,04307,268,268
00437_15-02-2026-19.52,13200,0,0
00437_15-02-2026-19.52,11200,110,112
00437_15-02-2026-19.52,81002,129,130
00437_15-02-2026-19.52,81100,173,175
00437_15-02-2026-19.52,81108,210,211
00437_15-02-2026-19.52,81200,232,235
00437_15-02-2026-19.52,81202,245,246
00437_15-02-2026-19.52,04040,287,290
00437_15-02-2026-19.52,78400,354,356
00437_15-02-2026-19.52,04104,388,390
00437_15-02-2026-19.52,71801,431,431
03931_15-02-2026-20.01,05000,0,0
03931_15-02-2026-20.01,02030,42,44
03931_15-02-2026-20.01,50500,84,88
03931_15-02-2026-20.01,04040,268,271
03931_15-02-2026-20.01,78400,318,320
03931_15-02-2026-20.01,04104,346,348
03931_15-02-2026-20.01,71801,388,388
03201_15-02-2026-20.05,60000,0,0
03201_15-02-2026-20.05,71801,157,157
0001O_15-02-2026-20.10,60000,0,0
0001O_15-02-2026-20.10,04040,76,79
0001O_15-02-2026-20.10,71801,173,173
03203_15-02-2026-20.27,60000,0,0
03203_15-02-2026-20.27,04007,25,26
03203_15-02-2026-20.27,70600,65,66
03203_15-02-2026-20.27,04040,90,91
03203_15-02-2026-20.27,78400,133,135
03203_15-02-2026-20.27,04104,160,162
03203_15-02-2026-20.27,71801,201,201
03941_15-02-2026-20.38,51003,0,0
03991_15-02-2026-20.38,54413,0,0
03991_15-02-2026-20.38,02003,20,22
03991_15-02-2026-20.38,02002,35,37
03941_15-02-2026-20.38,50500,42,52
03991_15-02-2026-20.38,50500,68,74
03941_15-02-2026-20.38,37300,103,105
03941_15-02-2026-20.38,37200,118,120
03991_15-02-2026-20.38,37300,125,127
03991_15-02-2026-20.38,37200,140,142
03941_15-02-2026-20.38,04040,259,261
03991_15-02-2026-20.38,04040,281,283
03941_15-02-2026-20.38,78400,303,305
03991_15-02-2026-20.38,78400,325,327
03941_15-02-2026-20.38,04104,334,336
03991_15-02-2026-20.38,04104,356,358
03941_15-02-2026-20.38,71801,378,378
03991_15-02-2026-20.38,71801,400,400
0003I_15-02-2026-20.56,60000,0,0
0003I_15-02-2026-20.56,71801,157,157
0003O_15-02-2026-21.02,60000,0,0
0003O_15-02-2026-21.02,04040,79,82
0003O_15-02-2026-21.02,71801,172,172
02883_15-02-2026-21.07,54413,0,0
02883_15-02-2026-21.07,50500,47,49
02883_15-02-2026-21.07,60000,164,190
02883_15-02-2026-21.07,04040,269,270
02883_15-02-2026-21.07,71801,362,362
0004I_16-02-2026-06.09,60000,0,0
0004I_16-02-2026-06.09,04040,79,80
0004I_16-02-2026-06.09,71801,171,171
03301_16-02-2026-06.16,60000,0,0
03301_16-02-2026-06.16,04104,125,127
03301_16-02-2026-06.16,71801,169,169
03063_16-02-2026-06.27,60000,0,0
03063_16-02-2026-06.27,70600,59,60
03063_16-02-2026-06.27,04040,85,86
03063_16-02-2026-06.27,71801,178,178
03071_16-02-2026-06.57,60000,0,0
03071_16-02-2026-06.57,71801,157,157
0004O_16-02-2026-07.02,60000,0,0
0004O_16-02-2026-07.02,04040,78,81
0004O_16-02-2026-07.02,71801,172,172
0003I_16-02-2026-07.22,60000,0,0
0003I_16-02-2026-07.22,71801,157,157
03073_16-02-2026-07.27,60000,0,0
03073_16-02-2026-07.27,04007,25,26
03073_16-02-2026-07.27,04040,84,85
03073_16-02-2026-07.27,78400,128,130
03073_16-02-2026-07.27,04104,157,159
03073_16-02-2026-07.27,71801,199,215
03073_16-02-2026-07.27,79206,255,257
03073_16-02-2026-07.27,04307,272,272
03081_16-02-2026-07.57,60000,0,0
03081_16-02-2026-07.57,71801,157,157
0003I_16-02-2026-08.22,60000,0,0
0003I_16-02-2026-08.22,71801,157,157
03083_16-02-2026-08.27,60000,0,0
03083_16-02-2026-08.27,04040,78,79
03083_16-02-2026-08.27,71801,172,172
0003I_16-02-2026-08.50,60000,0,0
0003I_16-02-2026-08.50,71801,157,157
03091_16-02-2026-08.57,60000,0,0
03091_16-02-2026-08.57,04104,124,126
03091_16-02-2026-08.57,71801,164,164
0002I_16-02-2026-09.22,60000,0,0
0002I_16-02-2026-09.22,04040,78,79
0002I_16-02-2026-09.22,71801,172,172
02561_16-02-2026-09.27,51003,0,0
02561_16-02-2026-09.27,50500,46,48
02561_16-02-2026-09.27,37300,94,96
02561_16-02-2026-09.27,37200,108,110
02561_16-02-2026-09.27,60000,176,207
02561_16-02-2026-09.27,04040,286,287
02561_16-02-2026-09.27,78400,332,334
02561_16-02-2026-09.27,04104,360,362
02561_16-02-2026-09.27,71801,401,409
02561_16-02-2026-09.27,79206,450,452
02561_16-02-2026-09.27,04307,467,467
0001I_16-02-2026-09.57,60000,0,0
0001I_16-02-2026-09.57,04040,80,81
0001I_16-02-2026-09.57,71801,172,172
0005O_16-02-2026-10.02,60000,0,0
0005O_16-02-2026-10.02,04040,80,83
0005O_16-02-2026-10.02,04104,139,139
0005O_16-02-2026-10.02,71801,182,182
03303_16-02-2026-10.27,60000,0,0
03303_16-02-2026-10.27,04040,80,81
03303_16-02-2026-10.27,71801,172,172
00605_16-02-2026-10.32,60000,0,0
00605_16-02-2026-10.32,04007,27,28
00605_16-02-2026-10.32,70600,74,75
00605_16-02-2026-10.32,81202,142,143
00605_16-02-2026-10.32,80108,175,176
00605_16-02-2026-10.32,80100,203,203
00533_16-02-2026-11.09,11511,0,0
00533_16-02-2026-11.09,11400,60,61
00533_16-02-2026-11.09,11300,87,88
00533_16-02-2026-11.09,80100,125,130
00533_16-02-2026-11.09,80108,156,157
00533_16-02-2026-11.09,81200,188,189
00533_16-02-2026-11.09,81202,205,206
00533_16-02-2026-11.09,04040,253,256
00533_16-02-2026-11.09,78400,305,307
00533_16-02-2026-11.09,04104,338,340
00533_16-02-2026-11.09,71801,376,376
0002I_16-02-2026-11.22,60000,0,0
0002I_16-02-2026-11.22,04040,78,79
0002I_16-02-2026-11.22,71801,172,172
03113_16-02-2026-11.27,60000,0,0
03113_16-02-2026-11.27,70600,58,59
03113_16-02-2026-11.27,04040,84,85
03113_16-02-2026-11.27,78400,128,130
03113_16-02-2026-11.27,04104,157,159
03113_16-02-2026-11.27,71801,199,199
34433_16-02-2026-12.00,78400,0,0
34433_16-02-2026-12.00,04104,31,33
34433_16-02-2026-12.00,71801,69,69
0002I_16-02-2026-12.22,60000,0,0
0002I_16-02-2026-12.22,04040,78,79
0002I_16-02-2026-12.22,71801,172,172
02591_16-02-2026-12.27,51003,0,0
02591_16-02-2026-12.27,50500,41,43
02591_16-02-2026-12.27,60000,158,173
02591_16-02-2026-12.27,04040,251,252
02591_16-02-2026-12.27,78400,295,297
02591_16-02-2026-12.27,71801,370,380
02591_16-02-2026-12.27,79206,421,423
02591_16-02-2026-12.27,04307,438,438
03993_16-02-2026-12.37,54413,0,0
03943_16-02-2026-12.37,51003,0,0
03993_16-02-2026-12.37,02003,20,22
03993_16-02-2026-12.37,02002,35,37
03943_16-02-2026-12.37,50500,42,56
03993_16-02-2026-12.37,50500,63,71
03943_16-02-2026-12.37,37200,110,112
03993_16-02-2026-12.37,37200,125,127
03943_16-02-2026-12.37,04040,237,240
03993_16-02-2026-12.37,04040,252,255
03943_16-02-2026-12.37,78400,280,282
03993_16-02-2026-12.37,78400,295,297
03943_16-02-2026-12.37,04104,306,308
03993_16-02-2026-12.37,04104,321,323
03943_16-02-2026-12.37,71801,348,348
03993_16-02-2026-12.37,71801,363,363
09725_16-02-2026-13.15,60000,0,0
09725_16-02-2026-13.15,04007,26,28
09725_16-02-2026-13.15,04040,85,88
09725_16-02-2026-13.15,04104,142,144
09725_16-02-2026-13.15,71801,184,196
09725_16-02-2026-13.15,79206,237,240
09725_16-02-2026-13.15,04307,254,257
09725_16-02-2026-13.15,87374,280,290
09725_16-02-2026-13.15,87088,325,328
09725_16-02-2026-13.15,87173,390,399
09725_16-02-2026-13.15,87302,428,431
09725_16-02-2026-13.15,87814,457,460
09725_16-02-2026-13.15,87912,479,482
09725_16-02-2026-13.15,87089,495,495
34813_16-02-2026-13.37,78400,0,0
34813_16-02-2026-13.37,04104,27,29
34813_16-02-2026-13.37,71801,69,69
03141_16-02-2026-13.57,60000,0,0
03141_16-02-2026-13.57,71801,157,157
0001I_16-02-2026-14.02,60000,0,0
0001I_16-02-2026-14.02,04040,80,81
0001I_16-02-2026-14.02,71801,172,172
0002O_16-02-2026-14.12,60000,0,0
0002O_16-02-2026-14.12,71801,157,157
03143_16-02-2026-14.27,60000,0,0
03143_16-02-2026-14.27,70600,58,59
03143_16-02-2026-14.27,04040,84,85
03143_16-02-2026-14.27,71801,177,187
03143_16-02-2026-14.27,79206,233,236
03143_16-02-2026-14.27,04307,252,252
34823_16-02-2026-14.31,78400,0,0
34823_16-02-2026-14.31,71801,73,73
0005I_16-02-2026-14.42,60000,0,0
0005I_16-02-2026-14.42,04040,80,81
0005I_16-02-2026-14.42,71801,179,179
00609_16-02-2026-14.47,60000,0,0
00609_16-02-2026-14.47,04007,28,29
00609_16-02-2026-14.47,70600,82,83
00609_16-02-2026-14.47,81202,138,139
00609_16-02-2026-14.47,80108,171,172
00609_16-02-2026-14.47,80100,211,211
03151_16-02-2026-14.57,60000,0,0
03151_16-02-2026-14.57,71801,157,157
03305_16-02-2026-15.27,60000,0,0
03305_16-02-2026-15.27,70600,58,59
03305_16-02-2026-15.27,04040,83,84
03305_16-02-2026-15.27,78400,128,130
03305_16-02-2026-15.27,04104,156,158
03305_16-02-2026-15.27,71801,199,199
0003I_16-02-2026-15.52,60000,0,0
0003I_16-02-2026-15.52,71801,157,157
03161_16-02-2026-15.57,60000,0,0
03161_16-02-2026-15.57,71801,157,157
03163_16-02-2026-16.27,60000,0,0
03163_16-02-2026-16.27,04040,78,79
03163_16-02-2026-16.27,71801,172,178
03163_16-02-2026-16.27,79206,227,229
03163_16-02-2026-16.27,04307,244,244
0003I_16-02-2026-16.37,60000,0,0
0003I_16-02-2026-16.37,71801,157,157
03171_16-02-2026-16.57,60000,0,0
03171_16-02-2026-16.57,71801,157,157
0002O_16-02-2026-17.17,60000,0,0
0002O_16-02-2026-17.17,71801,157,157
0002I_16-02-2026-17.22,60000,0,0
0002I_16-02-2026-17.22,04040,78,79
0002I_16-02-2026-17.22,71801,172,172
03173_16-02-2026-17.27,60000,0,0
03173_16-02-2026-17.27,04007,26,27
03173_16-02-2026-17.27,04040,84,85
03173_16-02-2026-17.27,78400,128,130
03173_16-02-2026-17.27,04104,157,159
03173_16-02-2026-17.27,71801,199,199
02553_16-02-2026-17.57,54413,0,0
02553_16-02-2026-17.57,50500,47,49
02553_16-02-2026-17.57,60000,165,181
02553_16-02-2026-17.57,71801,338,338
03183_16-02-2026-18.27,60000,0,0
03183_16-02-2026-18.27,04040,78,79
03183_16-02-2026-18.27,04104,137,139
03183_16-02-2026-18.27,71801,177,177
0003I_16-02-2026-18.32,60000,0,0
0003I_16-02-2026-18.32,71801,157,157
03191_16-02-2026-18.57,60000,0,0
03191_16-02-2026-18.57,71801,157,167
03191_16-02-2026-18.57,79206,208,210
03191_16-02-2026-18.57,04307,225,225
02861_16-02-2026-19.00,51003,0,0
02861_16-02-2026-19.00,50500,42,44
02861_16-02-2026-19.00,60000,159,188
02861_16-02-2026-19.00,04007,216,217
02861_16-02-2026-19.00,70600,256,257
02861_16-02-2026-19.00,04040,290,293
02861_16-02-2026-19.00,78200,327,328
02861_16-02-2026-19.00,74200,344,344
0002I_16-02-2026-19.29,60000,0,0
0002I_16-02-2026-19.29,04040,78,79
0002I_16-02-2026-19.29,71801,172,172
03309_16-02-2026-19.34,60000,0,0
03309_16-02-2026-19.34,04007,26,27
03309_16-02-2026-19.34,70600,62,63
03309_16-02-2026-19.34,04040,88,89
03309_16-02-2026-19.34,78400,132,134
03309_16-02-2026-19.34,04104,161,163
03309_16-02-2026-19.34,71801,201,211
03309_16-02-2026-19.34,79206,252,253
03309_16-02-2026-19.34,04307,268,268
00437_16-02-2026-19.52,13200,0,0
00437_16-02-2026-19.52,11200,110,112
00437_16-02-2026-19.52,81002,129,130
00437_16-02-2026-19.52,81100,173,175
00437_16-02-2026-19.52,81108,210,211
00437_16-02-2026-19.52,81200,232,235
00437_16-02-2026-19.52,81202,245,246
00437_16-02-2026-19.52,04040,287,290
00437_16-02-2026-19.52,78400,354,356
00437_16-02-2026-19.52,04104,388,390
00437_16-02-2026-19.52,71801,431,431
03931_16-02-2026-20.01,05000,0,0
03931_16-02-2026-20.01,02030,42,44
03931_16-02-2026-20.01,50500,84,88
03931_16-02-2026-20.01,04040,268,271
03931_16-02-2026-20.01,78400,318,320
03931_16-02-2026-20.01,04104,346,348
03931_16-02-2026-20.01,71801,388,388
0001O_16-02-2026-20.10,60000,0,0
0001O_16-02-2026-20.10,04040,76,79
0001O_16-02-2026-20.10,71801,173,173
03203_16-02-2026-20.27,60000,0,0
03203_16-02-2026-20.27,04007,25,26
03203_16-02-2026-20.27,70600,65,66
03203_16-02-2026-20.27,04040,90,91
03203_16-02-2026-20.27,78400,133,135
03203_16-02-2026-20.27,04104,160,162
03203_16-02-2026-20.27,71801,201,201
03991_16-02-2026-20.38,54413,0,0
03941_16-02-2026-20.38,51003,0,0
03991_16-02-2026-20.38,02003,20,22
03991_16-02-2026-20.38,02002,35,37
03941_16-02-2026-20.38,50500,42,52
03991_16-02-2026-20.38,50500,68,74
03941_16-02-2026-20.38,37300,103,105
03941_16-02-2026-20.38,37200,118,120
03991_16-02-2026-20.38,37300,125,127
03991_16-02-2026-20.38,37200,140,142
03941_16-02-2026-20.38,04040,259,261
03991_16-02-2026-20.38,04040,281,283
03941_16-02-2026-20.38,78400,303,305
03991_16-02-2026-20.38,78400,325,327
03941_16-02-2026-20.38,04104,334,336
03991_16-02-2026-20.38,04104,356,358
03941_16-02-2026-20.38,71801,378,378
03991_16-02-2026-20.38,71801,400,400
0003O_16-02-2026-21.02,60000,0,0
0003O_16-02-2026-21.02,04040,79,82
0003O_16-02-2026-21.02,71801,172,172
0004I_17-02-2026-06.09,60000,0,0
0004I_17-02-2026-06.09,04040,79,80
0004I_17-02-2026-06.09,71801,171,171
03301_17-02-2026-06.16,60000,0,0
03301_17-02-2026-06.16,04104,125,127
03301_17-02-2026-06.16,71801,169,169
03063_17-02-2026-06.27,60000,0,0
03063_17-02-2026-06.27,70600,59,60
03063_17-02-2026-06.27,04040,85,86
03063_17-02-2026-06.27,71801,178,178
03071_17-02-2026-06.57,60000,0,0
03071_17-02-2026-06.57,71801,157,157
0004O_17-02-2026-07.02,60000,0,0
0004O_17-02-2026-07.02,04040,78,81
0004O_17-02-2026-07.02,71801,172,172
0003I_17-02-2026-07.22,60000,0,0
0003I_17-02-2026-07.22,71801,157,157
03073_17-02-2026-07.27,60000,0,0
03073_17-02-2026-07.27,04007,25,26
03073_17-02-2026-07.27,04040,84,85
03073_17-02-2026-07.27,78400,128,130
03073_17-02-2026-07.27,04104,157,159
03073_17-02-2026-07.27,71801,199,215
03073_17-02-2026-07.27,79206,255,257
03073_17-02-2026-07.27,04307,272,272
03081_17-02-2026-07.57,60000,0,0
03081_17-02-2026-07.57,71801,157,157
0003I_17-02-2026-08.22,60000,0,0
0003I_17-02-2026-08.22,71801,157,157
03083_17-02-2026-08.27,60000,0,0
03083_17-02-2026-08.27,04040,78,79
03083_17-02-2026-08.27,71801,172,172
0003I_17-02-2026-08.50,60000,0,0
0003I_17-02-2026-08.50,71801,157,157
03091_17-02-2026-08.57,60000,0,0
03091_17-02-2026-08.57,04104,124,126
03091_17-02-2026-08.57,71801,164,164
0002I_17-02-2026-09.22,60000,0,0
0002I_17-02-2026-09.22,04040,78,79
0002I_17-02-2026-09.22,71801,172,172
02561_17-02-2026-09.27,51003,0,0
02561_17-02-2026-09.27,50500,46,48
02561_17-02-2026-09.27,37300,94,96
02561_17-02-2026-09.27,37200,108,110
02561_17-02-2026-09.27,60000,176,207
02561_17-02-2026-09.27,04040,286,287
02561_17-02-2026-09.27,78400,332,334
02561_17-02-2026-09.27,04104,360,362
02561_17-02-2026-09.27,71801,401,409
02561_17-02-2026-09.27,79206,450,452
02561_17-02-2026-09.27,04307,467,467
0001I_17-02-2026-09.57,60000,0,0
0001I_17-02-2026-09.57,04040,80,81
0001I_17-02-2026-09.57,71801,172,172
0005O_17-02-2026-10.02,60000,0,0
0005O_17-02-2026-10.02,04040,80,83
0005O_17-02-2026-10.02,04104,139,139
0005O_17-02-2026-10.02,71801,182,182
03303_17-02-2026-10.27,60000,0,0
03303_17-02-2026-10.27,04040,80,81
03303_17-02-2026-10.27,71801,172,172
00605_17-02-2026-10.32,60000,0,0
00605_17-02-2026-10.32,04007,27,28
00605_17-02-2026-10.32,70600,74,75
00605_17-02-2026-10.32,81202,142,143
00605_17-02-2026-10.32,80108,175,176
00605_17-02-2026-10.32,80100,203,203
00533_17-02-2026-11.09,11511,0,0
00533_17-02-2026-11.09,11400,60,61
00533_17-02-2026-11.09,11300,87,88
00533_17-02-2026-11.09,80100,125,130
00533_17-02-2026-11.09,80108,156,157
00533_17-02-2026-11.09,81200,188,189
00533_17-02-2026-11.09,81202,205,206
00533_17-02-2026-11.09,04040,253,256
00533_17-02-2026-11.09,78400,305,307
00533_17-02-2026-11.09,04104,338,340
00533_17-02-2026-11.09,71801,376,376
0002I_17-02-2026-11.22,60000,0,0
0002I_17-02-2026-11.22,04040,78,79
0002I_17-02-2026-11.22,71801,172,172
03113_17-02-2026-11.27,60000,0,0
03113_17-02-2026-11.27,70600,58,59
03113_17-02-2026-11.27,04040,84,85
03113_17-02-2026-11.27,78400,128,130
03113_17-02-2026-11.27,04104,157,159
03113_17-02-2026-11.27,71801,199,199
34433_17-02-2026-12.00,78400,0,0
34433_17-02-2026-12.00,04104,31,33
34433_17-02-2026-12.00,71801,69,69
0002I_17-02-2026-12.22,60000,0,0
0002I_17-02-2026-12.22,04040,78,79
0002I_17-02-2026-12.22,71801,172,172
02591_17-02-2026-12.27,51003,0,0
02591_17-02-2026-12.27,50500,41,43
02591_17-02-2026-12.27,60000,158,173
02591_17-02-2026-12.27,04040,251,252
02591_17-02-2026-12.27,78400,295,297
02591_17-02-2026-12.27,71801,370,380
02591_17-02-2026-12.27,79206,421,423
02591_17-02-2026-12.27,04307,438,438
03993_17-02-2026-12.37,54413,0,0
03943_17-02-2026-12.37,51003,0,0
03993_17-02-2026-12.37,02003,20,22
03993_17-02-2026-12.37,02002,35,37
03943_17-02-2026-12.37,50500,42,56
03993_17-02-2026-12.37,50500,63,71
03943_17-02-2026-12.37,37200,110,112
03993_17-02-2026-12.37,37200,125,127
03943_17-02-2026-12.37,04040,237,240
03993_17-02-2026-12.37,04040,252,255
03943_17-02-2026-12.37,78400,280,282
03993_17-02-2026-12.37,78400,295,297
03943_17-02-2026-12.37,04104,306,308
03993_17-02-2026-12.37,04104,321,323
03943_17-02-2026-12.37,71801,348,348
03993_17-02-2026-12.37,71801,363,363
09725_17-02-2026-13.15,60000,0,0
09725_17-02-2026-13.15,04007,26,28
09725_17-02-2026-13.15,04040,85,88
09725_17-02-2026-13.15,04104,142,144
09725_17-02-2026-13.15,71801,184,196
09725_17-02-2026-13.15,79206,237,240
09725_17-02-2026-13.15,04307,254,257
09725_17-02-2026-13.15,87374,280,290
09725_17-02-2026-13.15,87088,325,328
09725_17-02-2026-13.15,87173,390,399
09725_17-02-2026-13.15,87302,428,431
09725_17-02-2026-13.15,87814,457,460
09725_17-02-2026-13.15,87912,479,482
09725_17-02-2026-13.15,87089,495,495
34813_17-02-2026-13.37,78400,0,0
34813_17-02-2026-13.37,04104,27,29
34813_17-02-2026-13.37,71801,69,69
03141_17-02-2026-13.57,60000,0,0
03141_17-02-2026-13.57,71801,157,157
0001I_17-02-2026-14.02,60000,0,0
0001I_17-02-2026-14.02,04040,80,81
0001I_17-02-2026-14.02,71801,172,172
0002O_17-02-2026-14.12,60000,0,0
0002O_17-02-2026-14.12,71801,157,157
03143_17-02-2026-14.27,60000,0,0
03143_17-02-2026-14.27,70600,58,59
03143_17-02-2026-14.27,04040,84,85
03143_17-02-2026-14.27,71801,177,187
03143_17-02-2026-14.27,79206,233,236
03143_17-02-2026-14.27,04307,252,252
34823_17-02-2026-14.31,78400,0,0
34823_17-02-2026-14.31,71801,73,73
0005I_17-02-2026-14.42,60000,0,0
0005I_17-02-2026-14.42,04040,80,81
0005I_17-02-2026-14.42,71801,179,179
00609_17-02-2026-14.47,60000,0,0
00609_17-02-2026-14.47,04007,28,29
00609_17-02-2026-14.47,70600,82,83
00609_17-02-2026-14.47,81202,138,139
00609_17-02-2026-14.47,80108,171,172
00609_17-02-2026-14.47,80100,211,211
03151_17-02-2026-14.57,60000,0,0
03151_17-02-2026-14.57,71801,157,157
03305_17-02-2026-15.27,60000,0,0
03305_17-02-2026-15.27,70600,58,59
03305_17-02-2026-15.27,04040,83,84
03305_17-02-2026-15.27,78400,128,130
03305_17-02-2026-15.27,04104,156,158
03305_17-02-2026-15.27,71801,199,199
0003I_17-02-2026-15.52,60000,0,0
0003I_17-02-2026-15.52,71801,157,157
03161_17-02-2026-15.57,60000,0,0
03161_17-02-2026-15.57,71801,157,157
03163_17-02-2026-16.27,60000,0,0
03163_17-02-2026-16.27,04040,78,79
03163_17-02-2026-16.27,71801,172,178
03163_17-02-2026-16.27,79206,227,229
03163_17-02-2026-16.27,04307,244,244
0003I_17-02-2026-16.37,60000,0,0
0003I_17-02-2026-16.37,71801,157,157
03171_17-02-2026-16.57,60000,0,0
03171_17-02-2026-16.57,71801,157,157
0002O_17-02-2026-17.17,60000,0,0
0002O_17-02-2026-17.17,71801,157,157
0002I_17-02-2026-17.22,60000,0,0
0002I_17-02-2026-17.22,04040,78,79
0002I_17-02-2026-17.22,71801,172,172
03173_17-02-2026-17.27,60000,0,0
03173_17-02-2026-17.27,04007,26,27
03173_17-02-2026-17.27,04040,84,85
03173_17-02-2026-17.27,78400,128,130
03173_17-02-2026-17.27,04104,157,159
03173_17-02-2026-17.27,71801,199,199
02553_17-02-2026-17.57,54413,0,0
02553_17-02-2026-17.57,50500,47,49
02553_17-02-2026-17.57,60000,165,181
02553_17-02-2026-17.57,71801,338,338
03183_17-02-2026-18.27,60000,0,0
03183_17-02-2026-18.27,04040,78,79
03183_17-02-2026-18.27,04104,137,139
03183_17-02-2026-18.27,71801,177,177
0003I_17-02-2026-18.32,60000,0,0
0003I_17-02-2026-18.32,71801,157,157
03191_17-02-2026-18.57,60000,0,0
03191_17-02-2026-18.57,71801,157,167
03191_17-02-2026-18.57,79206,208,210
03191_17-02-2026-18.57,04307,225,225
02861_17-02-2026-19.00,51003,0,0
02861_17-02-2026-19.00,50500,42,44
02861_17-02-2026-19.00,60000,159,188
02861_17-02-2026-19.00,04007,216,217
02861_17-02-2026-19.00,70600,256,257
02861_17-02-2026-19.00,04040,290,293
02861_17-02-2026-19.00,78200,327,328
02861_17-02-2026-19.00,74200,344,344
0002I_17-02-2026-19.29,60000,0,0
0002I_17-02-2026-19.29,04040,78,79
0002I_17-02-2026-19.29,71801,172,172
03309_17-02-2026-19.34,60000,0,0
03309_17-02-2026-19.34,04007,26,27
03309_17-02-2026-19.34,70600,62,63
03309_17-02-2026-19.34,04040,88,89
03309_17-02-2026-19.34,78400,132,134
03309_17-02-2026-19.34,04104,161,163
03309_17-02-2026-19.34,71801,201,211
03309_17-02-2026-19.34,79206,252,253
03309_17-02-2026-19.34,04307,268,268
00437_17-02-2026-19.52,13200,0,0
00437_17-02-2026-19.52,11200,110,112
00437_17-02-2026-19.52,81002,129,130
00437_17-02-2026-19.52,81100,173,175
00437_17-02-2026-19.52,81108,210,211
00437_17-02-2026-19.52,81200,232,235
00437_17-02-2026-19.52,81202,245,246
00437_17-02-2026-19.52,04040,287,290
00437_17-02-2026-19.52,78400,354,356
00437_17-02-2026-19.52,04104,388,390
00437_17-02-2026-19.52,71801,431,431
03931_17-02-2026-20.01,05000,0,0
03931_17-02-2026-20.01,02030,42,44
03931_17-02-2026-20.01,50500,84,88
03931_17-02-2026-20.01,04040,268,271
03931_17-02-2026-20.01,78400,318,320
03931_17-02-2026-20.01,04104,346,348
03931_17-02-2026-20.01,71801,388,388
0001O_17-02-2026-20.10,60000,0,0
0001O_17-02-2026-20.10,04040,76,79
0001O_17-02-2026-20.10,71801,173,173
03203_17-02-2026-20.27,60000,0,0
03203_17-02-2026-20.27,04007,25,26
03203_17-02-2026-20.27,70600,65,66
03203_17-02-2026-20.27,04040,90,91
03203_17-02-2026-20.27,78400,133,135
03203_17-02-2026-20.27,04104,160,162
03203_17-02-2026-20.27,71801,201,201
03991_17-02-2026-20.38,54413,0,0
03941_17-02-2026-20.38,51003,0,0
03991_17-02-2026-20.38,02003,20,22
03991_17-02-2026-20.38,02002,35,37
03941_17-02-2026-20.38,50500,42,52
03991_17-02-2026-20.38,50500,68,74
03941_17-02-2026-20.38,37300,103,105
03941_17-02-2026-20.38,37200,118,120
03991_17-02-2026-20.38,37300,125,127
03991_17-02-2026-20.38,37200,140,142
03941_17-02-2026-20.38,04040,259,261
03991_17-02-2026-20.38,04040,281,283
03941_17-02-2026-20.38,78400,303,305
03991_17-02-2026-20.38,78400,325,327
03941_17-02-2026-20.38,04104,334,336
03991_17-02-2026-20.38,04104,356,358
03941_17-02-2026-20.38,71801,378,378
03991_17-02-2026-20.38,71801,400,400
0003O_17-02-2026-21.02,60000,0,0
0003O_17-02-2026-21.02,04040,79,82
0003O_17-02-2026-21.02,71801,172,172
0004I_18-02-2026-06.09,60000,0,0
0004I_18-02-2026-06.09,04040,79,80
0004I_18-02-2026-06.09,71801,171,171
03301_18-02-2026-06.16,60000,0,0
03301_18-02-2026-06.16,04104,125,127
03301_18-02-2026-06.16,71801,169,169
03063_18-02-2026-06.27,60000,0,0
03063_18-02-2026-06.27,70600,59,60
03063_18-02-2026-06.27,04040,85,86
03063_18-02-2026-06.27,71801,178,178
03071_18-02-2026-06.57,60000,0,0
03071_18-02-2026-06.57,71801,157,157
0004O_18-02-2026-07.02,60000,0,0
0004O_18-02-2026-07.02,04040,78,81
0004O_18-02-2026-07.02,71801,172,172
0003I_18-02-2026-07.22,60000,0,0
0003I_18-02-2026-07.22,71801,157,157
03073_18-02-2026-07.27,60000,0,0
03073_18-02-2026-07.27,04007,25,26
03073_18-02-2026-07.27,04040,84,85
03073_18-02-2026-07.27,78400,128,130
03073_18-02-2026-07.27,04104,157,159
03073_18-02-2026-07.27,71801,199,215
03073_18-02-2026-07.27,79206,255,257
03073_18-02-2026-07.27,04307,272,272
03081_18-02-2026-07.57,60000,0,0
03081_18-02-2026-07.57,71801,157,157
0003I_18-02-2026-08.22,60000,0,0
0003I_18-02-2026-08.22,71801,157,157
03083_18-02-2026-08.27,60000,0,0
03083_18-02-2026-08.27,04040,78,79
03083_18-02-2026-08.27,71801,172,172
0003I_18-02-2026-08.50,60000,0,0
0003I_18-02-2026-08.50,71801,157,157
03091_18-02-2026-08.57,60000,0,0
03091_18-02-2026-08.57,04104,124,126
03091_18-02-2026-08.57,71801,164,164
0002I_18-02-2026-09.22,60000,0,0
0002I_18-02-2026-09.22,04040,78,79
0002I_18-02-2026-09.22,71801,172,172
02561_18-02-2026-09.27,51003,0,0
02561_18-02-2026-09.27,50500,46,48
02561_18-02-2026-09.27,37300,94,96
02561_18-02-2026-09.27,37200,108,110
02561_18-02-2026-09.27,60000,176,207
02561_18-02-2026-09.27,04040,286,287
02561_18-02-2026-09.27,78400,332,334
02561_18-02-2026-09.27,04104,360,362
02561_18-02-2026-09.27,71801,401,409
02561_18-02-2026-09.27,79206,450,452
02561_18-02-2026-09.27,04307,467,467
0001I_18-02-2026-09.57,60000,0,0
0001I_18-02-2026-09.57,04040,80,81
0001I_18-02-2026-09.57,71801,172,172
0005O_18-02-2026-10.02,60000,0,0
0005O_18-02-2026-10.02,04040,80,83
0005O_18-02-2026-10.02,04104,139,139
0005O_18-02-2026-10.02,71801,182,182
03303_18-02-2026-10.27,60000,0,0
03303_18-02-2026-10.27,04040,80,81
03303_18-02-2026-10.27,71801,172,172
00605_18-02-2026-10.32,60000,0,0
00605_18-02-2026-10.32,04007,27,28
00605_18-02-2026-10.32,70600,74,75
00605_18-02-2026-10.32,81202,142,143
00605_18-02-2026-10.32,80108,175,176
00605_18-02-2026-10.32,80100,203,203
00533_18-02-2026-11.09,11511,0,0
00533_18-02-2026-11.09,11400,60,61
00533_18-02-2026-11.09,11300,87,88
00533_18-02-2026-11.09,80100,125,130
00533_18-02-2026-11.09,80108,156,157
00533_18-02-2026-11.09,81200,188,189
00533_18-02-2026-11.09,81202,205,206
00533_18-02-2026-11.09,04040,253,256
00533_18-02-2026-11.09,78400,305,307
00533_18-02-2026-11.09,04104,338,340
00533_18-02-2026-11.09,71801,376,376
0002I_18-02-2026-11.22,60000,0,0
0002I_18-02-2026-11.22,04040,78,79
0002I_18-02-2026-11.22,71801,172,172
03113_18-02-2026-11.27,60000,0,0
03113_18-02-2026-11.27,70600,58,59
03113_18-02-2026-11.27,04040,84,85
03113_18-02-2026-11.27,78400,128,130
03113_18-02-2026-11.27,04104,157,159
03113_18-02-2026-11.27,71801,199,199
34433_18-02-2026-12.00,78400,0,0
34433_18-02-2026-12.00,04104,31,33
34433_18-02-2026-12.00,71801,69,69
0002I_18-02-2026-12.22,60000,0,0
0002I_18-02-2026-12.22,04040,78,79
0002I_18-02-2026-12.22,71801,172,172
02591_18-02-2026-12.27,51003,0,0
02591_18-02-2026-12.27,50500,41,43
02591_18-02-2026-12.27,60000,158,173
02591_18-02-2026-12.27,04040,251,252
02591_18-02-2026-12.27,78400,295,297
02591_18-02-2026-12.27,71801,370,380
02591_18-02-2026-12.27,79206,421,423
02591_18-02-2026-12.27,04307,438,438
03993_18-02-2026-12.37,54413,0,0
03943_18-02-2026-12.37,51003,0,0
03993_18-02-2026-12.37,02003,20,22
03993_18-02-2026-12.37,02002,35,37
03943_18-02-2026-12.37,50500,42,56
03993_18-02-2026-12.37,50500,63,71
03943_18-02-2026-12.37,37200,110,112
03993_18-02-2026-12.37,37200,125,127
03943_18-02-2026-12.37,04040,237,240
03993_18-02-2026-12.37,04040,252,255
03943_18-02-2026-12.37,78400,280,282
03993_18-02-2026-12.37,78400,295,297
03943_18-02-2026-12.37,04104,306,308
03993_18-02-2026-12.37,04104,321,323
03943_18-02-2026-12.37,71801,348,348
03993_18-02-2026-12.37,71801,363,363
09725_18-02-2026-13.15,60000,0,0
09725_18-02-2026-13.15,04007,26,28
09725_18-02-2026-13.15,04040,85,88
09725_18-02-2026-13.15,04104,142,144
09725_18-02-2026-13.15,71801,184,196
09725_18-02-2026-13.15,79206,237,240
09725_18-02-2026-13.15,04307,254,257
09725_18-02-2026-13.15,87374,280,290
09725_18-02-2026-13.15,87088,325,328
09725_18-02-2026-13.15,87173,390,399
09725_18-02-2026-13.15,87302,428,431
09725_18-02-2026-13.15,87814,457,460
09725_18-02-2026-13.15,87912,479,482
09725_18-02-2026-13.15,87089,495,495
34813_18-02-2026-13.37,78400,0,0
34813_18-02-2026-13.37,04104,27,29
34813_18-02-2026-13.37,71801,69,69
03141_18-02-2026-13.57,60000,0,0
03141_18-02-2026-13.57,71801,157,157
0001I_18-02-2026-14.02,60000,0,0
0001I_18-02-2026-14.02,04040,80,81
0001I_18-02-2026-14.02,71801,172,172
0002O_18-02-2026-14.12,60000,0,0
0002O_18-02-2026-14.12,71801,157,157
03143_18-02-2026-14.27,60000,0,0
03143_18-02-2026-14.27,70600,58,59
03143_18-02-2026-14.27,04040,84,85
03143_18-02-2026-14.27,71801,177,187
03143_18-02-2026-14.27,79206,233,236
03143_18-02-2026-14.27,04307,252,252
34823_18-02-2026-14.31,78400,0,0
34823_18-02-2026-14.31,71801,73,73
0005I_18-02-2026-14.42,60000,0,0
0005I_18-02-2026-14.42,04040,80,81
0005I_18-02-2026-14.42,71801,179,179
00609_18-02-2026-14.47,60000,0,0
00609_18-02-2026-14.47,04007,28,29
00609_18-02-2026-14.47,70600,82,83
00609_18-02-2026-14.47,81202,138,139
00609_18-02-2026-14.47,80108,171,172
00609_18-02-2026-14.47,80100,211,211
03151_18-02-2026-14.57,60000,0,0
03151_18-02-2026-14.57,71801,157,157
03305_18-02-2026-15.27,60000,0,0
03305_18-02-2026-15.27,70600,58,59
03305_18-02-2026-15.27,04040,83,84
03305_18-02-2026-15.27,78400,128,130
03305_18-02-2026-15.27,04104,156,158
03305_18-02-2026-15.27,71801,199,199
0003I_18-02-2026-15.52,60000,0,0
0003I_18-02-2026-15.52,71801,157,157
03161_18-02-2026-15.57,60000,0,0
03161_18-02-2026-15.57,71801,157,157
03163_18-02-2026-16.27,60000,0,0
03163_18-02-2026-16.27,04040,78,79
03163_18-02-2026-16.27,71801,172,178
03163_18-02-2026-16.27,79206,227,229
03163_18-02-2026-16.27,04307,244,244
0003I_18-02-2026-16.37,60000,0,0
0003I_18-02-2026-16.37,71801,157,157
03171_18-02-2026-16.57,60000,0,0
03171_18-02-2026-16.57,71801,157,157
0002O_18-02-2026-17.17,60000,0,0
0002O_18-02-2026-17.17,71801,157,157
0002I_18-02-2026-17.22,60000,0,0
0002I_18-02-2026-17.22,04040,78,79
0002I_18-02-2026-17.22,71801,172,172
03173_18-02-2026-17.27,60000,0,0
03173_18-02-2026-17.27,04007,26,27
03173_18-02-2026-17.27,04040,84,85
03173_18-02-2026-17.27,78400,128,130
03173_18-02-2026-17.27,04104,157,159
03173_18-02-2026-17.27,71801,199,199
02553_18-02-2026-17.57,54413,0,0
02553_18-02-2026-17.57,50500,47,49
02553_18-02-2026-17.57,60000,165,181
02553_18-02-2026-17.57,71801,338,338
03183_18-02-2026-18.27,60000,0,0
03183_18-02-2026-18.27,04040,78,79
03183_18-02-2026-18.27,04104,137,139
03183_18-02-2026-18.27,71801,177,177
0003I_18-02-2026-18.32,60000,0,0
0003I_18-02-2026-18.32,71801,157,157
03191_18-02-2026-18.57,60000,0,0
03191_18-02-2026-18.57,71801,157,167
03191_18-02-2026-18.57,79206,208,210
03191_18-02-2026-18.57,04307,225,225
02861_18-02-2026-19.00,51003,0,0
02861_18-02-2026-19.00,50500,42,44
02861_18-02-2026-19.00,60000,159,188
02861_18-02-2026-19.00,04007,216,217
02861_18-02-2026-19.00,70600,256,257
02861_18-02-2026-19.00,04040,290,293
02861_18-02-2026-19.00,78200,327,328
02861_18-02-2026-19.00,74200,344,344
0002I_18-02-2026-19.29,60000,0,0
0002I_18-02-2026-19.29,04040,78,79
0002I_18-02-2026-19.29,71801,172,172
03309_18-02-2026-19.34,60000,0,0
03309_18-02-2026-19.34,04007,26,27
03309_18-02-2026-19.34,70600,62,63
03309_18-02-2026-19.34,04040,88,89
03309_18-02-2026-19.34,78400,132,134
03309_18-02-2026-19.34,04104,161,163
03309_18-02-2026-19.34,71801,201,211
03309_18-02-2026-19.34,79206,252,253
03309_18-02-2026-19.34,04307,268,268
00437_18-02-2026-19.52,13200,0,0
00437_18-02-2026-19.52,11200,110,112
00437_18-02-2026-19.52,81002,129,130
00437_18-02-2026-19.52,81100,173,175
00437_18-02-2026-19.52,81108,210,211
00437_18-02-2026-19.52,81200,232,235
00437_18-02-2026-19.52,81202,245,246
00437_18-02-2026-19.52,04040,287,290
00437_18-02-2026-19.52,78400,354,356
00437_18-02-2026-19.52,04104,388,390
00437_18-02-2026-19.52,71801,431,431
03931_18-02-2026-20.01,05000,0,0
03931_18-02-2026-20.01,02030,42,44
03931_18-02-2026-20.01,50500,84,88
03931_18-02-2026-20.01,04040,268,271
03931_18-02-2026-20.01,78400,318,320
03931_18-02-2026-20.01,04104,346,348
03931_18-02-2026-20.01,71801,388,388
03201_18-02-2026-20.05,60000,0,0
03201_18-02-2026-20.05,71801,157,157
0001O_18-02-2026-20.10,60000,0,0
0001O_18-02-2026-20.10,04040,76,79
0001O_18-02-2026-20.10,71801,173,173
03203_18-02-2026-20.27,60000,0,0
03203_18-02-2026-20.27,04007,25,26
03203_18-02-2026-20.27,70600,65,66
03203_18-02-2026-20.27,04040,90,91
03203_18-02-2026-20.27,78400,133,135
03203_18-02-2026-20.27,04104,160,162
03203_18-02-2026-20.27,71801,201,201
03991_18-02-2026-20.38,54413,0,0
03941_18-02-2026-20.38,51003,0,0
03991_18-02-2026-20.38,02003,20,22
03991_18-02-2026-20.38,02002,35,37
03941_18-02-2026-20.38,50500,42,52
03991_18-02-2026-20.38,50500,68,74
03941_18-02-2026-20.38,37300,103,105
03941_18-02-2026-20.38,37200,118,120
03991_18-02-2026-20.38,37300,125,127
03991_18-02-2026-20.38,37200,140,142
03941_18-02-2026-20.38,04040,259,261
03991_18-02-2026-20.38,04040,281,283
03941_18-02-2026-20.38,78400,303,305
03991_18-02-2026-20.38,78400,325,327
03941_18-02-2026-20.38,04104,334,336
03991_18-02-2026-20.38,04104,356,358
03941_18-02-2026-20.38,71801,378,378
03991_18-02-2026-20.38,71801,400,400
0003O_18-02-2026-21.02,60000,0,0
0003O_18-02-2026-21.02,04040,79,82
0003O_18-02-2026-21.02,71801,172,172
02883_18-02-2026-21.07,54413,0,0
02883_18-02-2026-21.07,50500,47,49
02883_18-02-2026-21.07,60000,164,190
02883_18-02-2026-21.07,04040,269,270
02883_18-02-2026-21.07,71801,362,362
0004I_19-02-2026-06.09,60000,0,0
0004I_19-02-2026-06.09,04040,79,80
0004I_19-02-2026-06.09,71801,171,171
03301_19-02-2026-06.16,60000,0,0
03301_19-02-2026-06.16,04104,125,127
03301_19-02-2026-06.16,71801,169,169
03063_19-02-2026-06.27,60000,0,0
03063_19-02-2026-06.27,70600,59,60
03063_19-02-2026-06.27,04040,85,86
03063_19-02-2026-06.27,71801,178,178
03071_19-02-2026-06.57,60000,0,0
03071_19-02-2026-06.57,71801,157,157
0004O_19-02-2026-07.02,60000,0,0
0004O_19-02-2026-07.02,04040,78,81
0004O_19-02-2026-07.02,71801,172,172
0003I_19-02-2026-07.22,60000,0,0
0003I_19-02-2026-07.22,71801,157,157
03073_19-02-2026-07.27,60000,0,0
03073_19-02-2026-07.27,04007,25,26
03073_19-02-2026-07.27,04040,84,85
03073_19-02-2026-07.27,78400,128,130
03073_19-02-2026-07.27,04104,157,159
03073_19-02-2026-07.27,71801,199,215
03073_19-02-2026-07.27,79206,255,257
03073_19-02-2026-07.27,04307,272,272
03081_19-02-2026-07.57,60000,0,0
03081_19-02-2026-07.57,71801,157,157
0003I_19-02-2026-08.22,60000,0,0
0003I_19-02-2026-08.22,71801,157,157
03083_19-02-2026-08.27,60000,0,0
03083_19-02-2026-08.27,04040,78,79
03083_19-02-2026-08.27,71801,172,172
0003I_19-02-2026-08.50,60000,0,0
0003I_19-02-2026-08.50,71801,157,157
03091_19-02-2026-08.57,60000,0,0
03091_19-02-2026-08.57,04104,124,126
03091_19-02-2026-08.57,71801,164,164
0002I_19-02-2026-09.22,60000,0,0
0002I_19-02-2026-09.22,04040,78,79
0002I_19-02-2026-09.22,71801,172,172
02561_19-02-2026-09.27,51003,0,0
02561_19-02-2026-09.27,50500,46,48
02561_19-02-2026-09.27,37300,94,96
02561_19-02-2026-09.27,37200,108,110
02561_19-02-2026-09.27,60000,176,207
02561_19-02-2026-09.27,04040,286,287
02561_19-02-2026-09.27,78400,332,334
02561_19-02-2026-09.27,04104,360,362
02561_19-02-2026-09.27,71801,401,409
02561_19-02-2026-09.27,79206,450,452
02561_19-02-2026-09.27,04307,467,467
0001I_19-02-2026-09.57,60000,0,0
0001I_19-02-2026-09.57,04040,80,81
0001I_19-02-2026-09.57,71801,172,172
0005O_19-02-2026-10.02,60000,0,0
0005O_19-02-2026-10.02,04040,80,83
0005O_19-02-2026-10.02,04104,139,139
0005O_19-02-2026-10.02,71801,182,182
03303_19-02-2026-10.27,60000,0,0
03303_19-02-2026-10.27,04040,80,81
03303_19-02-2026-10.27,71801,172,172
00605_19-02-2026-10.32,60000,0,0
00605_19-02-2026-10.32,04007,27,28
00605_19-02-2026-10.32,70600,74,75
00605_19-02-2026-10.32,81202,142,143
00605_19-02-2026-10.32,80108,175,176
00605_19-02-2026-10.32,80100,203,203
00533_19-02-2026-11.09,11511,0,0
00533_19-02-2026-11.09,11400,60,61
00533_19-02-2026-11.09,11300,87,88
00533_19-02-2026-11.09,80100,125,130
00533_19-02-2026-11.09,80108,156,157
00533_19-02-2026-11.09,81200,188,189
00533_19-02-2026-11.09,81202,205,206
00533_19-02-2026-11.09,04040,253,256
00533_19-02-2026-11.09,78400,305,307
00533_19-02-2026-11.09,04104,338,340
00533_19-02-2026-11.09,71801,376,376
0002I_19-02-2026-11.22,60000,0,0
0002I_19-02-2026-11.22,04040,78,79
0002I_19-02-2026-11.22,71801,172,172
03113_19-02-2026-11.27,60000,0,0
03113_19-02-2026-11.27,70600,58,59
03113_19-02-2026-11.27,04040,84,85
03113_19-02-2026-11.27,78400,128,130
03113_19-02-2026-11.27,04104,157,159
03113_19-02-2026-11.27,71801,199,199
34433_19-02-2026-12.00,78400,0,0
34433_19-02-2026-12.00,04104,31,33
34433_19-02-2026-12.00,71801,69,69
0002I_19-02-2026-12.22,60000,0,0
0002I_19-02-2026-12.22,04040,78,79
0002I_19-02-2026-12.22,71801,172,172
02591_19-02-2026-12.27,51003,0,0
02591_19-02-2026-12.27,50500,41,43
02591_19-02-2026-12.27,60000,158,173
02591_19-02-2026-12.27,04040,251,252
02591_19-02-2026-12.27,78400,295,297
02591_19-02-2026-12.27,71801,370,380
02591_19-02-2026-12.27,79206,421,423
02591_19-02-2026-12.27,04307,438,438
03993_19-02-2026-12.37,54413,0,0
03943_19-02-2026-12.37,51003,0,0
03993_19-02-2026-12.37,02003,20,22
03993_19-02-2026-12.37,02002,35,37
03943_19-02-2026-12.37,50500,42,56
03993_19-02-2026-12.37,50500,63,71
03943_19-02-2026-12.37,37200,110,112
03993_19-02-2026-12.37,37200,125,127
03943_19-02-2026-12.37,04040,237,240
03993_19-02-2026-12.37,04040,252,255
03943_19-02-2026-12.37,78400,280,282
03993_19-02-2026-12.37,78400,295,297
03943_19-02-2026-12.37,04104,306,308
03993_19-02-2026-12.37,04104,321,323
03943_19-02-2026-12.37,71801,348,348
03993_19-02-2026-12.37,71801,363,363
09725_19-02-2026-13.15,60000,0,0
09725_19-02-2026-13.15,04007,26,28
09725_19-02-2026-13.15,04040,85,88
09725_19-02-2026-13.15,04104,142,144
09725_19-02-2026-13.15,71801,184,196
09725_19-02-2026-13.15,79206,237,240
09725_19-02-2026-13.15,04307,254,257
09725_19-02-2026-13.15,87374,280,290
09725_19-02-2026-13.15,87088,325,328
09725_19-02-2026-13.15,87173,390,399
09725_19-02-2026-13.15,87302,428,431
09725_19-02-2026-13.15,87814,457,460
09725_19-02-2026-13.15,87912,479,482
09725_19-02-2026-13.15,87089,495,495
34813_19-02-2026-13.37,78400,0,0
34813_19-02-2026-13.37,04104,27,29
34813_19-02-2026-13.37,71801,69,69
03141_19-02-2026-13.57,60000,0,0
03141_19-02-2026-13.57,71801,157,157
0001I_19-02-2026-14.02,60000,0,0
0001I_19-02-2026-14.02,04040,80,81
0001I_19-02-2026-14.02,71801,172,172
0002O_19-02-2026-14.12,60000,0,0
0002O_19-02-2026-14.12,71801,157,157
03143_19-02-2026-14.27,60000,0,0
03143_19-02-2026-14.27,70600,58,59
03143_19-02-2026-14.27,04040,84,85
03143_19-02-2026-14.27,71801,177,187
03143_19-02-2026-14.27,79206,233,236
03143_19-02-2026-14.27,04307,252,252
34823_19-02-2026-14.31,78400,0,0
34823_19-02-2026-14.31,71801,73,73
0005I_19-02-2026-14.42,60000,0,0
0005I_19-02-2026-14.42,04040,80,81
0005I_19-02-2026-14.42,71801,179,179
00609_19-02-2026-14.47,60000,0,0
00609_19-02-2026-14.47,04007,28,29
00609_19-02-2026-14.47,70600,82,83
00609_19-02-2026-14.47,81202,138,139
00609_19-02-2026-14.47,80108,171,172
00609_19-02-2026-14.47,80100,211,211
03151_19-02-2026-14.57,60000,0,0
03151_19-02-2026-14.57,71801,157,157
03305_19-02-2026-15.27,60000,0,0
03305_19-02-2026-15.27,70600,58,59
03305_19-02-2026-15.27,04040,83,84
03305_19-02-2026-15.27,78400,128,130
03305_19-02-2026-15.27,04104,156,158
03305_19-02-2026-15.27,71801,199,199
0003I_19-02-2026-15.52,60000,0,0
0003I_19-02-2026-15.52,71801,157,157
03161_19-02-2026-15.57,60000,0,0
03161_19-02-2026-15.57,71801,157,157
03163_19-02-2026-16.27,60000,0,0
03163_19-02-2026-16.27,04040,78,79
03163_19-02-2026-16.27,71801,172,178
03163_19-02-2026-16.27,79206,227,229
03163_19-02-2026-16.27,04307,244,244
0003I_19-02-2026-16.37,60000,0,0
0003I_19-02-2026-16.37,71801,157,157
03171_19-02-2026-16.57,60000,0,0
03171_19-02-2026-16.57,71801,157,157
0002O_19-02-2026-17.17,60000,0,0
0002O_19-02-2026-17.17,71801,157,157
0002I_19-02-2026-17.22,60000,0,0
0002I_19-02-2026-17.22,04040,78,79
0002I_19-02-2026-17.22,71801,172,172
03173_19-02-2026-17.27,60000,0,0
03173_19-02-2026-17.27,04007,26,27
03173_19-02-2026-17.27,04040,84,85
03173_19-02-2026-17.27,78400,128,130
03173_19-02-2026-17.27,04104,157,159
03173_19-02-2026-17.27,71801,199,199
02553_19-02-2026-17.57,54413,0,0
02553_19-02-2026-17.57,50500,47,49
02553_19-02-2026-17.57,60000,165,181
02553_19-02-2026-17.57,71801,338,338
03183_19-02-2026-18.27,60000,0,0
03183_19-02-2026-18.27,04040,78,79
03183_19-02-2026-18.27,04104,137,139
03183_19-02-2026-18.27,71801,177,177
0003I_19-02-2026-18.32,60000,0,0
0003I_19-02-2026-18.32,71801,157,157
03191_19-02-2026-18.57,60000,0,0
03191_19-02-2026-18.57,71801,157,167
03191_19-02-2026-18.57,79206,208,210
03191_19-02-2026-18.57,04307,225,225
02861_19-02-2026-19.00,51003,0,0
02861_19-02-2026-19.00,50500,42,44
02861_19-02-2026-19.00,60000,159,188
02861_19-02-2026-19.00,04007,216,217
02861_19-02-2026-19.00,70600,256,257
02861_19-02-2026-19.00,04040,290,293
02861_19-02-2026-19.00,78200,327,328
02861_19-02-2026-19.00,74200,344,344
0002I_19-02-2026-19.29,60000,0,0
0002I_19-02-2026-19.29,04040,78,79
0002I_19-02-2026-19.29,71801,172,172
03309_19-02-2026-19.34,60000,0,0
03309_19-02-2026-19.34,04007,26,27
03309_19-02-2026-19.34,70600,62,63
03309_19-02-2026-19.34,04040,88,89
03309_19-02-2026-19.34,78400,132,134
03309_19-02-2026-19.34,04104,161,163
03309_19-02-2026-19.34,71801,201,211
03309_19-02-2026-19.34,79206,252,253
03309_19-02-2026-19.34,04307,268,268
00437_19-02-2026-19.52,13200,0,0
00437_19-02-2026-19.52,11200,110,112
00437_19-02-2026-19.52,81002,129,130
00437_19-02-2026-19.52,81100,173,175
00437_19-02-2026-19.52,81108,210,211
00437_19-02-2026-19.52,81200,232,235
00437_19-02-2026-19.52,81202,245,246
00437_19-02-2026-19.52,04040,287,290
00437_19-02-2026-19.52,78400,354,356
00437_19-02-2026-19.52,04104,388,390
00437_19-02-2026-19.52,71801,431,431
03931_19-02-2026-20.01,05000,0,0
03931_19-02-2026-20.01,02030,42,44
03931_19-02-2026-20.01,50500,84,88
03931_19-02-2026-20.01,04040,268,271
03931_19-02-2026-20.01,78400,318,320
03931_19-02-2026-20.01,04104,346,348
03931_19-02-2026-20.01,71801,388,388
03201_19-02-2026-20.05,60000,0,0
03201_19-02-2026-20.05,71801,157,157
0001O_19-02-2026-20.10,60000,0,0
0001O_19-02-2026-20.10,04040,76,79
0001O_19-02-2026-20.10,71801,173,173
0006I_19-02-2026-20.22,60000,0,0
0006I_19-02-2026-20.22,04040,79,80
0006I_19-02-2026-20.22,71801,172,172
03203_19-02-2026-20.27,60000,0,0
03203_19-02-2026-20.27,04007,25,26
03203_19-02-2026-20.27,70600,65,66
03203_19-02-2026-20.27,04040,90,91
03203_19-02-2026-20.27,78400,133,135
03203_19-02-2026-20.27,04104,160,162
03203_19-02-2026-20.27,71801,201,201
03991_19-02-2026-20.38,54413,0,0
03941_19-02-2026-20.38,51003,0,0
03991_19-02-2026-20.38,02003,20,22
03991_19-02-2026-20.38,02002,35,37
03941_19-02-2026-20.38,50500,42,52
03991_19-02-2026-20.38,50500,68,74
03941_19-02-2026-20.38,37300,103,105
03941_19-02-2026-20.38,37200,118,120
03991_19-02-2026-20.38,37300,125,127
03991_19-02-2026-20.38,37200,140,142
03941_19-02-2026-20.38,04040,259,261
03991_19-02-2026-20.38,04040,281,283
03941_19-02-2026-20.38,78400,303,305
03991_19-02-2026-20.38,78400,325,327
03941_19-02-2026-20.38,04104,334,336
03991_19-02-2026-20.38,04104,356,358
03941_19-02-2026-20.38,71801,378,378
03991_19-02-2026-20.38,71801,400,400
0003O_19-02-2026-21.02,60000,0,0
0003O_19-02-2026-21.02,04040,79,82
0003O_19-02-2026-21.02,71801,172,172
02883_19-02-2026-21.07,54413,0,0
02883_19-02-2026-21.07,50500,47,49
02883_19-02-2026-21.07,60000,164,190
02883_19-02-2026-21.07,04040,269,270
02883_19-02-2026-21.07,71801,362,362
0004I_20-02-2026-06.09,60000,0,0
0004I_20-02-2026-06.09,04040,79,80
0004I_20-02-2026-06.09,71801,171,171
03301_20-02-2026-06.27,60000,0,0
03301_20-02-2026-06.27,70600,59,60
03301_20-02-2026-06.27,04040,85,86
03301_20-02-2026-06.27,71801,178,178
03071_20-02-2026-06.57,60000,0,0
03071_20-02-2026-06.57,71801,157,157
0004O_20-02-2026-07.02,60000,0,0
0004O_20-02-2026-07.02,04040,78,81
0004O_20-02-2026-07.02,71801,172,172
0003I_20-02-2026-07.22,60000,0,0
0003I_20-02-2026-07.22,71801,157,157
03073_20-02-2026-07.27,60000,0,0
03073_20-02-2026-07.27,04007,25,26
03073_20-02-2026-07.27,04040,84,85
03073_20-02-2026-07.27,78400,128,130
03073_20-02-2026-07.27,04104,157,159
03073_20-02-2026-07.27,71801,199,215
03073_20-02-2026-07.27,79206,255,257
03073_20-02-2026-07.27,04307,272,272
03081_20-02-2026-07.57,60000,0,0
03081_20-02-2026-07.57,71801,157,157
0003I_20-02-2026-08.22,60000,0,0
0003I_20-02-2026-08.22,71801,157,157
0003I_20-02-2026-08.50,60000,0,0
0003I_20-02-2026-08.50,71801,157,157
03091_20-02-2026-08.57,60000,0,0
03091_20-02-2026-08.57,04104,124,126
03091_20-02-2026-08.57,71801,164,164
0002I_20-02-2026-09.22,60000,0,0
0002I_20-02-2026-09.22,04040,78,79
0002I_20-02-2026-09.22,71801,172,172
02561_20-02-2026-09.27,51003,0,0
02561_20-02-2026-09.27,50500,46,48
02561_20-02-2026-09.27,37300,94,96
02561_20-02-2026-09.27,37200,108,110
02561_20-02-2026-09.27,60000,176,207
02561_20-02-2026-09.27,04040,286,287
02561_20-02-2026-09.27,78400,332,334
02561_20-02-2026-09.27,04104,360,362
02561_20-02-2026-09.27,71801,401,409
02561_20-02-2026-09.27,79206,450,452
02561_20-02-2026-09.27,04307,467,467
0001I_20-02-2026-09.57,60000,0,0
0001I_20-02-2026-09.57,04040,80,81
0001I_20-02-2026-09.57,71801,172,172
0005O_20-02-2026-10.02,60000,0,0
0005O_20-02-2026-10.02,04040,80,83
0005O_20-02-2026-10.02,04104,139,139
0005O_20-02-2026-10.02,71801,182,182
03303_20-02-2026-10.27,60000,0,0
03303_20-02-2026-10.27,04040,80,81
03303_20-02-2026-10.27,71801,172,172
00605_20-02-2026-10.32,60000,0,0
00605_20-02-2026-10.32,04007,27,28
00605_20-02-2026-10.32,70600,74,75
00605_20-02-2026-10.32,81202,142,143
00605_20-02-2026-10.32,80108,175,176
00605_20-02-2026-10.32,80100,203,203
00533_20-02-2026-11.09,11511,0,0
00533_20-02-2026-11.09,11400,60,61
00533_20-02-2026-11.09,11300,87,88
00533_20-02-2026-11.09,80100,125,130
00533_20-02-2026-11.09,80108,156,157
00533_20-02-2026-11.09,81200,188,189
00533_20-02-2026-11.09,81202,205,206
00533_20-02-2026-11.09,04040,253,256
00533_20-02-2026-11.09,78400,305,307
00533_20-02-2026-11.09,04104,338,340
00533_20-02-2026-11.09,71801,376,376
0002I_20-02-2026-11.22,60000,0,0
0002I_20-02-2026-11.22,04040,78,79
0002I_20-02-2026-11.22,71801,172,172
03113_20-02-2026-11.27,60000,0,0
03113_20-02-2026-11.27,70600,58,59
03113_20-02-2026-11.27,04040,84,85
03113_20-02-2026-11.27,78400,128,130
03113_20-02-2026-11.27,04104,157,159
03113_20-02-2026-11.27,71801,199,199
34433_20-02-2026-12.00,78400,0,0
34433_20-02-2026-12.00,04104,31,33
34433_20-02-2026-12.00,71801,69,69
0002I_20-02-2026-12.22,60000,0,0
0002I_20-02-2026-12.22,04040,78,79
0002I_20-02-2026-12.22,71801,172,172
02591_20-02-2026-12.27,51003,0,0
02591_20-02-2026-12.27,50500,41,43
02591_20-02-2026-12.27,60000,158,173
02591_20-02-2026-12.27,04040,251,252
02591_20-02-2026-12.27,78400,295,297
02591_20-02-2026-12.27,71801,370,380
02591_20-02-2026-12.27,79206,421,423
02591_20-02-2026-12.27,04307,438,438
03993_20-02-2026-12.37,54413,0,0
03943_20-02-2026-12.37,51003,0,0
03993_20-02-2026-12.37,02003,20,22
03993_20-02-2026-12.37,02002,35,37
03943_20-02-2026-12.37,50500,42,56
03993_20-02-2026-12.37,50500,63,71
03943_20-02-2026-12.37,37200,110,112
03993_20-02-2026-12.37,37200,125,127
03943_20-02-2026-12.37,04040,237,240
03993_20-02-2026-12.37,04040,252,255
03943_20-02-2026-12.37,78400,280,282
03993_20-02-2026-12.37,78400,295,297
03943_20-02-2026-12.37,04104,306,308
03993_20-02-2026-12.37,04104,321,323
03943_20-02-2026-12.37,71801,348,348
03993_20-02-2026-12.37,71801,363,363
09725_20-02-2026-13.15,60000,0,0
09725_20-02-2026-13.15,04007,26,28
09725_20-02-2026-13.15,04040,85,88
09725_20-02-2026-13.15,04104,142,144
09725_20-02-2026-13.15,71801,184,196
09725_20-02-2026-13.15,79206,237,240
09725_20-02-2026-13.15,04307,254,257
09725_20-02-2026-13.15,87374,280,290
09725_20-02-2026-13.15,87088,325,328
09725_20-02-2026-13.15,87173,390,399
09725_20-02-2026-13.15,87302,428,431
09725_20-02-2026-13.15,87814,457,460
09725_20-02-2026-13.15,87912,479,482
09725_20-02-2026-13.15,87089,495,495
34813_20-02-2026-13.37,78400,0,0
34813_20-02-2026-13.37,04104,27,29
34813_20-02-2026-13.37,71801,69,69
03141_20-02-2026-13.57,60000,0,0
03141_20-02-2026-13.57,71801,157,157
0001I_20-02-2026-14.02,60000,0,0
0001I_20-02-2026-14.02,04040,80,81
0001I_20-02-2026-14.02,71801,172,172
0002O_20-02-2026-14.12,60000,0,0
0002O_20-02-2026-14.12,71801,157,157
03143_20-02-2026-14.27,60000,0,0
03143_20-02-2026-14.27,70600,58,59
03143_20-02-2026-14.27,04040,84,85
03143_20-02-2026-14.27,71801,177,187
03143_20-02-2026-14.27,79206,233,236
03143_20-02-2026-14.27,04307,252,252
34823_20-02-2026-14.31,78400,0,0
34823_20-02-2026-14.31,71801,73,73
0005I_20-02-2026-14.42,60000,0,0
0005I_20-02-2026-14.42,04040,80,81
0005I_20-02-2026-14.42,71801,179,179
00609_20-02-2026-14.47,60000,0,0
00609_20-02-2026-14.47,04007,28,29
00609_20-02-2026-14.47,70600,82,83
00609_20-02-2026-14.47,81202,138,139
00609_20-02-2026-14.47,80108,171,172
00609_20-02-2026-14.47,80100,211,211
03151_20-02-2026-14.57,60000,0,0
03151_20-02-2026-14.57,71801,157,157
03305_20-02-2026-15.27,60000,0,0
03305_20-02-2026-15.27,70600,58,59
03305_20-02-2026-15.27,04040,83,84
03305_20-02-2026-15.27,78400,128,130
03305_20-02-2026-15.27,04104,156,158
03305_20-02-2026-15.27,71801,199,199
0003I_20-02-2026-15.52,60000,0,0
0003I_20-02-2026-15.52,71801,157,157
03161_20-02-2026-15.57,60000,0,0
03161_20-02-2026-15.57,71801,157,157
03363_20-02-2026-16.02,60000,0,0
03363_20-02-2026-16.02,04040,84,87
03363_20-02-2026-16.02,74200,128,128
03163_20-02-2026-16.27,60000,0,0
03163_20-02-2026-16.27,04040,78,79
03163_20-02-2026-16.27,71801,172,178
03163_20-02-2026-16.27,79206,227,229
03163_20-02-2026-16.27,04307,244,244
0003I_20-02-2026-16.37,60000,0,0
0003I_20-02-2026-16.37,71801,157,157
03171_20-02-2026-16.57,60000,0,0
03171_20-02-2026-16.57,71801,157,157
0002O_20-02-2026-17.17,60000,0,0
0002O_20-02-2026-17.17,71801,157,157
0002I_20-02-2026-17.22,60000,0,0
0002I_20-02-2026-17.22,04040,78,79
0002I_20-02-2026-17.22,71801,172,172
03373_20-02-2026-17.27,60000,0,0
03373_20-02-2026-17.27,04007,26,27
03373_20-02-2026-17.27,04040,84,85
03373_20-02-2026-17.27,78400,128,130
03373_20-02-2026-17.27,04104,157,159
03373_20-02-2026-17.27,71801,199,199
02553_20-02-2026-17.57,54413,0,0
02553_20-02-2026-17.57,50500,47,49
02553_20-02-2026-17.57,60000,165,181
02553_20-02-2026-17.57,71801,338,338
03183_20-02-2026-18.27,60000,0,0
03183_20-02-2026-18.27,04040,78,79
03183_20-02-2026-18.27,04104,137,139
03183_20-02-2026-18.27,71801,177,177
0003I_20-02-2026-18.32,60000,0,0
0003I_20-02-2026-18.32,71801,157,157
03191_20-02-2026-18.57,60000,0,0
03191_20-02-2026-18.57,71801,157,157
02861_20-02-2026-19.00,51003,0,0
02861_20-02-2026-19.00,50500,42,44
02861_20-02-2026-19.00,60000,159,188
02861_20-02-2026-19.00,04007,216,217
02861_20-02-2026-19.00,70600,256,257
02861_20-02-2026-19.00,04040,290,293
02861_20-02-2026-19.00,78200,327,328
02861_20-02-2026-19.00,74200,344,344
0002I_20-02-2026-19.29,60000,0,0
0002I_20-02-2026-19.29,04040,78,79
0002I_20-02-2026-19.29,71801,172,172
03309_20-02-2026-19.34,60000,0,0
03309_20-02-2026-19.34,04007,26,27
03309_20-02-2026-19.34,70600,62,63
03309_20-02-2026-19.34,04040,88,89
03309_20-02-2026-19.34,78400,132,134
03309_20-02-2026-19.34,04104,161,163
03309_20-02-2026-19.34,71801,201,211
03309_20-02-2026-19.34,79206,252,253
03309_20-02-2026-19.34,04307,268,268
00437_20-02-2026-19.52,13200,0,0
00437_20-02-2026-19.52,11200,110,112
00437_20-02-2026-19.52,81002,129,130
00437_20-02-2026-19.52,81100,173,175
00437_20-02-2026-19.52,81108,210,211
00437_20-02-2026-19.52,81200,232,235
00437_20-02-2026-19.52,81202,245,246
00437_20-02-2026-19.52,04040,287,290
00437_20-02-2026-19.52,78400,354,356
00437_20-02-2026-19.52,04104,388,390
00437_20-02-2026-19.52,71801,431,431
03931_20-02-2026-20.01,05000,0,0
03931_20-02-2026-20.01,02030,42,44
03931_20-02-2026-20.01,50500,84,88
03931_20-02-2026-20.01,04040,268,271
03931_20-02-2026-20.01,78400,318,320
03931_20-02-2026-20.01,04104,346,348
03931_20-02-2026-20.01,71801,388,388
03201_20-02-2026-20.05,60000,0,0
03201_20-02-2026-20.05,71801,157,157
0001O_20-02-2026-20.10,60000,0,0
0001O_20-02-2026-20.10,04040,76,79
0001O_20-02-2026-20.10,71801,173,173
0006I_20-02-2026-20.22,60000,0,0
0006I_20-02-2026-20.22,04040,79,80
0006I_20-02-2026-20.22,71801,172,172
03203_20-02-2026-20.27,60000,0,0
03203_20-02-2026-20.27,04007,25,26
03203_20-02-2026-20.27,70600,65,66
03203_20-02-2026-20.27,04040,90,91
03203_20-02-2026-20.27,78400,133,135
03203_20-02-2026-20.27,04104,160,162
03203_20-02-2026-20.27,71801,201,201
03991_20-02-2026-20.38,54413,0,0
03941_20-02-2026-20.38,51003,0,0
03991_20-02-2026-20.38,02003,20,22
03991_20-02-2026-20.38,02002,35,37
03941_20-02-2026-20.38,50500,42,52
03991_20-02-2026-20.38,50500,68,74
03941_20-02-2026-20.38,37300,103,105
03941_20-02-2026-20.38,37200,118,120
03991_20-02-2026-20.38,37300,125,127
03991_20-02-2026-20.38,37200,140,142
03941_20-02-2026-20.38,04040,259,261
03991_20-02-2026-20.38,04040,281,283
03941_20-02-2026-20.38,78400,303,305
03991_20-02-2026-20.38,78400,325,327
03941_20-02-2026-20.38,04104,334,336
03991_20-02-2026-20.38,04104,356,358
03941_20-02-2026-20.38,71801,378,378
03991_20-02-2026-20.38,71801,400,400
0003O_20-02-2026-21.02,60000,0,0
0003O_20-02-2026-21.02,04040,79,82
0003O_20-02-2026-21.02,71801,172,172
02883_20-02-2026-21.07,54413,0,0
02883_20-02-2026-21.07,50500,47,49
02883_20-02-2026-21.07,60000,164,190
02883_20-02-2026-21.07,04040,269,270
02883_20-02-2026-21.07,71801,362,362
03301_21-02-2026-06.27,60000,0,0
03301_21-02-2026-06.27,70600,59,60
03301_21-02-2026-06.27,04040,85,86
03301_21-02-2026-06.27,04104,146,148
03301_21-02-2026-06.27,71801,184,184
0004O_21-02-2026-07.02,60000,0,0
0004O_21-02-2026-07.02,04040,78,81
0004O_21-02-2026-07.02,71801,172,172
0003I_21-02-2026-07.22,60000,0,0
0003I_21-02-2026-07.22,71801,157,157
03073_21-02-2026-07.27,60000,0,0
03073_21-02-2026-07.27,04007,25,26
03073_21-02-2026-07.27,04040,84,85
03073_21-02-2026-07.27,78400,128,130
03073_21-02-2026-07.27,04104,157,159
03073_21-02-2026-07.27,71801,199,215
03073_21-02-2026-07.27,79206,255,257
03073_21-02-2026-07.27,04307,272,272
0003I_21-02-2026-08.22,60000,0,0
0003I_21-02-2026-08.22,71801,157,157
03083_21-02-2026-08.27,60000,0,0
03083_21-02-2026-08.27,04040,78,79
03083_21-02-2026-08.27,71801,172,172
0003I_21-02-2026-08.50,60000,0,0
0003I_21-02-2026-08.50,71801,157,157
03091_21-02-2026-08.57,60000,0,0
03091_21-02-2026-08.57,04104,124,126
03091_21-02-2026-08.57,71801,164,164
0002I_21-02-2026-09.22,60000,0,0
0002I_21-02-2026-09.22,04040,78,79
0002I_21-02-2026-09.22,71801,172,172
02561_21-02-2026-09.27,51003,0,0
02561_21-02-2026-09.27,50500,46,48
02561_21-02-2026-09.27,37300,94,96
02561_21-02-2026-09.27,37200,108,110
02561_21-02-2026-09.27,60000,176,207
02561_21-02-2026-09.27,04040,286,287
02561_21-02-2026-09.27,78400,332,334
02561_21-02-2026-09.27,04104,360,362
02561_21-02-2026-09.27,71801,401,409
02561_21-02-2026-09.27,79206,450,452
02561_21-02-2026-09.27,04307,467,467
0001I_21-02-2026-09.57,60000,0,0
0001I_21-02-2026-09.57,04040,80,81
0001I_21-02-2026-09.57,71801,172,172
0005O_21-02-2026-10.02,60000,0,0
0005O_21-02-2026-10.02,04040,80,83
0005O_21-02-2026-10.02,04104,139,139
0005O_21-02-2026-10.02,71801,182,182
03303_21-02-2026-10.27,60000,0,0
03303_21-02-2026-10.27,04040,80,81
03303_21-02-2026-10.27,71801,172,172
00533_21-02-2026-11.09,11511,0,0
00533_21-02-2026-11.09,11400,60,61
00533_21-02-2026-11.09,11300,87,88
00533_21-02-2026-11.09,80100,125,130
00533_21-02-2026-11.09,80108,156,157
00533_21-02-2026-11.09,81200,188,189
00533_21-02-2026-11.09,81202,205,206
00533_21-02-2026-11.09,04040,253,256
00533_21-02-2026-11.09,78400,305,307
00533_21-02-2026-11.09,04104,338,340
00533_21-02-2026-11.09,71801,376,376
0002I_21-02-2026-11.22,60000,0,0
0002I_21-02-2026-11.22,04040,78,79
0002I_21-02-2026-11.22,71801,172,172
03113_21-02-2026-11.27,60000,0,0
03113_21-02-2026-11.27,70600,58,59
03113_21-02-2026-11.27,04040,84,85
03113_21-02-2026-11.27,78400,128,130
03113_21-02-2026-11.27,04104,157,159
03113_21-02-2026-11.27,71801,199,199
34433_21-02-2026-12.00,78400,0,0
34433_21-02-2026-12.00,04104,31,33
34433_21-02-2026-12.00,71801,69,69
0002I_21-02-2026-12.22,60000,0,0
0002I_21-02-2026-12.22,04040,78,79
0002I_21-02-2026-12.22,71801,172,172
02591_21-02-2026-12.27,51003,0,0
02591_21-02-2026-12.27,50500,41,43
02591_21-02-2026-12.27,60000,158,173
02591_21-02-2026-12.27,04040,251,252
02591_21-02-2026-12.27,78400,295,297
02591_21-02-2026-12.27,71801,370,370
03993_21-02-2026-12.37,54413,0,0
03943_21-02-2026-12.37,51003,0,0
03993_21-02-2026-12.37,02003,20,22
03993_21-02-2026-12.37,02002,35,37
03943_21-02-2026-12.37,50500,42,56
03993_21-02-2026-12.37,50500,63,71
03943_21-02-2026-12.37,37200,110,112
03993_21-02-2026-12.37,37200,125,127
03943_21-02-2026-12.37,04040,237,240
03993_21-02-2026-12.37,04040,252,255
03943_21-02-2026-12.37,78400,280,282
03993_21-02-2026-12.37,78400,295,297
03943_21-02-2026-12.37,04104,306,308
03993_21-02-2026-12.37,04104,321,323
03943_21-02-2026-12.37,71801,348,348
03993_21-02-2026-12.37,71801,363,363
09725_21-02-2026-13.15,60000,0,0
09725_21-02-2026-13.15,04007,26,28
09725_21-02-2026-13.15,04040,85,88
09725_21-02-2026-13.15,04104,142,144
09725_21-02-2026-13.15,71801,184,196
09725_21-02-2026-13.15,79206,237,240
09725_21-02-2026-13.15,04307,254,257
09725_21-02-2026-13.15,87374,280,290
09725_21-02-2026-13.15,87088,325,328
09725_21-02-2026-13.15,87173,390,399
09725_21-02-2026-13.15,87302,428,431
09725_21-02-2026-13.15,87814,457,460
09725_21-02-2026-13.15,87912,479,482
09725_21-02-2026-13.15,87089,495,495
34813_21-02-2026-13.37,78400,0,0
34813_21-02-2026-13.37,04104,27,29
34813_21-02-2026-13.37,71801,69,69
0001I_21-02-2026-14.02,60000,0,0
0001I_21-02-2026-14.02,04040,80,81
0001I_21-02-2026-14.02,71801,172,172
0002O_21-02-2026-14.12,60000,0,0
0002O_21-02-2026-14.12,71801,157,157
34823_21-02-2026-14.31,78400,0,0
34823_21-02-2026-14.31,71801,73,73
0005I_21-02-2026-14.42,60000,0,0
0005I_21-02-2026-14.42,04040,80,81
0005I_21-02-2026-14.42,71801,179,179
03305_21-02-2026-15.27,60000,0,0
03305_21-02-2026-15.27,70600,58,59
03305_21-02-2026-15.27,04040,83,84
03305_21-02-2026-15.27,78400,128,130
03305_21-02-2026-15.27,04104,156,158
03305_21-02-2026-15.27,71801,199,199
0003I_21-02-2026-15.52,60000,0,0
0003I_21-02-2026-15.52,71801,157,157
03163_21-02-2026-16.27,60000,0,0
03163_21-02-2026-16.27,04040,78,79
03163_21-02-2026-16.27,71801,172,172
0003I_21-02-2026-16.37,60000,0,0
0003I_21-02-2026-16.37,71801,157,157
0002O_21-02-2026-17.17,60000,0,0
0002O_21-02-2026-17.17,71801,157,157
0002I_21-02-2026-17.22,60000,0,0
0002I_21-02-2026-17.22,04040,78,79
0002I_21-02-2026-17.22,71801,172,172
03373_21-02-2026-17.27,60000,0,0
03373_21-02-2026-17.27,04007,26,27
03373_21-02-2026-17.27,04040,84,85
03373_21-02-2026-17.27,78400,128,130
03373_21-02-2026-17.27,04104,157,159
03373_21-02-2026-17.27,71801,199,199
03183_21-02-2026-18.27,60000,0,0
03183_21-02-2026-18.27,04040,78,79
03183_21-02-2026-18.27,04104,137,139
03183_21-02-2026-18.27,71801,177,177
0003I_21-02-2026-18.32,60000,0,0
0003I_21-02-2026-18.32,71801,157,157
02861_21-02-2026-19.00,51003,0,0
02861_21-02-2026-19.00,50500,42,44
02861_21-02-2026-19.00,60000,159,188
02861_21-02-2026-19.00,04007,216,217
02861_21-02-2026-19.00,70600,256,257
02861_21-02-2026-19.00,04040,290,293
02861_21-02-2026-19.00,78200,327,328
02861_21-02-2026-19.00,74200,344,344
0002I_21-02-2026-19.29,60000,0,0
0002I_21-02-2026-19.29,04040,78,79
0002I_21-02-2026-19.29,71801,172,172
03309_21-02-2026-19.34,60000,0,0
03309_21-02-2026-19.34,04007,26,27
03309_21-02-2026-19.34,70600,62,63
03309_21-02-2026-19.34,04040,88,89
03309_21-02-2026-19.34,78400,132,134
03309_21-02-2026-19.34,04104,161,163
03309_21-02-2026-19.34,71801,201,211
03309_21-02-2026-19.34,79206,252,253
03309_21-02-2026-19.34,04307,268,268
00437_21-02-2026-19.52,13200,0,0
00437_21-02-2026-19.52,11200,110,112
00437_21-02-2026-19.52,81002,129,130
00437_21-02-2026-19.52,81100,173,175
00437_21-02-2026-19.52,81108,210,211
00437_21-02-2026-19.52,81200,232,235
00437_21-02-2026-19.52,81202,245,246
00437_21-02-2026-19.52,04040,287,290
00437_21-02-2026-19.52,78400,354,356
00437_21-02-2026-19.52,04104,388,390
00437_21-02-2026-19.52,71801,431,431
03931_21-02-2026-20.01,05000,0,0
03931_21-02-2026-20.01,02030,42,44
03931_21-02-2026-20.01,50500,84,88
03931_21-02-2026-20.01,04040,268,271
03931_21-02-2026-20.01,78400,318,320
03931_21-02-2026-20.01,04104,346,348
03931_21-02-2026-20.01,71801,388,388
0001O_21-02-2026-20.10,60000,0,0
0001O_21-02-2026-20.10,04040,76,79
0001O_21-02-2026-20.10,71801,173,173
03203_21-02-2026-20.27,60000,0,0
03203_21-02-2026-20.27,04007,25,26
03203_21-02-2026-20.27,70600,65,66
03203_21-02-2026-20.27,04040,90,91
03203_21-02-2026-20.27,78400,133,135
03203_21-02-2026-20.27,04104,160,162
03203_21-02-2026-20.27,71801,201,201
03991_21-02-2026-20.38,54413,0,0
03941_21-02-2026-20.38,51003,0,0
03991_21-02-2026-20.38,02003,20,22
03991_21-02-2026-20.38,02002,35,37
03941_21-02-2026-20.38,50500,42,52
03991_21-02-2026-20.38,50500,68,74
03941_21-02-2026-20.38,37300,103,105
03941_21-02-2026-20.38,37200,118,120
03991_21-02-2026-20.38,37300,125,127
03991_21-02-2026-20.38,37200,140,142
03941_21-02-2026-20.38,04040,259,261
03991_21-02-2026-20.38,04040,281,283
03941_21-02-2026-20.38,78400,303,305
03991_21-02-2026-20.38,78400,325,327
03941_21-02-2026-20.38,04104,334,336
03991_21-02-2026-20.38,04104,356,358
03941_21-02-2026-20.38,71801,378,378
03991_21-02-2026-20.38,71801,400,400
0003O_21-02-2026-21.02,60000,0,0
0003O_21-02-2026-21.02,04040,79,82
0003O_21-02-2026-21.02,71801,172,172
03301_22-02-2026-06.27,60000,0,0
03301_22-02-2026-06.27,70600,59,60
03301_22-02-2026-06.27,04040,85,86
03301_22-02-2026-06.27,04104,146,148
03301_22-02-2026-06.27,71801,184,184
0004O_22-02-2026-07.02,60000,0,0
0004O_22-02-2026-07.02,04040,78,81
0004O_22-02-2026-07.02,71801,172,172
03073_22-02-2026-07.27,60000,0,0
03073_22-02-2026-07.27,04007,25,26
03073_22-02-2026-07.27,04040,84,85
03073_22-02-2026-07.27,78400,128,130
03073_22-02-2026-07.27,04104,157,159
03073_22-02-2026-07.27,71801,199,215
03073_22-02-2026-07.27,79206,255,257
03073_22-02-2026-07.27,04307,272,272
0003I_22-02-2026-08.22,60000,0,0
0003I_22-02-2026-08.22,71801,157,157
03083_22-02-2026-08.27,60000,0,0
03083_22-02-2026-08.27,04040,78,79
03083_22-02-2026-08.27,71801,172,172
0003I_22-02-2026-08.50,60000,0,0
0003I_22-02-2026-08.50,71801,157,157
0002I_22-02-2026-09.22,60000,0,0
0002I_22-02-2026-09.22,04040,78,79
0002I_22-02-2026-09.22,71801,172,172
02561_22-02-2026-09.27,51003,0,0
02561_22-02-2026-09.27,50500,46,48
02561_22-02-2026-09.27,37300,94,96
02561_22-02-2026-09.27,37200,108,110
02561_22-02-2026-09.27,60000,176,207
02561_22-02-2026-09.27,04040,286,287
02561_22-02-2026-09.27,78400,332,334
02561_22-02-2026-09.27,04104,360,362
02561_22-02-2026-09.27,71801,401,409
02561_22-02-2026-09.27,79206,450,452
02561_22-02-2026-09.27,04307,467,467
0001I_22-02-2026-09.57,60000,0,0
0001I_22-02-2026-09.57,04040,80,81
0001I_22-02-2026-09.57,71801,172,172
0005O_22-02-2026-10.02,60000,0,0
0005O_22-02-2026-10.02,04040,80,83
0005O_22-02-2026-10.02,04104,139,139
0005O_22-02-2026-10.02,71801,182,182
03303_22-02-2026-10.27,60000,0,0
03303_22-02-2026-10.27,04040,80,81
03303_22-02-2026-10.27,71801,172,172
00533_22-02-2026-11.09,11511,0,0
00533_22-02-2026-11.09,11400,60,61
00533_22-02-2026-11.09,11300,87,88
00533_22-02-2026-11.09,80100,125,130
00533_22-02-2026-11.09,80108,156,157
00533_22-02-2026-11.09,81200,188,189
00533_22-02-2026-11.09,81202,205,206
00533_22-02-2026-11.09,04040,253,256
00533_22-02-2026-11.09,78400,305,307
00533_22-02-2026-11.09,04104,338,340
00533_22-02-2026-11.09,71801,376,376
0002I_22-02-2026-11.22,60000,0,0
0002I_22-02-2026-11.22,04040,78,79
0002I_22-02-2026-11.22,71801,172,172
03113_22-02-2026-11.27,60000,0,0
03113_22-02-2026-11.27,70600,58,59
03113_22-02-2026-11.27,04040,84,85
03113_22-02-2026-11.27,78400,128,130
03113_22-02-2026-11.27,04104,157,159
03113_22-02-2026-11.27,71801,199,199
0002I_22-02-2026-12.22,60000,0,0
0002I_22-02-2026-12.22,04040,78,79
0002I_22-02-2026-12.22,71801,172,172
02591_22-02-2026-12.27,51003,0,0
02591_22-02-2026-12.27,50500,41,43
02591_22-02-2026-12.27,60000,158,173
02591_22-02-2026-12.27,04040,251,252
02591_22-02-2026-12.27,78400,295,297
02591_22-02-2026-12.27,71801,370,380
02591_22-02-2026-12.27,79206,421,423
02591_22-02-2026-12.27,04307,438,438
03993_22-02-2026-12.37,54413,0,0
03943_22-02-2026-12.37,51003,0,0
03993_22-02-2026-12.37,02003,20,22
03993_22-02-2026-12.37,02002,35,37
03943_22-02-2026-12.37,50500,42,56
03993_22-02-2026-12.37,50500,63,71
03943_22-02-2026-12.37,37200,110,112
03993_22-02-2026-12.37,37200,125,127
03943_22-02-2026-12.37,04040,237,240
03993_22-02-2026-12.37,04040,252,255
03943_22-02-2026-12.37,78400,280,282
03993_22-02-2026-12.37,78400,295,297
03943_22-02-2026-12.37,04104,306,308
03993_22-02-2026-12.37,04104,321,323
03943_22-02-2026-12.37,71801,348,348
03993_22-02-2026-12.37,71801,363,363
09725_22-02-2026-13.15,60000,0,0
09725_22-02-2026-13.15,04007,26,28
09725_22-02-2026-13.15,04040,85,88
09725_22-02-2026-13.15,04104,142,144
09725_22-02-2026-13.15,71801,184,196
09725_22-02-2026-13.15,79206,237,240
09725_22-02-2026-13.15,04307,254,257
09725_22-02-2026-13.15,87374,280,290
09725_22-02-2026-13.15,87088,325,328
09725_22-02-2026-13.15,87173,390,399
09725_22-02-2026-13.15,87302,428,431
09725_22-02-2026-13.15,87814,457,460
09725_22-02-2026-13.15,87912,479,482
09725_22-02-2026-13.15,87089,495,495
34813_22-02-2026-13.37,78400,0,0
34813_22-02-2026-13.37,04104,27,29
34813_22-02-2026-13.37,71801,69,69
03141_22-02-2026-13.57,60000,0,0
03141_22-02-2026-13.57,71801,157,157
0001I_22-02-2026-14.02,60000,0,0
0001I_22-02-2026-14.02,04040,80,81
0001I_22-02-2026-14.02,71801,172,172
0002O_22-02-2026-14.12,60000,0,0
0002O_22-02-2026-14.12,71801,157,157
03143_22-02-2026-14.27,60000,0,0
03143_22-02-2026-14.27,70600,58,59
03143_22-02-2026-14.27,04040,84,85
03143_22-02-2026-14.27,71801,177,187
03143_22-02-2026-14.27,79206,233,236
03143_22-02-2026-14.27,04307,252,252
34823_22-02-2026-14.31,78400,0,0
34823_22-02-2026-14.31,71801,73,73
0005I_22-02-2026-14.42,60000,0,0
0005I_22-02-2026-14.42,04040,80,81
0005I_22-02-2026-14.42,71801,179,179
03305_22-02-2026-15.27,60000,0,0
03305_22-02-2026-15.27,70600,58,59
03305_22-02-2026-15.27,04040,83,84
03305_22-02-2026-15.27,78400,128,130
03305_22-02-2026-15.27,04104,156,158
03305_22-02-2026-15.27,71801,199,199
0003I_22-02-2026-15.52,60000,0,0
0003I_22-02-2026-15.52,71801,157,157
03161_22-02-2026-15.57,60000,0,0
03161_22-02-2026-15.57,71801,157,157
03363_22-02-2026-16.02,60000,0,0
03363_22-02-2026-16.02,04040,84,87
03363_22-02-2026-16.02,74200,128,128
03163_22-02-2026-16.27,60000,0,0
03163_22-02-2026-16.27,04040,78,79
03163_22-02-2026-16.27,71801,172,172
0003I_22-02-2026-16.37,60000,0,0
0003I_22-02-2026-16.37,71801,157,157
03171_22-02-2026-16.57,60000,0,0
03171_22-02-2026-16.57,71801,157,157
0002O_22-02-2026-17.17,60000,0,0
0002O_22-02-2026-17.17,71801,157,157
0002I_22-02-2026-17.22,60000,0,0
0002I_22-02-2026-17.22,04040,78,79
0002I_22-02-2026-17.22,71801,172,172
03373_22-02-2026-17.27,60000,0,0
03373_22-02-2026-17.27,04007,26,27
03373_22-02-2026-17.27,04040,84,85
03373_22-02-2026-17.27,78400,128,130
03373_22-02-2026-17.27,04104,157,159
03373_22-02-2026-17.27,71801,199,199
02553_22-02-2026-17.57,54413,0,0
02553_22-02-2026-17.57,50500,47,49
02553_22-02-2026-17.57,60000,165,181
02553_22-02-2026-17.57,71801,338,338
03183_22-02-2026-18.27,60000,0,0
03183_22-02-2026-18.27,04040,78,79
03183_22-02-2026-18.27,04104,137,139
03183_22-02-2026-18.27,71801,177,177
0003I_22-02-2026-18.32,60000,0,0
0003I_22-02-2026-18.32,71801,157,157
03191_22-02-2026-18.57,60000,0,0
03191_22-02-2026-18.57,71801,157,167
03191_22-02-2026-18.57,79206,208,210
03191_22-02-2026-18.57,04307,225,225
02861_22-02-2026-19.00,51003,0,0
02861_22-02-2026-19.00,50500,42,44
02861_22-02-2026-19.00,60000,159,188
02861_22-02-2026-19.00,04007,216,217
02861_22-02-2026-19.00,70600,256,257
02861_22-02-2026-19.00,04040,290,293
02861_22-02-2026-19.00,78200,327,328
02861_22-02-2026-19.00,74200,344,344
0002I_22-02-2026-19.29,60000,0,0
0002I_22-02-2026-19.29,04040,78,79
0002I_22-02-2026-19.29,71801,172,172
03309_22-02-2026-19.34,60000,0,0
03309_22-02-2026-19.34,04007,26,27
03309_22-02-2026-19.34,70600,62,63
03309_22-02-2026-19.34,04040,88,89
03309_22-02-2026-19.34,78400,132,134
03309_22-02-2026-19.34,04104,161,163
03309_22-02-2026-19.34,71801,201,211
03309_22-02-2026-19.34,79206,252,253
03309_22-02-2026-19.34,04307,268,268
00437_22-02-2026-19.52,13200,0,0
00437_22-02-2026-19.52,11200,110,112
00437_22-02-2026-19.52,81002,129,130
00437_22-02-2026-19.52,81100,173,175
00437_22-02-2026-19.52,81108,210,211
00437_22-02-2026-19.52,81200,232,235
00437_22-02-2026-19.52,81202,245,246
00437_22-02-2026-19.52,04040,287,290
00437_22-02-2026-19.52,78400,354,356
00437_22-02-2026-19.52,04104,388,390
00437_22-02-2026-19.52,71801,431,431
03931_22-02-2026-20.01,05000,0,0
03931_22-02-2026-20.01,02030,42,44
03931_22-02-2026-20.01,50500,84,88
03931_22-02-2026-20.01,04040,268,271
03931_22-02-2026-20.01,78400,318,320
03931_22-02-2026-20.01,04104,346,348
03931_22-02-2026-20.01,71801,388,388
03201_22-02-2026-20.05,60000,0,0
03201_22-02-2026-20.05,71801,157,157
0001O_22-02-2026-20.10,60000,0,0
0001O_22-02-2026-20.10,04040,76,79
0001O_22-02-2026-20.10,71801,173,173
03203_22-02-2026-20.27,60000,0,0
03203_22-02-2026-20.27,04007,25,26
03203_22-02-2026-20.27,70600,65,66
03203_22-02-2026-20.27,04040,90,91
03203_22-02-2026-20.27,78400,133,135
03203_22-02-2026-20.27,04104,160,162
03203_22-02-2026-20.27,71801,201,201
03991_22-02-2026-20.38,54413,0,0
03941_22-02-2026-20.38,51003,0,0
03991_22-02-2026-20.38,02003,20,22
03991_22-02-2026-20.38,02002,35,37
03941_22-02-2026-20.38,50500,42,52
03991_22-02-2026-20.38,50500,68,74
03941_22-02-2026-20.38,37300,103,105
03941_22-02-2026-20.38,37200,118,120
03991_22-02-2026-20.38,37300,125,127
03991_22-02-2026-20.38,37200,140,142
03941_22-02-2026-20.38,04040,259,261
03991_22-02-2026-20.38,04040,281,283
03941_22-02-2026-20.38,78400,303,305
03991_22-02-2026-20.38,78400,325,327
03941_22-02-2026-20.38,04104,334,336
03991_22-02-2026-20.38,04104,356,358
03941_22-02-2026-20.38,71801,378,378
03991_22-02-2026-20.38,71801,400,400
0003I_22-02-2026-20.56,60000,0,0
0003I_22-02-2026-20.56,71801,157,157
0003O_22-02-2026-21.02,60000,0,0
0003O_22-02-2026-21.02,04040,79,82
0003O_22-02-2026-21.02,71801,172,172
02883_22-02-2026-21.07,54413,0,0
02883_22-02-2026-21.07,50500,47,49
02883_22-02-2026-21.07,60000,164,190
02883_22-02-2026-21.07,04040,269,270
02883_22-02-2026-21.07,71801,362,362
0004I_23-02-2026-06.09,60000,0,0
0004I_23-02-2026-06.09,04040,79,80
0004I_23-02-2026-06.09,71801,171,171
03301_23-02-2026-06.16,60000,0,0
03301_23-02-2026-06.16,04104,125,127
03301_23-02-2026-06.16,71801,169,169
03063_23-02-2026-06.27,60000,0,0
03063_23-02-2026-06.27,70600,59,60
03063_23-02-2026-06.27,04040,85,86
03063_23-02-2026-06.27,71801,178,178
03071_23-02-2026-06.57,60000,0,0
03071_23-02-2026-06.57,71801,157,157
0004O_23-02-2026-07.02,60000,0,0
0004O_23-02-2026-07.02,04040,78,81
0004O_23-02-2026-07.02,71801,172,172
0003I_23-02-2026-07.22,60000,0,0
0003I_23-02-2026-07.22,71801,157,157
03073_23-02-2026-07.27,60000,0,0
03073_23-02-2026-07.27,04007,25,26
03073_23-02-2026-07.27,04040,84,85
03073_23-02-2026-07.27,78400,128,130
03073_23-02-2026-07.27,04104,157,159
03073_23-02-2026-07.27,71801,199,215
03073_23-02-2026-07.27,79206,255,257
03073_23-02-2026-07.27,04307,272,272
03081_23-02-2026-07.57,60000,0,0
03081_23-02-2026-07.57,71801,157,157
0003I_23-02-2026-08.22,60000,0,0
0003I_23-02-2026-08.22,71801,157,157
03083_23-02-2026-08.27,60000,0,0
03083_23-02-2026-08.27,04040,78,79
03083_23-02-2026-08.27,71801,172,172
0003I_23-02-2026-08.50,60000,0,0
0003I_23-02-2026-08.50,71801,157,157
03091_23-02-2026-08.57,60000,0,0
03091_23-02-2026-08.57,04104,124,126
03091_23-02-2026-08.57,71801,164,164
0002I_23-02-2026-09.22,60000,0,0
0002I_23-02-2026-09.22,04040,78,79
0002I_23-02-2026-09.22,71801,172,172
02561_23-02-2026-09.27,51003,0,0
02561_23-02-2026-09.27,50500,46,48
02561_23-02-2026-09.27,37300,94,96
02561_23-02-2026-09.27,37200,108,110
02561_23-02-2026-09.27,60000,176,207
02561_23-02-2026-09.27,04040,286,287
02561_23-02-2026-09.27,78400,332,334
02561_23-02-2026-09.27,04104,360,362
02561_23-02-2026-09.27,71801,401,409
02561_23-02-2026-09.27,79206,450,452
02561_23-02-2026-09.27,04307,467,467
0001I_23-02-2026-09.57,60000,0,0
0001I_23-02-2026-09.57,04040,80,81
0001I_23-02-2026-09.57,71801,172,172
0005O_23-02-2026-10.02,60000,0,0
0005O_23-02-2026-10.02,04040,80,83
0005O_23-02-2026-10.02,04104,139,139
0005O_23-02-2026-10.02,71801,182,182
03303_23-02-2026-10.27,60000,0,0
03303_23-02-2026-10.27,04040,80,81
03303_23-02-2026-10.27,71801,172,172
00605_23-02-2026-10.32,60000,0,0
00605_23-02-2026-10.32,04007,27,28
00605_23-02-2026-10.32,70600,74,75
00605_23-02-2026-10.32,81202,142,143
00605_23-02-2026-10.32,80108,175,176
00605_23-02-2026-10.32,80100,203,203
00533_23-02-2026-11.09,11511,0,0
00533_23-02-2026-11.09,11400,60,61
00533_23-02-2026-11.09,11300,87,88
00533_23-02-2026-11.09,80100,125,130
00533_23-02-2026-11.09,80108,156,157
00533_23-02-2026-11.09,81200,188,189
00533_23-02-2026-11.09,81202,205,206
00533_23-02-2026-11.09,04040,253,256
00533_23-02-2026-11.09,78400,305,307
00533_23-02-2026-11.09,04104,338,340
00533_23-02-2026-11.09,71801,376,376
0002I_23-02-2026-11.22,60000,0,0
0002I_23-02-2026-11.22,04040,78,79
0002I_23-02-2026-11.22,71801,172,172
03113_23-02-2026-11.27,60000,0,0
03113_23-02-2026-11.27,70600,58,59
03113_23-02-2026-11.27,04040,84,85
03113_23-02-2026-11.27,78400,128,130
03113_23-02-2026-11.27,04104,157,159
03113_23-02-2026-11.27,71801,199,199
34433_23-02-2026-12.00,78400,0,0
34433_23-02-2026-12.00,04104,31,33
34433_23-02-2026-12.00,71801,69,69
0002I_23-02-2026-12.22,60000,0,0
0002I_23-02-2026-12.22,04040,78,79
0002I_23-02-2026-12.22,71801,172,172
02591_23-02-2026-12.27,51003,0,0
02591_23-02-2026-12.27,50500,41,43
02591_23-02-2026-12.27,60000,158,173
02591_23-02-2026-12.27,04040,251,252
02591_23-02-2026-12.27,78400,295,297
02591_23-02-2026-12.27,71801,370,380
02591_23-02-2026-12.27,79206,421,423
02591_23-02-2026-12.27,04307,438,438
03993_23-02-2026-12.37,54413,0,0
03943_23-02-2026-12.37,51003,0,0
03993_23-02-2026-12.37,02003,20,22
03993_23-02-2026-12.37,02002,35,37
03943_23-02-2026-12.37,50500,42,56
03993_23-02-2026-12.37,50500,63,71
03943_23-02-2026-12.37,37200,110,112
03993_23-02-2026-12.37,37200,125,127
03943_23-02-2026-12.37,04040,237,240
03993_23-02-2026-12.37,04040,252,255
03943_23-02-2026-12.37,78400,280,282
03993_23-02-2026-12.37,78400,295,297
03943_23-02-2026-12.37,04104,306,308
03993_23-02-2026-12.37,04104,321,323
03943_23-02-2026-12.37,71801,348,348
03993_23-02-2026-12.37,71801,363,363
09725_23-02-2026-13.15,60000,0,0
09725_23-02-2026-13.15,04007,26,28
09725_23-02-2026-13.15,04040,85,88
09725_23-02-2026-13.15,04104,142,144
09725_23-02-2026-13.15,71801,184,196
09725_23-02-2026-13.15,79206,237,240
09725_23-02-2026-13.15,04307,254,257
09725_23-02-2026-13.15,87374,280,290
09725_23-02-2026-13.15,87088,325,328
09725_23-02-2026-13.15,87173,390,399
09725_23-02-2026-13.15,87302,428,431
09725_23-02-2026-13.15,87814,457,460
09725_23-02-2026-13.15,87912,479,482
09725_23-02-2026-13.15,87089,495,495
34813_23-02-2026-13.37,78400,0,0
34813_23-02-2026-13.37,04104,27,29
34813_23-02-2026-13.37,71801,69,69
03141_23-02-2026-13.57,60000,0,0
03141_23-02-2026-13.57,71801,157,157
0001I_23-02-2026-14.02,60000,0,0
0001I_23-02-2026-14.02,04040,80,81
0001I_23-02-2026-14.02,71801,172,172
0002O_23-02-2026-14.12,60000,0,0
0002O_23-02-2026-14.12,71801,157,157
03143_23-02-2026-14.27,60000,0,0
03143_23-02-2026-14.27,70600,58,59
03143_23-02-2026-14.27,04040,84,85
03143_23-02-2026-14.27,71801,177,187
03143_23-02-2026-14.27,79206,233,236
03143_23-02-2026-14.27,04307,252,252
34823_23-02-2026-14.31,78400,0,0
34823_23-02-2026-14.31,71801,73,73
0005I_23-02-2026-14.42,60000,0,0
0005I_23-02-2026-14.42,04040,80,81
0005I_23-02-2026-14.42,71801,179,179
00609_23-02-2026-14.47,60000,0,0
00609_23-02-2026-14.47,04007,28,29
00609_23-02-2026-14.47,70600,82,83
00609_23-02-2026-14.47,81202,138,139
00609_23-02-2026-14.47,80108,171,172
00609_23-02-2026-14.47,80100,211,211
03151_23-02-2026-14.57,60000,0,0
03151_23-02-2026-14.57,71801,157,157
03305_23-02-2026-15.27,60000,0,0
03305_23-02-2026-15.27,70600,58,59
03305_23-02-2026-15.27,04040,83,84
03305_23-02-2026-15.27,78400,128,130
03305_23-02-2026-15.27,04104,156,158
03305_23-02-2026-15.27,71801,199,199
0003I_23-02-2026-15.52,60000,0,0
0003I_23-02-2026-15.52,71801,157,157
03161_23-02-2026-15.57,60000,0,0
03161_23-02-2026-15.57,71801,157,157
03163_23-02-2026-16.27,60000,0,0
03163_23-02-2026-16.27,04040,78,79
03163_23-02-2026-16.27,71801,172,178
03163_23-02-2026-16.27,79206,227,229
03163_23-02-2026-16.27,04307,244,244
0003I_23-02-2026-16.37,60000,0,0
0003I_23-02-2026-16.37,71801,157,157
03171_23-02-2026-16.57,60000,0,0
03171_23-02-2026-16.57,71801,157,157
0002O_23-02-2026-17.17,60000,0,0
0002O_23-02-2026-17.17,71801,157,157
0002I_23-02-2026-17.22,60000,0,0
0002I_23-02-2026-17.22,04040,78,79
0002I_23-02-2026-17.22,71801,172,172
03173_23-02-2026-17.27,60000,0,0
03173_23-02-2026-17.27,04007,26,27
03173_23-02-2026-17.27,04040,84,85
03173_23-02-2026-17.27,78400,128,130
03173_23-02-2026-17.27,04104,157,159
03173_23-02-2026-17.27,71801,199,199
02553_23-02-2026-17.57,54413,0,0
02553_23-02-2026-17.57,50500,47,49
02553_23-02-2026-17.57,60000,165,181
02553_23-02-2026-17.57,71801,338,338
03183_23-02-2026-18.27,60000,0,0
03183_23-02-2026-18.27,04040,78,79
03183_23-02-2026-18.27,04104,137,139
03183_23-02-2026-18.27,71801,177,177
0003I_23-02-2026-18.32,60000,0,0
0003I_23-02-2026-18.32,71801,157,157
03191_23-02-2026-18.57,60000,0,0
03191_23-02-2026-18.57,71801,157,167
03191_23-02-2026-18.57,79206,208,210
03191_23-02-2026-18.57,04307,225,225
02861_23-02-2026-19.00,51003,0,0
02861_23-02-2026-19.00,50500,42,44
02861_23-02-2026-19.00,60000,159,188
02861_23-02-2026-19.00,04007,216,217
02861_23-02-2026-19.00,70600,256,257
02861_23-02-2026-19.00,04040,290,293
02861_23-02-2026-19.00,78200,327,328
02861_23-02-2026-19.00,74200,344,344
0002I_23-02-2026-19.29,60000,0,0
0002I_23-02-2026-19.29,04040,78,79
0002I_23-02-2026-19.29,71801,172,172
03309_23-02-2026-19.34,60000,0,0
03309_23-02-2026-19.34,04007,26,27
03309_23-02-2026-19.34,70600,62,63
03309_23-02-2026-19.34,04040,88,89
03309_23-02-2026-19.34,78400,132,134
03309_23-02-2026-19.34,04104,161,163
03309_23-02-2026-19.34,71801,201,211
03309_23-02-2026-19.34,79206,252,253
03309_23-02-2026-19.34,04307,268,268
00437_23-02-2026-19.52,13200,0,0
00437_23-02-2026-19.52,11200,110,112
00437_23-02-2026-19.52,81002,129,130
00437_23-02-2026-19.52,81100,173,175
00437_23-02-2026-19.52,81108,210,211
00437_23-02-2026-19.52,81200,232,235
00437_23-02-2026-19.52,81202,245,246
00437_23-02-2026-19.52,04040,287,290
00437_23-02-2026-19.52,78400,354,356
00437_23-02-2026-19.52,04104,388,390
00437_23-02-2026-19.52,71801,431,431
03931_23-02-2026-20.01,05000,0,0
03931_23-02-2026-20.01,02030,42,44
03931_23-02-2026-20.01,50500,84,88
03931_23-02-2026-20.01,04040,268,271
03931_23-02-2026-20.01,78400,318,320
03931_23-02-2026-20.01,04104,346,348
03931_23-02-2026-20.01,71801,388,388
0001O_23-02-2026-20.10,60000,0,0
0001O_23-02-2026-20.10,04040,76,79
0001O_23-02-2026-20.10,71801,173,173
03203_23-02-2026-20.27,60000,0,0
03203_23-02-2026-20.27,04007,25,26
03203_23-02-2026-20.27,70600,65,66
03203_23-02-2026-20.27,04040,90,91
03203_23-02-2026-20.27,78400,133,135
03203_23-02-2026-20.27,04104,160,162
03203_23-02-2026-20.27,71801,201,201
03991_23-02-2026-20.38,54413,0,0
03941_23-02-2026-20.38,51003,0,0
03991_23-02-2026-20.38,02003,20,22
03991_23-02-2026-20.38,02002,35,37
03941_23-02-2026-20.38,50500,42,52
03991_23-02-2026-20.38,50500,68,74
03941_23-02-2026-20.38,37300,103,105
03941_23-02-2026-20.38,37200,118,120
03991_23-02-2026-20.38,37300,125,127
03991_23-02-2026-20.38,37200,140,142
03941_23-02-2026-20.38,04040,259,261
03991_23-02-2026-20.38,04040,281,283
03941_23-02-2026-20.38,78400,303,305
03991_23-02-2026-20.38,78400,325,327
03941_23-02-2026-20.38,04104,334,336
03991_23-02-2026-20.38,04104,356,358
03941_23-02-2026-20.38,71801,378,378
03991_23-02-2026-20.38,71801,400,400
0003O_23-02-2026-21.02,60000,0,0
0003O_23-02-2026-21.02,04040,79,82
0003O_23-02-2026-21.02,71801,172,172
0004I_24-02-2026-06.09,60000,0,0
0004I_24-02-2026-06.09,04040,79,80
0004I_24-02-2026-06.09,71801,171,171
03301_24-02-2026-06.16,60000,0,0
03301_24-02-2026-06.16,04104,125,127
03301_24-02-2026-06.16,71801,169,169
03063_24-02-2026-06.27,60000,0,0
03063_24-02-2026-06.27,70600,59,60
03063_24-02-2026-06.27,04040,85,86
03063_24-02-2026-06.27,71801,178,178
03071_24-02-2026-06.57,60000,0,0
03071_24-02-2026-06.57,71801,157,157
0004O_24-02-2026-07.02,60000,0,0
0004O_24-02-2026-07.02,04040,78,81
0004O_24-02-2026-07.02,71801,172,172
0003I_24-02-2026-07.22,60000,0,0
0003I_24-02-2026-07.22,71801,157,157
03073_24-02-2026-07.27,60000,0,0
03073_24-02-2026-07.27,04007,25,26
03073_24-02-2026-07.27,04040,84,85
03073_24-02-2026-07.27,78400,128,130
03073_24-02-2026-07.27,04104,157,159
03073_24-02-2026-07.27,71801,199,215
03073_24-02-2026-07.27,79206,255,257
03073_24-02-2026-07.27,04307,272,272
03081_24-02-2026-07.57,60000,0,0
03081_24-02-2026-07.57,71801,157,157
0003I_24-02-2026-08.22,60000,0,0
0003I_24-02-2026-08.22,71801,157,157
03083_24-02-2026-08.27,60000,0,0
03083_24-02-2026-08.27,04040,78,79
03083_24-02-2026-08.27,71801,172,172
0003I_24-02-2026-08.50,60000,0,0
0003I_24-02-2026-08.50,71801,157,157
03091_24-02-2026-08.57,60000,0,0
03091_24-02-2026-08.57,04104,124,126
03091_24-02-2026-08.57,71801,164,164
0002I_24-02-2026-09.22,60000,0,0
0002I_24-02-2026-09.22,04040,78,79
0002I_24-02-2026-09.22,71801,172,172
02561_24-02-2026-09.27,51003,0,0
02561_24-02-2026-09.27,50500,46,48
02561_24-02-2026-09.27,37300,94,96
02561_24-02-2026-09.27,37200,108,110
02561_24-02-2026-09.27,60000,176,207
02561_24-02-2026-09.27,04040,286,287
02561_24-02-2026-09.27,78400,332,334
02561_24-02-2026-09.27,04104,360,362
02561_24-02-2026-09.27,71801,401,409
02561_24-02-2026-09.27,79206,450,452
02561_24-02-2026-09.27,04307,467,467
0001I_24-02-2026-09.57,60000,0,0
0001I_24-02-2026-09.57,04040,80,81
0001I_24-02-2026-09.57,71801,172,172
0005O_24-02-2026-10.02,60000,0,0
0005O_24-02-2026-10.02,04040,80,83
0005O_24-02-2026-10.02,04104,139,139
0005O_24-02-2026-10.02,71801,182,182
03303_24-02-2026-10.27,60000,0,0
03303_24-02-2026-10.27,04040,80,81
03303_24-02-2026-10.27,71801,172,172
00605_24-02-2026-10.32,60000,0,0
00605_24-02-2026-10.32,04007,27,28
00605_24-02-2026-10.32,70600,74,75
00605_24-02-2026-10.32,81202,142,143
00605_24-02-2026-10.32,80108,175,176
00605_24-02-2026-10.32,80100,203,203
00533_24-02-2026-11.09,11511,0,0
00533_24-02-2026-11.09,11400,60,61
00533_24-02-2026-11.09,11300,87,88
00533_24-02-2026-11.09,80100,125,130
00533_24-02-2026-11.09,80108,156,157
00533_24-02-2026-11.09,81200,188,189
00533_24-02-2026-11.09,81202,205,206
00533_24-02-2026-11.09,04040,253,256
00533_24-02-2026-11.09,78400,305,307
00533_24-02-2026-11.09,04104,338,340
00533_24-02-2026-11.09,71801,376,376
0002I_24-02-2026-11.22,60000,0,0
0002I_24-02-2026-11.22,04040,78,79
0002I_24-02-2026-11.22,71801,172,172
03113_24-02-2026-11.27,60000,0,0
03113_24-02-2026-11.27,70600,58,59
03113_24-02-2026-11.27,04040,84,85
03113_24-02-2026-11.27,78400,128,130
03113_24-02-2026-11.27,04104,157,159
03113_24-02-2026-11.27,71801,199,199
34433_24-02-2026-12.00,78400,0,0
34433_24-02-2026-12.00,04104,31,33
34433_24-02-2026-12.00,71801,69,69
0002I_24-02-2026-12.22,60000,0,0
0002I_24-02-2026-12.22,04040,78,79
0002I_24-02-2026-12.22,71801,172,172
02591_24-02-2026-12.27,51003,0,0
02591_24-02-2026-12.27,50500,41,43
02591_24-02-2026-12.27,60000,158,173
02591_24-02-2026-12.27,04040,251,252
02591_24-02-2026-12.27,78400,295,297
02591_24-02-2026-12.27,71801,370,380
02591_24-02-2026-12.27,79206,421,423
02591_24-02-2026-12.27,04307,438,438
03993_24-02-2026-12.37,54413,0,0
03943_24-02-2026-12.37,51003,0,0
03993_24-02-2026-12.37,02003,20,22
03993_24-02-2026-12.37,02002,35,37
03943_24-02-2026-12.37,50500,42,56
03993_24-02-2026-12.37,50500,63,71
03943_24-02-2026-12.37,37200,110,112
03993_24-02-2026-12.37,37200,125,127
03943_24-02-2026-12.37,04040,237,240
03993_24-02-2026-12.37,04040,252,255
03943_24-02-2026-12.37,78400,280,282
03993_24-02-2026-12.37,78400,295,297
03943_24-02-2026-12.37,04104,306,308
03993_24-02-2026-12.37,04104,321,323
03943_24-02-2026-12.37,71801,348,348
03993_24-02-2026-12.37,71801,363,363
09725_24-02-2026-13.15,60000,0,0
09725_24-02-2026-13.15,04007,26,28
09725_24-02-2026-13.15,04040,85,88
09725_24-02-2026-13.15,04104,142,144
09725_24-02-2026-13.15,71801,184,196
09725_24-02-2026-13.15,79206,237,240
09725_24-02-2026-13.15,04307,254,257
09725_24-02-2026-13.15,87374,280,290
09725_24-02-2026-13.15,87088,325,328
09725_24-02-2026-13.15,87173,390,399
09725_24-02-2026-13.15,87302,428,431
09725_24-02-2026-13.15,87814,457,460
09725_24-02-2026-13.15,87912,479,482
09725_24-02-2026-13.15,87089,495,495
34813_24-02-2026-13.37,78400,0,0
34813_24-02-2026-13.37,04104,27,29
34813_24-02-2026-13.37,71801,69,69
03141_24-02-2026-13.57,60000,0,0
03141_24-02-2026-13.57,71801,157,157
0001I_24-02-2026-14.02,60000,0,0
0001I_24-02-2026-14.02,04040,80,81
0001I_24-02-2026-14.02,71801,172,172
0002O_24-02-2026-14.12,60000,0,0
0002O_24-02-2026-14.12,71801,157,157
03143_24-02-2026-14.27,60000,0,0
03143_24-02-2026-14.27,70600,58,59
03143_24-02-2026-14.27,04040,84,85
03143_24-02-2026-14.27,71801,177,187
03143_24-02-2026-14.27,79206,233,236
03143_24-02-2026-14.27,04307,252,252
34823_24-02-2026-14.31,78400,0,0
34823_24-02-2026-14.31,71801,73,73
0005I_24-02-2026-14.42,60000,0,0
0005I_24-02-2026-14.42,04040,80,81
0005I_24-02-2026-14.42,71801,179,179
00609_24-02-2026-14.47,60000,0,0
00609_24-02-2026-14.47,04007,28,29
00609_24-02-2026-14.47,70600,82,83
00609_24-02-2026-14.47,81202,138,139
00609_24-02-2026-14.47,80108,171,172
00609_24-02-2026-14.47,80100,211,211
03151_24-02-2026-14.57,60000,0,0
03151_24-02-2026-14.57,71801,157,157
03305_24-02-2026-15.27,60000,0,0
03305_24-02-2026-15.27,70600,58,59
03305_24-02-2026-15.27,04040,83,84
03305_24-02-2026-15.27,78400,128,130
03305_24-02-2026-15.27,04104,156,158
03305_24-02-2026-15.27,71801,199,199
0003I_24-02-2026-15.52,60000,0,0
0003I_24-02-2026-15.52,71801,157,157
03161_24-02-2026-15.57,60000,0,0
03161_24-02-2026-15.57,71801,157,157
03163_24-02-2026-16.27,60000,0,0
03163_24-02-2026-16.27,04040,78,79
03163_24-02-2026-16.27,71801,172,178
03163_24-02-2026-16.27,79206,227,229
03163_24-02-2026-16.27,04307,244,244
0003I_24-02-2026-16.37,60000,0,0
0003I_24-02-2026-16.37,71801,157,157
03171_24-02-2026-16.57,60000,0,0
03171_24-02-2026-16.57,71801,157,157
0002O_24-02-2026-17.17,60000,0,0
0002O_24-02-2026-17.17,71801,157,157
0002I_24-02-2026-17.22,60000,0,0
0002I_24-02-2026-17.22,04040,78,79
0002I_24-02-2026-17.22,71801,172,172
03173_24-02-2026-17.27,60000,0,0
03173_24-02-2026-17.27,04007,26,27
03173_24-02-2026-17.27,04040,84,85
03173_24-02-2026-17.27,78400,128,130
03173_24-02-2026-17.27,04104,157,159
03173_24-02-2026-17.27,71801,199,199
02553_24-02-2026-17.57,54413,0,0
02553_24-02-2026-17.57,50500,47,49
02553_24-02-2026-17.57,60000,165,181
02553_24-02-2026-17.57,71801,338,338
03183_24-02-2026-18.27,60000,0,0
03183_24-02-2026-18.27,04040,78,79
03183_24-02-2026-18.27,04104,137,139
03183_24-02-2026-18.27,71801,177,177
0003I_24-02-2026-18.32,60000,0,0
0003I_24-02-2026-18.32,71801,157,157
03191_24-02-2026-18.57,60000,0,0
03191_24-02-2026-18.57,71801,157,167
03191_24-02-2026-18.57,79206,208,210
03191_24-02-2026-18.57,04307,225,225
02861_24-02-2026-19.00,51003,0,0
02861_24-02-2026-19.00,50500,42,44
02861_24-02-2026-19.00,60000,159,188
02861_24-02-2026-19.00,04007,216,217
02861_24-02-2026-19.00,70600,256,257
02861_24-02-2026-19.00,04040,290,293
02861_24-02-2026-19.00,78200,327,328
02861_24-02-2026-19.00,74200,344,344
0002I_24-02-2026-19.29,60000,0,0
0002I_24-02-2026-19.29,04040,78,79
0002I_24-02-2026-19.29,71801,172,172
03309_24-02-2026-19.34,60000,0,0
03309_24-02-2026-19.34,04007,26,27
03309_24-02-2026-19.34,70600,62,63
03309_24-02-2026-19.34,04040,88,89
03309_24-02-2026-19.34,78400,132,134
03309_24-02-2026-19.34,04104,161,163
03309_24-02-2026-19.34,71801,201,211
03309_24-02-2026-19.34,79206,252,253
03309_24-02-2026-19.34,04307,268,268
00437_24-02-2026-19.52,13200,0,0
00437_24-02-2026-19.52,11200,110,112
00437_24-02-2026-19.52,81002,129,130
00437_24-02-2026-19.52,81100,173,175
00437_24-02-2026-19.52,81108,210,211
00437_24-02-2026-19.52,81200,232,235
00437_24-02-2026-19.52,81202,245,246
00437_24-02-2026-19.52,04040,287,290
00437_24-02-2026-19.52,78400,354,356
00437_24-02-2026-19.52,04104,388,390
00437_24-02-2026-19.52,71801,431,431
03931_24-02-2026-20.01,05000,0,0
03931_24-02-2026-20.01,02030,42,44
03931_24-02-2026-20.01,50500,84,88
03931_24-02-2026-20.01,04040,268,271
03931_24-02-2026-20.01,78400,318,320
03931_24-02-2026-20.01,04104,346,348
03931_24-02-2026-20.01,71801,388,388
0001O_24-02-2026-20.10,60000,0,0
0001O_24-02-2026-20.10,04040,76,79
0001O_24-02-2026-20.10,71801,173,173
03203_24-02-2026-20.27,60000,0,0
03203_24-02-2026-20.27,04007,25,26
03203_24-02-2026-20.27,70600,65,66
03203_24-02-2026-20.27,04040,90,91
03203_24-02-2026-20.27,78400,133,135
03203_24-02-2026-20.27,04104,160,162
03203_24-02-2026-20.27,71801,201,201
03991_24-02-2026-20.38,54413,0,0
03941_24-02-2026-20.38,51003,0,0
03991_24-02-2026-20.38,02003,20,22
03991_24-02-2026-20.38,02002,35,37
03941_24-02-2026-20.38,50500,42,52
03991_24-02-2026-20.38,50500,68,74
03941_24-02-2026-20.38,37300,103,105
03941_24-02-2026-20.38,37200,118,120
03991_24-02-2026-20.38,37300,125,127
03991_24-02-2026-20.38,37200,140,142
03941_24-02-2026-20.38,04040,259,261
03991_24-02-2026-20.38,04040,281,283
03941_24-02-2026-20.38,78400,303,305
03991_24-02-2026-20.38,78400,325,327
03941_24-02-2026-20.38,04104,334,336
03991_24-02-2026-20.38,04104,356,358
03941_24-02-2026-20.38,71801,378,378
03991_24-02-2026-20.38,71801,400,400
0003O_24-02-2026-21.02,60000,0,0
0003O_24-02-2026-21.02,04040,79,82
0003O_24-02-2026-21.02,71801,172,172
0004I_25-02-2026-06.09,60000,0,0
0004I_25-02-2026-06.09,04040,79,80
0004I_25-02-2026-06.09,71801,171,171
03301_25-02-2026-06.16,60000,0,0
03301_25-02-2026-06.16,04104,125,127
03301_25-02-2026-06.16,71801,169,169
03063_25-02-2026-06.27,60000,0,0
03063_25-02-2026-06.27,70600,59,60
03063_25-02-2026-06.27,04040,85,86
03063_25-02-2026-06.27,71801,178,178
03071_25-02-2026-06.57,60000,0,0
03071_25-02-2026-06.57,71801,157,157
0004O_25-02-2026-07.02,60000,0,0
0004O_25-02-2026-07.02,04040,78,81
0004O_25-02-2026-07.02,71801,172,172
0003I_25-02-2026-07.22,60000,0,0
0003I_25-02-2026-07.22,71801,157,157
03073_25-02-2026-07.27,60000,0,0
03073_25-02-2026-07.27,04007,25,26
03073_25-02-2026-07.27,04040,84,85
03073_25-02-2026-07.27,78400,128,130
03073_25-02-2026-07.27,04104,157,159
03073_25-02-2026-07.27,71801,199,215
03073_25-02-2026-07.27,79206,255,257
03073_25-02-2026-07.27,04307,272,272
03081_25-02-2026-07.57,60000,0,0
03081_25-02-2026-07.57,71801,157,157
0003I_25-02-2026-08.22,60000,0,0
0003I_25-02-2026-08.22,71801,157,157
03083_25-02-2026-08.27,60000,0,0
03083_25-02-2026-08.27,04040,78,79
03083_25-02-2026-08.27,71801,172,172
0003I_25-02-2026-08.50,60000,0,0
0003I_25-02-2026-08.50,71801,157,157
03091_25-02-2026-08.57,60000,0,0
03091_25-02-2026-08.57,04104,124,126
03091_25-02-2026-08.57,71801,164,164
0002I_25-02-2026-09.22,60000,0,0
0002I_25-02-2026-09.22,04040,78,79
0002I_25-02-2026-09.22,71801,172,172
02561_25-02-2026-09.27,51003,0,0
02561_25-02-2026-09.27,50500,46,48
02561_25-02-2026-09.27,37300,94,96
02561_25-02-2026-09.27,37200,108,110
02561_25-02-2026-09.27,60000,176,207
02561_25-02-2026-09.27,04040,286,287
02561_25-02-2026-09.27,78400,332,334
02561_25-02-2026-09.27,04104,360,362
02561_25-02-2026-09.27,71801,401,409
02561_25-02-2026-09.27,79206,450,452
02561_25-02-2026-09.27,04307,467,467
0001I_25-02-2026-09.57,60000,0,0
0001I_25-02-2026-09.57,04040,80,81
0001I_25-02-2026-09.57,71801,172,172
0005O_25-02-2026-10.02,60000,0,0
0005O_25-02-2026-10.02,04040,80,83
0005O_25-02-2026-10.02,04104,139,139
0005O_25-02-2026-10.02,71801,182,182
03303_25-02-2026-10.27,60000,0,0
03303_25-02-2026-10.27,04040,80,81
03303_25-02-2026-10.27,71801,172,172
00605_25-02-2026-10.32,60000,0,0
00605_25-02-2026-10.32,04007,27,28
00605_25-02-2026-10.32,70600,74,75
00605_25-02-2026-10.32,81202,142,143
00605_25-02-2026-10.32,80108,175,176
00605_25-02-2026-10.32,80100,203,203
00533_25-02-2026-11.09,11511,0,0
00533_25-02-2026-11.09,11400,60,61
00533_25-02-2026-11.09,11300,87,88
00533_25-02-2026-11.09,80100,125,130
00533_25-02-2026-11.09,80108,156,157
00533_25-02-2026-11.09,81200,188,189
00533_25-02-2026-11.09,81202,205,206
00533_25-02-2026-11.09,04040,253,256
00533_25-02-2026-11.09,78400,305,307
00533_25-02-2026-11.09,04104,338,340
00533_25-02-2026-11.09,71801,376,376
0002I_25-02-2026-11.22,60000,0,0
0002I_25-02-2026-11.22,04040,78,79
0002I_25-02-2026-11.22,71801,172,172
03113_25-02-2026-11.27,60000,0,0
03113_25-02-2026-11.27,70600,58,59
03113_25-02-2026-11.27,04040,84,85
03113_25-02-2026-11.27,78400,128,130
03113_25-02-2026-11.27,04104,157,159
03113_25-02-2026-11.27,71801,199,199
34433_25-02-2026-12.00,78400,0,0
34433_25-02-2026-12.00,04104,31,33
34433_25-02-2026-12.00,71801,69,69
0002I_25-02-2026-12.22,60000,0,0
0002I_25-02-2026-12.22,04040,78,79
0002I_25-02-2026-12.22,71801,172,172
02591_25-02-2026-12.27,51003,0,0
02591_25-02-2026-12.27,50500,41,43
02591_25-02-2026-12.27,60000,158,173
02591_25-02-2026-12.27,04040,251,252
02591_25-02-2026-12.27,78400,295,297
02591_25-02-2026-12.27,71801,370,380
02591_25-02-2026-12.27,79206,421,423
02591_25-02-2026-12.27,04307,438,438
03943_25-02-2026-12.37,51003,0,0
03993_25-02-2026-12.37,54413,0,0
03993_25-02-2026-12.37,02003,20,22
03993_25-02-2026-12.37,02002,35,37
03943_25-02-2026-12.37,50500,42,56
03993_25-02-2026-12.37,50500,63,71
03943_25-02-2026-12.37,37200,110,112
03993_25-02-2026-12.37,37200,125,127
03943_25-02-2026-12.37,04040,237,240
03993_25-02-2026-12.37,04040,252,255
03943_25-02-2026-12.37,78400,280,282
03993_25-02-2026-12.37,78400,295,297
03943_25-02-2026-12.37,04104,306,308
03993_25-02-2026-12.37,04104,321,323
03943_25-02-2026-12.37,71801,348,348
03993_25-02-2026-12.37,71801,363,363
09725_25-02-2026-13.15,60000,0,0
09725_25-02-2026-13.15,04007,26,28
09725_25-02-2026-13.15,04040,85,88
09725_25-02-2026-13.15,04104,142,144
09725_25-02-2026-13.15,71801,184,196
09725_25-02-2026-13.15,79206,237,240
09725_25-02-2026-13.15,04307,254,257
09725_25-02-2026-13.15,87374,280,290
09725_25-02-2026-13.15,87088,325,328
09725_25-02-2026-13.15,87173,390,399
09725_25-02-2026-13.15,87302,428,431
09725_25-02-2026-13.15,87814,457,460
09725_25-02-2026-13.15,87912,479,482
09725_25-02-2026-13.15,87089,495,495
34813_25-02-2026-13.37,78400,0,0
34813_25-02-2026-13.37,04104,27,29
34813_25-02-2026-13.37,71801,69,69
03141_25-02-2026-13.57,60000,0,0
03141_25-02-2026-13.57,71801,157,157
0001I_25-02-2026-14.02,60000,0,0
0001I_25-02-2026-14.02,04040,80,81
0001I_25-02-2026-14.02,71801,172,172
0002O_25-02-2026-14.12,60000,0,0
0002O_25-02-2026-14.12,71801,157,157
03143_25-02-2026-14.27,60000,0,0
03143_25-02-2026-14.27,70600,58,59
03143_25-02-2026-14.27,04040,84,85
03143_25-02-2026-14.27,71801,177,187
03143_25-02-2026-14.27,79206,233,236
03143_25-02-2026-14.27,04307,252,252
34823_25-02-2026-14.31,78400,0,0
34823_25-02-2026-14.31,71801,73,73
0005I_25-02-2026-14.42,60000,0,0
0005I_25-02-2026-14.42,04040,80,81
0005I_25-02-2026-14.42,71801,179,179
00609_25-02-2026-14.47,60000,0,0
00609_25-02-2026-14.47,04007,28,29
00609_25-02-2026-14.47,70600,82,83
00609_25-02-2026-14.47,81202,138,139
00609_25-02-2026-14.47,80108,171,172
00609_25-02-2026-14.47,80100,211,211
03151_25-02-2026-14.57,60000,0,0
03151_25-02-2026-14.57,71801,157,157
03305_25-02-2026-15.27,60000,0,0
03305_25-02-2026-15.27,70600,58,59
03305_25-02-2026-15.27,04040,83,84
03305_25-02-2026-15.27,78400,128,130
03305_25-02-2026-15.27,04104,156,158
03305_25-02-2026-15.27,71801,199,199
0003I_25-02-2026-15.52,60000,0,0
0003I_25-02-2026-15.52,71801,157,157
03161_25-02-2026-15.57,60000,0,0
03161_25-02-2026-15.57,71801,157,157
03163_25-02-2026-16.27,60000,0,0
03163_25-02-2026-16.27,04040,78,79
03163_25-02-2026-16.27,71801,172,178
03163_25-02-2026-16.27,79206,227,229
03163_25-02-2026-16.27,04307,244,244
0003I_25-02-2026-16.37,60000,0,0
0003I_25-02-2026-16.37,71801,157,157
03171_25-02-2026-16.57,60000,0,0
03171_25-02-2026-16.57,71801,157,157
0002O_25-02-2026-17.17,60000,0,0
0002O_25-02-2026-17.17,71801,157,157
0002I_25-02-2026-17.22,60000,0,0
0002I_25-02-2026-17.22,04040,78,79
0002I_25-02-2026-17.22,71801,172,172
03173_25-02-2026-17.27,60000,0,0
03173_25-02-2026-17.27,04007,26,27
03173_25-02-2026-17.27,04040,84,85
03173_25-02-2026-17.27,78400,128,130
03173_25-02-2026-17.27,04104,157,159
03173_25-02-2026-17.27,71801,199,199
02553_25-02-2026-17.57,54413,0,0
02553_25-02-2026-17.57,50500,47,49
02553_25-02-2026-17.57,60000,165,181
02553_25-02-2026-17.57,71801,338,338
03183_25-02-2026-18.27,60000,0,0
03183_25-02-2026-18.27,04040,78,79
03183_25-02-2026-18.27,04104,137,139
03183_25-02-2026-18.27,71801,177,177
0003I_25-02-2026-18.32,60000,0,0
0003I_25-02-2026-18.32,71801,157,157
03191_25-02-2026-18.57,60000,0,0
03191_25-02-2026-18.57,71801,157,167
03191_25-02-2026-18.57,79206,208,210
03191_25-02-2026-18.57,04307,225,225
02861_25-02-2026-19.00,51003,0,0
02861_25-02-2026-19.00,50500,42,44
02861_25-02-2026-19.00,60000,159,188
02861_25-02-2026-19.00,04007,216,217
02861_25-02-2026-19.00,70600,256,257
02861_25-02-2026-19.00,04040,290,293
02861_25-02-2026-19.00,78200,327,328
02861_25-02-2026-19.00,74200,344,344
0002I_25-02-2026-19.29,60000,0,0
0002I_25-02-2026-19.29,04040,78,79
0002I_25-02-2026-19.29,71801,172,172
03309_25-02-2026-19.34,60000,0,0
03309_25-02-2026-19.34,04007,26,27
03309_25-02-2026-19.34,70600,62,63
03309_25-02-2026-19.34,04040,88,89
03309_25-02-2026-19.34,78400,132,134
03309_25-02-2026-19.34,04104,161,163
03309_25-02-2026-19.34,71801,201,211
03309_25-02-2026-19.34,79206,252,253
03309_25-02-2026-19.34,04307,268,268
00437_25-02-2026-19.52,13200,0,0
00437_25-02-2026-19.52,11200,110,112
00437_25-02-2026-19.52,81002,129,130
00437_25-02-2026-19.52,81100,173,175
00437_25-02-2026-19.52,81108,210,211
00437_25-02-2026-19.52,81200,232,235
00437_25-02-2026-19.52,81202,245,246
00437_25-02-2026-19.52,04040,287,290
00437_25-02-2026-19.52,78400,354,356
00437_25-02-2026-19.52,04104,388,390
00437_25-02-2026-19.52,71801,431,431
03931_25-02-2026-20.01,05000,0,0
03931_25-02-2026-20.01,02030,42,44
03931_25-02-2026-20.01,50500,84,88
03931_25-02-2026-20.01,04040,268,271
03931_25-02-2026-20.01,78400,318,320
03931_25-02-2026-20.01,04104,346,348
03931_25-02-2026-20.01,71801,388,388
03201_25-02-2026-20.05,60000,0,0
03201_25-02-2026-20.05,71801,157,157
0001O_25-02-2026-20.10,60000,0,0
0001O_25-02-2026-20.10,04040,76,79
0001O_25-02-2026-20.10,71801,173,173
03203_25-02-2026-20.27,60000,0,0
03203_25-02-2026-20.27,04007,25,26
03203_25-02-2026-20.27,70600,65,66
03203_25-02-2026-20.27,04040,90,91
03203_25-02-2026-20.27,78400,133,135
03203_25-02-2026-20.27,04104,160,162
03203_25-02-2026-20.27,71801,201,201
03991_25-02-2026-20.38,54413,0,0
03941_25-02-2026-20.38,51003,0,0
03991_25-02-2026-20.38,02003,20,22
03991_25-02-2026-20.38,02002,35,37
03941_25-02-2026-20.38,50500,42,52
03991_25-02-2026-20.38,50500,68,74
03941_25-02-2026-20.38,37300,103,105
03941_25-02-2026-20.38,37200,118,120
03991_25-02-2026-20.38,37300,125,127
03991_25-02-2026-20.38,37200,140,142
03941_25-02-2026-20.38,04040,259,261
03991_25-02-2026-20.38,04040,281,283
03941_25-02-2026-20.38,78400,303,305
03991_25-02-2026-20.38,78400,325,327
03941_25-02-2026-20.38,04104,334,336
03991_25-02-2026-20.38,04104,356,358
03941_25-02-2026-20.38,71801,378,378
03991_25-02-2026-20.38,71801,400,400
0003O_25-02-2026-21.02,60000,0,0
0003O_25-02-2026-21.02,04040,79,82
0003O_25-02-2026-21.02,71801,172,172
02883_25-02-2026-21.07,54413,0,0
02883_25-02-2026-21.07,50500,47,49
02883_25-02-2026-21.07,60000,164,190
02883_25-02-2026-21.07,04040,269,270
02883_25-02-2026-21.07,71801,362,362
0004I_26-02-2026-06.09,60000,0,0
0004I_26-02-2026-06.09,04040,79,80
0004I_26-02-2026-06.09,71801,171,171
03301_26-02-2026-06.16,60000,0,0
03301_26-02-2026-06.16,04104,125,127
03301_26-02-2026-06.16,71801,169,169
03063_26-02-2026-06.27,60000,0,0
03063_26-02-2026-06.27,70600,59,60
03063_26-02-2026-06.27,04040,85,86
03063_26-02-2026-06.27,71801,178,178
03071_26-02-2026-06.57,60000,0,0
03071_26-02-2026-06.57,71801,157,157
0004O_26-02-2026-07.02,60000,0,0
0004O_26-02-2026-07.02,04040,78,81
0004O_26-02-2026-07.02,71801,172,172
0003I_26-02-2026-07.22,60000,0,0
0003I_26-02-2026-07.22,71801,157,157
03073_26-02-2026-07.27,60000,0,0
03073_26-02-2026-07.27,04007,25,26
03073_26-02-2026-07.27,04040,84,85
03073_26-02-2026-07.27,78400,128,130
03073_26-02-2026-07.27,04104,157,159
03073_26-02-2026-07.27,71801,199,215
03073_26-02-2026-07.27,79206,255,257
03073_26-02-2026-07.27,04307,272,272
03081_26-02-2026-07.57,60000,0,0
03081_26-02-2026-07.57,71801,157,157
0003I_26-02-2026-08.22,60000,0,0
0003I_26-02-2026-08.22,71801,157,157
03083_26-02-2026-08.27,60000,0,0
03083_26-02-2026-08.27,04040,78,79
03083_26-02-2026-08.27,71801,172,172
0003I_26-02-2026-08.50,60000,0,0
0003I_26-02-2026-08.50,71801,157,157
03091_26-02-2026-08.57,60000,0,0
03091_26-02-2026-08.57,04104,124,126
03091_26-02-2026-08.57,71801,164,164
0002I_26-02-2026-09.22,60000,0,0
0002I_26-02-2026-09.22,04040,78,79
0002I_26-02-2026-09.22,71801,172,172
02561_26-02-2026-09.27,51003,0,0
02561_26-02-2026-09.27,50500,46,48
02561_26-02-2026-09.27,37300,94,96
02561_26-02-2026-09.27,37200,108,110
02561_26-02-2026-09.27,60000,176,207
02561_26-02-2026-09.27,04040,286,287
02561_26-02-2026-09.27,78400,332,334
02561_26-02-2026-09.27,04104,360,362
02561_26-02-2026-09.27,71801,401,409
02561_26-02-2026-09.27,79206,450,452
02561_26-02-2026-09.27,04307,467,467
0001I_26-02-2026-09.57,60000,0,0
0001I_26-02-2026-09.57,04040,80,81
0001I_26-02-2026-09.57,71801,172,172
0005O_26-02-2026-10.02,60000,0,0
0005O_26-02-2026-10.02,04040,80,83
0005O_26-02-2026-10.02,04104,139,139
0005O_26-02-2026-10.02,71801,182,182
03303_26-02-2026-10.27,60000,0,0
03303_26-02-2026-10.27,04040,80,81
03303_26-02-2026-10.27,71801,172,172
00605_26-02-2026-10.32,60000,0,0
00605_26-02-2026-10.32,04007,27,28
00605_26-02-2026-10.32,70600,74,75
00605_26-02-2026-10.32,81202,142,143
00605_26-02-2026-10.32,80108,175,176
00605_26-02-2026-10.32,80100,203,203
00533_26-02-2026-11.09,11511,0,0
00533_26-02-2026-11.09,11400,60,61
00533_26-02-2026-11.09,11300,87,88
00533_26-02-2026-11.09,80100,125,130
00533_26-02-2026-11.09,80108,156,157
00533_26-02-2026-11.09,81200,188,189
00533_26-02-2026-11.09,81202,205,206
00533_26-02-2026-11.09,04040,253,256
00533_26-02-2026-11.09,78400,305,307
00533_26-02-2026-11.09,04104,338,340
00533_26-02-2026-11.09,71801,376,376
0002I_26-02-2026-11.22,60000,0,0
0002I_26-02-2026-11.22,04040,78,79
0002I_26-02-2026-11.22,71801,172,172
03113_26-02-2026-11.27,60000,0,0
03113_26-02-2026-11.27,70600,58,59
03113_26-02-2026-11.27,04040,84,85
03113_26-02-2026-11.27,78400,128,130
03113_26-02-2026-11.27,04104,157,159
03113_26-02-2026-11.27,71801,199,199
34433_26-02-2026-12.00,78400,0,0
34433_26-02-2026-12.00,04104,31,33
34433_26-02-2026-12.00,71801,69,69
0002I_26-02-2026-12.22,60000,0,0
0002I_26-02-2026-12.22,04040,78,79
0002I_26-02-2026-12.22,71801,172,172
02591_26-02-2026-12.27,51003,0,0
02591_26-02-2026-12.27,50500,41,43
02591_26-02-2026-12.27,60000,158,173
02591_26-02-2026-12.27,04040,251,252
02591_26-02-2026-12.27,78400,295,297
02591_26-02-2026-12.27,71801,370,380
02591_26-02-2026-12.27,79206,421,423
02591_26-02-2026-12.27,04307,438,438
03993_26-02-2026-12.37,54413,0,0
03943_26-02-2026-12.37,51003,0,0
03993_26-02-2026-12.37,02003,20,22
03993_26-02-2026-12.37,02002,35,37
03943_26-02-2026-12.37,50500,42,56
03993_26-02-2026-12.37,50500,63,71
03943_26-02-2026-12.37,37200,110,112
03993_26-02-2026-12.37,37200,125,127
03943_26-02-2026-12.37,04040,237,240
03993_26-02-2026-12.37,04040,252,255
03943_26-02-2026-12.37,78400,280,282
03993_26-02-2026-12.37,78400,295,297
03943_26-02-2026-12.37,04104,306,308
03993_26-02-2026-12.37,04104,321,323
03943_26-02-2026-12.37,71801,348,348
03993_26-02-2026-12.37,71801,363,363
09725_26-02-2026-13.15,60000,0,0
09725_26-02-2026-13.15,04007,26,28
09725_26-02-2026-13.15,04040,85,88
09725_26-02-2026-13.15,04104,142,144
09725_26-02-2026-13.15,71801,184,196
09725_26-02-2026-13.15,79206,237,240
09725_26-02-2026-13.15,04307,254,257
09725_26-02-2026-13.15,87374,280,290
09725_26-02-2026-13.15,87088,325,328
09725_26-02-2026-13.15,87173,390,399
09725_26-02-2026-13.15,87302,428,431
09725_26-02-2026-13.15,87814,457,460
09725_26-02-2026-13.15,87912,479,482
09725_26-02-2026-13.15,87089,495,495
34813_26-02-2026-13.37,78400,0,0
34813_26-02-2026-13.37,04104,27,29
34813_26-02-2026-13.37,71801,69,69
03141_26-02-2026-13.57,60000,0,0
03141_26-02-2026-13.57,71801,157,157
0001I_26-02-2026-14.02,60000,0,0
0001I_26-02-2026-14.02,04040,80,81
0001I_26-02-2026-14.02,71801,172,172
0002O_26-02-2026-14.12,60000,0,0
0002O_26-02-2026-14.12,71801,157,157
03143_26-02-2026-14.27,60000,0,0
03143_26-02-2026-14.27,70600,58,59
03143_26-02-2026-14.27,04040,84,85
03143_26-02-2026-14.27,71801,177,187
03143_26-02-2026-14.27,79206,233,236
03143_26-02-2026-14.27,04307,252,252
34823_26-02-2026-14.31,78400,0,0
34823_26-02-2026-14.31,71801,73,73
0005I_26-02-2026-14.42,60000,0,0
0005I_26-02-2026-14.42,04040,80,81
0005I_26-02-2026-14.42,71801,179,179
00609_26-02-2026-14.47,60000,0,0
00609_26-02-2026-14.47,04007,28,29
00609_26-02-2026-14.47,70600,82,83
00609_26-02-2026-14.47,81202,138,139
00609_26-02-2026-14.47,80108,171,172
00609_26-02-2026-14.47,80100,211,211
03151_26-02-2026-14.57,60000,0,0
03151_26-02-2026-14.57,71801,157,157
03305_26-02-2026-15.27,60000,0,0
03305_26-02-2026-15.27,70600,58,59
03305_26-02-2026-15.27,04040,83,84
03305_26-02-2026-15.27,78400,128,130
03305_26-02-2026-15.27,04104,156,158
03305_26-02-2026-15.27,71801,199,199
0003I_26-02-2026-15.52,60000,0,0
0003I_26-02-2026-15.52,71801,157,157
03161_26-02-2026-15.57,60000,0,0
03161_26-02-2026-15.57,71801,157,157
03163_26-02-2026-16.27,60000,0,0
03163_26-02-2026-16.27,04040,78,79
03163_26-02-2026-16.27,71801,172,178
03163_26-02-2026-16.27,79206,227,229
03163_26-02-2026-16.27,04307,244,244
0003I_26-02-2026-16.37,60000,0,0
0003I_26-02-2026-16.37,71801,157,157
03171_26-02-2026-16.57,60000,0,0
03171_26-02-2026-16.57,71801,157,157
0002O_26-02-2026-17.17,60000,0,0
0002O_26-02-2026-17.17,71801,157,157
0002I_26-02-2026-17.22,60000,0,0
0002I_26-02-2026-17.22,04040,78,79
0002I_26-02-2026-17.22,71801,172,172
03173_26-02-2026-17.27,60000,0,0
03173_26-02-2026-17.27,04007,26,27
03173_26-02-2026-17.27,04040,84,85
03173_26-02-2026-17.27,78400,128,130
03173_26-02-2026-17.27,04104,157,159
03173_26-02-2026-17.27,71801,199,199
02553_26-02-2026-17.57,54413,0,0
02553_26-02-2026-17.57,50500,47,49
02553_26-02-2026-17.57,60000,165,181
02553_26-02-2026-17.57,71801,338,338
03183_26-02-2026-18.27,60000,0,0
03183_26-02-2026-18.27,04040,78,79
03183_26-02-2026-18.27,04104,137,139
03183_26-02-2026-18.27,71801,177,177
0003I_26-02-2026-18.32,60000,0,0
0003I_26-02-2026-18.32,71801,157,157
03191_26-02-2026-18.57,60000,0,0
03191_26-02-2026-18.57,71801,157,167
03191_26-02-2026-18.57,79206,208,210
03191_26-02-2026-18.57,04307,225,225
02861_26-02-2026-19.00,51003,0,0
02861_26-02-2026-19.00,50500,42,44
02861_26-02-2026-19.00,60000,159,188
02861_26-02-2026-19.00,04007,216,217
02861_26-02-2026-19.00,70600,256,257
02861_26-02-2026-19.00,04040,290,293
02861_26-02-2026-19.00,78200,327,328
02861_26-02-2026-19.00,74200,344,344
0002I_26-02-2026-19.29,60000,0,0
0002I_26-02-2026-19.29,04040,78,79
0002I_26-02-2026-19.29,71801,172,172
03309_26-02-2026-19.34,60000,0,0
03309_26-02-2026-19.34,04007,26,27
03309_26-02-2026-19.34,70600,62,63
03309_26-02-2026-19.34,04040,88,89
03309_26-02-2026-19.34,78400,132,134
03309_26-02-2026-19.34,04104,161,163
03309_26-02-2026-19.34,71801,201,211
03309_26-02-2026-19.34,79206,252,253
03309_26-02-2026-19.34,04307,268,268
00437_26-02-2026-19.52,13200,0,0
00437_26-02-2026-19.52,11200,110,112
00437_26-02-2026-19.52,81002,129,130
00437_26-02-2026-19.52,81100,173,175
00437_26-02-2026-19.52,81108,210,211
00437_26-02-2026-19.52,81200,232,235
00437_26-02-2026-19.52,81202,245,246
00437_26-02-2026-19.52,04040,287,290
00437_26-02-2026-19.52,78400,354,356
00437_26-02-2026-19.52,04104,388,390
00437_26-02-2026-19.52,71801,431,431
03931_26-02-2026-20.01,05000,0,0
03931_26-02-2026-20.01,02030,42,44
03931_26-02-2026-20.01,50500,84,88
03931_26-02-2026-20.01,04040,268,271
03931_26-02-2026-20.01,78400,318,320
03931_26-02-2026-20.01,04104,346,348
03931_26-02-2026-20.01,71801,388,388
03201_26-02-2026-20.05,60000,0,0
03201_26-02-2026-20.05,71801,157,157
0001O_26-02-2026-20.10,60000,0,0
0001O_26-02-2026-20.10,04040,76,79
0001O_26-02-2026-20.10,71801,173,173
0006I_26-02-2026-20.22,60000,0,0
0006I_26-02-2026-20.22,04040,79,80
0006I_26-02-2026-20.22,71801,172,172
03203_26-02-2026-20.27,60000,0,0
03203_26-02-2026-20.27,04007,25,26
03203_26-02-2026-20.27,70600,65,66
03203_26-02-2026-20.27,04040,90,91
03203_26-02-2026-20.27,78400,133,135
03203_26-02-2026-20.27,04104,160,162
03203_26-02-2026-20.27,71801,201,201
03991_26-02-2026-20.38,54413,0,0
03941_26-02-2026-20.38,51003,0,0
03991_26-02-2026-20.38,02003,20,22
03991_26-02-2026-20.38,02002,35,37
03941_26-02-2026-20.38,50500,42,52
03991_26-02-2026-20.38,50500,68,74
03941_26-02-2026-20.38,37300,103,105
03941_26-02-2026-20.38,37200,118,120
03991_26-02-2026-20.38,37300,125,127
03991_26-02-2026-20.38,37200,140,142
03941_26-02-2026-20.38,04040,259,261
03991_26-02-2026-20.38,04040,281,283
03941_26-02-2026-20.38,78400,303,305
03991_26-02-2026-20.38,78400,325,327
03941_26-02-2026-20.38,04104,334,336
03991_26-02-2026-20.38,04104,356,358
03941_26-02-2026-20.38,71801,378,378
03991_26-02-2026-20.38,71801,400,400
0003O_26-02-2026-21.02,60000,0,0
0003O_26-02-2026-21.02,04040,79,82
0003O_26-02-2026-21.02,71801,172,172
02883_26-02-2026-21.07,54413,0,0
02883_26-02-2026-21.07,50500,47,49
02883_26-02-2026-21.07,60000,164,190
02883_26-02-2026-21.07,04040,269,270
02883_26-02-2026-21.07,71801,362,362
0004I_27-02-2026-06.09,60000,0,0
0004I_27-02-2026-06.09,04040,79,80
0004I_27-02-2026-06.09,71801,171,171
03301_27-02-2026-06.27,60000,0,0
03301_27-02-2026-06.27,70600,59,60
03301_27-02-2026-06.27,04040,85,86
03301_27-02-2026-06.27,71801,178,178
03071_27-02-2026-06.57,60000,0,0
03071_27-02-2026-06.57,71801,157,157
0004O_27-02-2026-07.02,60000,0,0
0004O_27-02-2026-07.02,04040,78,81
0004O_27-02-2026-07.02,71801,172,172
0003I_27-02-2026-07.22,60000,0,0
0003I_27-02-2026-07.22,71801,157,157
03073_27-02-2026-07.27,60000,0,0
03073_27-02-2026-07.27,04007,25,26
03073_27-02-2026-07.27,04040,84,85
03073_27-02-2026-07.27,78400,128,130
03073_27-02-2026-07.27,04104,157,159
03073_27-02-2026-07.27,71801,199,215
03073_27-02-2026-07.27,79206,255,257
03073_27-02-2026-07.27,04307,272,272
03081_27-02-2026-07.57,60000,0,0
03081_27-02-2026-07.57,71801,157,157
0003I_27-02-2026-08.22,60000,0,0
0003I_27-02-2026-08.22,71801,157,157
0003I_27-02-2026-08.50,60000,0,0
0003I_27-02-2026-08.50,71801,157,157
03091_27-02-2026-08.57,60000,0,0
03091_27-02-2026-08.57,04104,124,126
03091_27-02-2026-08.57,71801,164,164
0002I_27-02-2026-09.22,60000,0,0
0002I_27-02-2026-09.22,04040,78,79
0002I_27-02-2026-09.22,71801,172,172
02561_27-02-2026-09.27,51003,0,0
02561_27-02-2026-09.27,50500,46,48
02561_27-02-2026-09.27,37300,94,96
02561_27-02-2026-09.27,37200,108,110
02561_27-02-2026-09.27,60000,176,207
02561_27-02-2026-09.27,04040,286,287
02561_27-02-2026-09.27,78400,332,334
02561_27-02-2026-09.27,04104,360,362
02561_27-02-2026-09.27,71801,401,409
02561_27-02-2026-09.27,79206,450,452
02561_27-02-2026-09.27,04307,467,467
0001I_27-02-2026-09.57,60000,0,0
0001I_27-02-2026-09.57,04040,80,81
0001I_27-02-2026-09.57,71801,172,172
0005O_27-02-2026-10.02,60000,0,0
0005O_27-02-2026-10.02,04040,80,83
0005O_27-02-2026-10.02,04104,139,139
0005O_27-02-2026-10.02,71801,182,182
03303_27-02-2026-10.27,60000,0,0
03303_27-02-2026-10.27,04040,80,81
03303_27-02-2026-10.27,71801,172,172
00605_27-02-2026-10.32,60000,0,0
00605_27-02-2026-10.32,04007,27,28
00605_27-02-2026-10.32,70600,74,75
00605_27-02-2026-10.32,81202,142,143
00605_27-02-2026-10.32,80108,175,176
00605_27-02-2026-10.32,80100,203,203
00533_27-02-2026-11.09,11511,0,0
00533_27-02-2026-11.09,11400,60,61
00533_27-02-2026-11.09,11300,87,88
00533_27-02-2026-11.09,80100,125,130
00533_27-02-2026-11.09,80108,156,157
00533_27-02-2026-11.09,81200,188,189
00533_27-02-2026-11.09,81202,205,206
00533_27-02-2026-11.09,04040,253,256
00533_27-02-2026-11.09,78400,305,307
00533_27-02-2026-11.09,04104,338,340
00533_27-02-2026-11.09,71801,376,376
0002I_27-02-2026-11.22,60000,0,0
0002I_27-02-2026-11.22,04040,78,79
0002I_27-02-2026-11.22,71801,172,172
03113_27-02-2026-11.27,60000,0,0
03113_27-02-2026-11.27,70600,58,59
03113_27-02-2026-11.27,04040,84,85
03113_27-02-2026-11.27,78400,128,130
03113_27-02-2026-11.27,04104,157,159
03113_27-02-2026-11.27,71801,199,199
34433_27-02-2026-12.00,78400,0,0
34433_27-02-2026-12.00,04104,31,33
34433_27-02-2026-12.00,71801,69,69
0002I_27-02-2026-12.22,60000,0,0
0002I_27-02-2026-12.22,04040,78,79
0002I_27-02-2026-12.22,71801,172,172
02591_27-02-2026-12.27,51003,0,0
02591_27-02-2026-12.27,50500,41,43
02591_27-02-2026-12.27,60000,158,173
02591_27-02-2026-12.27,04040,251,252
02591_27-02-2026-12.27,78400,295,297
02591_27-02-2026-12.27,71801,370,380
02591_27-02-2026-12.27,79206,421,423
02591_27-02-2026-12.27,04307,438,438
03993_27-02-2026-12.37,54413,0,0
03943_27-02-2026-12.37,51003,0,0
03993_27-02-2026-12.37,02003,20,22
03993_27-02-2026-12.37,02002,35,37
03943_27-02-2026-12.37,50500,42,56
03993_27-02-2026-12.37,50500,63,71
03943_27-02-2026-12.37,37200,110,112
03993_27-02-2026-12.37,37200,125,127
03943_27-02-2026-12.37,04040,237,240
03993_27-02-2026-12.37,04040,252,255
03943_27-02-2026-12.37,78400,280,282
03993_27-02-2026-12.37,78400,295,297
03943_27-02-2026-12.37,04104,306,308
03993_27-02-2026-12.37,04104,321,323
03943_27-02-2026-12.37,71801,348,348
03993_27-02-2026-12.37,71801,363,363
09725_27-02-2026-13.15,60000,0,0
09725_27-02-2026-13.15,04007,26,28
09725_27-02-2026-13.15,04040,85,88
09725_27-02-2026-13.15,04104,142,144
09725_27-02-2026-13.15,71801,184,196
09725_27-02-2026-13.15,79206,237,240
09725_27-02-2026-13.15,04307,254,257
09725_27-02-2026-13.15,87374,280,290
09725_27-02-2026-13.15,87088,325,328
09725_27-02-2026-13.15,87173,390,399
09725_27-02-2026-13.15,87302,428,431
09725_27-02-2026-13.15,87814,457,460
09725_27-02-2026-13.15,87912,479,482
09725_27-02-2026-13.15,87089,495,495
34813_27-02-2026-13.37,78400,0,0
34813_27-02-2026-13.37,04104,27,29
34813_27-02-2026-13.37,71801,69,69
03141_27-02-2026-13.57,60000,0,0
03141_27-02-2026-13.57,71801,157,157
0001I_27-02-2026-14.02,60000,0,0
0001I_27-02-2026-14.02,04040,80,81
0001I_27-02-2026-14.02,71801,172,172
0002O_27-02-2026-14.12,60000,0,0
0002O_27-02-2026-14.12,71801,157,157
03143_27-02-2026-14.27,60000,0,0
03143_27-02-2026-14.27,70600,58,59
03143_27-02-2026-14.27,04040,84,85
03143_27-02-2026-14.27,71801,177,187
03143_27-02-2026-14.27,79206,233,236
03143_27-02-2026-14.27,04307,252,252
34823_27-02-2026-14.31,78400,0,0
34823_27-02-2026-14.31,71801,73,73
0005I_27-02-2026-14.42,60000,0,0
0005I_27-02-2026-14.42,04040,80,81
0005I_27-02-2026-14.42,71801,179,179
00609_27-02-2026-14.47,60000,0,0
00609_27-02-2026-14.47,04007,28,29
00609_27-02-2026-14.47,70600,82,83
00609_27-02-2026-14.47,81202,138,139
00609_27-02-2026-14.47,80108,171,172
00609_27-02-2026-14.47,80100,211,211
03151_27-02-2026-14.57,60000,0,0
03151_27-02-2026-14.57,71801,157,157
03305_27-02-2026-15.27,60000,0,0
03305_27-02-2026-15.27,70600,58,59
03305_27-02-2026-15.27,04040,83,84
03305_27-02-2026-15.27,78400,128,130
03305_27-02-2026-15.27,04104,156,158
03305_27-02-2026-15.27,71801,199,199
0003I_27-02-2026-15.52,60000,0,0
0003I_27-02-2026-15.52,71801,157,157
03161_27-02-2026-15.57,60000,0,0
03161_27-02-2026-15.57,71801,157,157
03363_27-02-2026-16.02,60000,0,0
03363_27-02-2026-16.02,04040,84,87
03363_27-02-2026-16.02,74200,128,128
03163_27-02-2026-16.27,60000,0,0
03163_27-02-2026-16.27,04040,78,79
03163_27-02-2026-16.27,71801,172,178
03163_27-02-2026-16.27,79206,227,229
03163_27-02-2026-16.27,04307,244,244
0003I_27-02-2026-16.37,60000,0,0
0003I_27-02-2026-16.37,71801,157,157
03171_27-02-2026-16.57,60000,0,0
03171_27-02-2026-16.57,71801,157,157
0002O_27-02-2026-17.17,60000,0,0
0002O_27-02-2026-17.17,71801,157,157
0002I_27-02-2026-17.22,60000,0,0
0002I_27-02-2026-17.22,04040,78,79
0002I_27-02-2026-17.22,71801,172,172
03373_27-02-2026-17.27,60000,0,0
03373_27-02-2026-17.27,04007,26,27
03373_27-02-2026-17.27,04040,84,85
03373_27-02-2026-17.27,78400,128,130
03373_27-02-2026-17.27,04104,157,159
03373_27-02-2026-17.27,71801,199,199
02553_27-02-2026-17.57,54413,0,0
02553_27-02-2026-17.57,50500,47,49
02553_27-02-2026-17.57,60000,165,181
02553_27-02-2026-17.57,71801,338,338
03183_27-02-2026-18.27,60000,0,0
03183_27-02-2026-18.27,04040,78,79
03183_27-02-2026-18.27,04104,137,139
03183_27-02-2026-18.27,71801,177,177
0003I_27-02-2026-18.32,60000,0,0
0003I_27-02-2026-18.32,71801,157,157
03191_27-02-2026-18.57,60000,0,0
03191_27-02-2026-18.57,71801,157,157
02861_27-02-2026-19.00,51003,0,0
02861_27-02-2026-19.00,50500,42,44
02861_27-02-2026-19.00,60000,159,188
02861_27-02-2026-19.00,04007,216,217
02861_27-02-2026-19.00,70600,256,257
02861_27-02-2026-19.00,04040,290,293
02861_27-02-2026-19.00,78200,327,328
02861_27-02-2026-19.00,74200,344,344
0002I_27-02-2026-19.29,60000,0,0
0002I_27-02-2026-19.29,04040,78,79
0002I_27-02-2026-19.29,71801,172,172
03309_27-02-2026-19.34,60000,0,0
03309_27-02-2026-19.34,04007,26,27
03309_27-02-2026-19.34,70600,62,63
03309_27-02-2026-19.34,04040,88,89
03309_27-02-2026-19.34,78400,132,134
03309_27-02-2026-19.34,04104,161,163
03309_27-02-2026-19.34,71801,201,211
03309_27-02-2026-19.34,79206,252,253
03309_27-02-2026-19.34,04307,268,268
00437_27-02-2026-19.52,13200,0,0
00437_27-02-2026-19.52,11200,110,112
00437_27-02-2026-19.52,81002,129,130
00437_27-02-2026-19.52,81100,173,175
00437_27-02-2026-19.52,81108,210,211
00437_27-02-2026-19.52,81200,232,235
00437_27-02-2026-19.52,81202,245,246
00437_27-02-2026-19.52,04040,287,290
00437_27-02-2026-19.52,78400,354,356
00437_27-02-2026-19.52,04104,388,390
00437_27-02-2026-19.52,71801,431,431
03931_27-02-2026-20.01,05000,0,0
03931_27-02-2026-20.01,02030,42,44
03931_27-02-2026-20.01,50500,84,88
03931_27-02-2026-20.01,04040,268,271
03931_27-02-2026-20.01,78400,318,320
03931_27-02-2026-20.01,04104,346,348
03931_27-02-2026-20.01,71801,388,388
03201_27-02-2026-20.05,60000,0,0
03201_27-02-2026-20.05,71801,157,157
0001O_27-02-2026-20.10,60000,0,0
0001O_27-02-2026-20.10,04040,76,79
0001O_27-02-2026-20.10,71801,173,173
0006I_27-02-2026-20.22,60000,0,0
0006I_27-02-2026-20.22,04040,79,80
0006I_27-02-2026-20.22,71801,172,172
03203_27-02-2026-20.27,60000,0,0
03203_27-02-2026-20.27,04007,25,26
03203_27-02-2026-20.27,70600,65,66
03203_27-02-2026-20.27,04040,90,91
03203_27-02-2026-20.27,78400,133,135
03203_27-02-2026-20.27,04104,160,162
03203_27-02-2026-20.27,71801,201,201
03991_27-02-2026-20.38,54413,0,0
03941_27-02-2026-20.38,51003,0,0
03991_27-02-2026-20.38,02003,20,22
03991_27-02-2026-20.38,02002,35,37
03941_27-02-2026-20.38,50500,42,52
03991_27-02-2026-20.38,50500,68,74
03941_27-02-2026-20.38,37300,103,105
03941_27-02-2026-20.38,37200,118,120
03991_27-02-2026-20.38,37300,125,127
03991_27-02-2026-20.38,37200,140,142
03941_27-02-2026-20.38,04040,259,261
03991_27-02-2026-20.38,04040,281,283
03941_27-02-2026-20.38,78400,303,305
03991_27-02-2026-20.38,78400,325,327
03941_27-02-2026-20.38,04104,334,336
03991_27-02-2026-20.38,04104,356,358
03941_27-02-2026-20.38,71801,378,378
03991_27-02-2026-20.38,71801,400,400
0003O_27-02-2026-21.02,60000,0,0
0003O_27-02-2026-21.02,04040,79,82
0003O_27-02-2026-21.02,71801,172,172
02883_27-02-2026-21.07,54413,0,0
02883_27-02-2026-21.07,50500,47,49
02883_27-02-2026-21.07,60000,164,190
02883_27-02-2026-21.07,04040,269,270
02883_27-02-2026-21.07,71801,362,362
03301_28-02-2026-06.27,60000,0,0
03301_28-02-2026-06.27,70600,59,60
03301_28-02-2026-06.27,04040,85,86
03301_28-02-2026-06.27,04104,146,148
03301_28-02-2026-06.27,71801,184,184
0004O_28-02-2026-07.02,60000,0,0
0004O_28-02-2026-07.02,04040,78,81
0004O_28-02-2026-07.02,71801,172,172
0003I_28-02-2026-07.22,60000,0,0
0003I_28-02-2026-07.22,71801,157,157
03073_28-02-2026-07.27,60000,0,0
03073_28-02-2026-07.27,04007,25,26
03073_28-02-2026-07.27,04040,84,85
03073_28-02-2026-07.27,78400,128,130
03073_28-02-2026-07.27,04104,157,159
03073_28-02-2026-07.27,71801,199,215
03073_28-02-2026-07.27,79206,255,257
03073_28-02-2026-07.27,04307,272,272
0003I_28-02-2026-08.22,60000,0,0
0003I_28-02-2026-08.22,71801,157,157
03083_28-02-2026-08.27,60000,0,0
03083_28-02-2026-08.27,04040,78,79
03083_28-02-2026-08.27,71801,172,172
0003I_28-02-2026-08.50,60000,0,0
0003I_28-02-2026-08.50,71801,157,157
03091_28-02-2026-08.57,60000,0,0
03091_28-02-2026-08.57,04104,124,126
03091_28-02-2026-08.57,71801,164,164
0002I_28-02-2026-09.22,60000,0,0
0002I_28-02-2026-09.22,04040,78,79
0002I_28-02-2026-09.22,71801,172,172
02561_28-02-2026-09.27,51003,0,0
02561_28-02-2026-09.27,50500,46,48
02561_28-02-2026-09.27,37300,94,96
02561_28-02-2026-09.27,37200,108,110
02561_28-02-2026-09.27,60000,176,207
02561_28-02-2026-09.27,04040,286,287
02561_28-02-2026-09.27,78400,332,334
02561_28-02-2026-09.27,04104,360,362
02561_28-02-2026-09.27,71801,401,409
02561_28-02-2026-09.27,79206,450,452
02561_28-02-2026-09.27,04307,467,467
00603_28-02-2026-09.32,60000,0,0
00603_28-02-2026-09.32,04007,27,28
00603_28-02-2026-09.32,70600,72,73
00603_28-02-2026-09.32,81202,132,133
00603_28-02-2026-09.32,81200,145,146
00603_28-02-2026-09.32,80108,171,172
00603_28-02-2026-09.32,80100,200,200
0001I_28-02-2026-09.57,60000,0,0
0001I_28-02-2026-09.57,04040,80,81
0001I_28-02-2026-09.57,71801,172,172
0005O_28-02-2026-10.02,60000,0,0
0005O_28-02-2026-10.02,04040,80,83
0005O_28-02-2026-10.02,04104,139,139
0005O_28-02-2026-10.02,71801,182,182
03303_28-02-2026-10.27,60000,0,0
03303_28-02-2026-10.27,04040,80,81
03303_28-02-2026-10.27,71801,172,172
00533_28-02-2026-11.09,11511,0,0
00533_28-02-2026-11.09,11400,60,61
00533_28-02-2026-11.09,11300,87,88
00533_28-02-2026-11.09,80100,125,130
00533_28-02-2026-11.09,80108,156,157
00533_28-02-2026-11.09,81200,188,189
00533_28-02-2026-11.09,81202,205,206
00533_28-02-2026-11.09,04040,253,256
00533_28-02-2026-11.09,78400,305,307
00533_28-02-2026-11.09,04104,338,340
00533_28-02-2026-11.09,71801,376,376
0002I_28-02-2026-11.22,60000,0,0
0002I_28-02-2026-11.22,04040,78,79
0002I_28-02-2026-11.22,71801,172,172
03113_28-02-2026-11.27,60000,0,0
03113_28-02-2026-11.27,70600,58,59
03113_28-02-2026-11.27,04040,84,85
03113_28-02-2026-11.27,78400,128,130
03113_28-02-2026-11.27,04104,157,159
03113_28-02-2026-11.27,71801,199,199
34433_28-02-2026-12.00,78400,0,0
34433_28-02-2026-12.00,04104,31,33
34433_28-02-2026-12.00,71801,69,69
0002I_28-02-2026-12.22,60000,0,0
0002I_28-02-2026-12.22,04040,78,79
0002I_28-02-2026-12.22,71801,172,172
02591_28-02-2026-12.27,51003,0,0
02591_28-02-2026-12.27,50500,41,43
02591_28-02-2026-12.27,60000,158,173
02591_28-02-2026-12.27,04040,251,252
02591_28-02-2026-12.27,78400,295,297
02591_28-02-2026-12.27,71801,370,370
03993_28-02-2026-12.37,54413,0,0
03943_28-02-2026-12.37,51003,0,0
03993_28-02-2026-12.37,02003,20,22
03993_28-02-2026-12.37,02002,35,37
03943_28-02-2026-12.37,50500,42,56
03993_28-02-2026-12.37,50500,63,71
03943_28-02-2026-12.37,37200,110,112
03993_28-02-2026-12.37,37200,125,127
03943_28-02-2026-12.37,04040,237,240
03993_28-02-2026-12.37,04040,252,255
03943_28-02-2026-12.37,78400,280,282
03993_28-02-2026-12.37,78400,295,297
03943_28-02-2026-12.37,04104,306,308
03993_28-02-2026-12.37,04104,321,323
03943_28-02-2026-12.37,71801,348,348
03993_28-02-2026-12.37,71801,363,363
09725_28-02-2026-13.15,60000,0,0
09725_28-02-2026-13.15,04007,26,28
09725_28-02-2026-13.15,04040,85,88
09725_28-02-2026-13.15,04104,142,144
09725_28-02-2026-13.15,71801,184,196
09725_28-02-2026-13.15,79206,237,240
09725_28-02-2026-13.15,04307,254,257
09725_28-02-2026-13.15,87374,280,290
09725_28-02-2026-13.15,87088,325,328
09725_28-02-2026-13.15,87173,390,399
09725_28-02-2026-13.15,87302,428,431
09725_28-02-2026-13.15,87814,457,460
09725_28-02-2026-13.15,87912,479,482
09725_28-02-2026-13.15,87089,495,495
34813_28-02-2026-13.37,78400,0,0
34813_28-02-2026-13.37,04104,27,29
34813_28-02-2026-13.37,71801,69,69
0001I_28-02-2026-14.02,60000,0,0
0001I_28-02-2026-14.02,04040,80,81
0001I_28-02-2026-14.02,71801,172,172
0002O_28-02-2026-14.12,60000,0,0
0002O_28-02-2026-14.12,71801,157,157
34823_28-02-2026-14.31,78400,0,0
34823_28-02-2026-14.31,71801,73,73
0005I_28-02-2026-14.42,60000,0,0
0005I_28-02-2026-14.42,04040,80,81
0005I_28-02-2026-14.42,71801,179,179
03305_28-02-2026-15.27,60000,0,0
03305_28-02-2026-15.27,70600,58,59
03305_28-02-2026-15.27,04040,83,84
03305_28-02-2026-15.27,78400,128,130
03305_28-02-2026-15.27,04104,156,158
03305_28-02-2026-15.27,71801,199,199
0003I_28-02-2026-15.52,60000,0,0
0003I_28-02-2026-15.52,71801,157,157
03163_28-02-2026-16.27,60000,0,0
03163_28-02-2026-16.27,04040,78,79
03163_28-02-2026-16.27,71801,172,172
0003I_28-02-2026-16.37,60000,0,0
0003I_28-02-2026-16.37,71801,157,157
0002O_28-02-2026-17.17,60000,0,0
0002O_28-02-2026-17.17,71801,157,157
0002I_28-02-2026-17.22,60000,0,0
0002I_28-02-2026-17.22,04040,78,79
0002I_28-02-2026-17.22,71801,172,172
03373_28-02-2026-17.27,60000,0,0
03373_28-02-2026-17.27,04007,26,27
03373_28-02-2026-17.27,04040,84,85
03373_28-02-2026-17.27,78400,128,130
03373_28-02-2026-17.27,04104,157,159
03373_28-02-2026-17.27,71801,199,199
03183_28-02-2026-18.27,60000,0,0
03183_28-02-2026-18.27,04040,78,79
03183_28-02-2026-18.27,04104,137,139
03183_28-02-2026-18.27,71801,177,177
0003I_28-02-2026-18.32,60000,0,0
0003I_28-02-2026-18.32,71801,157,157
02861_28-02-2026-19.00,51003,0,0
02861_28-02-2026-19.00,50500,42,44
02861_28-02-2026-19.00,60000,159,188
02861_28-02-2026-19.00,04007,216,217
02861_28-02-2026-19.00,70600,256,257
02861_28-02-2026-19.00,04040,290,293
02861_28-02-2026-19.00,78200,327,328
02861_28-02-2026-19.00,74200,344,344
0002I_28-02-2026-19.29,60000,0,0
0002I_28-02-2026-19.29,04040,78,79
0002I_28-02-2026-19.29,71801,172,172
03309_28-02-2026-19.34,60000,0,0
03309_28-02-2026-19.34,04007,26,27
03309_28-02-2026-19.34,70600,62,63
03309_28-02-2026-19.34,04040,88,89
03309_28-02-2026-19.34,78400,132,134
03309_28-02-2026-19.34,04104,161,163
03309_28-02-2026-19.34,71801,201,211
03309_28-02-2026-19.34,79206,252,253
03309_28-02-2026-19.34,04307,268,268
00437_28-02-2026-19.52,13200,0,0
00437_28-02-2026-19.52,11200,110,112
00437_28-02-2026-19.52,81002,129,130
00437_28-02-2026-19.52,81100,173,175
00437_28-02-2026-19.52,81108,210,211
00437_28-02-2026-19.52,81200,232,235
00437_28-02-2026-19.52,81202,245,246
00437_28-02-2026-19.52,04040,287,290
00437_28-02-2026-19.52,78400,354,356
00437_28-02-2026-19.52,04104,388,390
00437_28-02-2026-19.52,71801,431,431
03931_28-02-2026-20.01,05000,0,0
03931_28-02-2026-20.01,02030,42,44
03931_28-02-2026-20.01,50500,84,88
03931_28-02-2026-20.01,04040,268,271
03931_28-02-2026-20.01,78400,318,320
03931_28-02-2026-20.01,04104,346,348
03931_28-02-2026-20.01,71801,388,388
0001O_28-02-2026-20.10,60000,0,0
0001O_28-02-2026-20.10,04040,76,79
0001O_28-02-2026-20.10,71801,173,173
03203_28-02-2026-20.27,60000,0,0
03203_28-02-2026-20.27,04007,25,26
03203_28-02-2026-20.27,70600,65,66
03203_28-02-2026-20.27,04040,90,91
03203_28-02-2026-20.27,78400,133,135
03203_28-02-2026-20.27,04104,160,162
03203_28-02-2026-20.27,71801,201,201
03941_28-02-2026-20.38,51003,0,0
03991_28-02-2026-20.38,54413,0,0
03991_28-02-2026-20.38,02003,20,22
03991_28-02-2026-20.38,02002,35,37
03941_28-02-2026-20.38,50500,42,52
03991_28-02-2026-20.38,50500,68,74
03941_28-02-2026-20.38,37300,103,105
03941_28-02-2026-20.38,37200,118,120
03991_28-02-2026-20.38,37300,125,127
03991_28-02-2026-20.38,37200,140,142
03941_28-02-2026-20.38,04040,259,261
03991_28-02-2026-20.38,04040,281,283
03941_28-02-2026-20.38,78400,303,305
03991_28-02-2026-20.38,78400,325,327
03941_28-02-2026-20.38,04104,334,336
03991_28-02-2026-20.38,04104,356,358
03941_28-02-2026-20.38,71801,378,378
03991_28-02-2026-20.38,71801,400,400
0003O_28-02-2026-21.02,60000,0,0
0003O_28-02-2026-21.02,04040,79,82
0003O_28-02-2026-21.02,71801,172,172
